query_id,regime,correlation,method,n,dim,k,allowed_count,selectivity,returned,recall_at_k,secure_topk_exact,failure_mode,policy_violations,deleted_violations,tenant_violations,explanation_valid,explanation_total,explanation_accuracy,latency_ms,raw_candidates,candidates,distance_evals,policy_checks,summary_checks,visited_cluster_count,certified,certified_and_exact,certificate_false_positive,certificate_gap,truncated_visible_slice
0,broad,positive,ExactSecure,8000,64,10,3675,0.459375,10,1.0,1,none,0,0,0,10,10,1.0,4.727015000298707,8000,3675,3675,8000,0,0,1,1,0,0.0,0
0,broad,positive,PreFilter-Exact,8000,64,10,3675,0.459375,10,1.0,1,none,0,0,0,10,10,1.0,4.1616969997448905,8000,3675,3675,8000,0,0,1,1,0,0.0,0
0,broad,positive,BitmapSlice-Exact,8000,64,10,3675,0.459375,10,1.0,1,none,0,0,0,10,10,1.0,7.176740999966569,4008,3675,3675,4008,0,0,1,1,0,0.0,0
0,broad,positive,ScalarOnly,8000,64,10,3675,0.459375,10,0.0,0,ranking_truncation,0,0,0,10,10,1.0,3.9479550000578456,8000,3675,0,8000,0,0,0,1,0,0.0,0
0,broad,positive,PostFilter-IVF,8000,64,10,3675,0.459375,10,0.8,0,ranking_truncation,0,0,0,10,10,1.0,1.140747999670566,1461,614,1461,1461,0,8,0,1,0,0.0,0
0,broad,positive,AdaptivePostFilter-IVF,8000,64,10,3675,0.459375,10,1.0,1,none,0,0,0,10,10,1.0,4.3602910000117845,4800,2132,4800,4800,0,27,0,1,0,0.0,0
0,broad,positive,ExactPrefix-PostFilter,8000,64,10,3675,0.459375,10,1.0,1,none,0,0,0,10,10,1.0,1.9478379999782192,1600,703,8000,1600,0,0,0,1,0,0.0,0
0,broad,positive,TenantPartition-IVF,8000,64,10,3675,0.459375,10,0.8,0,ranking_truncation,0,0,0,10,10,1.0,1.0999529999935476,1461,614,1461,1461,0,8,0,1,0,0.0,0
0,broad,positive,PreFilter-IVF,8000,64,10,3675,0.459375,10,0.9,0,ranking_truncation,0,0,0,10,10,1.0,1.2967940001544775,1481,656,656,1481,8,8,0,1,0,0.0,0
0,broad,positive,PACER-A,8000,64,10,3675,0.459375,10,1.0,1,none,0,0,0,10,10,1.0,4.887666000286117,1600,1469,1600,1600,19,19,0,1,0,0.6579223275184631,1
0,broad,positive,PACER-C,8000,64,10,3675,0.459375,10,1.0,1,none,0,0,0,10,10,1.0,12.969179999799962,4008,3675,4008,4008,48,48,1,1,0,0.0,0
0,broad,positive,PACER-X,8000,64,10,3675,0.459375,10,1.0,1,none,0,0,0,10,10,1.0,11.186912000084703,4008,3675,4008,4008,48,48,1,1,0,0.0,0
0,broad,positive,PACER-A-NoSlices,8000,64,10,3675,0.459375,10,1.0,1,none,0,0,0,10,10,1.0,2.007004000006418,1600,701,1600,1600,10,10,0,1,0,0.6690444350242615,1
0,broad,positive,PACER-A-NoBounds,8000,64,10,3675,0.459375,10,1.0,1,none,0,0,0,10,10,1.0,4.858422999859613,1600,1476,1600,1600,20,20,0,1,0,0.0,1
0,broad,positive,StaleNoRecheck,8000,64,10,3675,0.459375,10,0.7,0,ranking_truncation,0,3,0,7,10,0.7,1.235327999893343,1461,672,1461,1461,0,8,0,1,0,0.0,0
0,broad,positive,NaiveNoPolicy,8000,64,10,3675,0.459375,10,0.2,0,ranking_truncation,0,0,8,2,10,0.2,0.5251600000519829,1461,1461,1461,0,0,8,0,1,0,0.0,0
1,medium,positive,ExactSecure,8000,64,10,210,0.02625,10,1.0,1,none,0,0,0,10,10,1.0,4.118754000046465,8000,210,210,8000,0,0,1,1,0,0.0,0
1,medium,positive,PreFilter-Exact,8000,64,10,210,0.02625,10,1.0,1,none,0,0,0,10,10,1.0,4.226789000313147,8000,210,210,8000,0,0,1,1,0,0.0,0
1,medium,positive,BitmapSlice-Exact,8000,64,10,210,0.02625,10,1.0,1,none,0,0,0,10,10,1.0,0.5688840001312201,233,210,210,233,0,0,1,1,0,0.0,0
1,medium,positive,ScalarOnly,8000,64,10,210,0.02625,10,0.1,0,ranking_truncation,0,0,0,10,10,1.0,4.334893999839551,8000,210,0,8000,0,0,0,1,0,0.0,0
1,medium,positive,PostFilter-IVF,8000,64,10,210,0.02625,10,0.6,0,ranking_truncation,0,0,0,10,10,1.0,1.1060150000048452,1325,33,1325,1325,0,8,0,1,0,0.0,0
1,medium,positive,AdaptivePostFilter-IVF,8000,64,10,210,0.02625,10,1.0,1,none,0,0,0,10,10,1.0,4.629091999959201,4800,120,4800,4800,0,29,0,1,0,0.0,0
1,medium,positive,ExactPrefix-PostFilter,8000,64,10,210,0.02625,10,1.0,1,none,0,0,0,10,10,1.0,1.8592350002109015,1600,32,8000,1600,0,0,0,1,0,0.0,0
1,medium,positive,TenantPartition-IVF,8000,64,10,210,0.02625,10,0.6,0,ranking_truncation,0,0,0,10,10,1.0,0.6963799996810849,1325,33,1325,1325,0,8,0,1,0,0.0,0
1,medium,positive,PreFilter-IVF,8000,64,10,210,0.02625,10,0.8,0,ranking_truncation,0,0,0,10,10,1.0,1.6054239999903075,1418,55,55,1418,11,8,0,1,0,0.0,0
1,medium,positive,PACER-A,8000,64,10,210,0.02625,10,1.0,1,none,0,0,0,10,10,1.0,3.1371559998660814,233,210,233,233,48,38,1,1,0,0.0,0
1,medium,positive,PACER-C,8000,64,10,210,0.02625,10,1.0,1,none,0,0,0,10,10,1.0,3.087132000018755,233,210,233,233,48,38,1,1,0,0.0,0
1,medium,positive,PACER-X,8000,64,10,210,0.02625,10,1.0,1,none,0,0,0,10,10,1.0,3.154027999698883,233,210,233,233,48,38,1,1,0,0.0,0
1,medium,positive,PACER-A-NoSlices,8000,64,10,210,0.02625,10,0.6,0,ranking_truncation,0,0,0,10,10,1.0,1.4091670000198064,1600,39,1600,1600,10,10,0,1,0,0.8337740749120712,1
1,medium,positive,PACER-A-NoBounds,8000,64,10,210,0.02625,10,1.0,1,none,0,0,0,10,10,1.0,3.2426020002276346,233,210,233,233,48,38,1,1,0,0.0,0
1,medium,positive,StaleNoRecheck,8000,64,10,210,0.02625,10,0.6,0,ranking_truncation,0,2,0,8,10,0.8,1.06878799988408,1325,39,1325,1325,0,8,0,1,0,0.0,0
1,medium,positive,NaiveNoPolicy,8000,64,10,210,0.02625,10,0.1,0,ranking_truncation,8,1,7,1,10,0.1,0.4840369997509697,1325,1325,1325,0,0,8,0,1,0,0.0,0
2,narrow,positive,ExactSecure,8000,64,10,6,0.00075,6,1.0,1,none,0,0,0,6,6,1.0,4.312457000196446,8000,6,6,8000,0,0,1,1,0,0.0,0
2,narrow,positive,PreFilter-Exact,8000,64,10,6,0.00075,6,1.0,1,none,0,0,0,6,6,1.0,3.8532449998456286,8000,6,6,8000,0,0,1,1,0,0.0,0
2,narrow,positive,BitmapSlice-Exact,8000,64,10,6,0.00075,6,1.0,1,none,0,0,0,6,6,1.0,0.07967500005179318,7,6,6,7,0,0,1,1,0,0.0,0
2,narrow,positive,ScalarOnly,8000,64,10,6,0.00075,6,1.0,0,ranking_truncation,0,0,0,6,6,1.0,3.8423349997174228,8000,6,0,8000,0,0,0,1,0,0.0,0
2,narrow,positive,PostFilter-IVF,8000,64,10,6,0.00075,2,0.3333333333333333,0,candidate_starvation,0,0,0,2,2,1.0,0.9581409999555035,1255,2,1255,1255,0,8,0,1,0,0.0,0
2,narrow,positive,AdaptivePostFilter-IVF,8000,64,10,6,0.00075,2,0.3333333333333333,0,candidate_starvation,0,0,0,2,2,1.0,4.161254999871744,4800,2,4800,4800,0,30,0,1,0,0.0,0
2,narrow,positive,ExactPrefix-PostFilter,8000,64,10,6,0.00075,3,0.5,0,candidate_starvation,0,0,0,3,3,1.0,1.7694980001579097,1600,3,8000,1600,0,0,0,1,0,0.0,0
2,narrow,positive,TenantPartition-IVF,8000,64,10,6,0.00075,2,0.3333333333333333,0,candidate_starvation,0,0,0,2,2,1.0,0.5546420002247032,1255,2,1255,1255,0,8,0,1,0,0.0,0
2,narrow,positive,PreFilter-IVF,8000,64,10,6,0.00075,6,1.0,1,none,0,0,0,6,6,1.0,0.6970960002945503,500,6,6,500,48,3,0,1,0,0.0,0
2,narrow,positive,PACER-A,8000,64,10,6,0.00075,6,1.0,1,none,0,0,0,6,6,1.0,0.3247989998271805,7,6,7,7,37,3,1,1,0,0.0,0
2,narrow,positive,PACER-C,8000,64,10,6,0.00075,6,1.0,1,none,0,0,0,6,6,1.0,0.2719720000641246,7,6,7,7,37,3,1,1,0,0.0,0
2,narrow,positive,PACER-X,8000,64,10,6,0.00075,6,1.0,1,none,0,0,0,6,6,1.0,0.48947799996312824,7,6,7,7,37,3,1,1,0,0.0,0
2,narrow,positive,PACER-A-NoSlices,8000,64,10,6,0.00075,2,0.3333333333333333,0,candidate_starvation,0,0,0,2,2,1.0,1.3678400000571855,1600,2,1600,1600,9,9,0,1,0,0.0,1
2,narrow,positive,PACER-A-NoBounds,8000,64,10,6,0.00075,6,1.0,1,none,0,0,0,6,6,1.0,0.25983699970311136,7,6,7,7,34,3,1,1,0,0.0,0
2,narrow,positive,StaleNoRecheck,8000,64,10,6,0.00075,3,0.3333333333333333,0,candidate_starvation,0,1,0,2,3,0.6666666666666666,0.8728220000193687,1255,3,1255,1255,0,8,0,1,0,0.0,0
2,narrow,positive,NaiveNoPolicy,8000,64,10,6,0.00075,10,0.0,0,ranking_truncation,9,2,6,0,10,0.0,0.546022999969864,1255,1255,1255,0,0,8,0,1,0,0.0,0
3,cold,positive,ExactSecure,8000,64,10,1,0.000125,1,1.0,1,none,0,0,0,1,1,1.0,4.087591999905271,8000,1,1,8000,0,0,1,1,0,0.0,0
3,cold,positive,PreFilter-Exact,8000,64,10,1,0.000125,1,1.0,1,none,0,0,0,1,1,1.0,4.139104999921983,8000,1,1,8000,0,0,1,1,0,0.0,0
3,cold,positive,BitmapSlice-Exact,8000,64,10,1,0.000125,1,1.0,1,none,0,0,0,1,1,1.0,0.10831300005520461,1,1,1,1,0,0,1,1,0,0.0,0
3,cold,positive,ScalarOnly,8000,64,10,1,0.000125,1,1.0,1,none,0,0,0,1,1,1.0,3.74107500010723,8000,1,0,8000,0,0,0,1,0,0.0,0
3,cold,positive,PostFilter-IVF,8000,64,10,1,0.000125,1,1.0,1,none,0,0,0,1,1,1.0,0.9485569999014842,1320,1,1320,1320,0,8,0,1,0,0.0,0
3,cold,positive,AdaptivePostFilter-IVF,8000,64,10,1,0.000125,1,1.0,1,none,0,0,0,1,1,1.0,3.7685560000682017,4800,1,4800,4800,0,28,0,1,0,0.0,0
3,cold,positive,ExactPrefix-PostFilter,8000,64,10,1,0.000125,1,1.0,1,none,0,0,0,1,1,1.0,1.9072410000262607,1600,1,8000,1600,0,0,0,1,0,0.0,0
3,cold,positive,TenantPartition-IVF,8000,64,10,1,0.000125,1,1.0,1,none,0,0,0,1,1,1.0,0.6271429997468658,1320,1,1320,1320,0,8,0,1,0,0.0,0
3,cold,positive,PreFilter-IVF,8000,64,10,1,0.000125,1,1.0,1,none,0,0,0,1,1,1.0,0.43608499981928617,193,1,1,193,48,1,0,1,0,0.0,0
3,cold,positive,PACER-A,8000,64,10,1,0.000125,1,1.0,1,none,0,0,0,1,1,1.0,0.19547100009731366,1,1,1,1,3,1,1,1,0,0.0,0
3,cold,positive,PACER-C,8000,64,10,1,0.000125,1,1.0,1,none,0,0,0,1,1,1.0,0.16868800003067008,1,1,1,1,3,1,1,1,0,0.0,0
3,cold,positive,PACER-X,8000,64,10,1,0.000125,1,1.0,1,none,0,0,0,1,1,1.0,0.11456399988674093,1,1,1,1,3,1,1,1,0,0.0,0
3,cold,positive,PACER-A-NoSlices,8000,64,10,1,0.000125,1,1.0,1,none,0,0,0,1,1,1.0,1.2136820000705484,1600,1,1600,1600,9,9,0,1,0,0.0,1
3,cold,positive,PACER-A-NoBounds,8000,64,10,1,0.000125,1,1.0,1,none,0,0,0,1,1,1.0,0.14579100025002845,1,1,1,1,1,1,1,1,0,0.0,0
3,cold,positive,StaleNoRecheck,8000,64,10,1,0.000125,1,1.0,1,none,0,0,0,1,1,1.0,0.9945759998117865,1320,1,1320,1320,0,8,0,1,0,0.0,0
3,cold,positive,NaiveNoPolicy,8000,64,10,1,0.000125,10,1.0,0,ranking_truncation,9,1,7,1,10,0.1,0.3229320000173175,1320,1320,1320,0,0,8,0,1,0,0.0,0
4,broad,positive,ExactSecure,8000,64,10,3492,0.4365,10,1.0,1,none,0,0,0,10,10,1.0,4.491917999985162,8000,3492,3492,8000,0,0,1,1,0,0.0,0
4,broad,positive,PreFilter-Exact,8000,64,10,3492,0.4365,10,1.0,1,none,0,0,0,10,10,1.0,4.214186999888625,8000,3492,3492,8000,0,0,1,1,0,0.0,0
4,broad,positive,BitmapSlice-Exact,8000,64,10,3492,0.4365,10,1.0,1,none,0,0,0,10,10,1.0,7.311293000384467,3923,3492,3492,3923,0,0,1,1,0,0.0,0
4,broad,positive,ScalarOnly,8000,64,10,3492,0.4365,10,0.0,0,ranking_truncation,0,0,0,10,10,1.0,4.139939999731723,8000,3492,0,8000,0,0,0,1,0,0.0,0
4,broad,positive,PostFilter-IVF,8000,64,10,3492,0.4365,10,1.0,1,none,0,0,0,10,10,1.0,1.251057999979821,1481,681,1481,1481,0,8,0,1,0,0.0,0
4,broad,positive,AdaptivePostFilter-IVF,8000,64,10,3492,0.4365,10,1.0,1,none,0,0,0,10,10,1.0,4.278967000118428,4800,2081,4800,4800,0,27,0,1,0,0.0,0
4,broad,positive,ExactPrefix-PostFilter,8000,64,10,3492,0.4365,10,1.0,1,none,0,0,0,10,10,1.0,2.0598539999809873,1600,706,8000,1600,0,0,0,1,0,0.0,0
4,broad,positive,TenantPartition-IVF,8000,64,10,3492,0.4365,10,1.0,1,none,0,0,0,10,10,1.0,1.1480980001579155,1481,681,1481,1481,0,8,0,1,0,0.0,0
4,broad,positive,PreFilter-IVF,8000,64,10,3492,0.4365,10,1.0,1,none,0,0,0,10,10,1.0,1.733561000037298,1481,681,681,1481,8,8,0,1,0,0.0,0
4,broad,positive,PACER-A,8000,64,10,3492,0.4365,10,1.0,1,none,0,0,0,10,10,1.0,4.662470000312169,1600,1424,1600,1600,21,21,0,1,0,0.5989788174629211,1
4,broad,positive,PACER-C,8000,64,10,3492,0.4365,10,1.0,1,none,0,0,0,10,10,1.0,11.94941799985827,3923,3492,3923,3923,48,48,1,1,0,0.0,0
4,broad,positive,PACER-X,8000,64,10,3492,0.4365,10,1.0,1,none,0,0,0,10,10,1.0,10.361023000314162,3923,3492,3923,3923,48,48,1,1,0,0.0,0
4,broad,positive,PACER-A-NoSlices,8000,64,10,3492,0.4365,10,1.0,1,none,0,0,0,10,10,1.0,1.5181550002125732,1600,742,1600,1600,9,9,0,1,0,0.6185460686683655,1
4,broad,positive,PACER-A-NoBounds,8000,64,10,3492,0.4365,10,1.0,1,none,0,0,0,10,10,1.0,4.547275999811973,1600,1423,1600,1600,21,21,0,1,0,0.0,1
4,broad,positive,StaleNoRecheck,8000,64,10,3492,0.4365,10,1.0,1,none,0,0,0,10,10,1.0,1.1905740002475795,1481,764,1481,1481,0,8,0,1,0,0.0,0
4,broad,positive,NaiveNoPolicy,8000,64,10,3492,0.4365,10,0.5,0,ranking_truncation,0,0,5,5,10,0.5,0.4208820000712876,1481,1481,1481,0,0,8,0,1,0,0.0,0
5,medium,positive,ExactSecure,8000,64,10,202,0.02525,10,1.0,1,none,0,0,0,10,10,1.0,3.984176000358275,8000,202,202,8000,0,0,1,1,0,0.0,0
5,medium,positive,PreFilter-Exact,8000,64,10,202,0.02525,10,1.0,1,none,0,0,0,10,10,1.0,4.206886999782,8000,202,202,8000,0,0,1,1,0,0.0,0
5,medium,positive,BitmapSlice-Exact,8000,64,10,202,0.02525,10,1.0,1,none,0,0,0,10,10,1.0,0.4535109997050313,215,202,202,215,0,0,1,1,0,0.0,0
5,medium,positive,ScalarOnly,8000,64,10,202,0.02525,10,0.1,0,ranking_truncation,0,0,0,10,10,1.0,4.021100000045408,8000,202,0,8000,0,0,0,1,0,0.0,0
5,medium,positive,PostFilter-IVF,8000,64,10,202,0.02525,10,0.5,0,ranking_truncation,0,0,0,10,10,1.0,0.9014570000545064,1194,16,1194,1194,0,8,0,1,0,0.0,0
5,medium,positive,AdaptivePostFilter-IVF,8000,64,10,202,0.02525,10,0.9,0,ranking_truncation,0,0,0,10,10,1.0,4.311327999857895,4800,130,4800,4800,0,29,0,1,0,0.0,0
5,medium,positive,ExactPrefix-PostFilter,8000,64,10,202,0.02525,10,1.0,1,none,0,0,0,10,10,1.0,1.9844130001729354,1600,35,8000,1600,0,0,0,1,0,0.0,0
5,medium,positive,TenantPartition-IVF,8000,64,10,202,0.02525,10,0.5,0,ranking_truncation,0,0,0,10,10,1.0,0.6744199999957345,1194,16,1194,1194,0,8,0,1,0,0.0,0
5,medium,positive,PreFilter-IVF,8000,64,10,202,0.02525,10,0.5,0,ranking_truncation,0,0,0,10,10,1.0,1.2585909998961142,1243,23,23,1243,10,8,0,1,0,0.0,0
5,medium,positive,PACER-A,8000,64,10,202,0.02525,10,1.0,1,none,0,0,0,10,10,1.0,3.3627990001150465,215,202,215,215,47,41,1,1,0,0.0,0
5,medium,positive,PACER-C,8000,64,10,202,0.02525,10,1.0,1,none,0,0,0,10,10,1.0,3.346218000388035,215,202,215,215,47,41,1,1,0,0.0,0
5,medium,positive,PACER-X,8000,64,10,202,0.02525,10,1.0,1,none,0,0,0,10,10,1.0,3.300029000001814,215,202,215,215,47,41,1,1,0,0.0,0
5,medium,positive,PACER-A-NoSlices,8000,64,10,202,0.02525,10,0.5,0,ranking_truncation,0,0,0,10,10,1.0,1.6106869998111506,1600,25,1600,1600,11,11,0,1,0,0.8739848583936691,1
5,medium,positive,PACER-A-NoBounds,8000,64,10,202,0.02525,10,1.0,1,none,0,0,0,10,10,1.0,3.3771920002436673,215,202,215,215,48,41,1,1,0,0.0,0
5,medium,positive,StaleNoRecheck,8000,64,10,202,0.02525,10,0.5,0,ranking_truncation,0,1,0,9,10,0.9,0.9151570002359222,1194,18,1194,1194,0,8,0,1,0,0.0,0
5,medium,positive,NaiveNoPolicy,8000,64,10,202,0.02525,10,0.1,0,ranking_truncation,6,0,8,1,10,0.1,0.44414400008463417,1194,1194,1194,0,0,8,0,1,0,0.0,0
6,narrow,positive,ExactSecure,8000,64,10,4,0.0005,4,1.0,1,none,0,0,0,4,4,1.0,3.744890999769268,8000,4,4,8000,0,0,1,1,0,0.0,0
6,narrow,positive,PreFilter-Exact,8000,64,10,4,0.0005,4,1.0,1,none,0,0,0,4,4,1.0,3.931700000066485,8000,4,4,8000,0,0,1,1,0,0.0,0
6,narrow,positive,BitmapSlice-Exact,8000,64,10,4,0.0005,4,1.0,1,none,0,0,0,4,4,1.0,0.07378200007224223,4,4,4,4,0,0,1,1,0,0.0,0
6,narrow,positive,ScalarOnly,8000,64,10,4,0.0005,4,1.0,0,ranking_truncation,0,0,0,4,4,1.0,3.7588039999718603,8000,4,0,8000,0,0,0,1,0,0.0,0
6,narrow,positive,PostFilter-IVF,8000,64,10,4,0.0005,2,0.5,0,candidate_starvation,0,0,0,2,2,1.0,1.1304659997222188,1509,2,1509,1509,0,8,0,1,0,0.0,0
6,narrow,positive,AdaptivePostFilter-IVF,8000,64,10,4,0.0005,3,0.75,0,candidate_starvation,0,0,0,3,3,1.0,4.235902999880636,4800,3,4800,4800,0,28,0,1,0,0.0,0
6,narrow,positive,ExactPrefix-PostFilter,8000,64,10,4,0.0005,2,0.5,0,candidate_starvation,0,0,0,2,2,1.0,1.7417140002180531,1600,2,8000,1600,0,0,0,1,0,0.0,0
6,narrow,positive,TenantPartition-IVF,8000,64,10,4,0.0005,2,0.5,0,candidate_starvation,0,0,0,2,2,1.0,0.6104819999563915,1509,2,1509,1509,0,8,0,1,0,0.0,0
6,narrow,positive,PreFilter-IVF,8000,64,10,4,0.0005,4,1.0,1,none,0,0,0,4,4,1.0,0.7259060002979822,634,4,4,634,48,3,0,1,0,0.0,0
6,narrow,positive,PACER-A,8000,64,10,4,0.0005,4,1.0,1,none,0,0,0,4,4,1.0,0.3302650002297014,4,4,4,4,45,3,1,1,0,0.0,0
6,narrow,positive,PACER-C,8000,64,10,4,0.0005,4,1.0,1,none,0,0,0,4,4,1.0,0.2574710001681524,4,4,4,4,45,3,1,1,0,0.0,0
6,narrow,positive,PACER-X,8000,64,10,4,0.0005,4,1.0,1,none,0,0,0,4,4,1.0,0.2588839997770265,4,4,4,4,45,3,1,1,0,0.0,0
6,narrow,positive,PACER-A-NoSlices,8000,64,10,4,0.0005,2,0.5,0,candidate_starvation,0,0,0,2,2,1.0,1.431777000107104,1600,2,1600,1600,9,9,0,1,0,0.0,1
6,narrow,positive,PACER-A-NoBounds,8000,64,10,4,0.0005,4,1.0,1,none,0,0,0,4,4,1.0,0.2770500000224274,4,4,4,4,45,3,1,1,0,0.0,0
6,narrow,positive,StaleNoRecheck,8000,64,10,4,0.0005,2,0.5,0,candidate_starvation,0,0,0,2,2,1.0,1.0565190000306757,1509,2,1509,1509,0,8,0,1,0,0.0,0
6,narrow,positive,NaiveNoPolicy,8000,64,10,4,0.0005,10,0.25,0,ranking_truncation,9,1,7,1,10,0.1,0.5999930003781628,1509,1509,1509,0,0,8,0,1,0,0.0,0
7,cold,positive,ExactSecure,8000,64,10,4,0.0005,4,1.0,1,none,0,0,0,4,4,1.0,4.1672950001157005,8000,4,4,8000,0,0,1,1,0,0.0,0
7,cold,positive,PreFilter-Exact,8000,64,10,4,0.0005,4,1.0,1,none,0,0,0,4,4,1.0,3.92965200035178,8000,4,4,8000,0,0,1,1,0,0.0,0
7,cold,positive,BitmapSlice-Exact,8000,64,10,4,0.0005,4,1.0,1,none,0,0,0,4,4,1.0,0.11140100014017662,5,4,4,5,0,0,1,1,0,0.0,0
7,cold,positive,ScalarOnly,8000,64,10,4,0.0005,4,1.0,0,ranking_truncation,0,0,0,4,4,1.0,3.766676999930496,8000,4,0,8000,0,0,0,1,0,0.0,0
7,cold,positive,PostFilter-IVF,8000,64,10,4,0.0005,2,0.5,0,candidate_starvation,0,0,0,2,2,1.0,1.5426570003000961,1528,2,1528,1528,0,8,0,1,0,0.0,0
7,cold,positive,AdaptivePostFilter-IVF,8000,64,10,4,0.0005,3,0.75,0,candidate_starvation,0,0,0,3,3,1.0,4.356966999694123,4800,3,4800,4800,0,29,0,1,0,0.0,0
7,cold,positive,ExactPrefix-PostFilter,8000,64,10,4,0.0005,2,0.5,0,candidate_starvation,0,0,0,2,2,1.0,1.731877000111126,1600,2,8000,1600,0,0,0,1,0,0.0,0
7,cold,positive,TenantPartition-IVF,8000,64,10,4,0.0005,2,0.5,0,candidate_starvation,0,0,0,2,2,1.0,0.6557470001098409,1528,2,1528,1528,0,8,0,1,0,0.0,0
7,cold,positive,PreFilter-IVF,8000,64,10,4,0.0005,4,1.0,1,none,0,0,0,4,4,1.0,0.8591839996370254,843,4,4,843,48,4,0,1,0,0.0,0
7,cold,positive,PACER-A,8000,64,10,4,0.0005,4,1.0,1,none,0,0,0,4,4,1.0,0.3585689996725705,5,4,5,5,28,4,1,1,0,0.0,0
7,cold,positive,PACER-C,8000,64,10,4,0.0005,4,1.0,1,none,0,0,0,4,4,1.0,0.3438250000726839,5,4,5,5,28,4,1,1,0,0.0,0
7,cold,positive,PACER-X,8000,64,10,4,0.0005,4,1.0,1,none,0,0,0,4,4,1.0,0.35475999993650476,5,4,5,5,28,4,1,1,0,0.0,0
7,cold,positive,PACER-A-NoSlices,8000,64,10,4,0.0005,2,0.5,0,candidate_starvation,0,0,0,2,2,1.0,1.4107329998296336,1600,2,1600,1600,9,9,0,1,0,0.0,1
7,cold,positive,PACER-A-NoBounds,8000,64,10,4,0.0005,4,1.0,1,none,0,0,0,4,4,1.0,0.31229699970936053,5,4,5,5,35,4,1,1,0,0.0,0
7,cold,positive,StaleNoRecheck,8000,64,10,4,0.0005,3,0.5,0,candidate_starvation,0,1,0,2,3,0.6666666666666666,1.0588149998511653,1528,3,1528,1528,0,8,0,1,0,0.0,0
7,cold,positive,NaiveNoPolicy,8000,64,10,4,0.0005,10,0.5,0,ranking_truncation,8,0,6,2,10,0.2,0.4065949997311691,1528,1528,1528,0,0,8,0,1,0,0.0,0
8,broad,positive,ExactSecure,8000,64,10,3666,0.45825,10,1.0,1,none,0,0,0,10,10,1.0,4.320605999964755,8000,3666,3666,8000,0,0,1,1,0,0.0,0
8,broad,positive,PreFilter-Exact,8000,64,10,3666,0.45825,10,1.0,1,none,0,0,0,10,10,1.0,4.494376999900851,8000,3666,3666,8000,0,0,1,1,0,0.0,0
8,broad,positive,BitmapSlice-Exact,8000,64,10,3666,0.45825,10,1.0,1,none,0,0,0,10,10,1.0,6.85374500017133,4013,3666,3666,4013,0,0,1,1,0,0.0,0
8,broad,positive,ScalarOnly,8000,64,10,3666,0.45825,10,0.0,0,ranking_truncation,0,0,0,10,10,1.0,4.134543999953166,8000,3666,0,8000,0,0,0,1,0,0.0,0
8,broad,positive,PostFilter-IVF,8000,64,10,3666,0.45825,10,0.8,0,ranking_truncation,0,0,0,10,10,1.0,1.198082999962935,1470,772,1470,1470,0,8,0,1,0,0.0,0
8,broad,positive,AdaptivePostFilter-IVF,8000,64,10,3666,0.45825,10,1.0,1,none,0,0,0,10,10,1.0,4.229031999784638,4800,2120,4800,4800,0,28,0,1,0,0.0,0
8,broad,positive,ExactPrefix-PostFilter,8000,64,10,3666,0.45825,10,1.0,1,none,0,0,0,10,10,1.0,2.0023590000164404,1600,783,8000,1600,0,0,0,1,0,0.0,0
8,broad,positive,TenantPartition-IVF,8000,64,10,3666,0.45825,10,0.8,0,ranking_truncation,0,0,0,10,10,1.0,1.167083000382263,1470,772,1470,1470,0,8,0,1,0,0.0,0
8,broad,positive,PreFilter-IVF,8000,64,10,3666,0.45825,10,0.8,0,ranking_truncation,0,0,0,10,10,1.0,1.598414000000048,1470,772,772,1470,8,8,0,1,0,0.0,0
8,broad,positive,PACER-A,8000,64,10,3666,0.45825,10,0.9,0,ranking_truncation,0,0,0,10,10,1.0,4.452819000107411,1600,1463,1600,1600,18,18,0,1,0,0.6238681077957153,1
8,broad,positive,PACER-C,8000,64,10,3666,0.45825,10,1.0,1,none,0,0,0,10,10,1.0,10.881114999847341,4013,3666,4013,4013,48,48,1,1,0,0.0,0
8,broad,positive,PACER-X,8000,64,10,3666,0.45825,10,1.0,1,none,0,0,0,10,10,1.0,11.043817999961902,4013,3666,4013,4013,48,48,1,1,0,0.0,0
8,broad,positive,PACER-A-NoSlices,8000,64,10,3666,0.45825,10,0.9,0,ranking_truncation,0,0,0,10,10,1.0,1.7774799998733215,1600,838,1600,1600,10,10,0,1,0,0.6470252871513367,1
8,broad,positive,PACER-A-NoBounds,8000,64,10,3666,0.45825,10,0.9,0,ranking_truncation,0,0,0,10,10,1.0,4.482178000216663,1600,1461,1600,1600,18,18,0,1,0,0.0,1
8,broad,positive,StaleNoRecheck,8000,64,10,3666,0.45825,10,0.8,0,ranking_truncation,0,0,0,10,10,1.0,1.2382569998408144,1470,846,1470,1470,0,8,0,1,0,0.0,0
8,broad,positive,NaiveNoPolicy,8000,64,10,3666,0.45825,10,0.5,0,ranking_truncation,0,0,5,5,10,0.5,0.4003000003649504,1470,1470,1470,0,0,8,0,1,0,0.0,0
9,medium,positive,ExactSecure,8000,64,10,192,0.024,10,1.0,1,none,0,0,0,10,10,1.0,4.245553000146174,8000,192,192,8000,0,0,1,1,0,0.0,0
9,medium,positive,PreFilter-Exact,8000,64,10,192,0.024,10,1.0,1,none,0,0,0,10,10,1.0,4.348874000243086,8000,192,192,8000,0,0,1,1,0,0.0,0
9,medium,positive,BitmapSlice-Exact,8000,64,10,192,0.024,10,1.0,1,none,0,0,0,10,10,1.0,0.49254500027018366,204,192,192,204,0,0,1,1,0,0.0,0
9,medium,positive,ScalarOnly,8000,64,10,192,0.024,10,0.1,0,ranking_truncation,0,0,0,10,10,1.0,4.355331000169826,8000,192,0,8000,0,0,0,1,0,0.0,0
9,medium,positive,PostFilter-IVF,8000,64,10,192,0.024,10,0.6,0,ranking_truncation,0,0,0,10,10,1.0,1.0870779997276259,1303,50,1303,1303,0,8,0,1,0,0.0,0
9,medium,positive,AdaptivePostFilter-IVF,8000,64,10,192,0.024,10,0.9,0,ranking_truncation,0,0,0,10,10,1.0,4.149827999754052,4800,102,4800,4800,0,29,0,1,0,0.0,0
9,medium,positive,ExactPrefix-PostFilter,8000,64,10,192,0.024,10,1.0,1,none,0,0,0,10,10,1.0,2.0015820000480744,1600,40,8000,1600,0,0,0,1,0,0.0,0
9,medium,positive,TenantPartition-IVF,8000,64,10,192,0.024,10,0.6,0,ranking_truncation,0,0,0,10,10,1.0,0.8012719999896945,1303,50,1303,1303,0,8,0,1,0,0.0,0
9,medium,positive,PreFilter-IVF,8000,64,10,192,0.024,10,0.4,0,ranking_truncation,0,0,0,10,10,1.0,1.2565419997372373,1294,47,47,1294,8,8,0,1,0,0.0,0
9,medium,positive,PACER-A,8000,64,10,192,0.024,10,1.0,1,none,0,0,0,10,10,1.0,3.5607909999271214,204,192,204,204,48,44,1,1,0,0.0,0
9,medium,positive,PACER-C,8000,64,10,192,0.024,10,1.0,1,none,0,0,0,10,10,1.0,3.419592000227567,204,192,204,204,48,44,1,1,0,0.0,0
9,medium,positive,PACER-X,8000,64,10,192,0.024,10,1.0,1,none,0,0,0,10,10,1.0,3.3225189999939175,204,192,204,204,48,44,1,1,0,0.0,0
9,medium,positive,PACER-A-NoSlices,8000,64,10,192,0.024,10,0.6,0,ranking_truncation,0,0,0,10,10,1.0,1.664762000018527,1600,53,1600,1600,11,11,0,1,0,0.8291922509670258,1
9,medium,positive,PACER-A-NoBounds,8000,64,10,192,0.024,10,1.0,1,none,0,0,0,10,10,1.0,3.354425999987143,204,192,204,204,48,44,1,1,0,0.0,0
9,medium,positive,StaleNoRecheck,8000,64,10,192,0.024,10,0.6,0,ranking_truncation,0,1,0,9,10,0.9,1.0036010003204865,1303,52,1303,1303,0,8,0,1,0,0.0,0
9,medium,positive,NaiveNoPolicy,8000,64,10,192,0.024,10,0.2,0,ranking_truncation,7,2,6,2,10,0.2,0.3256410000176402,1303,1303,1303,0,0,8,0,1,0,0.0,0
10,narrow,positive,ExactSecure,8000,64,10,9,0.001125,9,1.0,1,none,0,0,0,9,9,1.0,3.8790509997852496,8000,9,9,8000,0,0,1,1,0,0.0,0
10,narrow,positive,PreFilter-Exact,8000,64,10,9,0.001125,9,1.0,1,none,0,0,0,9,9,1.0,3.7521799999922223,8000,9,9,8000,0,0,1,1,0,0.0,0
10,narrow,positive,BitmapSlice-Exact,8000,64,10,9,0.001125,9,1.0,1,none,0,0,0,9,9,1.0,0.08415100001002429,9,9,9,9,0,0,1,1,0,0.0,0
10,narrow,positive,ScalarOnly,8000,64,10,9,0.001125,9,1.0,0,ranking_truncation,0,0,0,9,9,1.0,3.943872000036208,8000,9,0,8000,0,0,0,1,0,0.0,0
10,narrow,positive,PostFilter-IVF,8000,64,10,9,0.001125,2,0.2222222222222222,0,candidate_starvation,0,0,0,2,2,1.0,0.8853320000525855,1140,2,1140,1140,0,8,0,1,0,0.0,0
10,narrow,positive,AdaptivePostFilter-IVF,8000,64,10,9,0.001125,5,0.5555555555555556,0,candidate_starvation,0,0,0,5,5,1.0,4.38391399984539,4800,5,4800,4800,0,28,0,1,0,0.0,0
10,narrow,positive,ExactPrefix-PostFilter,8000,64,10,9,0.001125,3,0.3333333333333333,0,candidate_starvation,0,0,0,3,3,1.0,1.816895000047225,1600,3,8000,1600,0,0,0,1,0,0.0,0
10,narrow,positive,TenantPartition-IVF,8000,64,10,9,0.001125,2,0.2222222222222222,0,candidate_starvation,0,0,0,2,2,1.0,0.49699300006977865,1140,2,1140,1140,0,8,0,1,0,0.0,0
10,narrow,positive,PreFilter-IVF,8000,64,10,9,0.001125,9,1.0,1,none,0,0,0,9,9,1.0,0.9969849998014979,757,9,9,757,48,5,0,1,0,0.0,0
10,narrow,positive,PACER-A,8000,64,10,9,0.001125,9,1.0,1,none,0,0,0,9,9,1.0,0.44209800034877844,9,9,9,9,39,5,1,1,0,0.0,0
10,narrow,positive,PACER-C,8000,64,10,9,0.001125,9,1.0,1,none,0,0,0,9,9,1.0,0.4029229999105155,9,9,9,9,39,5,1,1,0,0.0,0
10,narrow,positive,PACER-X,8000,64,10,9,0.001125,9,1.0,1,none,0,0,0,9,9,1.0,0.37174799990680185,9,9,9,9,39,5,1,1,0,0.0,0
10,narrow,positive,PACER-A-NoSlices,8000,64,10,9,0.001125,3,0.3333333333333333,0,candidate_starvation,0,0,0,3,3,1.0,1.320205999945756,1600,3,1600,1600,12,12,0,1,0,0.0,1
10,narrow,positive,PACER-A-NoBounds,8000,64,10,9,0.001125,9,1.0,1,none,0,0,0,9,9,1.0,0.4005480000159878,9,9,9,9,38,5,1,1,0,0.0,0
10,narrow,positive,StaleNoRecheck,8000,64,10,9,0.001125,2,0.2222222222222222,0,candidate_starvation,0,0,0,2,2,1.0,0.7824979998076742,1140,2,1140,1140,0,8,0,1,0,0.0,0
10,narrow,positive,NaiveNoPolicy,8000,64,10,9,0.001125,10,0.1111111111111111,0,ranking_truncation,8,0,8,1,10,0.1,0.29848400026821764,1140,1140,1140,0,0,8,0,1,0,0.0,0
11,cold,positive,ExactSecure,8000,64,10,5,0.000625,5,1.0,1,none,0,0,0,5,5,1.0,3.8004230000296957,8000,5,5,8000,0,0,1,1,0,0.0,0
11,cold,positive,PreFilter-Exact,8000,64,10,5,0.000625,5,1.0,1,none,0,0,0,5,5,1.0,3.673118999813596,8000,5,5,8000,0,0,1,1,0,0.0,0
11,cold,positive,BitmapSlice-Exact,8000,64,10,5,0.000625,5,1.0,1,none,0,0,0,5,5,1.0,0.07298400032595964,5,5,5,5,0,0,1,1,0,0.0,0
11,cold,positive,ScalarOnly,8000,64,10,5,0.000625,5,1.0,0,ranking_truncation,0,0,0,5,5,1.0,3.8349550000020827,8000,5,0,8000,0,0,0,1,0,0.0,0
11,cold,positive,PostFilter-IVF,8000,64,10,5,0.000625,4,0.8,0,candidate_starvation,0,0,0,4,4,1.0,1.0072479999507777,1365,4,1365,1365,0,8,0,1,0,0.0,0
11,cold,positive,AdaptivePostFilter-IVF,8000,64,10,5,0.000625,4,0.8,0,candidate_starvation,0,0,0,4,4,1.0,3.966063000007125,4800,4,4800,4800,0,28,0,1,0,0.0,0
11,cold,positive,ExactPrefix-PostFilter,8000,64,10,5,0.000625,2,0.4,0,candidate_starvation,0,0,0,2,2,1.0,2.1601840003313555,1600,2,8000,1600,0,0,0,1,0,0.0,0
11,cold,positive,TenantPartition-IVF,8000,64,10,5,0.000625,4,0.8,0,candidate_starvation,0,0,0,4,4,1.0,0.7075430003169458,1365,4,1365,1365,0,8,0,1,0,0.0,0
11,cold,positive,PreFilter-IVF,8000,64,10,5,0.000625,5,1.0,1,none,0,0,0,5,5,1.0,0.6159189997561043,438,5,5,438,48,2,0,1,0,0.0,0
11,cold,positive,PACER-A,8000,64,10,5,0.000625,5,1.0,1,none,0,0,0,5,5,1.0,0.26705500022217166,5,5,5,5,34,2,1,1,0,0.0,0
11,cold,positive,PACER-C,8000,64,10,5,0.000625,5,1.0,1,none,0,0,0,5,5,1.0,0.20953600005668704,5,5,5,5,34,2,1,1,0,0.0,0
11,cold,positive,PACER-X,8000,64,10,5,0.000625,5,1.0,1,none,0,0,0,5,5,1.0,0.22906300000613555,5,5,5,5,34,2,1,1,0,0.0,0
11,cold,positive,PACER-A-NoSlices,8000,64,10,5,0.000625,4,0.8,0,candidate_starvation,0,0,0,4,4,1.0,1.254738999705296,1600,4,1600,1600,10,10,0,1,0,0.0,1
11,cold,positive,PACER-A-NoBounds,8000,64,10,5,0.000625,5,1.0,1,none,0,0,0,5,5,1.0,0.21575299979303963,5,5,5,5,36,2,1,1,0,0.0,0
11,cold,positive,StaleNoRecheck,8000,64,10,5,0.000625,4,0.8,0,candidate_starvation,0,0,0,4,4,1.0,0.9699309998723038,1365,4,1365,1365,0,8,0,1,0,0.0,0
11,cold,positive,NaiveNoPolicy,8000,64,10,5,0.000625,10,0.2,0,ranking_truncation,9,1,8,1,10,0.1,0.40123600001606974,1365,1365,1365,0,0,8,0,1,0,0.0,0
12,broad,positive,ExactSecure,8000,64,10,3648,0.456,10,1.0,1,none,0,0,0,10,10,1.0,4.325250999954733,8000,3648,3648,8000,0,0,1,1,0,0.0,0
12,broad,positive,PreFilter-Exact,8000,64,10,3648,0.456,10,1.0,1,none,0,0,0,10,10,1.0,5.224507999628258,8000,3648,3648,8000,0,0,1,1,0,0.0,0
12,broad,positive,BitmapSlice-Exact,8000,64,10,3648,0.456,10,1.0,1,none,0,0,0,10,10,1.0,7.300728999780404,4106,3648,3648,4106,0,0,1,1,0,0.0,0
12,broad,positive,ScalarOnly,8000,64,10,3648,0.456,10,0.0,0,ranking_truncation,0,0,0,10,10,1.0,3.964959999848361,8000,3648,0,8000,0,0,0,1,0,0.0,0
12,broad,positive,PostFilter-IVF,8000,64,10,3648,0.456,10,1.0,1,none,0,0,0,10,10,1.0,1.198241000111011,1487,725,1487,1487,0,8,0,1,0,0.0,0
12,broad,positive,AdaptivePostFilter-IVF,8000,64,10,3648,0.456,10,1.0,1,none,0,0,0,10,10,1.0,4.177793000053498,4800,2051,4800,4800,0,29,0,1,0,0.0,0
12,broad,positive,ExactPrefix-PostFilter,8000,64,10,3648,0.456,10,1.0,1,none,0,0,0,10,10,1.0,1.8682930003706133,1600,715,8000,1600,0,0,0,1,0,0.0,0
12,broad,positive,TenantPartition-IVF,8000,64,10,3648,0.456,10,1.0,1,none,0,0,0,10,10,1.0,1.1000889999195351,1487,725,1487,1487,0,8,0,1,0,0.0,0
12,broad,positive,PreFilter-IVF,8000,64,10,3648,0.456,10,1.0,1,none,0,0,0,10,10,1.0,1.472192000164796,1498,760,760,1498,8,8,0,1,0,0.0,0
12,broad,positive,PACER-A,8000,64,10,3648,0.456,10,1.0,1,none,0,0,0,10,10,1.0,4.470901999866328,1600,1426,1600,1600,19,19,0,1,0,0.6157870292663574,1
12,broad,positive,PACER-C,8000,64,10,3648,0.456,10,1.0,1,none,0,0,0,10,10,1.0,10.998411999935342,4106,3648,4106,4106,48,48,1,1,0,0.0,0
12,broad,positive,PACER-X,8000,64,10,3648,0.456,10,1.0,1,none,0,0,0,10,10,1.0,10.843033999663021,4106,3648,4106,4106,48,48,1,1,0,0.0,0
12,broad,positive,PACER-A-NoSlices,8000,64,10,3648,0.456,10,1.0,1,none,0,0,0,10,10,1.0,1.6093439999167458,1600,797,1600,1600,9,9,0,1,0,0.6333561539649963,1
12,broad,positive,PACER-A-NoBounds,8000,64,10,3648,0.456,10,1.0,1,none,0,0,0,10,10,1.0,4.634584000086761,1600,1421,1600,1600,19,19,0,1,0,0.0,1
12,broad,positive,StaleNoRecheck,8000,64,10,3648,0.456,10,0.9,0,ranking_truncation,0,1,0,9,10,0.9,1.1608439999690745,1487,814,1487,1487,0,8,0,1,0,0.0,0
12,broad,positive,NaiveNoPolicy,8000,64,10,3648,0.456,10,0.4,0,ranking_truncation,0,1,5,4,10,0.4,0.39777600022716797,1487,1487,1487,0,0,8,0,1,0,0.0,0
13,medium,positive,ExactSecure,8000,64,10,170,0.02125,10,1.0,1,none,0,0,0,10,10,1.0,4.003811000075075,8000,170,170,8000,0,0,1,1,0,0.0,0
13,medium,positive,PreFilter-Exact,8000,64,10,170,0.02125,10,1.0,1,none,0,0,0,10,10,1.0,4.030690000035975,8000,170,170,8000,0,0,1,1,0,0.0,0
13,medium,positive,BitmapSlice-Exact,8000,64,10,170,0.02125,10,1.0,1,none,0,0,0,10,10,1.0,0.45165800020186,187,170,170,187,0,0,1,1,0,0.0,0
13,medium,positive,ScalarOnly,8000,64,10,170,0.02125,10,0.1,0,ranking_truncation,0,0,0,10,10,1.0,3.898380000009638,8000,170,0,8000,0,0,0,1,0,0.0,0
13,medium,positive,PostFilter-IVF,8000,64,10,170,0.02125,10,0.5,0,ranking_truncation,0,0,0,10,10,1.0,1.1636129997896205,1551,30,1551,1551,0,8,0,1,0,0.0,0
13,medium,positive,AdaptivePostFilter-IVF,8000,64,10,170,0.02125,10,1.0,1,none,0,0,0,10,10,1.0,3.9908260000629525,4800,129,4800,4800,0,28,0,1,0,0.0,0
13,medium,positive,ExactPrefix-PostFilter,8000,64,10,170,0.02125,10,1.0,1,none,0,0,0,10,10,1.0,1.7379280002387532,1600,34,8000,1600,0,0,0,1,0,0.0,0
13,medium,positive,TenantPartition-IVF,8000,64,10,170,0.02125,10,0.5,0,ranking_truncation,0,0,0,10,10,1.0,0.7399549999718147,1551,30,1551,1551,0,8,0,1,0,0.0,0
13,medium,positive,PreFilter-IVF,8000,64,10,170,0.02125,10,0.5,0,ranking_truncation,0,0,0,10,10,1.0,1.4534179999827757,1624,37,37,1624,9,8,0,1,0,0.0,0
13,medium,positive,PACER-A,8000,64,10,170,0.02125,10,1.0,1,none,0,0,0,10,10,1.0,3.0222410000533273,187,170,187,187,47,37,1,1,0,0.0,0
13,medium,positive,PACER-C,8000,64,10,170,0.02125,10,1.0,1,none,0,0,0,10,10,1.0,2.991580000070826,187,170,187,187,47,37,1,1,0,0.0,0
13,medium,positive,PACER-X,8000,64,10,170,0.02125,10,1.0,1,none,0,0,0,10,10,1.0,2.9895269999542506,187,170,187,187,47,37,1,1,0,0.0,0
13,medium,positive,PACER-A-NoSlices,8000,64,10,170,0.02125,10,0.5,0,ranking_truncation,0,0,0,10,10,1.0,1.3862900000276568,1600,36,1600,1600,9,9,0,1,0,0.8446967452764511,1
13,medium,positive,PACER-A-NoBounds,8000,64,10,170,0.02125,10,1.0,1,none,0,0,0,10,10,1.0,2.85331099985342,187,170,187,187,48,37,1,1,0,0.0,0
13,medium,positive,StaleNoRecheck,8000,64,10,170,0.02125,10,0.5,0,ranking_truncation,0,0,0,10,10,1.0,1.2173370000709838,1551,34,1551,1551,0,8,0,1,0,0.0,0
13,medium,positive,NaiveNoPolicy,8000,64,10,170,0.02125,10,0.2,0,ranking_truncation,7,0,7,2,10,0.2,0.4334049999670242,1551,1551,1551,0,0,8,0,1,0,0.0,0
14,narrow,positive,ExactSecure,8000,64,10,9,0.001125,9,1.0,1,none,0,0,0,9,9,1.0,3.9499800000157848,8000,9,9,8000,0,0,1,1,0,0.0,0
14,narrow,positive,PreFilter-Exact,8000,64,10,9,0.001125,9,1.0,1,none,0,0,0,9,9,1.0,3.941119999581133,8000,9,9,8000,0,0,1,1,0,0.0,0
14,narrow,positive,BitmapSlice-Exact,8000,64,10,9,0.001125,9,1.0,1,none,0,0,0,9,9,1.0,0.0825960000838677,9,9,9,9,0,0,1,1,0,0.0,0
14,narrow,positive,ScalarOnly,8000,64,10,9,0.001125,9,1.0,0,ranking_truncation,0,0,0,9,9,1.0,4.048094000154379,8000,9,0,8000,0,0,0,1,0,0.0,0
14,narrow,positive,PostFilter-IVF,8000,64,10,9,0.001125,7,0.7777777777777778,0,candidate_starvation,0,0,0,7,7,1.0,1.0296380000909267,1329,7,1329,1329,0,8,0,1,0,0.0,0
14,narrow,positive,AdaptivePostFilter-IVF,8000,64,10,9,0.001125,9,1.0,1,none,0,0,0,9,9,1.0,4.067591999955766,4800,9,4800,4800,0,28,0,1,0,0.0,0
14,narrow,positive,ExactPrefix-PostFilter,8000,64,10,9,0.001125,7,0.7777777777777778,0,candidate_starvation,0,0,0,7,7,1.0,1.750032000018109,1600,7,8000,1600,0,0,0,1,0,0.0,0
14,narrow,positive,TenantPartition-IVF,8000,64,10,9,0.001125,7,0.7777777777777778,0,candidate_starvation,0,0,0,7,7,1.0,0.5772019999312761,1329,7,1329,1329,0,8,0,1,0,0.0,0
14,narrow,positive,PreFilter-IVF,8000,64,10,9,0.001125,9,1.0,1,none,0,0,0,9,9,1.0,0.8420530002695159,692,9,9,692,48,3,0,1,0,0.0,0
14,narrow,positive,PACER-A,8000,64,10,9,0.001125,9,1.0,1,none,0,0,0,9,9,1.0,0.3564319999895815,9,9,9,9,23,3,1,1,0,0.0,0
14,narrow,positive,PACER-C,8000,64,10,9,0.001125,9,1.0,1,none,0,0,0,9,9,1.0,0.2795010000227194,9,9,9,9,23,3,1,1,0,0.0,0
14,narrow,positive,PACER-X,8000,64,10,9,0.001125,9,1.0,1,none,0,0,0,9,9,1.0,0.30187799984560115,9,9,9,9,23,3,1,1,0,0.0,0
14,narrow,positive,PACER-A-NoSlices,8000,64,10,9,0.001125,7,0.7777777777777778,0,candidate_starvation,0,0,0,7,7,1.0,1.2461799997254275,1600,7,1600,1600,10,10,0,1,0,0.0,1
14,narrow,positive,PACER-A-NoBounds,8000,64,10,9,0.001125,9,1.0,1,none,0,0,0,9,9,1.0,0.395539000237477,9,9,9,9,24,3,1,1,0,0.0,0
14,narrow,positive,StaleNoRecheck,8000,64,10,9,0.001125,7,0.7777777777777778,0,candidate_starvation,0,0,0,7,7,1.0,0.9566180001456814,1329,7,1329,1329,0,8,0,1,0,0.0,0
14,narrow,positive,NaiveNoPolicy,8000,64,10,9,0.001125,10,0.1111111111111111,0,ranking_truncation,8,1,9,1,10,0.1,0.4464159997041861,1329,1329,1329,0,0,8,0,1,0,0.0,0
15,cold,positive,ExactSecure,8000,64,10,7,0.000875,7,1.0,1,none,0,0,0,7,7,1.0,3.896658000030584,8000,7,7,8000,0,0,1,1,0,0.0,0
15,cold,positive,PreFilter-Exact,8000,64,10,7,0.000875,7,1.0,1,none,0,0,0,7,7,1.0,4.056909999690106,8000,7,7,8000,0,0,1,1,0,0.0,0
15,cold,positive,BitmapSlice-Exact,8000,64,10,7,0.000875,7,1.0,1,none,0,0,0,7,7,1.0,0.10317300029782928,7,7,7,7,0,0,1,1,0,0.0,0
15,cold,positive,ScalarOnly,8000,64,10,7,0.000875,7,1.0,0,ranking_truncation,0,0,0,7,7,1.0,3.929443000288302,8000,7,0,8000,0,0,0,1,0,0.0,0
15,cold,positive,PostFilter-IVF,8000,64,10,7,0.000875,7,1.0,1,none,0,0,0,7,7,1.0,1.064277999830665,1418,7,1418,1418,0,8,0,1,0,0.0,0
15,cold,positive,AdaptivePostFilter-IVF,8000,64,10,7,0.000875,7,1.0,1,none,0,0,0,7,7,1.0,3.9362800002891163,4800,7,4800,4800,0,28,0,1,0,0.0,0
15,cold,positive,ExactPrefix-PostFilter,8000,64,10,7,0.000875,6,0.8571428571428571,0,candidate_starvation,0,0,0,6,6,1.0,1.8057500001305016,1600,6,8000,1600,0,0,0,1,0,0.0,0
15,cold,positive,TenantPartition-IVF,8000,64,10,7,0.000875,7,1.0,1,none,0,0,0,7,7,1.0,0.6490880000455945,1418,7,1418,1418,0,8,0,1,0,0.0,0
15,cold,positive,PreFilter-IVF,8000,64,10,7,0.000875,7,1.0,1,none,0,0,0,7,7,1.0,0.5980010000712355,258,7,7,258,48,2,0,1,0,0.0,0
15,cold,positive,PACER-A,8000,64,10,7,0.000875,7,1.0,1,none,0,0,0,7,7,1.0,0.24608600006104098,7,7,7,7,2,2,1,1,0,0.0,0
15,cold,positive,PACER-C,8000,64,10,7,0.000875,7,1.0,1,none,0,0,0,7,7,1.0,0.1905320000332722,7,7,7,7,2,2,1,1,0,0.0,0
15,cold,positive,PACER-X,8000,64,10,7,0.000875,7,1.0,1,none,0,0,0,7,7,1.0,0.21230599986665766,7,7,7,7,2,2,1,1,0,0.0,0
15,cold,positive,PACER-A-NoSlices,8000,64,10,7,0.000875,7,1.0,1,none,0,0,0,7,7,1.0,1.217582999743172,1600,7,1600,1600,10,10,0,1,0,0.0,1
15,cold,positive,PACER-A-NoBounds,8000,64,10,7,0.000875,7,1.0,1,none,0,0,0,7,7,1.0,0.19415899987507146,7,7,7,7,2,2,1,1,0,0.0,0
15,cold,positive,StaleNoRecheck,8000,64,10,7,0.000875,7,1.0,1,none,0,0,0,7,7,1.0,0.9872289997474581,1418,7,1418,1418,0,8,0,1,0,0.0,0
15,cold,positive,NaiveNoPolicy,8000,64,10,7,0.000875,10,0.2857142857142857,0,ranking_truncation,8,1,6,2,10,0.2,0.3975009999521717,1418,1418,1418,0,0,8,0,1,0,0.0,0
16,broad,positive,ExactSecure,8000,64,10,3517,0.439625,10,1.0,1,none,0,0,0,10,10,1.0,4.235422999954608,8000,3517,3517,8000,0,0,1,1,0,0.0,0
16,broad,positive,PreFilter-Exact,8000,64,10,3517,0.439625,10,1.0,1,none,0,0,0,10,10,1.0,4.278623999653064,8000,3517,3517,8000,0,0,1,1,0,0.0,0
16,broad,positive,BitmapSlice-Exact,8000,64,10,3517,0.439625,10,1.0,1,none,0,0,0,10,10,1.0,6.686618000003364,3942,3517,3517,3942,0,0,1,1,0,0.0,0
16,broad,positive,ScalarOnly,8000,64,10,3517,0.439625,10,0.0,0,ranking_truncation,0,0,0,10,10,1.0,4.0067489999273675,8000,3517,0,8000,0,0,0,1,0,0.0,0
16,broad,positive,PostFilter-IVF,8000,64,10,3517,0.439625,10,0.8,0,ranking_truncation,0,0,0,10,10,1.0,0.9881300002234639,1225,499,1225,1225,0,8,0,1,0,0.0,0
16,broad,positive,AdaptivePostFilter-IVF,8000,64,10,3517,0.439625,10,1.0,1,none,0,0,0,10,10,1.0,4.373837000002823,4800,2212,4800,4800,0,30,0,1,0,0.0,0
16,broad,positive,ExactPrefix-PostFilter,8000,64,10,3517,0.439625,10,1.0,1,none,0,0,0,10,10,1.0,1.821946999825741,1600,747,8000,1600,0,0,0,1,0,0.0,0
16,broad,positive,TenantPartition-IVF,8000,64,10,3517,0.439625,10,0.8,0,ranking_truncation,0,0,0,10,10,1.0,0.8227799999076524,1225,499,1225,1225,0,8,0,1,0,0.0,0
16,broad,positive,PreFilter-IVF,8000,64,10,3517,0.439625,10,0.8,0,ranking_truncation,0,0,0,10,10,1.0,1.5626429999429092,1225,499,499,1225,8,8,0,1,0,0.0,0
16,broad,positive,PACER-A,8000,64,10,3517,0.439625,10,0.9,0,ranking_truncation,0,0,0,10,10,1.0,4.8077849996843725,1600,1421,1600,1600,21,21,0,1,0,0.6225751638412476,1
16,broad,positive,PACER-C,8000,64,10,3517,0.439625,10,1.0,1,none,0,0,0,10,10,1.0,10.643698999956541,3942,3517,3942,3942,48,48,1,1,0,0.0,0
16,broad,positive,PACER-X,8000,64,10,3517,0.439625,10,1.0,1,none,0,0,0,10,10,1.0,10.43477899975187,3942,3517,3942,3942,48,48,1,1,0,0.0,0
16,broad,positive,PACER-A-NoSlices,8000,64,10,3517,0.439625,10,0.8,0,ranking_truncation,0,0,0,10,10,1.0,1.8423589999656542,1600,683,1600,1600,12,12,0,1,0,0.6462661921977997,1
16,broad,positive,PACER-A-NoBounds,8000,64,10,3517,0.439625,10,0.9,0,ranking_truncation,0,0,0,10,10,1.0,4.215061000195419,1600,1424,1600,1600,20,20,0,1,0,0.0,1
16,broad,positive,StaleNoRecheck,8000,64,10,3517,0.439625,10,0.8,0,ranking_truncation,0,1,0,9,10,0.9,0.9805159997995361,1225,560,1225,1225,0,8,0,1,0,0.0,0
16,broad,positive,NaiveNoPolicy,8000,64,10,3517,0.439625,10,0.5,0,ranking_truncation,0,2,4,5,10,0.5,0.41190299998561386,1225,1225,1225,0,0,8,0,1,0,0.0,0
17,medium,positive,ExactSecure,8000,64,10,196,0.0245,10,1.0,1,none,0,0,0,10,10,1.0,4.224808999879315,8000,196,196,8000,0,0,1,1,0,0.0,0
17,medium,positive,PreFilter-Exact,8000,64,10,196,0.0245,10,1.0,1,none,0,0,0,10,10,1.0,4.252933000316261,8000,196,196,8000,0,0,1,1,0,0.0,0
17,medium,positive,BitmapSlice-Exact,8000,64,10,196,0.0245,10,1.0,1,none,0,0,0,10,10,1.0,0.46175399984349497,218,196,196,218,0,0,1,1,0,0.0,0
17,medium,positive,ScalarOnly,8000,64,10,196,0.0245,10,0.0,0,ranking_truncation,0,0,0,10,10,1.0,4.396763000386272,8000,196,0,8000,0,0,0,1,0,0.0,0
17,medium,positive,PostFilter-IVF,8000,64,10,196,0.0245,10,0.8,0,ranking_truncation,0,0,0,10,10,1.0,1.101436999761063,1357,40,1357,1357,0,8,0,1,0,0.0,0
17,medium,positive,AdaptivePostFilter-IVF,8000,64,10,196,0.0245,10,0.9,0,ranking_truncation,0,0,0,10,10,1.0,4.351131000021269,4800,124,4800,4800,0,30,0,1,0,0.0,0
17,medium,positive,ExactPrefix-PostFilter,8000,64,10,196,0.0245,10,1.0,1,none,0,0,0,10,10,1.0,2.143334000265895,1600,45,8000,1600,0,0,0,1,0,0.0,0
17,medium,positive,TenantPartition-IVF,8000,64,10,196,0.0245,10,0.8,0,ranking_truncation,0,0,0,10,10,1.0,0.6882570000925625,1357,40,1357,1357,0,8,0,1,0,0.0,0
17,medium,positive,PreFilter-IVF,8000,64,10,196,0.0245,10,0.9,0,ranking_truncation,0,0,0,10,10,1.0,1.1908840001524368,1174,42,42,1174,9,8,0,1,0,0.0,0
17,medium,positive,PACER-A,8000,64,10,196,0.0245,10,1.0,1,none,0,0,0,10,10,1.0,3.4113449996766576,218,196,218,218,47,42,1,1,0,0.0,0
17,medium,positive,PACER-C,8000,64,10,196,0.0245,10,1.0,1,none,0,0,0,10,10,1.0,3.388620999885461,218,196,218,218,47,42,1,1,0,0.0,0
17,medium,positive,PACER-X,8000,64,10,196,0.0245,10,1.0,1,none,0,0,0,10,10,1.0,3.1744580001031864,218,196,218,218,47,42,1,1,0,0.0,0
17,medium,positive,PACER-A-NoSlices,8000,64,10,196,0.0245,10,0.9,0,ranking_truncation,0,0,0,10,10,1.0,1.5378419998341997,1600,43,1600,1600,11,11,0,1,0,0.7923290431499481,1
17,medium,positive,PACER-A-NoBounds,8000,64,10,196,0.0245,10,1.0,1,none,0,0,0,10,10,1.0,3.345537000313925,218,196,218,218,48,42,1,1,0,0.0,0
17,medium,positive,StaleNoRecheck,8000,64,10,196,0.0245,10,0.8,0,ranking_truncation,0,0,0,10,10,1.0,1.0373939999226423,1357,45,1357,1357,0,8,0,1,0,0.0,0
17,medium,positive,NaiveNoPolicy,8000,64,10,196,0.0245,10,0.1,0,ranking_truncation,4,0,7,1,10,0.1,0.35903699972550385,1357,1357,1357,0,0,8,0,1,0,0.0,0
18,narrow,positive,ExactSecure,8000,64,10,6,0.00075,6,1.0,1,none,0,0,0,6,6,1.0,3.782306000175595,8000,6,6,8000,0,0,1,1,0,0.0,0
18,narrow,positive,PreFilter-Exact,8000,64,10,6,0.00075,6,1.0,1,none,0,0,0,6,6,1.0,4.115403000014339,8000,6,6,8000,0,0,1,1,0,0.0,0
18,narrow,positive,BitmapSlice-Exact,8000,64,10,6,0.00075,6,1.0,1,none,0,0,0,6,6,1.0,0.0789390001045831,7,6,6,7,0,0,1,1,0,0.0,0
18,narrow,positive,ScalarOnly,8000,64,10,6,0.00075,6,1.0,0,ranking_truncation,0,0,0,6,6,1.0,3.8767690002714517,8000,6,0,8000,0,0,0,1,0,0.0,0
18,narrow,positive,PostFilter-IVF,8000,64,10,6,0.00075,5,0.8333333333333334,0,candidate_starvation,0,0,0,5,5,1.0,1.1042679998354288,1406,5,1406,1406,0,8,0,1,0,0.0,0
18,narrow,positive,AdaptivePostFilter-IVF,8000,64,10,6,0.00075,5,0.8333333333333334,0,candidate_starvation,0,0,0,5,5,1.0,3.946143000121083,4800,5,4800,4800,0,30,0,1,0,0.0,0
18,narrow,positive,ExactPrefix-PostFilter,8000,64,10,6,0.00075,4,0.6666666666666666,0,candidate_starvation,0,0,0,4,4,1.0,1.8027920000349695,1600,4,8000,1600,0,0,0,1,0,0.0,0
18,narrow,positive,TenantPartition-IVF,8000,64,10,6,0.00075,5,0.8333333333333334,0,candidate_starvation,0,0,0,5,5,1.0,0.6471329998021247,1406,5,1406,1406,0,8,0,1,0,0.0,0
18,narrow,positive,PreFilter-IVF,8000,64,10,6,0.00075,6,1.0,1,none,0,0,0,6,6,1.0,0.6410649998542794,393,6,6,393,48,2,0,1,0,0.0,0
18,narrow,positive,PACER-A,8000,64,10,6,0.00075,6,1.0,1,none,0,0,0,6,6,1.0,0.30937900010030717,7,6,7,7,45,2,1,1,0,0.0,0
18,narrow,positive,PACER-C,8000,64,10,6,0.00075,6,1.0,1,none,0,0,0,6,6,1.0,0.2178860004278249,7,6,7,7,45,2,1,1,0,0.0,0
18,narrow,positive,PACER-X,8000,64,10,6,0.00075,6,1.0,1,none,0,0,0,6,6,1.0,0.3091139997195569,7,6,7,7,45,2,1,1,0,0.0,0
18,narrow,positive,PACER-A-NoSlices,8000,64,10,6,0.00075,5,0.8333333333333334,0,candidate_starvation,0,0,0,5,5,1.0,1.1653689998638583,1600,5,1600,1600,10,10,0,1,0,0.0,1
18,narrow,positive,PACER-A-NoBounds,8000,64,10,6,0.00075,6,1.0,1,none,0,0,0,6,6,1.0,0.20337099977041362,7,6,7,7,43,2,1,1,0,0.0,0
18,narrow,positive,StaleNoRecheck,8000,64,10,6,0.00075,6,0.8333333333333334,0,ranking_truncation,0,1,0,5,6,0.8333333333333334,0.9483939998062851,1406,6,1406,1406,0,8,0,1,0,0.0,0
18,narrow,positive,NaiveNoPolicy,8000,64,10,6,0.00075,10,0.16666666666666666,0,ranking_truncation,8,0,8,1,10,0.1,0.5023650001021451,1406,1406,1406,0,0,8,0,1,0,0.0,0
19,cold,positive,ExactSecure,8000,64,10,1,0.000125,1,1.0,1,none,0,0,0,1,1,1.0,3.94746199981455,8000,1,1,8000,0,0,1,1,0,0.0,0
19,cold,positive,PreFilter-Exact,8000,64,10,1,0.000125,1,1.0,1,none,0,0,0,1,1,1.0,4.146971999944071,8000,1,1,8000,0,0,1,1,0,0.0,0
19,cold,positive,BitmapSlice-Exact,8000,64,10,1,0.000125,1,1.0,1,none,0,0,0,1,1,1.0,0.06585299979633419,1,1,1,1,0,0,1,1,0,0.0,0
19,cold,positive,ScalarOnly,8000,64,10,1,0.000125,1,1.0,1,none,0,0,0,1,1,1.0,4.039116000058129,8000,1,0,8000,0,0,0,1,0,0.0,0
19,cold,positive,PostFilter-IVF,8000,64,10,1,0.000125,1,1.0,1,none,0,0,0,1,1,1.0,0.9980660001929209,1307,1,1307,1307,0,8,0,1,0,0.0,0
19,cold,positive,AdaptivePostFilter-IVF,8000,64,10,1,0.000125,1,1.0,1,none,0,0,0,1,1,1.0,4.22906400035572,4800,1,4800,4800,0,30,0,1,0,0.0,0
19,cold,positive,ExactPrefix-PostFilter,8000,64,10,1,0.000125,1,1.0,1,none,0,0,0,1,1,1.0,1.8209689997092937,1600,1,8000,1600,0,0,0,1,0,0.0,0
19,cold,positive,TenantPartition-IVF,8000,64,10,1,0.000125,1,1.0,1,none,0,0,0,1,1,1.0,0.5260320003799279,1307,1,1307,1307,0,8,0,1,0,0.0,0
19,cold,positive,PreFilter-IVF,8000,64,10,1,0.000125,1,1.0,1,none,0,0,0,1,1,1.0,0.4901970000901201,210,1,1,210,48,1,0,1,0,0.0,0
19,cold,positive,PACER-A,8000,64,10,1,0.000125,1,1.0,1,none,0,0,0,1,1,1.0,0.14874999988023774,1,1,1,1,3,1,1,1,0,0.0,0
19,cold,positive,PACER-C,8000,64,10,1,0.000125,1,1.0,1,none,0,0,0,1,1,1.0,0.1081739997061959,1,1,1,1,3,1,1,1,0,0.0,0
19,cold,positive,PACER-X,8000,64,10,1,0.000125,1,1.0,1,none,0,0,0,1,1,1.0,0.13737600011154427,1,1,1,1,3,1,1,1,0,0.0,0
19,cold,positive,PACER-A-NoSlices,8000,64,10,1,0.000125,1,1.0,1,none,0,0,0,1,1,1.0,1.272180999876582,1600,1,1600,1600,10,10,0,1,0,0.0,1
19,cold,positive,PACER-A-NoBounds,8000,64,10,1,0.000125,1,1.0,1,none,0,0,0,1,1,1.0,0.14816500015513157,1,1,1,1,3,1,1,1,0,0.0,0
19,cold,positive,StaleNoRecheck,8000,64,10,1,0.000125,1,1.0,1,none,0,0,0,1,1,1.0,0.9299060002376791,1307,1,1307,1307,0,8,0,1,0,0.0,0
19,cold,positive,NaiveNoPolicy,8000,64,10,1,0.000125,10,1.0,0,ranking_truncation,9,1,7,1,10,0.1,0.37471100040420424,1307,1307,1307,0,0,8,0,1,0,0.0,0
20,broad,positive,ExactSecure,8000,64,10,3490,0.43625,10,1.0,1,none,0,0,0,10,10,1.0,5.986782000036328,8000,3490,3490,8000,0,0,1,1,0,0.0,0
20,broad,positive,PreFilter-Exact,8000,64,10,3490,0.43625,10,1.0,1,none,0,0,0,10,10,1.0,5.730022000079771,8000,3490,3490,8000,0,0,1,1,0,0.0,0
20,broad,positive,BitmapSlice-Exact,8000,64,10,3490,0.43625,10,1.0,1,none,0,0,0,10,10,1.0,7.67608999967706,3921,3490,3490,3921,0,0,1,1,0,0.0,0
20,broad,positive,ScalarOnly,8000,64,10,3490,0.43625,10,0.0,0,ranking_truncation,0,0,0,10,10,1.0,3.967419000218797,8000,3490,0,8000,0,0,0,1,0,0.0,0
20,broad,positive,PostFilter-IVF,8000,64,10,3490,0.43625,10,0.9,0,ranking_truncation,0,0,0,10,10,1.0,1.5254659997481212,1438,633,1438,1438,0,8,0,1,0,0.0,0
20,broad,positive,AdaptivePostFilter-IVF,8000,64,10,3490,0.43625,10,1.0,1,none,0,0,0,10,10,1.0,5.173567999918305,4800,2174,4800,4800,0,29,0,1,0,0.0,0
20,broad,positive,ExactPrefix-PostFilter,8000,64,10,3490,0.43625,10,1.0,1,none,0,0,0,10,10,1.0,2.5000050000016927,1600,704,8000,1600,0,0,0,1,0,0.0,0
20,broad,positive,TenantPartition-IVF,8000,64,10,3490,0.43625,10,0.9,0,ranking_truncation,0,0,0,10,10,1.0,1.323130999935529,1438,633,1438,1438,0,8,0,1,0,0.0,0
20,broad,positive,PreFilter-IVF,8000,64,10,3490,0.43625,10,0.9,0,ranking_truncation,0,0,0,10,10,1.0,1.7963119998967159,1524,674,674,1524,8,8,0,1,0,0.0,0
20,broad,positive,PACER-A,8000,64,10,3490,0.43625,10,1.0,1,none,0,0,0,10,10,1.0,5.136604000199441,1600,1437,1600,1600,20,20,0,1,0,0.5970800518989563,1
20,broad,positive,PACER-C,8000,64,10,3490,0.43625,10,1.0,1,none,0,0,0,10,10,1.0,12.522246000116866,3921,3490,3921,3921,48,48,1,1,0,0.0,0
20,broad,positive,PACER-X,8000,64,10,3490,0.43625,10,1.0,1,none,0,0,0,10,10,1.0,11.716897000042081,3921,3490,3921,3921,48,48,1,1,0,0.0,0
20,broad,positive,PACER-A-NoSlices,8000,64,10,3490,0.43625,10,0.9,0,ranking_truncation,0,0,0,10,10,1.0,2.416542999981175,1600,701,1600,1600,9,9,0,1,0,0.6096303761005402,1
20,broad,positive,PACER-A-NoBounds,8000,64,10,3490,0.43625,10,1.0,1,none,0,0,0,10,10,1.0,7.364469000094687,1600,1435,1600,1600,19,19,0,1,0,0.0,1
20,broad,positive,StaleNoRecheck,8000,64,10,3490,0.43625,10,0.9,0,ranking_truncation,0,0,0,10,10,1.0,1.1824250000245229,1438,704,1438,1438,0,8,0,1,0,0.0,0
20,broad,positive,NaiveNoPolicy,8000,64,10,3490,0.43625,10,0.6,0,ranking_truncation,0,1,4,6,10,0.6,0.41208899983757874,1438,1438,1438,0,0,8,0,1,0,0.0,0
21,medium,positive,ExactSecure,8000,64,10,202,0.02525,10,1.0,1,none,0,0,0,10,10,1.0,5.639259999952628,8000,202,202,8000,0,0,1,1,0,0.0,0
21,medium,positive,PreFilter-Exact,8000,64,10,202,0.02525,10,1.0,1,none,0,0,0,10,10,1.0,4.681210999933683,8000,202,202,8000,0,0,1,1,0,0.0,0
21,medium,positive,BitmapSlice-Exact,8000,64,10,202,0.02525,10,1.0,1,none,0,0,0,10,10,1.0,0.5698529998880986,216,202,202,216,0,0,1,1,0,0.0,0
21,medium,positive,ScalarOnly,8000,64,10,202,0.02525,10,0.2,0,ranking_truncation,0,0,0,10,10,1.0,4.593383000155882,8000,202,0,8000,0,0,0,1,0,0.0,0
21,medium,positive,PostFilter-IVF,8000,64,10,202,0.02525,10,0.7,0,ranking_truncation,0,0,0,10,10,1.0,1.7380079998474685,1467,30,1467,1467,0,8,0,1,0,0.0,0
21,medium,positive,AdaptivePostFilter-IVF,8000,64,10,202,0.02525,10,0.9,0,ranking_truncation,0,0,0,10,10,1.0,6.547695999870484,4800,133,4800,4800,0,27,0,1,0,0.0,0
21,medium,positive,ExactPrefix-PostFilter,8000,64,10,202,0.02525,10,1.0,1,none,0,0,0,10,10,1.0,2.1433749998323037,1600,42,8000,1600,0,0,0,1,0,0.0,0
21,medium,positive,TenantPartition-IVF,8000,64,10,202,0.02525,10,0.7,0,ranking_truncation,0,0,0,10,10,1.0,0.8922889996938466,1467,30,1467,1467,0,8,0,1,0,0.0,0
21,medium,positive,PreFilter-IVF,8000,64,10,202,0.02525,10,0.7,0,ranking_truncation,0,0,0,10,10,1.0,1.3101029999234015,1467,30,30,1467,8,8,0,1,0,0.0,0
21,medium,positive,PACER-A,8000,64,10,202,0.02525,10,1.0,1,none,0,0,0,10,10,1.0,6.665187999715272,216,202,216,216,48,39,1,1,0,0.0,0
21,medium,positive,PACER-C,8000,64,10,202,0.02525,10,1.0,1,none,0,0,0,10,10,1.0,3.5518659997251234,216,202,216,216,48,39,1,1,0,0.0,0
21,medium,positive,PACER-X,8000,64,10,202,0.02525,10,1.0,1,none,0,0,0,10,10,1.0,3.8067489999775717,216,202,216,216,48,39,1,1,0,0.0,0
21,medium,positive,PACER-A-NoSlices,8000,64,10,202,0.02525,10,0.7,0,ranking_truncation,0,0,0,10,10,1.0,1.773498999682488,1600,30,1600,1600,10,10,0,1,0,0.8098852634429932,1
21,medium,positive,PACER-A-NoBounds,8000,64,10,202,0.02525,10,1.0,1,none,0,0,0,10,10,1.0,10.201688000051945,216,202,216,216,48,39,1,1,0,0.0,0
21,medium,positive,StaleNoRecheck,8000,64,10,202,0.02525,10,0.7,0,ranking_truncation,0,2,0,8,10,0.8,1.2759149999510555,1467,33,1467,1467,0,8,0,1,0,0.0,0
21,medium,positive,NaiveNoPolicy,8000,64,10,202,0.02525,10,0.1,0,ranking_truncation,7,0,6,1,10,0.1,0.4287320002731576,1467,1467,1467,0,0,8,0,1,0,0.0,0
22,narrow,positive,ExactSecure,8000,64,10,8,0.001,8,1.0,1,none,0,0,0,8,8,1.0,4.811896000319393,8000,8,8,8000,0,0,1,1,0,0.0,0
22,narrow,positive,PreFilter-Exact,8000,64,10,8,0.001,8,1.0,1,none,0,0,0,8,8,1.0,4.748764999931154,8000,8,8,8000,0,0,1,1,0,0.0,0
22,narrow,positive,BitmapSlice-Exact,8000,64,10,8,0.001,8,1.0,1,none,0,0,0,8,8,1.0,0.08634999994683312,8,8,8,8,0,0,1,1,0,0.0,0
22,narrow,positive,ScalarOnly,8000,64,10,8,0.001,8,1.0,0,ranking_truncation,0,0,0,8,8,1.0,4.737656000088464,8000,8,0,8000,0,0,0,1,0,0.0,0
22,narrow,positive,PostFilter-IVF,8000,64,10,8,0.001,4,0.5,0,candidate_starvation,0,0,0,4,4,1.0,1.3641710002048058,1444,4,1444,1444,0,8,0,1,0,0.0,0
22,narrow,positive,AdaptivePostFilter-IVF,8000,64,10,8,0.001,5,0.625,0,candidate_starvation,0,0,0,5,5,1.0,4.249927000273601,4800,5,4800,4800,0,29,0,1,0,0.0,0
22,narrow,positive,ExactPrefix-PostFilter,8000,64,10,8,0.001,4,0.5,0,candidate_starvation,0,0,0,4,4,1.0,1.8679699996937416,1600,4,8000,1600,0,0,0,1,0,0.0,0
22,narrow,positive,TenantPartition-IVF,8000,64,10,8,0.001,4,0.5,0,candidate_starvation,0,0,0,4,4,1.0,0.8787000001575507,1444,4,1444,1444,0,8,0,1,0,0.0,0
22,narrow,positive,PreFilter-IVF,8000,64,10,8,0.001,8,1.0,1,none,0,0,0,8,8,1.0,1.1230340001020522,884,8,8,884,48,6,0,1,0,0.0,0
22,narrow,positive,PACER-A,8000,64,10,8,0.001,8,1.0,1,none,0,0,0,8,8,1.0,0.5145820000507229,8,8,8,8,46,6,1,1,0,0.0,0
22,narrow,positive,PACER-C,8000,64,10,8,0.001,8,1.0,1,none,0,0,0,8,8,1.0,0.4341530002420768,8,8,8,8,46,6,1,1,0,0.0,0
22,narrow,positive,PACER-X,8000,64,10,8,0.001,8,1.0,1,none,0,0,0,8,8,1.0,0.49843199985843967,8,8,8,8,46,6,1,1,0,0.0,0
22,narrow,positive,PACER-A-NoSlices,8000,64,10,8,0.001,4,0.5,0,candidate_starvation,0,0,0,4,4,1.0,1.4928169998711383,1600,4,1600,1600,9,9,0,1,0,0.0,1
22,narrow,positive,PACER-A-NoBounds,8000,64,10,8,0.001,8,1.0,1,none,0,0,0,8,8,1.0,0.4549810000753496,8,8,8,8,41,6,1,1,0,0.0,0
22,narrow,positive,StaleNoRecheck,8000,64,10,8,0.001,4,0.5,0,candidate_starvation,0,0,0,4,4,1.0,1.084664999780216,1444,4,1444,1444,0,8,0,1,0,0.0,0
22,narrow,positive,NaiveNoPolicy,8000,64,10,8,0.001,10,0.125,0,ranking_truncation,9,1,7,1,10,0.1,0.4258730000401556,1444,1444,1444,0,0,8,0,1,0,0.0,0
23,cold,positive,ExactSecure,8000,64,10,4,0.0005,4,1.0,1,none,0,0,0,4,4,1.0,4.184529000212933,8000,4,4,8000,0,0,1,1,0,0.0,0
23,cold,positive,PreFilter-Exact,8000,64,10,4,0.0005,4,1.0,1,none,0,0,0,4,4,1.0,4.0513419999115285,8000,4,4,8000,0,0,1,1,0,0.0,0
23,cold,positive,BitmapSlice-Exact,8000,64,10,4,0.0005,4,1.0,1,none,0,0,0,4,4,1.0,0.11179600005561952,6,4,4,6,0,0,1,1,0,0.0,0
23,cold,positive,ScalarOnly,8000,64,10,4,0.0005,4,1.0,0,ranking_truncation,0,0,0,4,4,1.0,3.837585999917792,8000,4,0,8000,0,0,0,1,0,0.0,0
23,cold,positive,PostFilter-IVF,8000,64,10,4,0.0005,4,1.0,1,none,0,0,0,4,4,1.0,0.8927450003284321,1184,4,1184,1184,0,8,0,1,0,0.0,0
23,cold,positive,AdaptivePostFilter-IVF,8000,64,10,4,0.0005,4,1.0,1,none,0,0,0,4,4,1.0,4.089606999968964,4800,4,4800,4800,0,29,0,1,0,0.0,0
23,cold,positive,ExactPrefix-PostFilter,8000,64,10,4,0.0005,4,1.0,1,none,0,0,0,4,4,1.0,2.3448629999620607,1600,4,8000,1600,0,0,0,1,0,0.0,0
23,cold,positive,TenantPartition-IVF,8000,64,10,4,0.0005,4,1.0,1,none,0,0,0,4,4,1.0,0.6937859998288332,1184,4,1184,1184,0,8,0,1,0,0.0,0
23,cold,positive,PreFilter-IVF,8000,64,10,4,0.0005,4,1.0,1,none,0,0,0,4,4,1.0,0.47675399991931044,234,4,4,234,48,1,0,1,0,0.0,0
23,cold,positive,PACER-A,8000,64,10,4,0.0005,4,1.0,1,none,0,0,0,4,4,1.0,0.1865059998635843,6,4,6,6,3,1,1,1,0,0.0,0
23,cold,positive,PACER-C,8000,64,10,4,0.0005,4,1.0,1,none,0,0,0,4,4,1.0,0.18154600002162624,6,4,6,6,3,1,1,1,0,0.0,0
23,cold,positive,PACER-X,8000,64,10,4,0.0005,4,1.0,1,none,0,0,0,4,4,1.0,0.2069859997391177,6,4,6,6,3,1,1,1,0,0.0,0
23,cold,positive,PACER-A-NoSlices,8000,64,10,4,0.0005,4,1.0,1,none,0,0,0,4,4,1.0,1.345508000213158,1600,4,1600,1600,11,11,0,1,0,0.0,0
23,cold,positive,PACER-A-NoBounds,8000,64,10,4,0.0005,4,1.0,1,none,0,0,0,4,4,1.0,0.1530740000816877,6,4,6,6,1,1,1,1,0,0.0,0
23,cold,positive,StaleNoRecheck,8000,64,10,4,0.0005,6,1.0,0,ranking_truncation,0,2,0,4,6,0.6666666666666666,0.8259739997811266,1184,6,1184,1184,0,8,0,1,0,0.0,0
23,cold,positive,NaiveNoPolicy,8000,64,10,4,0.0005,10,0.25,0,ranking_truncation,9,0,7,1,10,0.1,0.34335800000917516,1184,1184,1184,0,0,8,0,1,0,0.0,0
24,broad,positive,ExactSecure,8000,64,10,3602,0.45025,10,1.0,1,none,0,0,0,10,10,1.0,4.7328129999186785,8000,3602,3602,8000,0,0,1,1,0,0.0,0
24,broad,positive,PreFilter-Exact,8000,64,10,3602,0.45025,10,1.0,1,none,0,0,0,10,10,1.0,5.383160999826941,8000,3602,3602,8000,0,0,1,1,0,0.0,0
24,broad,positive,BitmapSlice-Exact,8000,64,10,3602,0.45025,10,1.0,1,none,0,0,0,10,10,1.0,7.701171999997314,4016,3602,3602,4016,0,0,1,1,0,0.0,0
24,broad,positive,ScalarOnly,8000,64,10,3602,0.45025,10,0.0,0,ranking_truncation,0,0,0,10,10,1.0,4.080937000253471,8000,3602,0,8000,0,0,0,1,0,0.0,0
24,broad,positive,PostFilter-IVF,8000,64,10,3602,0.45025,10,0.7,0,ranking_truncation,0,0,0,10,10,1.0,1.2886970002909948,1387,608,1387,1387,0,8,0,1,0,0.0,0
24,broad,positive,AdaptivePostFilter-IVF,8000,64,10,3602,0.45025,10,1.0,1,none,0,0,0,10,10,1.0,5.021158000090509,4800,1967,4800,4800,0,29,0,1,0,0.0,0
24,broad,positive,ExactPrefix-PostFilter,8000,64,10,3602,0.45025,10,1.0,1,none,0,0,0,10,10,1.0,1.9012329998986388,1600,718,8000,1600,0,0,0,1,0,0.0,0
24,broad,positive,TenantPartition-IVF,8000,64,10,3602,0.45025,10,0.7,0,ranking_truncation,0,0,0,10,10,1.0,1.0149839999940014,1387,608,1387,1387,0,8,0,1,0,0.0,0
24,broad,positive,PreFilter-IVF,8000,64,10,3602,0.45025,10,0.7,0,ranking_truncation,0,0,0,10,10,1.0,1.431563000096503,1387,608,608,1387,8,8,0,1,0,0.0,0
24,broad,positive,PACER-A,8000,64,10,3602,0.45025,10,0.9,0,ranking_truncation,0,0,0,10,10,1.0,5.3117460001885775,1600,1427,1600,1600,21,21,0,1,0,0.6350388824939728,1
24,broad,positive,PACER-C,8000,64,10,3602,0.45025,10,1.0,1,none,0,0,0,10,10,1.0,14.091028000166261,4016,3602,4016,4016,48,48,1,1,0,0.0,0
24,broad,positive,PACER-X,8000,64,10,3602,0.45025,10,1.0,1,none,0,0,0,10,10,1.0,12.27076399982252,4016,3602,4016,4016,48,48,1,1,0,0.0,0
24,broad,positive,PACER-A-NoSlices,8000,64,10,3602,0.45025,10,0.8,0,ranking_truncation,0,0,0,10,10,1.0,1.6810299998724076,1600,682,1600,1600,10,10,0,1,0,0.6426894068717957,1
24,broad,positive,PACER-A-NoBounds,8000,64,10,3602,0.45025,10,1.0,1,none,0,0,0,10,10,1.0,4.979160999937449,1600,1432,1600,1600,20,20,0,1,0,0.0,0
24,broad,positive,StaleNoRecheck,8000,64,10,3602,0.45025,10,0.7,0,ranking_truncation,0,1,0,9,10,0.9,1.2884980001217627,1387,678,1387,1387,0,8,0,1,0,0.0,0
24,broad,positive,NaiveNoPolicy,8000,64,10,3602,0.45025,10,0.6,0,ranking_truncation,0,0,4,6,10,0.6,0.5369270002120174,1387,1387,1387,0,0,8,0,1,0,0.0,0
25,medium,positive,ExactSecure,8000,64,10,207,0.025875,10,1.0,1,none,0,0,0,10,10,1.0,4.325842000071134,8000,207,207,8000,0,0,1,1,0,0.0,0
25,medium,positive,PreFilter-Exact,8000,64,10,207,0.025875,10,1.0,1,none,0,0,0,10,10,1.0,5.136622000009083,8000,207,207,8000,0,0,1,1,0,0.0,0
25,medium,positive,BitmapSlice-Exact,8000,64,10,207,0.025875,10,1.0,1,none,0,0,0,10,10,1.0,0.4917659998682211,238,207,207,238,0,0,1,1,0,0.0,0
25,medium,positive,ScalarOnly,8000,64,10,207,0.025875,10,0.1,0,ranking_truncation,0,0,0,10,10,1.0,4.024097000183247,8000,207,0,8000,0,0,0,1,0,0.0,0
25,medium,positive,PostFilter-IVF,8000,64,10,207,0.025875,10,0.7,0,ranking_truncation,0,0,0,10,10,1.0,1.1156630002915335,1384,59,1384,1384,0,8,0,1,0,0.0,0
25,medium,positive,AdaptivePostFilter-IVF,8000,64,10,207,0.025875,10,1.0,1,none,0,0,0,10,10,1.0,4.1519439996591245,4800,155,4800,4800,0,28,0,1,0,0.0,0
25,medium,positive,ExactPrefix-PostFilter,8000,64,10,207,0.025875,10,1.0,1,none,0,0,0,10,10,1.0,1.9427270003689046,1600,64,8000,1600,0,0,0,1,0,0.0,0
25,medium,positive,TenantPartition-IVF,8000,64,10,207,0.025875,10,0.7,0,ranking_truncation,0,0,0,10,10,1.0,0.7608699997945223,1384,59,1384,1384,0,8,0,1,0,0.0,0
25,medium,positive,PreFilter-IVF,8000,64,10,207,0.025875,10,0.7,0,ranking_truncation,0,0,0,10,10,1.0,1.3270409999677213,1407,70,70,1407,9,8,0,1,0,0.0,0
25,medium,positive,PACER-A,8000,64,10,207,0.025875,10,1.0,1,none,0,0,0,10,10,1.0,3.388125000128639,238,207,238,238,48,42,1,1,0,0.0,0
25,medium,positive,PACER-C,8000,64,10,207,0.025875,10,1.0,1,none,0,0,0,10,10,1.0,3.4595010001794435,238,207,238,238,48,42,1,1,0,0.0,0
25,medium,positive,PACER-X,8000,64,10,207,0.025875,10,1.0,1,none,0,0,0,10,10,1.0,3.2499910003025434,238,207,238,238,48,42,1,1,0,0.0,0
25,medium,positive,PACER-A-NoSlices,8000,64,10,207,0.025875,10,0.7,0,ranking_truncation,0,0,0,10,10,1.0,1.6986260002340714,1600,70,1600,1600,9,9,0,1,0,0.7863425314426422,1
25,medium,positive,PACER-A-NoBounds,8000,64,10,207,0.025875,10,1.0,1,none,0,0,0,10,10,1.0,3.259085999616218,238,207,238,238,48,42,1,1,0,0.0,0
25,medium,positive,StaleNoRecheck,8000,64,10,207,0.025875,10,0.7,0,ranking_truncation,0,1,0,9,10,0.9,1.0737599995991332,1384,65,1384,1384,0,8,0,1,0,0.0,0
25,medium,positive,NaiveNoPolicy,8000,64,10,207,0.025875,10,0.1,0,ranking_truncation,8,0,7,1,10,0.1,0.43914799971389584,1384,1384,1384,0,0,8,0,1,0,0.0,0
26,narrow,positive,ExactSecure,8000,64,10,3,0.000375,3,1.0,1,none,0,0,0,3,3,1.0,3.940041000078054,8000,3,3,8000,0,0,1,1,0,0.0,0
26,narrow,positive,PreFilter-Exact,8000,64,10,3,0.000375,3,1.0,1,none,0,0,0,3,3,1.0,3.9251929997590196,8000,3,3,8000,0,0,1,1,0,0.0,0
26,narrow,positive,BitmapSlice-Exact,8000,64,10,3,0.000375,3,1.0,1,none,0,0,0,3,3,1.0,0.07278600014615222,3,3,3,3,0,0,1,1,0,0.0,0
26,narrow,positive,ScalarOnly,8000,64,10,3,0.000375,3,1.0,0,ranking_truncation,0,0,0,3,3,1.0,3.8557729999411094,8000,3,0,8000,0,0,0,1,0,0.0,0
26,narrow,positive,PostFilter-IVF,8000,64,10,3,0.000375,1,0.3333333333333333,0,candidate_starvation,0,0,0,1,1,1.0,0.9382840003127058,1194,1,1194,1194,0,8,0,1,0,0.0,0
26,narrow,positive,AdaptivePostFilter-IVF,8000,64,10,3,0.000375,2,0.6666666666666666,0,candidate_starvation,0,0,0,2,2,1.0,4.728025000076741,4800,2,4800,4800,0,31,0,1,0,0.0,0
26,narrow,positive,ExactPrefix-PostFilter,8000,64,10,3,0.000375,1,0.3333333333333333,0,candidate_starvation,0,0,0,1,1,1.0,1.7714880000312405,1600,1,8000,1600,0,0,0,1,0,0.0,0
26,narrow,positive,TenantPartition-IVF,8000,64,10,3,0.000375,1,0.3333333333333333,0,candidate_starvation,0,0,0,1,1,1.0,0.5025380000915902,1194,1,1194,1194,0,8,0,1,0,0.0,0
26,narrow,positive,PreFilter-IVF,8000,64,10,3,0.000375,3,1.0,1,none,0,0,0,3,3,1.0,0.7548129997303477,625,3,3,625,48,3,0,1,0,0.0,0
26,narrow,positive,PACER-A,8000,64,10,3,0.000375,3,1.0,1,none,0,0,0,3,3,1.0,0.3023230001417687,3,3,3,3,28,3,1,1,0,0.0,0
26,narrow,positive,PACER-C,8000,64,10,3,0.000375,3,1.0,1,none,0,0,0,3,3,1.0,0.24023200012379675,3,3,3,3,28,3,1,1,0,0.0,0
26,narrow,positive,PACER-X,8000,64,10,3,0.000375,3,1.0,1,none,0,0,0,3,3,1.0,0.2376170000388811,3,3,3,3,28,3,1,1,0,0.0,0
26,narrow,positive,PACER-A-NoSlices,8000,64,10,3,0.000375,1,0.3333333333333333,0,candidate_starvation,0,0,0,1,1,1.0,1.1850350001623156,1600,1,1600,1600,11,11,0,1,0,0.0,1
26,narrow,positive,PACER-A-NoBounds,8000,64,10,3,0.000375,3,1.0,1,none,0,0,0,3,3,1.0,0.23046699971018825,3,3,3,3,33,3,1,1,0,0.0,0
26,narrow,positive,StaleNoRecheck,8000,64,10,3,0.000375,1,0.3333333333333333,0,candidate_starvation,0,0,0,1,1,1.0,0.8000249999895459,1194,1,1194,1194,0,8,0,1,0,0.0,0
26,narrow,positive,NaiveNoPolicy,8000,64,10,3,0.000375,10,0.3333333333333333,0,ranking_truncation,9,0,9,1,10,0.1,0.2831900001183385,1194,1194,1194,0,0,8,0,1,0,0.0,0
27,cold,positive,ExactSecure,8000,64,10,1,0.000125,1,1.0,1,none,0,0,0,1,1,1.0,3.7525030002143467,8000,1,1,8000,0,0,1,1,0,0.0,0
27,cold,positive,PreFilter-Exact,8000,64,10,1,0.000125,1,1.0,1,none,0,0,0,1,1,1.0,3.923863000181882,8000,1,1,8000,0,0,1,1,0,0.0,0
27,cold,positive,BitmapSlice-Exact,8000,64,10,1,0.000125,1,1.0,1,none,0,0,0,1,1,1.0,0.102679000065109,1,1,1,1,0,0,1,1,0,0.0,0
27,cold,positive,ScalarOnly,8000,64,10,1,0.000125,1,1.0,1,none,0,0,0,1,1,1.0,3.7416139998640574,8000,1,0,8000,0,0,0,1,0,0.0,0
27,cold,positive,PostFilter-IVF,8000,64,10,1,0.000125,1,1.0,1,none,0,0,0,1,1,1.0,0.9845429999586486,1208,1,1208,1208,0,8,0,1,0,0.0,0
27,cold,positive,AdaptivePostFilter-IVF,8000,64,10,1,0.000125,1,1.0,1,none,0,0,0,1,1,1.0,4.174896000222361,4800,1,4800,4800,0,31,0,1,0,0.0,0
27,cold,positive,ExactPrefix-PostFilter,8000,64,10,1,0.000125,1,1.0,1,none,0,0,0,1,1,1.0,1.873552000233758,1600,1,8000,1600,0,0,0,1,0,0.0,0
27,cold,positive,TenantPartition-IVF,8000,64,10,1,0.000125,1,1.0,1,none,0,0,0,1,1,1.0,0.699142000030406,1208,1,1208,1208,0,8,0,1,0,0.0,0
27,cold,positive,PreFilter-IVF,8000,64,10,1,0.000125,1,1.0,1,none,0,0,0,1,1,1.0,0.4790049997609458,140,1,1,140,48,1,0,1,0,0.0,0
27,cold,positive,PACER-A,8000,64,10,1,0.000125,1,1.0,1,none,0,0,0,1,1,1.0,0.16511000012542354,1,1,1,1,2,1,1,1,0,0.0,0
27,cold,positive,PACER-C,8000,64,10,1,0.000125,1,1.0,1,none,0,0,0,1,1,1.0,0.13781999996353989,1,1,1,1,2,1,1,1,0,0.0,0
27,cold,positive,PACER-X,8000,64,10,1,0.000125,1,1.0,1,none,0,0,0,1,1,1.0,0.10728899997047847,1,1,1,1,2,1,1,1,0,0.0,0
27,cold,positive,PACER-A-NoSlices,8000,64,10,1,0.000125,1,1.0,1,none,0,0,0,1,1,1.0,1.3233920003585808,1600,1,1600,1600,12,12,0,1,0,0.0,1
27,cold,positive,PACER-A-NoBounds,8000,64,10,1,0.000125,1,1.0,1,none,0,0,0,1,1,1.0,0.1127410000663076,1,1,1,1,1,1,1,1,0,0.0,0
27,cold,positive,StaleNoRecheck,8000,64,10,1,0.000125,1,1.0,1,none,0,0,0,1,1,1.0,0.8895470000425121,1208,1,1208,1208,0,8,0,1,0,0.0,0
27,cold,positive,NaiveNoPolicy,8000,64,10,1,0.000125,10,1.0,0,ranking_truncation,9,4,7,1,10,0.1,0.3701579998960369,1208,1208,1208,0,0,8,0,1,0,0.0,0
28,broad,positive,ExactSecure,8000,64,10,3570,0.44625,10,1.0,1,none,0,0,0,10,10,1.0,4.262377000031847,8000,3570,3570,8000,0,0,1,1,0,0.0,0
28,broad,positive,PreFilter-Exact,8000,64,10,3570,0.44625,10,1.0,1,none,0,0,0,10,10,1.0,4.67934400012382,8000,3570,3570,8000,0,0,1,1,0,0.0,0
28,broad,positive,BitmapSlice-Exact,8000,64,10,3570,0.44625,10,1.0,1,none,0,0,0,10,10,1.0,7.493287000215787,3969,3570,3570,3969,0,0,1,1,0,0.0,0
28,broad,positive,ScalarOnly,8000,64,10,3570,0.44625,10,0.0,0,ranking_truncation,0,0,0,10,10,1.0,4.059450000113429,8000,3570,0,8000,0,0,0,1,0,0.0,0
28,broad,positive,PostFilter-IVF,8000,64,10,3570,0.44625,10,1.0,1,none,0,0,0,10,10,1.0,1.1351490002198261,1357,647,1357,1357,0,8,0,1,0,0.0,0
28,broad,positive,AdaptivePostFilter-IVF,8000,64,10,3570,0.44625,10,1.0,1,none,0,0,0,10,10,1.0,4.3664869999702205,4800,2246,4800,4800,0,29,0,1,0,0.0,0
28,broad,positive,ExactPrefix-PostFilter,8000,64,10,3570,0.44625,10,1.0,1,none,0,0,0,10,10,1.0,2.0244289999027387,1600,781,8000,1600,0,0,0,1,0,0.0,0
28,broad,positive,TenantPartition-IVF,8000,64,10,3570,0.44625,10,1.0,1,none,0,0,0,10,10,1.0,1.1939390001316497,1357,647,1357,1357,0,8,0,1,0,0.0,0
28,broad,positive,PreFilter-IVF,8000,64,10,3570,0.44625,10,1.0,1,none,0,0,0,10,10,1.0,1.3427650001176517,1412,692,692,1412,8,8,0,1,0,0.0,0
28,broad,positive,PACER-A,8000,64,10,3570,0.44625,10,1.0,1,none,0,0,0,10,10,1.0,5.0407909998284595,1600,1446,1600,1600,19,19,0,1,0,0.5417114198207855,1
28,broad,positive,PACER-C,8000,64,10,3570,0.44625,10,1.0,1,none,0,0,0,10,10,1.0,12.05312000001868,3969,3570,3969,3969,48,48,1,1,0,0.0,0
28,broad,positive,PACER-X,8000,64,10,3570,0.44625,10,1.0,1,none,0,0,0,10,10,1.0,10.45368499990218,3969,3570,3969,3969,48,48,1,1,0,0.0,0
28,broad,positive,PACER-A-NoSlices,8000,64,10,3570,0.44625,10,1.0,1,none,0,0,0,10,10,1.0,2.683445999991818,1600,759,1600,1600,10,10,0,1,0,0.5568743050098419,1
28,broad,positive,PACER-A-NoBounds,8000,64,10,3570,0.44625,10,1.0,1,none,0,0,0,10,10,1.0,6.218449000243709,1600,1446,1600,1600,18,18,0,1,0,0.0,1
28,broad,positive,StaleNoRecheck,8000,64,10,3570,0.44625,10,1.0,1,none,0,0,0,10,10,1.0,1.4716519999637967,1357,718,1357,1357,0,8,0,1,0,0.0,0
28,broad,positive,NaiveNoPolicy,8000,64,10,3570,0.44625,10,0.8,0,ranking_truncation,0,0,2,8,10,0.8,0.6827519996477349,1357,1357,1357,0,0,8,0,1,0,0.0,0
29,medium,positive,ExactSecure,8000,64,10,168,0.021,10,1.0,1,none,0,0,0,10,10,1.0,4.655923999962397,8000,168,168,8000,0,0,1,1,0,0.0,0
29,medium,positive,PreFilter-Exact,8000,64,10,168,0.021,10,1.0,1,none,0,0,0,10,10,1.0,4.325156999584578,8000,168,168,8000,0,0,1,1,0,0.0,0
29,medium,positive,BitmapSlice-Exact,8000,64,10,168,0.021,10,1.0,1,none,0,0,0,10,10,1.0,0.4432609998730186,188,168,168,188,0,0,1,1,0,0.0,0
29,medium,positive,ScalarOnly,8000,64,10,168,0.021,10,0.1,0,ranking_truncation,0,0,0,10,10,1.0,4.1299449999314675,8000,168,0,8000,0,0,0,1,0,0.0,0
29,medium,positive,PostFilter-IVF,8000,64,10,168,0.021,10,0.3,0,ranking_truncation,0,0,0,10,10,1.0,1.2899890002699976,1300,33,1300,1300,0,8,0,1,0,0.0,0
29,medium,positive,AdaptivePostFilter-IVF,8000,64,10,168,0.021,10,0.7,0,ranking_truncation,0,0,0,10,10,1.0,5.185773999983212,4800,100,4800,4800,0,28,0,1,0,0.0,0
29,medium,positive,ExactPrefix-PostFilter,8000,64,10,168,0.021,10,1.0,1,none,0,0,0,10,10,1.0,1.8398689999230555,1600,36,8000,1600,0,0,0,1,0,0.0,0
29,medium,positive,TenantPartition-IVF,8000,64,10,168,0.021,10,0.3,0,ranking_truncation,0,0,0,10,10,1.0,0.7454379997398064,1300,33,1300,1300,0,8,0,1,0,0.0,0
29,medium,positive,PreFilter-IVF,8000,64,10,168,0.021,10,0.3,0,ranking_truncation,0,0,0,10,10,1.0,1.5788459995746962,1291,28,28,1291,8,8,0,1,0,0.0,0
29,medium,positive,PACER-A,8000,64,10,168,0.021,10,1.0,1,none,0,0,0,10,10,1.0,3.271431000030134,188,168,188,188,48,39,1,1,0,0.0,0
29,medium,positive,PACER-C,8000,64,10,168,0.021,10,1.0,1,none,0,0,0,10,10,1.0,3.1261140002243337,188,168,188,188,48,39,1,1,0,0.0,0
29,medium,positive,PACER-X,8000,64,10,168,0.021,10,1.0,1,none,0,0,0,10,10,1.0,3.434743000070739,188,168,188,188,48,39,1,1,0,0.0,0
29,medium,positive,PACER-A-NoSlices,8000,64,10,168,0.021,10,0.3,0,ranking_truncation,0,0,0,10,10,1.0,1.5194849997897109,1600,34,1600,1600,11,11,0,1,0,0.8582787066698074,1
29,medium,positive,PACER-A-NoBounds,8000,64,10,168,0.021,10,1.0,1,none,0,0,0,10,10,1.0,3.1596469998476095,188,168,188,188,48,39,1,1,0,0.0,0
29,medium,positive,StaleNoRecheck,8000,64,10,168,0.021,10,0.3,0,ranking_truncation,0,2,0,8,10,0.8,1.2203840001347999,1300,41,1300,1300,0,8,0,1,0,0.0,0
29,medium,positive,NaiveNoPolicy,8000,64,10,168,0.021,10,0.0,0,ranking_truncation,9,2,8,0,10,0.0,0.4330599999775586,1300,1300,1300,0,0,8,0,1,0,0.0,0
30,narrow,positive,ExactSecure,8000,64,10,3,0.000375,3,1.0,1,none,0,0,0,3,3,1.0,4.351731000042491,8000,3,3,8000,0,0,1,1,0,0.0,0
30,narrow,positive,PreFilter-Exact,8000,64,10,3,0.000375,3,1.0,1,none,0,0,0,3,3,1.0,4.050414000175806,8000,3,3,8000,0,0,1,1,0,0.0,0
30,narrow,positive,BitmapSlice-Exact,8000,64,10,3,0.000375,3,1.0,1,none,0,0,0,3,3,1.0,0.08222800033763633,4,3,3,4,0,0,1,1,0,0.0,0
30,narrow,positive,ScalarOnly,8000,64,10,3,0.000375,3,1.0,0,ranking_truncation,0,0,0,3,3,1.0,4.130777999762358,8000,3,0,8000,0,0,0,1,0,0.0,0
30,narrow,positive,PostFilter-IVF,8000,64,10,3,0.000375,2,0.6666666666666666,0,candidate_starvation,0,0,0,2,2,1.0,1.0516110000935441,1274,2,1274,1274,0,8,0,1,0,0.0,0
30,narrow,positive,AdaptivePostFilter-IVF,8000,64,10,3,0.000375,3,1.0,1,none,0,0,0,3,3,1.0,4.233180000028369,4800,3,4800,4800,0,28,0,1,0,0.0,0
30,narrow,positive,ExactPrefix-PostFilter,8000,64,10,3,0.000375,3,1.0,1,none,0,0,0,3,3,1.0,1.8229170000267914,1600,3,8000,1600,0,0,0,1,0,0.0,0
30,narrow,positive,TenantPartition-IVF,8000,64,10,3,0.000375,2,0.6666666666666666,0,candidate_starvation,0,0,0,2,2,1.0,0.6140599998616381,1274,2,1274,1274,0,8,0,1,0,0.0,0
30,narrow,positive,PreFilter-IVF,8000,64,10,3,0.000375,3,1.0,1,none,0,0,0,3,3,1.0,0.7373930002358975,353,3,3,353,48,2,0,1,0,0.0,0
30,narrow,positive,PACER-A,8000,64,10,3,0.000375,3,1.0,1,none,0,0,0,3,3,1.0,0.307811999846308,4,3,4,4,22,2,1,1,0,0.0,0
30,narrow,positive,PACER-C,8000,64,10,3,0.000375,3,1.0,1,none,0,0,0,3,3,1.0,0.23360500017588492,4,3,4,4,22,2,1,1,0,0.0,0
30,narrow,positive,PACER-X,8000,64,10,3,0.000375,3,1.0,1,none,0,0,0,3,3,1.0,0.30058900028961943,4,3,4,4,22,2,1,1,0,0.0,0
30,narrow,positive,PACER-A-NoSlices,8000,64,10,3,0.000375,2,0.6666666666666666,0,candidate_starvation,0,0,0,2,2,1.0,1.5377810000245518,1600,2,1600,1600,11,11,0,1,0,0.0,1
30,narrow,positive,PACER-A-NoBounds,8000,64,10,3,0.000375,3,1.0,1,none,0,0,0,3,3,1.0,0.2233889999843086,4,3,4,4,23,2,1,1,0,0.0,0
30,narrow,positive,StaleNoRecheck,8000,64,10,3,0.000375,3,0.6666666666666666,0,ranking_truncation,0,1,0,2,3,0.6666666666666666,0.9147719997599779,1274,3,1274,1274,0,8,0,1,0,0.0,0
30,narrow,positive,NaiveNoPolicy,8000,64,10,3,0.000375,10,0.3333333333333333,0,ranking_truncation,9,1,8,1,10,0.1,0.31209200005832827,1274,1274,1274,0,0,8,0,1,0,0.0,0
31,cold,positive,ExactSecure,8000,64,10,2,0.00025,2,1.0,1,none,0,0,0,2,2,1.0,3.9036729999679665,8000,2,2,8000,0,0,1,1,0,0.0,0
31,cold,positive,PreFilter-Exact,8000,64,10,2,0.00025,2,1.0,1,none,0,0,0,2,2,1.0,3.914980999979889,8000,2,2,8000,0,0,1,1,0,0.0,0
31,cold,positive,BitmapSlice-Exact,8000,64,10,2,0.00025,2,1.0,1,none,0,0,0,2,2,1.0,0.07160099994507618,2,2,2,2,0,0,1,1,0,0.0,0
31,cold,positive,ScalarOnly,8000,64,10,2,0.00025,2,1.0,1,none,0,0,0,2,2,1.0,3.8430780000453524,8000,2,0,8000,0,0,0,1,0,0.0,0
31,cold,positive,PostFilter-IVF,8000,64,10,2,0.00025,1,0.5,0,candidate_starvation,0,0,0,1,1,1.0,1.029490000291844,1362,1,1362,1362,0,8,0,1,0,0.0,0
31,cold,positive,AdaptivePostFilter-IVF,8000,64,10,2,0.00025,2,1.0,1,none,0,0,0,2,2,1.0,4.1237190002902935,4800,2,4800,4800,0,27,0,1,0,0.0,0
31,cold,positive,ExactPrefix-PostFilter,8000,64,10,2,0.00025,1,0.5,0,candidate_starvation,0,0,0,1,1,1.0,2.0214490000398655,1600,1,8000,1600,0,0,0,1,0,0.0,0
31,cold,positive,TenantPartition-IVF,8000,64,10,2,0.00025,1,0.5,0,candidate_starvation,0,0,0,1,1,1.0,0.70051800003057,1362,1,1362,1362,0,8,0,1,0,0.0,0
31,cold,positive,PreFilter-IVF,8000,64,10,2,0.00025,2,1.0,1,none,0,0,0,2,2,1.0,0.6880119999550516,382,2,2,382,48,2,0,1,0,0.0,0
31,cold,positive,PACER-A,8000,64,10,2,0.00025,2,1.0,1,none,0,0,0,2,2,1.0,0.31066600013218704,2,2,2,2,22,2,1,1,0,0.0,0
31,cold,positive,PACER-C,8000,64,10,2,0.00025,2,1.0,1,none,0,0,0,2,2,1.0,0.2849200000127894,2,2,2,2,22,2,1,1,0,0.0,0
31,cold,positive,PACER-X,8000,64,10,2,0.00025,2,1.0,1,none,0,0,0,2,2,1.0,0.22557500005859765,2,2,2,2,22,2,1,1,0,0.0,0
31,cold,positive,PACER-A-NoSlices,8000,64,10,2,0.00025,1,0.5,0,candidate_starvation,0,0,0,1,1,1.0,1.2679260003096715,1600,1,1600,1600,10,10,0,1,0,0.0,1
31,cold,positive,PACER-A-NoBounds,8000,64,10,2,0.00025,2,1.0,1,none,0,0,0,2,2,1.0,0.20002100018245983,2,2,2,2,26,2,1,1,0,0.0,0
31,cold,positive,StaleNoRecheck,8000,64,10,2,0.00025,1,0.5,0,candidate_starvation,0,0,0,1,1,1.0,0.9634359998926811,1362,1,1362,1362,0,8,0,1,0,0.0,0
31,cold,positive,NaiveNoPolicy,8000,64,10,2,0.00025,10,0.5,0,ranking_truncation,8,0,8,1,10,0.1,0.3403350001462968,1362,1362,1362,0,0,8,0,1,0,0.0,0
32,broad,positive,ExactSecure,8000,64,10,3485,0.435625,10,1.0,1,none,0,0,0,10,10,1.0,4.922083000110433,8000,3485,3485,8000,0,0,1,1,0,0.0,0
32,broad,positive,PreFilter-Exact,8000,64,10,3485,0.435625,10,1.0,1,none,0,0,0,10,10,1.0,5.223221000051126,8000,3485,3485,8000,0,0,1,1,0,0.0,0
32,broad,positive,BitmapSlice-Exact,8000,64,10,3485,0.435625,10,1.0,1,none,0,0,0,10,10,1.0,7.581347000268579,3911,3485,3485,3911,0,0,1,1,0,0.0,0
32,broad,positive,ScalarOnly,8000,64,10,3485,0.435625,10,0.0,0,ranking_truncation,0,0,0,10,10,1.0,4.731353000352101,8000,3485,0,8000,0,0,0,1,0,0.0,0
32,broad,positive,PostFilter-IVF,8000,64,10,3485,0.435625,10,0.7,0,ranking_truncation,0,0,0,10,10,1.0,1.815644000089378,1515,709,1515,1515,0,8,0,1,0,0.0,0
32,broad,positive,AdaptivePostFilter-IVF,8000,64,10,3485,0.435625,10,1.0,1,none,0,0,0,10,10,1.0,6.666569000117306,4800,2089,4800,4800,0,30,0,1,0,0.0,0
32,broad,positive,ExactPrefix-PostFilter,8000,64,10,3485,0.435625,10,1.0,1,none,0,0,0,10,10,1.0,1.9904139999198378,1600,728,8000,1600,0,0,0,1,0,0.0,0
32,broad,positive,TenantPartition-IVF,8000,64,10,3485,0.435625,10,0.7,0,ranking_truncation,0,0,0,10,10,1.0,1.4726700001119752,1515,709,1515,1515,0,8,0,1,0,0.0,0
32,broad,positive,PreFilter-IVF,8000,64,10,3485,0.435625,10,0.7,0,ranking_truncation,0,0,0,10,10,1.0,1.7780150001271977,1410,649,649,1410,8,8,0,1,0,0.0,0
32,broad,positive,PACER-A,8000,64,10,3485,0.435625,10,1.0,1,none,0,0,0,10,10,1.0,5.756830999871454,1600,1430,1600,1600,21,21,0,1,0,0.6049897968769073,1
32,broad,positive,PACER-C,8000,64,10,3485,0.435625,10,1.0,1,none,0,0,0,10,10,1.0,12.099741999918479,3911,3485,3911,3911,48,48,1,1,0,0.0,0
32,broad,positive,PACER-X,8000,64,10,3485,0.435625,10,1.0,1,none,0,0,0,10,10,1.0,11.439420000442624,3911,3485,3911,3911,48,48,1,1,0,0.0,0
32,broad,positive,PACER-A-NoSlices,8000,64,10,3485,0.435625,10,0.8,0,ranking_truncation,0,0,0,10,10,1.0,1.6655260001243732,1600,742,1600,1600,10,10,0,1,0,0.6482382714748383,1
32,broad,positive,PACER-A-NoBounds,8000,64,10,3485,0.435625,10,0.9,0,ranking_truncation,0,0,0,10,10,1.0,5.055653999988863,1600,1426,1600,1600,20,20,0,1,0,0.0,1
32,broad,positive,StaleNoRecheck,8000,64,10,3485,0.435625,10,0.7,0,ranking_truncation,0,2,0,8,10,0.8,1.3002850000702892,1515,789,1515,1515,0,8,0,1,0,0.0,0
32,broad,positive,NaiveNoPolicy,8000,64,10,3485,0.435625,10,0.4,0,ranking_truncation,0,3,4,4,10,0.4,0.5852529998264799,1515,1515,1515,0,0,8,0,1,0,0.0,0
33,medium,positive,ExactSecure,8000,64,10,207,0.025875,10,1.0,1,none,0,0,0,10,10,1.0,4.159917999913887,8000,207,207,8000,0,0,1,1,0,0.0,0
33,medium,positive,PreFilter-Exact,8000,64,10,207,0.025875,10,1.0,1,none,0,0,0,10,10,1.0,6.725470000219502,8000,207,207,8000,0,0,1,1,0,0.0,0
33,medium,positive,BitmapSlice-Exact,8000,64,10,207,0.025875,10,1.0,1,none,0,0,0,10,10,1.0,0.8435079998889705,232,207,207,232,0,0,1,1,0,0.0,0
33,medium,positive,ScalarOnly,8000,64,10,207,0.025875,10,0.0,0,ranking_truncation,0,0,0,10,10,1.0,5.136858000241773,8000,207,0,8000,0,0,0,1,0,0.0,0
33,medium,positive,PostFilter-IVF,8000,64,10,207,0.025875,10,0.8,0,ranking_truncation,0,0,0,10,10,1.0,1.4394990002983832,1429,49,1429,1429,0,8,0,1,0,0.0,0
33,medium,positive,AdaptivePostFilter-IVF,8000,64,10,207,0.025875,10,1.0,1,none,0,0,0,10,10,1.0,5.394328999955178,4800,124,4800,4800,0,29,0,1,0,0.0,0
33,medium,positive,ExactPrefix-PostFilter,8000,64,10,207,0.025875,10,1.0,1,none,0,0,0,10,10,1.0,2.095733000260225,1600,43,8000,1600,0,0,0,1,0,0.0,0
33,medium,positive,TenantPartition-IVF,8000,64,10,207,0.025875,10,0.8,0,ranking_truncation,0,0,0,10,10,1.0,0.8538349998161721,1429,49,1429,1429,0,8,0,1,0,0.0,0
33,medium,positive,PreFilter-IVF,8000,64,10,207,0.025875,10,0.5,0,ranking_truncation,0,0,0,10,10,1.0,1.6296619996865047,1323,36,36,1323,8,8,0,1,0,0.0,0
33,medium,positive,PACER-A,8000,64,10,207,0.025875,10,1.0,1,none,0,0,0,10,10,1.0,4.153444999701605,232,207,232,232,48,47,1,1,0,0.0,0
33,medium,positive,PACER-C,8000,64,10,207,0.025875,10,1.0,1,none,0,0,0,10,10,1.0,5.0689620002231095,232,207,232,232,48,47,1,1,0,0.0,0
33,medium,positive,PACER-X,8000,64,10,207,0.025875,10,1.0,1,none,0,0,0,10,10,1.0,4.355355999905441,232,207,232,232,48,47,1,1,0,0.0,0
33,medium,positive,PACER-A-NoSlices,8000,64,10,207,0.025875,10,1.0,1,none,0,0,0,10,10,1.0,1.771352000105253,1600,55,1600,1600,10,10,0,1,0,0.7721941322088242,1
33,medium,positive,PACER-A-NoBounds,8000,64,10,207,0.025875,10,1.0,1,none,0,0,0,10,10,1.0,4.465007000362675,232,207,232,232,48,47,1,1,0,0.0,0
33,medium,positive,StaleNoRecheck,8000,64,10,207,0.025875,10,0.8,0,ranking_truncation,0,1,0,9,10,0.9,1.6028720001486363,1429,56,1429,1429,0,8,0,1,0,0.0,0
33,medium,positive,NaiveNoPolicy,8000,64,10,207,0.025875,10,0.1,0,ranking_truncation,8,0,9,1,10,0.1,0.46213899986469187,1429,1429,1429,0,0,8,0,1,0,0.0,0
34,narrow,positive,ExactSecure,8000,64,10,5,0.000625,5,1.0,1,none,0,0,0,5,5,1.0,4.3140500001754845,8000,5,5,8000,0,0,1,1,0,0.0,0
34,narrow,positive,PreFilter-Exact,8000,64,10,5,0.000625,5,1.0,1,none,0,0,0,5,5,1.0,4.511034000188374,8000,5,5,8000,0,0,1,1,0,0.0,0
34,narrow,positive,BitmapSlice-Exact,8000,64,10,5,0.000625,5,1.0,1,none,0,0,0,5,5,1.0,0.07851700001992867,5,5,5,5,0,0,1,1,0,0.0,0
34,narrow,positive,ScalarOnly,8000,64,10,5,0.000625,5,1.0,0,ranking_truncation,0,0,0,5,5,1.0,4.42705500017837,8000,5,0,8000,0,0,0,1,0,0.0,0
34,narrow,positive,PostFilter-IVF,8000,64,10,5,0.000625,2,0.4,0,candidate_starvation,0,0,0,2,2,1.0,1.3381379999373166,1451,2,1451,1451,0,8,0,1,0,0.0,0
34,narrow,positive,AdaptivePostFilter-IVF,8000,64,10,5,0.000625,2,0.4,0,candidate_starvation,0,0,0,2,2,1.0,4.87516900011542,4800,2,4800,4800,0,30,0,1,0,0.0,0
34,narrow,positive,ExactPrefix-PostFilter,8000,64,10,5,0.000625,1,0.2,0,candidate_starvation,0,0,0,1,1,1.0,2.0730430001094646,1600,1,8000,1600,0,0,0,1,0,0.0,0
34,narrow,positive,TenantPartition-IVF,8000,64,10,5,0.000625,2,0.4,0,candidate_starvation,0,0,0,2,2,1.0,0.8665289997225045,1451,2,1451,1451,0,8,0,1,0,0.0,0
34,narrow,positive,PreFilter-IVF,8000,64,10,5,0.000625,5,1.0,1,none,0,0,0,5,5,1.0,0.8756779998293496,544,5,5,544,48,3,0,1,0,0.0,0
34,narrow,positive,PACER-A,8000,64,10,5,0.000625,5,1.0,1,none,0,0,0,5,5,1.0,0.34672600031626644,5,5,5,5,37,3,1,1,0,0.0,0
34,narrow,positive,PACER-C,8000,64,10,5,0.000625,5,1.0,1,none,0,0,0,5,5,1.0,0.2995790000568377,5,5,5,5,37,3,1,1,0,0.0,0
34,narrow,positive,PACER-X,8000,64,10,5,0.000625,5,1.0,1,none,0,0,0,5,5,1.0,0.3484250000838074,5,5,5,5,37,3,1,1,0,0.0,0
34,narrow,positive,PACER-A-NoSlices,8000,64,10,5,0.000625,2,0.4,0,candidate_starvation,0,0,0,2,2,1.0,1.3007749998905638,1600,2,1600,1600,9,9,0,1,0,0.0,1
34,narrow,positive,PACER-A-NoBounds,8000,64,10,5,0.000625,5,1.0,1,none,0,0,0,5,5,1.0,0.25430300001971773,5,5,5,5,33,3,1,1,0,0.0,0
34,narrow,positive,StaleNoRecheck,8000,64,10,5,0.000625,2,0.4,0,candidate_starvation,0,0,0,2,2,1.0,1.126734000081342,1451,2,1451,1451,0,8,0,1,0,0.0,0
34,narrow,positive,NaiveNoPolicy,8000,64,10,5,0.000625,10,0.2,0,ranking_truncation,9,0,9,1,10,0.1,0.4228869997859874,1451,1451,1451,0,0,8,0,1,0,0.0,0
35,cold,positive,ExactSecure,8000,64,10,5,0.000625,5,1.0,1,none,0,0,0,5,5,1.0,4.031884999676549,8000,5,5,8000,0,0,1,1,0,0.0,0
35,cold,positive,PreFilter-Exact,8000,64,10,5,0.000625,5,1.0,1,none,0,0,0,5,5,1.0,4.184972000075504,8000,5,5,8000,0,0,1,1,0,0.0,0
35,cold,positive,BitmapSlice-Exact,8000,64,10,5,0.000625,5,1.0,1,none,0,0,0,5,5,1.0,0.07882999989305972,5,5,5,5,0,0,1,1,0,0.0,0
35,cold,positive,ScalarOnly,8000,64,10,5,0.000625,5,1.0,0,ranking_truncation,0,0,0,5,5,1.0,4.034135999972932,8000,5,0,8000,0,0,0,1,0,0.0,0
35,cold,positive,PostFilter-IVF,8000,64,10,5,0.000625,4,0.8,0,candidate_starvation,0,0,0,4,4,1.0,1.1779330002354982,1228,4,1228,1228,0,8,0,1,0,0.0,0
35,cold,positive,AdaptivePostFilter-IVF,8000,64,10,5,0.000625,4,0.8,0,candidate_starvation,0,0,0,4,4,1.0,4.491276999942784,4800,4,4800,4800,0,30,0,1,0,0.0,0
35,cold,positive,ExactPrefix-PostFilter,8000,64,10,5,0.000625,3,0.6,0,candidate_starvation,0,0,0,3,3,1.0,1.8723940002018935,1600,3,8000,1600,0,0,0,1,0,0.0,0
35,cold,positive,TenantPartition-IVF,8000,64,10,5,0.000625,4,0.8,0,candidate_starvation,0,0,0,4,4,1.0,0.8993989999908081,1228,4,1228,1228,0,8,0,1,0,0.0,0
35,cold,positive,PreFilter-IVF,8000,64,10,5,0.000625,5,1.0,1,none,0,0,0,5,5,1.0,0.727966999875207,393,5,5,393,48,2,0,1,0,0.0,0
35,cold,positive,PACER-A,8000,64,10,5,0.000625,5,1.0,1,none,0,0,0,5,5,1.0,0.4097509995517612,5,5,5,5,35,2,1,1,0,0.0,0
35,cold,positive,PACER-C,8000,64,10,5,0.000625,5,1.0,1,none,0,0,0,5,5,1.0,0.2521599999454338,5,5,5,5,35,2,1,1,0,0.0,0
35,cold,positive,PACER-X,8000,64,10,5,0.000625,5,1.0,1,none,0,0,0,5,5,1.0,0.19731399970623897,5,5,5,5,35,2,1,1,0,0.0,0
35,cold,positive,PACER-A-NoSlices,8000,64,10,5,0.000625,4,0.8,0,candidate_starvation,0,0,0,4,4,1.0,1.1581540002225665,1600,4,1600,1600,10,10,0,1,0,0.0,1
35,cold,positive,PACER-A-NoBounds,8000,64,10,5,0.000625,5,1.0,1,none,0,0,0,5,5,1.0,0.22253499992075376,5,5,5,5,32,2,1,1,0,0.0,0
35,cold,positive,StaleNoRecheck,8000,64,10,5,0.000625,4,0.8,0,candidate_starvation,0,0,0,4,4,1.0,0.8440790002168796,1228,4,1228,1228,0,8,0,1,0,0.0,0
35,cold,positive,NaiveNoPolicy,8000,64,10,5,0.000625,10,0.2,0,ranking_truncation,9,1,9,1,10,0.1,0.3370469999026682,1228,1228,1228,0,0,8,0,1,0,0.0,0
36,broad,positive,ExactSecure,8000,64,10,3472,0.434,10,1.0,1,none,0,0,0,10,10,1.0,4.31729699994321,8000,3472,3472,8000,0,0,1,1,0,0.0,0
36,broad,positive,PreFilter-Exact,8000,64,10,3472,0.434,10,1.0,1,none,0,0,0,10,10,1.0,5.117234999943321,8000,3472,3472,8000,0,0,1,1,0,0.0,0
36,broad,positive,BitmapSlice-Exact,8000,64,10,3472,0.434,10,1.0,1,none,0,0,0,10,10,1.0,8.16339200036964,3862,3472,3472,3862,0,0,1,1,0,0.0,0
36,broad,positive,ScalarOnly,8000,64,10,3472,0.434,10,0.0,0,ranking_truncation,0,0,0,10,10,1.0,4.363190999811195,8000,3472,0,8000,0,0,0,1,0,0.0,0
36,broad,positive,PostFilter-IVF,8000,64,10,3472,0.434,10,1.0,1,none,0,0,0,10,10,1.0,0.8636549996481335,902,432,902,902,0,8,0,1,0,0.0,0
36,broad,positive,AdaptivePostFilter-IVF,8000,64,10,3472,0.434,10,1.0,1,none,0,0,0,10,10,1.0,5.007969999951456,4800,2147,4800,4800,0,31,0,1,0,0.0,0
36,broad,positive,ExactPrefix-PostFilter,8000,64,10,3472,0.434,10,1.0,1,none,0,0,0,10,10,1.0,1.931162999881053,1600,703,8000,1600,0,0,0,1,0,0.0,0
36,broad,positive,TenantPartition-IVF,8000,64,10,3472,0.434,10,1.0,1,none,0,0,0,10,10,1.0,0.7377699998869502,902,432,902,902,0,8,0,1,0,0.0,0
36,broad,positive,PreFilter-IVF,8000,64,10,3472,0.434,10,1.0,1,none,0,0,0,10,10,1.0,1.5003989997239842,902,432,432,902,8,8,0,1,0,0.0,0
36,broad,positive,PACER-A,8000,64,10,3472,0.434,10,1.0,1,none,0,0,0,10,10,1.0,5.426921999969636,1600,1418,1600,1600,22,22,0,1,0,0.6087883710861206,1
36,broad,positive,PACER-C,8000,64,10,3472,0.434,10,1.0,1,none,0,0,0,10,10,1.0,11.836473000130354,3862,3472,3862,3862,48,48,1,1,0,0.0,0
36,broad,positive,PACER-X,8000,64,10,3472,0.434,10,1.0,1,none,0,0,0,10,10,1.0,11.466575999747874,3862,3472,3862,3862,48,48,1,1,0,0.0,0
36,broad,positive,PACER-A-NoSlices,8000,64,10,3472,0.434,10,1.0,1,none,0,0,0,10,10,1.0,1.884999000139942,1600,708,1600,1600,13,13,0,1,0,0.6139517426490784,1
36,broad,positive,PACER-A-NoBounds,8000,64,10,3472,0.434,10,1.0,1,none,0,0,0,10,10,1.0,5.121409999901516,1600,1422,1600,1600,21,21,0,1,0,0.0,1
36,broad,positive,StaleNoRecheck,8000,64,10,3472,0.434,10,1.0,1,none,0,0,0,10,10,1.0,0.8171250001396402,902,488,902,902,0,8,0,1,0,0.0,0
36,broad,positive,NaiveNoPolicy,8000,64,10,3472,0.434,10,0.7,0,ranking_truncation,0,0,3,7,10,0.7,0.25321499970232253,902,902,902,0,0,8,0,1,0,0.0,0
37,medium,positive,ExactSecure,8000,64,10,161,0.020125,10,1.0,1,none,0,0,0,10,10,1.0,4.365324999980658,8000,161,161,8000,0,0,1,1,0,0.0,0
37,medium,positive,PreFilter-Exact,8000,64,10,161,0.020125,10,1.0,1,none,0,0,0,10,10,1.0,4.144477000409097,8000,161,161,8000,0,0,1,1,0,0.0,0
37,medium,positive,BitmapSlice-Exact,8000,64,10,161,0.020125,10,1.0,1,none,0,0,0,10,10,1.0,0.4379459996926016,177,161,161,177,0,0,1,1,0,0.0,0
37,medium,positive,ScalarOnly,8000,64,10,161,0.020125,10,0.1,0,ranking_truncation,0,0,0,10,10,1.0,4.342296999766404,8000,161,0,8000,0,0,0,1,0,0.0,0
37,medium,positive,PostFilter-IVF,8000,64,10,161,0.020125,10,0.9,0,ranking_truncation,0,0,0,10,10,1.0,1.1544879998837132,1253,46,1253,1253,0,8,0,1,0,0.0,0
37,medium,positive,AdaptivePostFilter-IVF,8000,64,10,161,0.020125,10,1.0,1,none,0,0,0,10,10,1.0,5.271251000067423,4800,86,4800,4800,0,30,0,1,0,0.0,0
37,medium,positive,ExactPrefix-PostFilter,8000,64,10,161,0.020125,10,1.0,1,none,0,0,0,10,10,1.0,1.9652860000860528,1600,37,8000,1600,0,0,0,1,0,0.0,0
37,medium,positive,TenantPartition-IVF,8000,64,10,161,0.020125,10,0.9,0,ranking_truncation,0,0,0,10,10,1.0,0.7263279999278893,1253,46,1253,1253,0,8,0,1,0,0.0,0
37,medium,positive,PreFilter-IVF,8000,64,10,161,0.020125,10,0.9,0,ranking_truncation,0,0,0,10,10,1.0,1.4277489999585669,1412,47,47,1412,10,8,0,1,0,0.0,0
37,medium,positive,PACER-A,8000,64,10,161,0.020125,10,1.0,1,none,0,0,0,10,10,1.0,3.6813300002904725,177,161,177,177,48,37,1,1,0,0.0,0
37,medium,positive,PACER-C,8000,64,10,161,0.020125,10,1.0,1,none,0,0,0,10,10,1.0,2.884020000237797,177,161,177,177,48,37,1,1,0,0.0,0
37,medium,positive,PACER-X,8000,64,10,161,0.020125,10,1.0,1,none,0,0,0,10,10,1.0,2.917935000368743,177,161,177,177,48,37,1,1,0,0.0,0
37,medium,positive,PACER-A-NoSlices,8000,64,10,161,0.020125,10,0.9,0,ranking_truncation,0,0,0,10,10,1.0,1.4867269997012045,1600,46,1600,1600,10,10,0,1,0,0.7615979611873627,1
37,medium,positive,PACER-A-NoBounds,8000,64,10,161,0.020125,10,1.0,1,none,0,0,0,10,10,1.0,2.988215999721433,177,161,177,177,48,37,1,1,0,0.0,0
37,medium,positive,StaleNoRecheck,8000,64,10,161,0.020125,10,0.9,0,ranking_truncation,0,0,0,10,10,1.0,1.0134799999832467,1253,51,1253,1253,0,8,0,1,0,0.0,0
37,medium,positive,NaiveNoPolicy,8000,64,10,161,0.020125,10,0.1,0,ranking_truncation,8,1,7,1,10,0.1,0.48294799989889725,1253,1253,1253,0,0,8,0,1,0,0.0,0
38,narrow,positive,ExactSecure,8000,64,10,4,0.0005,4,1.0,1,none,0,0,0,4,4,1.0,4.152719000103389,8000,4,4,8000,0,0,1,1,0,0.0,0
38,narrow,positive,PreFilter-Exact,8000,64,10,4,0.0005,4,1.0,1,none,0,0,0,4,4,1.0,4.218576000312169,8000,4,4,8000,0,0,1,1,0,0.0,0
38,narrow,positive,BitmapSlice-Exact,8000,64,10,4,0.0005,4,1.0,1,none,0,0,0,4,4,1.0,0.1004249998004525,4,4,4,4,0,0,1,1,0,0.0,0
38,narrow,positive,ScalarOnly,8000,64,10,4,0.0005,4,1.0,0,ranking_truncation,0,0,0,4,4,1.0,4.075733000263426,8000,4,0,8000,0,0,0,1,0,0.0,0
38,narrow,positive,PostFilter-IVF,8000,64,10,4,0.0005,2,0.5,0,candidate_starvation,0,0,0,2,2,1.0,1.6471340004500234,1492,2,1492,1492,0,8,0,1,0,0.0,0
38,narrow,positive,AdaptivePostFilter-IVF,8000,64,10,4,0.0005,4,1.0,1,none,0,0,0,4,4,1.0,4.08839200008515,4800,4,4800,4800,0,28,0,1,0,0.0,0
38,narrow,positive,ExactPrefix-PostFilter,8000,64,10,4,0.0005,2,0.5,0,candidate_starvation,0,0,0,2,2,1.0,1.8079609999404056,1600,2,8000,1600,0,0,0,1,0,0.0,0
38,narrow,positive,TenantPartition-IVF,8000,64,10,4,0.0005,2,0.5,0,candidate_starvation,0,0,0,2,2,1.0,0.6164380001791869,1492,2,1492,1492,0,8,0,1,0,0.0,0
38,narrow,positive,PreFilter-IVF,8000,64,10,4,0.0005,4,1.0,1,none,0,0,0,4,4,1.0,1.0137670001313381,613,4,4,613,48,4,0,1,0,0.0,0
38,narrow,positive,PACER-A,8000,64,10,4,0.0005,4,1.0,1,none,0,0,0,4,4,1.0,0.46090900013950886,4,4,4,4,24,4,1,1,0,0.0,0
38,narrow,positive,PACER-C,8000,64,10,4,0.0005,4,1.0,1,none,0,0,0,4,4,1.0,0.4183080000075279,4,4,4,4,24,4,1,1,0,0.0,0
38,narrow,positive,PACER-X,8000,64,10,4,0.0005,4,1.0,1,none,0,0,0,4,4,1.0,0.3071789997193264,4,4,4,4,24,4,1,1,0,0.0,0
38,narrow,positive,PACER-A-NoSlices,8000,64,10,4,0.0005,2,0.5,0,candidate_starvation,0,0,0,2,2,1.0,1.3593930002571142,1600,2,1600,1600,9,9,0,1,0,0.0,1
38,narrow,positive,PACER-A-NoBounds,8000,64,10,4,0.0005,4,1.0,1,none,0,0,0,4,4,1.0,0.37599500001306296,4,4,4,4,22,4,1,1,0,0.0,0
38,narrow,positive,StaleNoRecheck,8000,64,10,4,0.0005,2,0.5,0,candidate_starvation,0,0,0,2,2,1.0,1.4279160000114643,1492,2,1492,1492,0,8,0,1,0,0.0,0
38,narrow,positive,NaiveNoPolicy,8000,64,10,4,0.0005,10,0.25,0,ranking_truncation,9,0,9,1,10,0.1,0.5039210000177263,1492,1492,1492,0,0,8,0,1,0,0.0,0
39,cold,positive,ExactSecure,8000,64,10,3,0.000375,3,1.0,1,none,0,0,0,3,3,1.0,3.745621000234678,8000,3,3,8000,0,0,1,1,0,0.0,0
39,cold,positive,PreFilter-Exact,8000,64,10,3,0.000375,3,1.0,1,none,0,0,0,3,3,1.0,3.747440000097413,8000,3,3,8000,0,0,1,1,0,0.0,0
39,cold,positive,BitmapSlice-Exact,8000,64,10,3,0.000375,3,1.0,1,none,0,0,0,3,3,1.0,0.07237299996631918,3,3,3,3,0,0,1,1,0,0.0,0
39,cold,positive,ScalarOnly,8000,64,10,3,0.000375,3,1.0,0,ranking_truncation,0,0,0,3,3,1.0,4.260427999724925,8000,3,0,8000,0,0,0,1,0,0.0,0
39,cold,positive,PostFilter-IVF,8000,64,10,3,0.000375,1,0.3333333333333333,0,candidate_starvation,0,0,0,1,1,1.0,1.0452120000081777,1371,1,1371,1371,0,8,0,1,0,0.0,0
39,cold,positive,AdaptivePostFilter-IVF,8000,64,10,3,0.000375,3,1.0,1,none,0,0,0,3,3,1.0,4.62159500011694,4800,3,4800,4800,0,28,0,1,0,0.0,0
39,cold,positive,ExactPrefix-PostFilter,8000,64,10,3,0.000375,2,0.6666666666666666,0,candidate_starvation,0,0,0,2,2,1.0,2.1242660000098113,1600,2,8000,1600,0,0,0,1,0,0.0,0
39,cold,positive,TenantPartition-IVF,8000,64,10,3,0.000375,1,0.3333333333333333,0,candidate_starvation,0,0,0,1,1,1.0,0.5539580001823197,1371,1,1371,1371,0,8,0,1,0,0.0,0
39,cold,positive,PreFilter-IVF,8000,64,10,3,0.000375,3,1.0,1,none,0,0,0,3,3,1.0,0.8253270002569479,527,3,3,527,48,3,0,1,0,0.0,0
39,cold,positive,PACER-A,8000,64,10,3,0.000375,3,1.0,1,none,0,0,0,3,3,1.0,0.3765960000237101,3,3,3,3,26,3,1,1,0,0.0,0
39,cold,positive,PACER-C,8000,64,10,3,0.000375,3,1.0,1,none,0,0,0,3,3,1.0,0.2639260001160437,3,3,3,3,26,3,1,1,0,0.0,0
39,cold,positive,PACER-X,8000,64,10,3,0.000375,3,1.0,1,none,0,0,0,3,3,1.0,0.22864199991090572,3,3,3,3,26,3,1,1,0,0.0,0
39,cold,positive,PACER-A-NoSlices,8000,64,10,3,0.000375,1,0.3333333333333333,0,candidate_starvation,0,0,0,1,1,1.0,1.2402530001054402,1600,1,1600,1600,10,10,0,1,0,0.0,1
39,cold,positive,PACER-A-NoBounds,8000,64,10,3,0.000375,3,1.0,1,none,0,0,0,3,3,1.0,0.24794199998723343,3,3,3,3,22,3,1,1,0,0.0,0
39,cold,positive,StaleNoRecheck,8000,64,10,3,0.000375,1,0.3333333333333333,0,candidate_starvation,0,0,0,1,1,1.0,1.0081860000354936,1371,1,1371,1371,0,8,0,1,0,0.0,0
39,cold,positive,NaiveNoPolicy,8000,64,10,3,0.000375,10,0.3333333333333333,0,ranking_truncation,8,0,8,1,10,0.1,0.5817259998366353,1371,1371,1371,0,0,8,0,1,0,0.0,0
40,broad,positive,ExactSecure,8000,64,10,3679,0.459875,10,1.0,1,none,0,0,0,10,10,1.0,5.412180000348599,8000,3679,3679,8000,0,0,1,1,0,0.0,0
40,broad,positive,PreFilter-Exact,8000,64,10,3679,0.459875,10,1.0,1,none,0,0,0,10,10,1.0,5.404353999892919,8000,3679,3679,8000,0,0,1,1,0,0.0,0
40,broad,positive,BitmapSlice-Exact,8000,64,10,3679,0.459875,10,1.0,1,none,0,0,0,10,10,1.0,8.336476999829756,4021,3679,3679,4021,0,0,1,1,0,0.0,0
40,broad,positive,ScalarOnly,8000,64,10,3679,0.459875,10,0.0,0,ranking_truncation,0,0,0,10,10,1.0,4.292663999876822,8000,3679,0,8000,0,0,0,1,0,0.0,0
40,broad,positive,PostFilter-IVF,8000,64,10,3679,0.459875,10,0.8,0,ranking_truncation,0,0,0,10,10,1.0,1.568230999964726,1277,557,1277,1277,0,8,0,1,0,0.0,0
40,broad,positive,AdaptivePostFilter-IVF,8000,64,10,3679,0.459875,10,1.0,1,none,0,0,0,10,10,1.0,4.788257000200247,4800,2275,4800,4800,0,30,0,1,0,0.0,0
40,broad,positive,ExactPrefix-PostFilter,8000,64,10,3679,0.459875,10,1.0,1,none,0,0,0,10,10,1.0,1.7794039999898814,1600,697,8000,1600,0,0,0,1,0,0.0,0
40,broad,positive,TenantPartition-IVF,8000,64,10,3679,0.459875,10,0.8,0,ranking_truncation,0,0,0,10,10,1.0,0.8292889997392194,1277,557,1277,1277,0,8,0,1,0,0.0,0
40,broad,positive,PreFilter-IVF,8000,64,10,3679,0.459875,10,0.8,0,ranking_truncation,0,0,0,10,10,1.0,1.2049609999849054,1111,466,466,1111,8,8,0,1,0,0.0,0
40,broad,positive,PACER-A,8000,64,10,3679,0.459875,10,1.0,1,none,0,0,0,10,10,1.0,4.72029599995949,1600,1455,1600,1600,21,21,0,1,0,0.610396683216095,1
40,broad,positive,PACER-C,8000,64,10,3679,0.459875,10,1.0,1,none,0,0,0,10,10,1.0,10.272125000028609,4021,3679,4021,4021,48,48,1,1,0,0.0,0
40,broad,positive,PACER-X,8000,64,10,3679,0.459875,10,1.0,1,none,0,0,0,10,10,1.0,10.205565999967803,4021,3679,4021,4021,48,48,1,1,0,0.0,0
40,broad,positive,PACER-A-NoSlices,8000,64,10,3679,0.459875,10,0.9,0,ranking_truncation,0,0,0,10,10,1.0,1.8838330001926806,1600,693,1600,1600,12,12,0,1,0,0.6338970065116882,1
40,broad,positive,PACER-A-NoBounds,8000,64,10,3679,0.459875,10,1.0,1,none,0,0,0,10,10,1.0,4.745533000004798,1600,1453,1600,1600,21,21,0,1,0,0.0,1
40,broad,positive,StaleNoRecheck,8000,64,10,3679,0.459875,10,0.8,0,ranking_truncation,0,0,0,10,10,1.0,1.1509020000630699,1277,608,1277,1277,0,8,0,1,0,0.0,0
40,broad,positive,NaiveNoPolicy,8000,64,10,3679,0.459875,10,0.6,0,ranking_truncation,0,0,4,6,10,0.6,0.3625310000643367,1277,1277,1277,0,0,8,0,1,0,0.0,0
41,medium,positive,ExactSecure,8000,64,10,181,0.022625,10,1.0,1,none,0,0,0,10,10,1.0,4.0744990001257975,8000,181,181,8000,0,0,1,1,0,0.0,0
41,medium,positive,PreFilter-Exact,8000,64,10,181,0.022625,10,1.0,1,none,0,0,0,10,10,1.0,4.386111999792774,8000,181,181,8000,0,0,1,1,0,0.0,0
41,medium,positive,BitmapSlice-Exact,8000,64,10,181,0.022625,10,1.0,1,none,0,0,0,10,10,1.0,0.4624169996532146,198,181,181,198,0,0,1,1,0,0.0,0
41,medium,positive,ScalarOnly,8000,64,10,181,0.022625,10,0.1,0,ranking_truncation,0,0,0,10,10,1.0,5.22303700017801,8000,181,0,8000,0,0,0,1,0,0.0,0
41,medium,positive,PostFilter-IVF,8000,64,10,181,0.022625,10,0.4,0,ranking_truncation,0,0,0,10,10,1.0,1.2997290000384965,1379,23,1379,1379,0,8,0,1,0,0.0,0
41,medium,positive,AdaptivePostFilter-IVF,8000,64,10,181,0.022625,10,0.9,0,ranking_truncation,0,0,0,10,10,1.0,4.7266319998016115,4800,88,4800,4800,0,28,0,1,0,0.0,0
41,medium,positive,ExactPrefix-PostFilter,8000,64,10,181,0.022625,10,1.0,1,none,0,0,0,10,10,1.0,2.1691229999305506,1600,39,8000,1600,0,0,0,1,0,0.0,0
41,medium,positive,TenantPartition-IVF,8000,64,10,181,0.022625,10,0.4,0,ranking_truncation,0,0,0,10,10,1.0,0.8892300002116826,1379,23,1379,1379,0,8,0,1,0,0.0,0
41,medium,positive,PreFilter-IVF,8000,64,10,181,0.022625,10,0.6,0,ranking_truncation,0,0,0,10,10,1.0,1.57197599992287,1429,35,35,1429,10,8,0,1,0,0.0,0
41,medium,positive,PACER-A,8000,64,10,181,0.022625,10,1.0,1,none,0,0,0,10,10,1.0,3.8916030002837942,198,181,198,198,48,42,1,1,0,0.0,0
41,medium,positive,PACER-C,8000,64,10,181,0.022625,10,1.0,1,none,0,0,0,10,10,1.0,3.832631000022957,198,181,198,198,48,42,1,1,0,0.0,0
41,medium,positive,PACER-X,8000,64,10,181,0.022625,10,1.0,1,none,0,0,0,10,10,1.0,3.5738719998335,198,181,198,198,48,42,1,1,0,0.0,0
41,medium,positive,PACER-A-NoSlices,8000,64,10,181,0.022625,10,0.6,0,ranking_truncation,0,0,0,10,10,1.0,1.5480649999517482,1600,34,1600,1600,10,10,0,1,0,0.8011811077594757,1
41,medium,positive,PACER-A-NoBounds,8000,64,10,181,0.022625,10,1.0,1,none,0,0,0,10,10,1.0,3.5132019997945463,198,181,198,198,48,42,1,1,0,0.0,0
41,medium,positive,StaleNoRecheck,8000,64,10,181,0.022625,10,0.4,0,ranking_truncation,0,0,0,10,10,1.0,1.113777999762533,1379,26,1379,1379,0,8,0,1,0,0.0,0
41,medium,positive,NaiveNoPolicy,8000,64,10,181,0.022625,10,0.1,0,ranking_truncation,9,0,7,1,10,0.1,0.4602270000759745,1379,1379,1379,0,0,8,0,1,0,0.0,0
42,narrow,positive,ExactSecure,8000,64,10,5,0.000625,5,1.0,1,none,0,0,0,5,5,1.0,6.216012999630038,8000,5,5,8000,0,0,1,1,0,0.0,0
42,narrow,positive,PreFilter-Exact,8000,64,10,5,0.000625,5,1.0,1,none,0,0,0,5,5,1.0,4.924363000100129,8000,5,5,8000,0,0,1,1,0,0.0,0
42,narrow,positive,BitmapSlice-Exact,8000,64,10,5,0.000625,5,1.0,1,none,0,0,0,5,5,1.0,0.10388600003352622,6,5,5,6,0,0,1,1,0,0.0,0
42,narrow,positive,ScalarOnly,8000,64,10,5,0.000625,5,1.0,0,ranking_truncation,0,0,0,5,5,1.0,4.8262290001730435,8000,5,0,8000,0,0,0,1,0,0.0,0
42,narrow,positive,PostFilter-IVF,8000,64,10,5,0.000625,2,0.4,0,candidate_starvation,0,0,0,2,2,1.0,1.1190190002707823,1357,2,1357,1357,0,8,0,1,0,0.0,0
42,narrow,positive,AdaptivePostFilter-IVF,8000,64,10,5,0.000625,4,0.8,0,candidate_starvation,0,0,0,4,4,1.0,4.2852849996961595,4800,4,4800,4800,0,31,0,1,0,0.0,0
42,narrow,positive,ExactPrefix-PostFilter,8000,64,10,5,0.000625,2,0.4,0,candidate_starvation,0,0,0,2,2,1.0,1.8561659999249969,1600,2,8000,1600,0,0,0,1,0,0.0,0
42,narrow,positive,TenantPartition-IVF,8000,64,10,5,0.000625,2,0.4,0,candidate_starvation,0,0,0,2,2,1.0,0.6258449998313154,1357,2,1357,1357,0,8,0,1,0,0.0,0
42,narrow,positive,PreFilter-IVF,8000,64,10,5,0.000625,5,1.0,1,none,0,0,0,5,5,1.0,0.9016429999064712,668,5,5,668,48,4,0,1,0,0.0,0
42,narrow,positive,PACER-A,8000,64,10,5,0.000625,5,1.0,1,none,0,0,0,5,5,1.0,0.4966359997524705,6,5,6,6,39,4,1,1,0,0.0,0
42,narrow,positive,PACER-C,8000,64,10,5,0.000625,5,1.0,1,none,0,0,0,5,5,1.0,0.624031999905128,6,5,6,6,39,4,1,1,0,0.0,0
42,narrow,positive,PACER-X,8000,64,10,5,0.000625,5,1.0,1,none,0,0,0,5,5,1.0,0.5425210001703817,6,5,6,6,39,4,1,1,0,0.0,0
42,narrow,positive,PACER-A-NoSlices,8000,64,10,5,0.000625,2,0.4,0,candidate_starvation,0,0,0,2,2,1.0,1.712951999707002,1600,2,1600,1600,11,11,0,1,0,0.0,1
42,narrow,positive,PACER-A-NoBounds,8000,64,10,5,0.000625,5,1.0,1,none,0,0,0,5,5,1.0,0.39782499970897334,6,5,6,6,40,4,1,1,0,0.0,0
42,narrow,positive,StaleNoRecheck,8000,64,10,5,0.000625,3,0.4,0,candidate_starvation,0,1,0,2,3,0.6666666666666666,1.231724000263057,1357,3,1357,1357,0,8,0,1,0,0.0,0
42,narrow,positive,NaiveNoPolicy,8000,64,10,5,0.000625,10,0.2,0,ranking_truncation,9,1,9,1,10,0.1,0.5005060002076789,1357,1357,1357,0,0,8,0,1,0,0.0,0
43,cold,positive,ExactSecure,8000,64,10,2,0.00025,2,1.0,1,none,0,0,0,2,2,1.0,4.541769000297791,8000,2,2,8000,0,0,1,1,0,0.0,0
43,cold,positive,PreFilter-Exact,8000,64,10,2,0.00025,2,1.0,1,none,0,0,0,2,2,1.0,4.581802999837237,8000,2,2,8000,0,0,1,1,0,0.0,0
43,cold,positive,BitmapSlice-Exact,8000,64,10,2,0.00025,2,1.0,1,none,0,0,0,2,2,1.0,0.08767300005274592,2,2,2,2,0,0,1,1,0,0.0,0
43,cold,positive,ScalarOnly,8000,64,10,2,0.00025,2,1.0,1,none,0,0,0,2,2,1.0,4.305465000015829,8000,2,0,8000,0,0,0,1,0,0.0,0
43,cold,positive,PostFilter-IVF,8000,64,10,2,0.00025,1,0.5,0,candidate_starvation,0,0,0,1,1,1.0,1.0163920001104998,1201,1,1201,1201,0,8,0,1,0,0.0,0
43,cold,positive,AdaptivePostFilter-IVF,8000,64,10,2,0.00025,1,0.5,0,candidate_starvation,0,0,0,1,1,1.0,4.59668400026203,4800,1,4800,4800,0,30,0,1,0,0.0,0
43,cold,positive,ExactPrefix-PostFilter,8000,64,10,2,0.00025,1,0.5,0,candidate_starvation,0,0,0,1,1,1.0,2.1104289999129833,1600,1,8000,1600,0,0,0,1,0,0.0,0
43,cold,positive,TenantPartition-IVF,8000,64,10,2,0.00025,1,0.5,0,candidate_starvation,0,0,0,1,1,1.0,0.5917729999964649,1201,1,1201,1201,0,8,0,1,0,0.0,0
43,cold,positive,PreFilter-IVF,8000,64,10,2,0.00025,2,1.0,1,none,0,0,0,2,2,1.0,0.6131370000730385,375,2,2,375,48,2,0,1,0,0.0,0
43,cold,positive,PACER-A,8000,64,10,2,0.00025,2,1.0,1,none,0,0,0,2,2,1.0,0.25762499990378274,2,2,2,2,43,2,1,1,0,0.0,0
43,cold,positive,PACER-C,8000,64,10,2,0.00025,2,1.0,1,none,0,0,0,2,2,1.0,0.19044300006498815,2,2,2,2,43,2,1,1,0,0.0,0
43,cold,positive,PACER-X,8000,64,10,2,0.00025,2,1.0,1,none,0,0,0,2,2,1.0,0.22569800012206542,2,2,2,2,43,2,1,1,0,0.0,0
43,cold,positive,PACER-A-NoSlices,8000,64,10,2,0.00025,1,0.5,0,candidate_starvation,0,0,0,1,1,1.0,1.4465770000242628,1600,1,1600,1600,11,11,0,1,0,0.0,1
43,cold,positive,PACER-A-NoBounds,8000,64,10,2,0.00025,2,1.0,1,none,0,0,0,2,2,1.0,0.22747499997421983,2,2,2,2,45,2,1,1,0,0.0,0
43,cold,positive,StaleNoRecheck,8000,64,10,2,0.00025,1,0.5,0,candidate_starvation,0,0,0,1,1,1.0,0.8553699999538367,1201,1,1201,1201,0,8,0,1,0,0.0,0
43,cold,positive,NaiveNoPolicy,8000,64,10,2,0.00025,10,0.5,0,ranking_truncation,9,0,8,1,10,0.1,0.4291679997550091,1201,1201,1201,0,0,8,0,1,0,0.0,0
44,broad,positive,ExactSecure,8000,64,10,3567,0.445875,10,1.0,1,none,0,0,0,10,10,1.0,4.616618999989441,8000,3567,3567,8000,0,0,1,1,0,0.0,0
44,broad,positive,PreFilter-Exact,8000,64,10,3567,0.445875,10,1.0,1,none,0,0,0,10,10,1.0,4.42916600013632,8000,3567,3567,8000,0,0,1,1,0,0.0,0
44,broad,positive,BitmapSlice-Exact,8000,64,10,3567,0.445875,10,1.0,1,none,0,0,0,10,10,1.0,7.283046999873477,4007,3567,3567,4007,0,0,1,1,0,0.0,0
44,broad,positive,ScalarOnly,8000,64,10,3567,0.445875,10,0.0,0,ranking_truncation,0,0,0,10,10,1.0,4.297887999655359,8000,3567,0,8000,0,0,0,1,0,0.0,0
44,broad,positive,PostFilter-IVF,8000,64,10,3567,0.445875,10,0.6,0,ranking_truncation,0,0,0,10,10,1.0,1.3121140000293963,1302,600,1302,1302,0,8,0,1,0,0.0,0
44,broad,positive,AdaptivePostFilter-IVF,8000,64,10,3567,0.445875,10,1.0,1,none,0,0,0,10,10,1.0,4.745574000025954,4800,2104,4800,4800,0,31,0,1,0,0.0,0
44,broad,positive,ExactPrefix-PostFilter,8000,64,10,3567,0.445875,10,1.0,1,none,0,0,0,10,10,1.0,1.9522419997883844,1600,716,8000,1600,0,0,0,1,0,0.0,0
44,broad,positive,TenantPartition-IVF,8000,64,10,3567,0.445875,10,0.6,0,ranking_truncation,0,0,0,10,10,1.0,1.0939479998341994,1302,600,1302,1302,0,8,0,1,0,0.0,0
44,broad,positive,PreFilter-IVF,8000,64,10,3567,0.445875,10,0.6,0,ranking_truncation,0,0,0,10,10,1.0,1.806983999813383,1302,600,600,1302,8,8,0,1,0,0.0,0
44,broad,positive,PACER-A,8000,64,10,3567,0.445875,10,0.9,0,ranking_truncation,0,0,0,10,10,1.0,5.267516999992949,1600,1427,1600,1600,22,22,0,1,0,0.6359630823135376,1
44,broad,positive,PACER-C,8000,64,10,3567,0.445875,10,1.0,1,none,0,0,0,10,10,1.0,11.151627999879565,4007,3567,4007,4007,48,48,1,1,0,0.0,0
44,broad,positive,PACER-X,8000,64,10,3567,0.445875,10,1.0,1,none,0,0,0,10,10,1.0,11.459992000254715,4007,3567,4007,4007,48,48,1,1,0,0.0,0
44,broad,positive,PACER-A-NoSlices,8000,64,10,3567,0.445875,10,0.7,0,ranking_truncation,0,0,0,10,10,1.0,1.9695870000759896,1600,709,1600,1600,12,12,0,1,0,0.6669512987136841,1
44,broad,positive,PACER-A-NoBounds,8000,64,10,3567,0.445875,10,0.9,0,ranking_truncation,0,0,0,10,10,1.0,5.260205000013229,1600,1421,1600,1600,22,22,0,1,0,0.0,1
44,broad,positive,StaleNoRecheck,8000,64,10,3567,0.445875,10,0.6,0,ranking_truncation,0,1,0,9,10,0.9,1.3205790000938578,1302,673,1302,1302,0,8,0,1,0,0.0,0
44,broad,positive,NaiveNoPolicy,8000,64,10,3567,0.445875,10,0.6,0,ranking_truncation,0,0,3,7,10,0.7,0.37808300021424657,1302,1302,1302,0,0,8,0,1,0,0.0,0
45,medium,positive,ExactSecure,8000,64,10,191,0.023875,10,1.0,1,none,0,0,0,10,10,1.0,4.570882000280108,8000,191,191,8000,0,0,1,1,0,0.0,0
45,medium,positive,PreFilter-Exact,8000,64,10,191,0.023875,10,1.0,1,none,0,0,0,10,10,1.0,4.937219000112236,8000,191,191,8000,0,0,1,1,0,0.0,0
45,medium,positive,BitmapSlice-Exact,8000,64,10,191,0.023875,10,1.0,1,none,0,0,0,10,10,1.0,0.5172239998501027,223,191,191,223,0,0,1,1,0,0.0,0
45,medium,positive,ScalarOnly,8000,64,10,191,0.023875,10,0.2,0,ranking_truncation,0,0,0,10,10,1.0,4.335356000410684,8000,191,0,8000,0,0,0,1,0,0.0,0
45,medium,positive,PostFilter-IVF,8000,64,10,191,0.023875,10,0.5,0,ranking_truncation,0,0,0,10,10,1.0,1.1187350000909646,1327,25,1327,1327,0,8,0,1,0,0.0,0
45,medium,positive,AdaptivePostFilter-IVF,8000,64,10,191,0.023875,10,0.9,0,ranking_truncation,0,0,0,10,10,1.0,4.570143999899301,4800,123,4800,4800,0,29,0,1,0,0.0,0
45,medium,positive,ExactPrefix-PostFilter,8000,64,10,191,0.023875,10,1.0,1,none,0,0,0,10,10,1.0,2.046835999863106,1600,41,8000,1600,0,0,0,1,0,0.0,0
45,medium,positive,TenantPartition-IVF,8000,64,10,191,0.023875,10,0.5,0,ranking_truncation,0,0,0,10,10,1.0,0.8641489998808538,1327,25,1327,1327,0,8,0,1,0,0.0,0
45,medium,positive,PreFilter-IVF,8000,64,10,191,0.023875,10,0.7,0,ranking_truncation,0,0,0,10,10,1.0,1.5518370000791037,1407,26,26,1407,8,8,0,1,0,0.0,0
45,medium,positive,PACER-A,8000,64,10,191,0.023875,10,1.0,1,none,0,0,0,10,10,1.0,4.134280000016588,223,191,223,223,48,42,1,1,0,0.0,0
45,medium,positive,PACER-C,8000,64,10,191,0.023875,10,1.0,1,none,0,0,0,10,10,1.0,3.4431029998813756,223,191,223,223,48,42,1,1,0,0.0,0
45,medium,positive,PACER-X,8000,64,10,191,0.023875,10,1.0,1,none,0,0,0,10,10,1.0,3.335900999900332,223,191,223,223,48,42,1,1,0,0.0,0
45,medium,positive,PACER-A-NoSlices,8000,64,10,191,0.023875,10,0.8,0,ranking_truncation,0,0,0,10,10,1.0,1.5122539998628781,1600,31,1600,1600,10,10,0,1,0,0.8270789980888367,1
45,medium,positive,PACER-A-NoBounds,8000,64,10,191,0.023875,10,1.0,1,none,0,0,0,10,10,1.0,3.613720999965153,223,191,223,223,48,42,1,1,0,0.0,0
45,medium,positive,StaleNoRecheck,8000,64,10,191,0.023875,10,0.5,0,ranking_truncation,0,0,0,10,10,1.0,1.0886179998124135,1327,28,1327,1327,0,8,0,1,0,0.0,0
45,medium,positive,NaiveNoPolicy,8000,64,10,191,0.023875,10,0.1,0,ranking_truncation,8,2,8,1,10,0.1,0.4813119999198534,1327,1327,1327,0,0,8,0,1,0,0.0,0
46,narrow,positive,ExactSecure,8000,64,10,5,0.000625,5,1.0,1,none,0,0,0,5,5,1.0,4.01897999972789,8000,5,5,8000,0,0,1,1,0,0.0,0
46,narrow,positive,PreFilter-Exact,8000,64,10,5,0.000625,5,1.0,1,none,0,0,0,5,5,1.0,4.111764000299445,8000,5,5,8000,0,0,1,1,0,0.0,0
46,narrow,positive,BitmapSlice-Exact,8000,64,10,5,0.000625,5,1.0,1,none,0,0,0,5,5,1.0,0.07664000031581963,5,5,5,5,0,0,1,1,0,0.0,0
46,narrow,positive,ScalarOnly,8000,64,10,5,0.000625,5,1.0,0,ranking_truncation,0,0,0,5,5,1.0,4.6904420000828395,8000,5,0,8000,0,0,0,1,0,0.0,0
46,narrow,positive,PostFilter-IVF,8000,64,10,5,0.000625,3,0.6,0,candidate_starvation,0,0,0,3,3,1.0,1.451973000257567,1314,3,1314,1314,0,8,0,1,0,0.0,0
46,narrow,positive,AdaptivePostFilter-IVF,8000,64,10,5,0.000625,4,0.8,0,candidate_starvation,0,0,0,4,4,1.0,6.729147999976703,4800,4,4800,4800,0,31,0,1,0,0.0,0
46,narrow,positive,ExactPrefix-PostFilter,8000,64,10,5,0.000625,2,0.4,0,candidate_starvation,0,0,0,2,2,1.0,2.4905809996198514,1600,2,8000,1600,0,0,0,1,0,0.0,0
46,narrow,positive,TenantPartition-IVF,8000,64,10,5,0.000625,3,0.6,0,candidate_starvation,0,0,0,3,3,1.0,0.9052039999914996,1314,3,1314,1314,0,8,0,1,0,0.0,0
46,narrow,positive,PreFilter-IVF,8000,64,10,5,0.000625,5,1.0,1,none,0,0,0,5,5,1.0,1.2230239999553305,770,5,5,770,48,4,0,1,0,0.0,0
46,narrow,positive,PACER-A,8000,64,10,5,0.000625,5,1.0,1,none,0,0,0,5,5,1.0,0.5329379996510397,5,5,5,5,31,4,1,1,0,0.0,0
46,narrow,positive,PACER-C,8000,64,10,5,0.000625,5,1.0,1,none,0,0,0,5,5,1.0,0.4956270004186081,5,5,5,5,31,4,1,1,0,0.0,0
46,narrow,positive,PACER-X,8000,64,10,5,0.000625,5,1.0,1,none,0,0,0,5,5,1.0,0.341003999892564,5,5,5,5,31,4,1,1,0,0.0,0
46,narrow,positive,PACER-A-NoSlices,8000,64,10,5,0.000625,3,0.6,0,candidate_starvation,0,0,0,3,3,1.0,1.4811210003244923,1600,3,1600,1600,11,11,0,1,0,0.0,1
46,narrow,positive,PACER-A-NoBounds,8000,64,10,5,0.000625,5,1.0,1,none,0,0,0,5,5,1.0,0.49791800029197475,5,5,5,5,31,4,1,1,0,0.0,0
46,narrow,positive,StaleNoRecheck,8000,64,10,5,0.000625,3,0.6,0,candidate_starvation,0,0,0,3,3,1.0,0.9962750000340748,1314,3,1314,1314,0,8,0,1,0,0.0,0
46,narrow,positive,NaiveNoPolicy,8000,64,10,5,0.000625,10,0.2,0,ranking_truncation,9,2,8,1,10,0.1,0.680903000102262,1314,1314,1314,0,0,8,0,1,0,0.0,0
47,cold,positive,ExactSecure,8000,64,10,6,0.00075,6,1.0,1,none,0,0,0,6,6,1.0,3.9865150001787697,8000,6,6,8000,0,0,1,1,0,0.0,0
47,cold,positive,PreFilter-Exact,8000,64,10,6,0.00075,6,1.0,1,none,0,0,0,6,6,1.0,5.270688000109658,8000,6,6,8000,0,0,1,1,0,0.0,0
47,cold,positive,BitmapSlice-Exact,8000,64,10,6,0.00075,6,1.0,1,none,0,0,0,6,6,1.0,0.13021299992033164,6,6,6,6,0,0,1,1,0,0.0,0
47,cold,positive,ScalarOnly,8000,64,10,6,0.00075,6,1.0,0,ranking_truncation,0,0,0,6,6,1.0,4.2391130000396515,8000,6,0,8000,0,0,0,1,0,0.0,0
47,cold,positive,PostFilter-IVF,8000,64,10,6,0.00075,0,0.0,0,candidate_starvation,0,0,0,0,0,1.0,1.688893999926222,1445,0,1445,1445,0,8,0,1,0,0.0,0
47,cold,positive,AdaptivePostFilter-IVF,8000,64,10,6,0.00075,6,1.0,1,none,0,0,0,6,6,1.0,5.0797430003513,4800,6,4800,4800,0,29,0,1,0,0.0,0
47,cold,positive,ExactPrefix-PostFilter,8000,64,10,6,0.00075,3,0.5,0,candidate_starvation,0,0,0,3,3,1.0,2.0912850000058825,1600,3,8000,1600,0,0,0,1,0,0.0,0
47,cold,positive,TenantPartition-IVF,8000,64,10,6,0.00075,0,0.0,0,candidate_starvation,0,0,0,0,0,1.0,0.8859399999892048,1445,0,1445,1445,0,8,0,1,0,0.0,0
47,cold,positive,PreFilter-IVF,8000,64,10,6,0.00075,6,1.0,1,none,0,0,0,6,6,1.0,0.8878489998096484,564,6,6,564,48,3,0,1,0,0.0,0
47,cold,positive,PACER-A,8000,64,10,6,0.00075,6,1.0,1,none,0,0,0,6,6,1.0,0.43791200005216524,6,6,6,6,21,3,1,1,0,0.0,0
47,cold,positive,PACER-C,8000,64,10,6,0.00075,6,1.0,1,none,0,0,0,6,6,1.0,0.3738269997484167,6,6,6,6,21,3,1,1,0,0.0,0
47,cold,positive,PACER-X,8000,64,10,6,0.00075,6,1.0,1,none,0,0,0,6,6,1.0,0.34549199972389033,6,6,6,6,21,3,1,1,0,0.0,0
47,cold,positive,PACER-A-NoSlices,8000,64,10,6,0.00075,0,0.0,0,candidate_starvation,0,0,0,0,0,1.0,1.684032999946794,1600,0,1600,1600,9,9,0,1,0,0.0,1
47,cold,positive,PACER-A-NoBounds,8000,64,10,6,0.00075,6,1.0,1,none,0,0,0,6,6,1.0,0.36997600000177044,6,6,6,6,21,3,1,1,0,0.0,0
47,cold,positive,StaleNoRecheck,8000,64,10,6,0.00075,0,0.0,0,candidate_starvation,0,0,0,0,0,1.0,1.3143040000613837,1445,0,1445,1445,0,8,0,1,0,0.0,0
47,cold,positive,NaiveNoPolicy,8000,64,10,6,0.00075,10,0.0,0,ranking_truncation,10,0,9,0,10,0.0,0.5256620002001,1445,1445,1445,0,0,8,0,1,0,0.0,0
48,broad,positive,ExactSecure,8000,64,10,3498,0.43725,10,1.0,1,none,0,0,0,10,10,1.0,5.2265240001361235,8000,3498,3498,8000,0,0,1,1,0,0.0,0
48,broad,positive,PreFilter-Exact,8000,64,10,3498,0.43725,10,1.0,1,none,0,0,0,10,10,1.0,4.614010999830498,8000,3498,3498,8000,0,0,1,1,0,0.0,0
48,broad,positive,BitmapSlice-Exact,8000,64,10,3498,0.43725,10,1.0,1,none,0,0,0,10,10,1.0,7.845035000173084,3895,3498,3498,3895,0,0,1,1,0,0.0,0
48,broad,positive,ScalarOnly,8000,64,10,3498,0.43725,10,0.0,0,ranking_truncation,0,0,0,10,10,1.0,5.955114999778743,8000,3498,0,8000,0,0,0,1,0,0.0,0
48,broad,positive,PostFilter-IVF,8000,64,10,3498,0.43725,10,1.0,1,none,0,0,0,10,10,1.0,1.49126599990268,1393,679,1393,1393,0,8,0,1,0,0.0,0
48,broad,positive,AdaptivePostFilter-IVF,8000,64,10,3498,0.43725,10,1.0,1,none,0,0,0,10,10,1.0,4.623200999958499,4800,2071,4800,4800,0,30,0,1,0,0.0,0
48,broad,positive,ExactPrefix-PostFilter,8000,64,10,3498,0.43725,10,1.0,1,none,0,0,0,10,10,1.0,1.9833439996546076,1600,721,8000,1600,0,0,0,1,0,0.0,0
48,broad,positive,TenantPartition-IVF,8000,64,10,3498,0.43725,10,1.0,1,none,0,0,0,10,10,1.0,1.185082000120019,1393,679,1393,1393,0,8,0,1,0,0.0,0
48,broad,positive,PreFilter-IVF,8000,64,10,3498,0.43725,10,1.0,1,none,0,0,0,10,10,1.0,2.400237000074412,1328,654,654,1328,8,8,0,1,0,0.0,0
48,broad,positive,PACER-A,8000,64,10,3498,0.43725,10,1.0,1,none,0,0,0,10,10,1.0,5.8661870002651995,1600,1433,1600,1600,20,20,0,1,0,0.5847230553627014,1
48,broad,positive,PACER-C,8000,64,10,3498,0.43725,10,1.0,1,none,0,0,0,10,10,1.0,13.047093000295718,3895,3498,3895,3895,48,48,1,1,0,0.0,0
48,broad,positive,PACER-X,8000,64,10,3498,0.43725,10,1.0,1,none,0,0,0,10,10,1.0,12.966560999757348,3895,3498,3895,3895,48,48,1,1,0,0.0,0
48,broad,positive,PACER-A-NoSlices,8000,64,10,3498,0.43725,10,1.0,1,none,0,0,0,10,10,1.0,2.180267999847274,1600,800,1600,1600,11,11,0,1,0,0.6024580001831055,1
48,broad,positive,PACER-A-NoBounds,8000,64,10,3498,0.43725,10,1.0,1,none,0,0,0,10,10,1.0,5.186598999898706,1600,1434,1600,1600,21,21,0,1,0,0.0,1
48,broad,positive,StaleNoRecheck,8000,64,10,3498,0.43725,10,1.0,1,none,0,0,0,10,10,1.0,1.283257999602938,1393,758,1393,1393,0,8,0,1,0,0.0,0
48,broad,positive,NaiveNoPolicy,8000,64,10,3498,0.43725,10,0.8,0,ranking_truncation,0,0,2,8,10,0.8,0.398313000005146,1393,1393,1393,0,0,8,0,1,0,0.0,0
49,medium,positive,ExactSecure,8000,64,10,247,0.030875,10,1.0,1,none,0,0,0,10,10,1.0,4.545876000065618,8000,247,247,8000,0,0,1,1,0,0.0,0
49,medium,positive,PreFilter-Exact,8000,64,10,247,0.030875,10,1.0,1,none,0,0,0,10,10,1.0,4.366976999790495,8000,247,247,8000,0,0,1,1,0,0.0,0
49,medium,positive,BitmapSlice-Exact,8000,64,10,247,0.030875,10,1.0,1,none,0,0,0,10,10,1.0,0.7270099999914237,268,247,247,268,0,0,1,1,0,0.0,0
49,medium,positive,ScalarOnly,8000,64,10,247,0.030875,10,0.0,0,ranking_truncation,0,0,0,10,10,1.0,5.218426999817893,8000,247,0,8000,0,0,0,1,0,0.0,0
49,medium,positive,PostFilter-IVF,8000,64,10,247,0.030875,10,0.9,0,ranking_truncation,0,0,0,10,10,1.0,1.0637699997460004,1077,64,1077,1077,0,8,0,1,0,0.0,0
49,medium,positive,AdaptivePostFilter-IVF,8000,64,10,247,0.030875,10,1.0,1,none,0,0,0,10,10,1.0,4.800445000000764,4800,174,4800,4800,0,29,0,1,0,0.0,0
49,medium,positive,ExactPrefix-PostFilter,8000,64,10,247,0.030875,10,1.0,1,none,0,0,0,10,10,1.0,2.102186000229267,1600,56,8000,1600,0,0,0,1,0,0.0,0
49,medium,positive,TenantPartition-IVF,8000,64,10,247,0.030875,10,0.9,0,ranking_truncation,0,0,0,10,10,1.0,0.8009279999896535,1077,64,1077,1077,0,8,0,1,0,0.0,0
49,medium,positive,PreFilter-IVF,8000,64,10,247,0.030875,10,0.9,0,ranking_truncation,0,0,0,10,10,1.0,1.541402999919228,1256,75,75,1256,11,8,0,1,0,0.0,0
49,medium,positive,PACER-A,8000,64,10,247,0.030875,10,1.0,1,none,0,0,0,10,10,1.0,3.940694999982952,268,247,268,268,47,38,1,1,0,0.0,0
49,medium,positive,PACER-C,8000,64,10,247,0.030875,10,1.0,1,none,0,0,0,10,10,1.0,3.936789999897883,268,247,268,268,47,38,1,1,0,0.0,0
49,medium,positive,PACER-X,8000,64,10,247,0.030875,10,1.0,1,none,0,0,0,10,10,1.0,4.475987999740028,268,247,268,268,47,38,1,1,0,0.0,0
49,medium,positive,PACER-A-NoSlices,8000,64,10,247,0.030875,10,0.9,0,ranking_truncation,0,0,0,10,10,1.0,2.647038999839424,1600,77,1600,1600,12,12,0,1,0,0.7438573688268661,1
49,medium,positive,PACER-A-NoBounds,8000,64,10,247,0.030875,10,1.0,1,none,0,0,0,10,10,1.0,3.4735080002974428,268,247,268,268,48,38,1,1,0,0.0,0
49,medium,positive,StaleNoRecheck,8000,64,10,247,0.030875,10,0.9,0,ranking_truncation,0,1,0,9,10,0.9,0.9370880002279591,1077,71,1077,1077,0,8,0,1,0,0.0,0
49,medium,positive,NaiveNoPolicy,8000,64,10,247,0.030875,10,0.1,0,ranking_truncation,8,1,8,1,10,0.1,0.29120699991835863,1077,1077,1077,0,0,8,0,1,0,0.0,0
50,narrow,positive,ExactSecure,8000,64,10,6,0.00075,6,1.0,1,none,0,0,0,6,6,1.0,4.254891000073258,8000,6,6,8000,0,0,1,1,0,0.0,0
50,narrow,positive,PreFilter-Exact,8000,64,10,6,0.00075,6,1.0,1,none,0,0,0,6,6,1.0,5.017766000037227,8000,6,6,8000,0,0,1,1,0,0.0,0
50,narrow,positive,BitmapSlice-Exact,8000,64,10,6,0.00075,6,1.0,1,none,0,0,0,6,6,1.0,0.1069439999810129,6,6,6,6,0,0,1,1,0,0.0,0
50,narrow,positive,ScalarOnly,8000,64,10,6,0.00075,6,1.0,0,ranking_truncation,0,0,0,6,6,1.0,5.664784000146028,8000,6,0,8000,0,0,0,1,0,0.0,0
50,narrow,positive,PostFilter-IVF,8000,64,10,6,0.00075,2,0.3333333333333333,0,candidate_starvation,0,0,0,2,2,1.0,1.2719850001303712,1430,2,1430,1430,0,8,0,1,0,0.0,0
50,narrow,positive,AdaptivePostFilter-IVF,8000,64,10,6,0.00075,5,0.8333333333333334,0,candidate_starvation,0,0,0,5,5,1.0,6.006393999996362,4800,5,4800,4800,0,29,0,1,0,0.0,0
50,narrow,positive,ExactPrefix-PostFilter,8000,64,10,6,0.00075,1,0.16666666666666666,0,candidate_starvation,0,0,0,1,1,1.0,2.1176029999878665,1600,1,8000,1600,0,0,0,1,0,0.0,0
50,narrow,positive,TenantPartition-IVF,8000,64,10,6,0.00075,2,0.3333333333333333,0,candidate_starvation,0,0,0,2,2,1.0,0.7725929999651271,1430,2,1430,1430,0,8,0,1,0,0.0,0
50,narrow,positive,PreFilter-IVF,8000,64,10,6,0.00075,6,1.0,1,none,0,0,0,6,6,1.0,1.0750239998742472,872,6,6,872,48,6,0,1,0,0.0,0
50,narrow,positive,PACER-A,8000,64,10,6,0.00075,6,1.0,1,none,0,0,0,6,6,1.0,0.6271140000535524,6,6,6,6,45,6,1,1,0,0.0,0
50,narrow,positive,PACER-C,8000,64,10,6,0.00075,6,1.0,1,none,0,0,0,6,6,1.0,0.5140549997122434,6,6,6,6,45,6,1,1,0,0.0,0
50,narrow,positive,PACER-X,8000,64,10,6,0.00075,6,1.0,1,none,0,0,0,6,6,1.0,0.6686259998787136,6,6,6,6,45,6,1,1,0,0.0,0
50,narrow,positive,PACER-A-NoSlices,8000,64,10,6,0.00075,2,0.3333333333333333,0,candidate_starvation,0,0,0,2,2,1.0,1.400608000039938,1600,2,1600,1600,10,10,0,1,0,0.0,1
50,narrow,positive,PACER-A-NoBounds,8000,64,10,6,0.00075,6,1.0,1,none,0,0,0,6,6,1.0,0.46150000025591,6,6,6,6,47,6,1,1,0,0.0,0
50,narrow,positive,StaleNoRecheck,8000,64,10,6,0.00075,2,0.3333333333333333,0,candidate_starvation,0,0,0,2,2,1.0,1.128987999891251,1430,2,1430,1430,0,8,0,1,0,0.0,0
50,narrow,positive,NaiveNoPolicy,8000,64,10,6,0.00075,10,0.16666666666666666,0,ranking_truncation,9,0,8,1,10,0.1,0.4654260001188959,1430,1430,1430,0,0,8,0,1,0,0.0,0
51,cold,positive,ExactSecure,8000,64,10,1,0.000125,1,1.0,1,none,0,0,0,1,1,1.0,4.768755999975838,8000,1,1,8000,0,0,1,1,0,0.0,0
51,cold,positive,PreFilter-Exact,8000,64,10,1,0.000125,1,1.0,1,none,0,0,0,1,1,1.0,4.004495999652136,8000,1,1,8000,0,0,1,1,0,0.0,0
51,cold,positive,BitmapSlice-Exact,8000,64,10,1,0.000125,1,1.0,1,none,0,0,0,1,1,1.0,0.07221600026241504,2,1,1,2,0,0,1,1,0,0.0,0
51,cold,positive,ScalarOnly,8000,64,10,1,0.000125,1,1.0,1,none,0,0,0,1,1,1.0,4.253934999724152,8000,1,0,8000,0,0,0,1,0,0.0,0
51,cold,positive,PostFilter-IVF,8000,64,10,1,0.000125,1,1.0,1,none,0,0,0,1,1,1.0,1.2578919995576143,1341,1,1341,1341,0,8,0,1,0,0.0,0
51,cold,positive,AdaptivePostFilter-IVF,8000,64,10,1,0.000125,1,1.0,1,none,0,0,0,1,1,1.0,4.7076850000848935,4800,1,4800,4800,0,30,0,1,0,0.0,0
51,cold,positive,ExactPrefix-PostFilter,8000,64,10,1,0.000125,1,1.0,1,none,0,0,0,1,1,1.0,1.9735440000658855,1600,1,8000,1600,0,0,0,1,0,0.0,0
51,cold,positive,TenantPartition-IVF,8000,64,10,1,0.000125,1,1.0,1,none,0,0,0,1,1,1.0,0.9979490000660007,1341,1,1341,1341,0,8,0,1,0,0.0,0
51,cold,positive,PreFilter-IVF,8000,64,10,1,0.000125,1,1.0,1,none,0,0,0,1,1,1.0,0.8807129997876473,445,1,1,445,48,2,0,1,0,0.0,0
51,cold,positive,PACER-A,8000,64,10,1,0.000125,1,1.0,1,none,0,0,0,1,1,1.0,0.2590879998933815,2,1,2,2,23,2,1,1,0,0.0,0
51,cold,positive,PACER-C,8000,64,10,1,0.000125,1,1.0,1,none,0,0,0,1,1,1.0,0.17877699974633288,2,1,2,2,23,2,1,1,0,0.0,0
51,cold,positive,PACER-X,8000,64,10,1,0.000125,1,1.0,1,none,0,0,0,1,1,1.0,0.1818529999582097,2,1,2,2,23,2,1,1,0,0.0,0
51,cold,positive,PACER-A-NoSlices,8000,64,10,1,0.000125,1,1.0,1,none,0,0,0,1,1,1.0,1.3185980001253483,1600,1,1600,1600,10,10,0,1,0,0.0,1
51,cold,positive,PACER-A-NoBounds,8000,64,10,1,0.000125,1,1.0,1,none,0,0,0,1,1,1.0,0.17924999974638922,2,1,2,2,26,2,1,1,0,0.0,0
51,cold,positive,StaleNoRecheck,8000,64,10,1,0.000125,1,1.0,1,none,0,0,0,1,1,1.0,0.9699189999992086,1341,1,1341,1341,0,8,0,1,0,0.0,0
51,cold,positive,NaiveNoPolicy,8000,64,10,1,0.000125,10,1.0,0,ranking_truncation,9,0,8,1,10,0.1,0.3690759999699367,1341,1341,1341,0,0,8,0,1,0,0.0,0
52,broad,positive,ExactSecure,8000,64,10,3609,0.451125,10,1.0,1,none,0,0,0,10,10,1.0,6.609200999719178,8000,3609,3609,8000,0,0,1,1,0,0.0,0
52,broad,positive,PreFilter-Exact,8000,64,10,3609,0.451125,10,1.0,1,none,0,0,0,10,10,1.0,5.27412200017352,8000,3609,3609,8000,0,0,1,1,0,0.0,0
52,broad,positive,BitmapSlice-Exact,8000,64,10,3609,0.451125,10,1.0,1,none,0,0,0,10,10,1.0,8.430844000031357,4032,3609,3609,4032,0,0,1,1,0,0.0,0
52,broad,positive,ScalarOnly,8000,64,10,3609,0.451125,10,0.0,0,ranking_truncation,0,0,0,10,10,1.0,5.090212000141037,8000,3609,0,8000,0,0,0,1,0,0.0,0
52,broad,positive,PostFilter-IVF,8000,64,10,3609,0.451125,10,1.0,1,none,0,0,0,10,10,1.0,1.0785620002025098,1298,618,1298,1298,0,8,0,1,0,0.0,0
52,broad,positive,AdaptivePostFilter-IVF,8000,64,10,3609,0.451125,10,1.0,1,none,0,0,0,10,10,1.0,4.404329999943002,4800,2167,4800,4800,0,31,0,1,0,0.0,0
52,broad,positive,ExactPrefix-PostFilter,8000,64,10,3609,0.451125,10,1.0,1,none,0,0,0,10,10,1.0,2.3588790004396287,1600,724,8000,1600,0,0,0,1,0,0.0,0
52,broad,positive,TenantPartition-IVF,8000,64,10,3609,0.451125,10,1.0,1,none,0,0,0,10,10,1.0,0.930385000174283,1298,618,1298,1298,0,8,0,1,0,0.0,0
52,broad,positive,PreFilter-IVF,8000,64,10,3609,0.451125,10,0.9,0,ranking_truncation,0,0,0,10,10,1.0,1.4822599996477948,1149,532,532,1149,8,8,0,1,0,0.0,0
52,broad,positive,PACER-A,8000,64,10,3609,0.451125,10,1.0,1,none,0,0,0,10,10,1.0,5.1959859997623425,1600,1439,1600,1600,21,21,0,1,0,0.5954385697841644,1
52,broad,positive,PACER-C,8000,64,10,3609,0.451125,10,1.0,1,none,0,0,0,10,10,1.0,13.57327300001998,4032,3609,4032,4032,48,48,1,1,0,0.0,0
52,broad,positive,PACER-X,8000,64,10,3609,0.451125,10,1.0,1,none,0,0,0,10,10,1.0,15.478558000268094,4032,3609,4032,4032,48,48,1,1,0,0.0,0
52,broad,positive,PACER-A-NoSlices,8000,64,10,3609,0.451125,10,0.9,0,ranking_truncation,0,0,0,10,10,1.0,2.192455999647791,1600,772,1600,1600,11,11,0,1,0,0.6183311343193054,1
52,broad,positive,PACER-A-NoBounds,8000,64,10,3609,0.451125,10,1.0,1,none,0,0,0,10,10,1.0,5.287456000132806,1600,1433,1600,1600,20,20,0,1,0,0.0,1
52,broad,positive,StaleNoRecheck,8000,64,10,3609,0.451125,10,1.0,1,none,0,0,0,10,10,1.0,1.1950870002692682,1298,674,1298,1298,0,8,0,1,0,0.0,0
52,broad,positive,NaiveNoPolicy,8000,64,10,3609,0.451125,10,0.5,0,ranking_truncation,0,0,5,5,10,0.5,0.32403700015493087,1298,1298,1298,0,0,8,0,1,0,0.0,0
53,medium,positive,ExactSecure,8000,64,10,212,0.0265,10,1.0,1,none,0,0,0,10,10,1.0,4.36817100035114,8000,212,212,8000,0,0,1,1,0,0.0,0
53,medium,positive,PreFilter-Exact,8000,64,10,212,0.0265,10,1.0,1,none,0,0,0,10,10,1.0,4.421843000272929,8000,212,212,8000,0,0,1,1,0,0.0,0
53,medium,positive,BitmapSlice-Exact,8000,64,10,212,0.0265,10,1.0,1,none,0,0,0,10,10,1.0,0.5211689999669034,236,212,212,236,0,0,1,1,0,0.0,0
53,medium,positive,ScalarOnly,8000,64,10,212,0.0265,10,0.0,0,ranking_truncation,0,0,0,10,10,1.0,4.276569000012387,8000,212,0,8000,0,0,0,1,0,0.0,0
53,medium,positive,PostFilter-IVF,8000,64,10,212,0.0265,10,0.7,0,ranking_truncation,0,0,0,10,10,1.0,1.1457850000624603,1345,48,1345,1345,0,8,0,1,0,0.0,0
53,medium,positive,AdaptivePostFilter-IVF,8000,64,10,212,0.0265,10,1.0,1,none,0,0,0,10,10,1.0,4.600440999638522,4800,136,4800,4800,0,28,0,1,0,0.0,0
53,medium,positive,ExactPrefix-PostFilter,8000,64,10,212,0.0265,10,1.0,1,none,0,0,0,10,10,1.0,1.8480510002518713,1600,46,8000,1600,0,0,0,1,0,0.0,0
53,medium,positive,TenantPartition-IVF,8000,64,10,212,0.0265,10,0.7,0,ranking_truncation,0,0,0,10,10,1.0,0.7571000001007633,1345,48,1345,1345,0,8,0,1,0,0.0,0
53,medium,positive,PreFilter-IVF,8000,64,10,212,0.0265,10,0.8,0,ranking_truncation,0,0,0,10,10,1.0,1.4393649998964975,1330,62,62,1330,9,8,0,1,0,0.0,0
53,medium,positive,PACER-A,8000,64,10,212,0.0265,10,1.0,1,none,0,0,0,10,10,1.0,4.235186000187241,236,212,236,236,48,37,1,1,0,0.0,0
53,medium,positive,PACER-C,8000,64,10,212,0.0265,10,1.0,1,none,0,0,0,10,10,1.0,3.677788999993936,236,212,236,236,48,37,1,1,0,0.0,0
53,medium,positive,PACER-X,8000,64,10,212,0.0265,10,1.0,1,none,0,0,0,10,10,1.0,3.923570000097243,236,212,236,236,48,37,1,1,0,0.0,0
53,medium,positive,PACER-A-NoSlices,8000,64,10,212,0.0265,10,0.8,0,ranking_truncation,0,0,0,10,10,1.0,2.1092090000820463,1600,62,1600,1600,10,10,0,1,0,0.7608153969049454,1
53,medium,positive,PACER-A-NoBounds,8000,64,10,212,0.0265,10,1.0,1,none,0,0,0,10,10,1.0,3.8288000000648026,236,212,236,236,48,37,1,1,0,0.0,0
53,medium,positive,StaleNoRecheck,8000,64,10,212,0.0265,10,0.7,0,ranking_truncation,0,0,0,10,10,1.0,1.215530000081344,1345,53,1345,1345,0,8,0,1,0,0.0,0
53,medium,positive,NaiveNoPolicy,8000,64,10,212,0.0265,10,0.1,0,ranking_truncation,6,1,7,1,10,0.1,0.43498100012584473,1345,1345,1345,0,0,8,0,1,0,0.0,0
54,narrow,positive,ExactSecure,8000,64,10,5,0.000625,5,1.0,1,none,0,0,0,5,5,1.0,4.354983999746764,8000,5,5,8000,0,0,1,1,0,0.0,0
54,narrow,positive,PreFilter-Exact,8000,64,10,5,0.000625,5,1.0,1,none,0,0,0,5,5,1.0,4.917399000078149,8000,5,5,8000,0,0,1,1,0,0.0,0
54,narrow,positive,BitmapSlice-Exact,8000,64,10,5,0.000625,5,1.0,1,none,0,0,0,5,5,1.0,0.18735999992713914,7,5,5,7,0,0,1,1,0,0.0,0
54,narrow,positive,ScalarOnly,8000,64,10,5,0.000625,5,1.0,0,ranking_truncation,0,0,0,5,5,1.0,5.287876000238612,8000,5,0,8000,0,0,0,1,0,0.0,0
54,narrow,positive,PostFilter-IVF,8000,64,10,5,0.000625,3,0.6,0,candidate_starvation,0,0,0,3,3,1.0,1.3883090000490483,1476,3,1476,1476,0,8,0,1,0,0.0,0
54,narrow,positive,AdaptivePostFilter-IVF,8000,64,10,5,0.000625,5,1.0,1,none,0,0,0,5,5,1.0,5.019979999815405,4800,5,4800,4800,0,31,0,1,0,0.0,0
54,narrow,positive,ExactPrefix-PostFilter,8000,64,10,5,0.000625,3,0.6,0,candidate_starvation,0,0,0,3,3,1.0,1.9485299999359995,1600,3,8000,1600,0,0,0,1,0,0.0,0
54,narrow,positive,TenantPartition-IVF,8000,64,10,5,0.000625,3,0.6,0,candidate_starvation,0,0,0,3,3,1.0,0.6938070000614971,1476,3,1476,1476,0,8,0,1,0,0.0,0
54,narrow,positive,PreFilter-IVF,8000,64,10,5,0.000625,5,1.0,1,none,0,0,0,5,5,1.0,0.9864570001809625,734,5,5,734,48,4,0,1,0,0.0,0
54,narrow,positive,PACER-A,8000,64,10,5,0.000625,5,1.0,1,none,0,0,0,5,5,1.0,0.4938570000376785,7,5,7,7,20,4,1,1,0,0.0,0
54,narrow,positive,PACER-C,8000,64,10,5,0.000625,5,1.0,1,none,0,0,0,5,5,1.0,0.5417209999905026,7,5,7,7,20,4,1,1,0,0.0,0
54,narrow,positive,PACER-X,8000,64,10,5,0.000625,5,1.0,1,none,0,0,0,5,5,1.0,0.5317489999470126,7,5,7,7,20,4,1,1,0,0.0,0
54,narrow,positive,PACER-A-NoSlices,8000,64,10,5,0.000625,3,0.6,0,candidate_starvation,0,0,0,3,3,1.0,1.3487010000972077,1600,3,1600,1600,10,10,0,1,0,0.0,1
54,narrow,positive,PACER-A-NoBounds,8000,64,10,5,0.000625,5,1.0,1,none,0,0,0,5,5,1.0,0.347658999999112,7,5,7,7,22,4,1,1,0,0.0,0
54,narrow,positive,StaleNoRecheck,8000,64,10,5,0.000625,4,0.6,0,candidate_starvation,0,1,0,3,4,0.75,1.2854060000790923,1476,4,1476,1476,0,8,0,1,0,0.0,0
54,narrow,positive,NaiveNoPolicy,8000,64,10,5,0.000625,10,0.2,0,ranking_truncation,8,1,8,1,10,0.1,0.4631510000763228,1476,1476,1476,0,0,8,0,1,0,0.0,0
55,cold,positive,ExactSecure,8000,64,10,3,0.000375,3,1.0,1,none,0,0,0,3,3,1.0,4.246108000188542,8000,3,3,8000,0,0,1,1,0,0.0,0
55,cold,positive,PreFilter-Exact,8000,64,10,3,0.000375,3,1.0,1,none,0,0,0,3,3,1.0,5.2701360000355635,8000,3,3,8000,0,0,1,1,0,0.0,0
55,cold,positive,BitmapSlice-Exact,8000,64,10,3,0.000375,3,1.0,1,none,0,0,0,3,3,1.0,0.0791689999459777,3,3,3,3,0,0,1,1,0,0.0,0
55,cold,positive,ScalarOnly,8000,64,10,3,0.000375,3,1.0,0,ranking_truncation,0,0,0,3,3,1.0,4.799816999820905,8000,3,0,8000,0,0,0,1,0,0.0,0
55,cold,positive,PostFilter-IVF,8000,64,10,3,0.000375,1,0.3333333333333333,0,candidate_starvation,0,0,0,1,1,1.0,1.0568779998720856,1218,1,1218,1218,0,8,0,1,0,0.0,0
55,cold,positive,AdaptivePostFilter-IVF,8000,64,10,3,0.000375,2,0.6666666666666666,0,candidate_starvation,0,0,0,2,2,1.0,6.63077399985923,4800,2,4800,4800,0,30,0,1,0,0.0,0
55,cold,positive,ExactPrefix-PostFilter,8000,64,10,3,0.000375,1,0.3333333333333333,0,candidate_starvation,0,0,0,1,1,1.0,2.0655120001720206,1600,1,8000,1600,0,0,0,1,0,0.0,0
55,cold,positive,TenantPartition-IVF,8000,64,10,3,0.000375,1,0.3333333333333333,0,candidate_starvation,0,0,0,1,1,1.0,0.8771850002631254,1218,1,1218,1218,0,8,0,1,0,0.0,0
55,cold,positive,PreFilter-IVF,8000,64,10,3,0.000375,3,1.0,1,none,0,0,0,3,3,1.0,0.9305100002166,507,3,3,507,48,3,0,1,0,0.0,0
55,cold,positive,PACER-A,8000,64,10,3,0.000375,3,1.0,1,none,0,0,0,3,3,1.0,0.39025800015224377,3,3,3,3,29,3,1,1,0,0.0,0
55,cold,positive,PACER-C,8000,64,10,3,0.000375,3,1.0,1,none,0,0,0,3,3,1.0,0.47811400008868077,3,3,3,3,29,3,1,1,0,0.0,0
55,cold,positive,PACER-X,8000,64,10,3,0.000375,3,1.0,1,none,0,0,0,3,3,1.0,0.4494069999054773,3,3,3,3,29,3,1,1,0,0.0,0
55,cold,positive,PACER-A-NoSlices,8000,64,10,3,0.000375,1,0.3333333333333333,0,candidate_starvation,0,0,0,1,1,1.0,1.7739240001901635,1600,1,1600,1600,11,11,0,1,0,0.0,1
55,cold,positive,PACER-A-NoBounds,8000,64,10,3,0.000375,3,1.0,1,none,0,0,0,3,3,1.0,0.24833799989210092,3,3,3,3,32,3,1,1,0,0.0,0
55,cold,positive,StaleNoRecheck,8000,64,10,3,0.000375,1,0.3333333333333333,0,candidate_starvation,0,0,0,1,1,1.0,1.3355910000427684,1218,1,1218,1218,0,8,0,1,0,0.0,0
55,cold,positive,NaiveNoPolicy,8000,64,10,3,0.000375,10,0.3333333333333333,0,ranking_truncation,9,0,6,1,10,0.1,0.4320660000303178,1218,1218,1218,0,0,8,0,1,0,0.0,0
56,broad,positive,ExactSecure,8000,64,10,3646,0.45575,10,1.0,1,none,0,0,0,10,10,1.0,4.138398000122834,8000,3646,3646,8000,0,0,1,1,0,0.0,0
56,broad,positive,PreFilter-Exact,8000,64,10,3646,0.45575,10,1.0,1,none,0,0,0,10,10,1.0,4.274175999853469,8000,3646,3646,8000,0,0,1,1,0,0.0,0
56,broad,positive,BitmapSlice-Exact,8000,64,10,3646,0.45575,10,1.0,1,none,0,0,0,10,10,1.0,6.602251000003889,3964,3646,3646,3964,0,0,1,1,0,0.0,0
56,broad,positive,ScalarOnly,8000,64,10,3646,0.45575,10,0.0,0,ranking_truncation,0,0,0,10,10,1.0,5.7881620000443945,8000,3646,0,8000,0,0,0,1,0,0.0,0
56,broad,positive,PostFilter-IVF,8000,64,10,3646,0.45575,10,1.0,1,none,0,0,0,10,10,1.0,1.5293120000023919,1505,789,1505,1505,0,8,0,1,0,0.0,0
56,broad,positive,AdaptivePostFilter-IVF,8000,64,10,3646,0.45575,10,1.0,1,none,0,0,0,10,10,1.0,4.328156999690691,4800,2264,4800,4800,0,30,0,1,0,0.0,0
56,broad,positive,ExactPrefix-PostFilter,8000,64,10,3646,0.45575,10,1.0,1,none,0,0,0,10,10,1.0,2.6716180000221357,1600,758,8000,1600,0,0,0,1,0,0.0,0
56,broad,positive,TenantPartition-IVF,8000,64,10,3646,0.45575,10,1.0,1,none,0,0,0,10,10,1.0,1.74322500015478,1505,789,1505,1505,0,8,0,1,0,0.0,0
56,broad,positive,PreFilter-IVF,8000,64,10,3646,0.45575,10,1.0,1,none,0,0,0,10,10,1.0,2.2126679996290477,1505,789,789,1505,8,8,0,1,0,0.0,0
56,broad,positive,PACER-A,8000,64,10,3646,0.45575,10,1.0,1,none,0,0,0,10,10,1.0,7.573218999823439,1600,1469,1600,1600,19,19,0,1,0,0.6292513012886047,1
56,broad,positive,PACER-C,8000,64,10,3646,0.45575,10,1.0,1,none,0,0,0,10,10,1.0,16.166610000254877,3964,3646,3964,3964,48,48,1,1,0,0.0,0
56,broad,positive,PACER-X,8000,64,10,3646,0.45575,10,1.0,1,none,0,0,0,10,10,1.0,16.70803800016074,3964,3646,3964,3964,48,48,1,1,0,0.0,0
56,broad,positive,PACER-A-NoSlices,8000,64,10,3646,0.45575,10,1.0,1,none,0,0,0,10,10,1.0,2.106080999965343,1600,816,1600,1600,9,9,0,1,0,0.6447991132736206,1
56,broad,positive,PACER-A-NoBounds,8000,64,10,3646,0.45575,10,1.0,1,none,0,0,0,10,10,1.0,5.970216999685363,1600,1468,1600,1600,20,20,0,1,0,0.0,1
56,broad,positive,StaleNoRecheck,8000,64,10,3646,0.45575,10,1.0,1,none,0,0,0,10,10,1.0,1.8764950000331737,1505,854,1505,1505,0,8,0,1,0,0.0,0
56,broad,positive,NaiveNoPolicy,8000,64,10,3646,0.45575,10,0.5,0,ranking_truncation,0,0,5,5,10,0.5,0.6555549998665811,1505,1505,1505,0,0,8,0,1,0,0.0,0
57,medium,positive,ExactSecure,8000,64,10,217,0.027125,10,1.0,1,none,0,0,0,10,10,1.0,5.184686000120564,8000,217,217,8000,0,0,1,1,0,0.0,0
57,medium,positive,PreFilter-Exact,8000,64,10,217,0.027125,10,1.0,1,none,0,0,0,10,10,1.0,3.948192999814637,8000,217,217,8000,0,0,1,1,0,0.0,0
57,medium,positive,BitmapSlice-Exact,8000,64,10,217,0.027125,10,1.0,1,none,0,0,0,10,10,1.0,0.49391399988962803,229,217,217,229,0,0,1,1,0,0.0,0
57,medium,positive,ScalarOnly,8000,64,10,217,0.027125,10,0.0,0,ranking_truncation,0,0,0,10,10,1.0,4.47088500004611,8000,217,0,8000,0,0,0,1,0,0.0,0
57,medium,positive,PostFilter-IVF,8000,64,10,217,0.027125,10,0.3,0,ranking_truncation,0,0,0,10,10,1.0,1.3316539998413646,1392,38,1392,1392,0,8,0,1,0,0.0,0
57,medium,positive,AdaptivePostFilter-IVF,8000,64,10,217,0.027125,10,1.0,1,none,0,0,0,10,10,1.0,4.73376800027836,4800,117,4800,4800,0,30,0,1,0,0.0,0
57,medium,positive,ExactPrefix-PostFilter,8000,64,10,217,0.027125,10,1.0,1,none,0,0,0,10,10,1.0,2.2189439996509464,1600,57,8000,1600,0,0,0,1,0,0.0,0
57,medium,positive,TenantPartition-IVF,8000,64,10,217,0.027125,10,0.3,0,ranking_truncation,0,0,0,10,10,1.0,0.8317219999298686,1392,38,1392,1392,0,8,0,1,0,0.0,0
57,medium,positive,PreFilter-IVF,8000,64,10,217,0.027125,10,0.1,0,ranking_truncation,0,0,0,10,10,1.0,1.6912019996198069,1294,43,43,1294,10,8,0,1,0,0.0,0
57,medium,positive,PACER-A,8000,64,10,217,0.027125,10,1.0,1,none,0,0,0,10,10,1.0,4.81039599981159,229,217,229,229,48,42,1,1,0,0.0,0
57,medium,positive,PACER-C,8000,64,10,217,0.027125,10,1.0,1,none,0,0,0,10,10,1.0,4.610731999946438,229,217,229,229,48,42,1,1,0,0.0,0
57,medium,positive,PACER-X,8000,64,10,217,0.027125,10,1.0,1,none,0,0,0,10,10,1.0,4.59399300007135,229,217,229,229,48,42,1,1,0,0.0,0
57,medium,positive,PACER-A-NoSlices,8000,64,10,217,0.027125,10,0.1,0,ranking_truncation,0,0,0,10,10,1.0,2.466841000114073,1600,39,1600,1600,10,10,0,1,0,0.8354559987783432,1
57,medium,positive,PACER-A-NoBounds,8000,64,10,217,0.027125,10,1.0,1,none,0,0,0,10,10,1.0,4.273106000255211,229,217,229,229,48,42,1,1,0,0.0,0
57,medium,positive,StaleNoRecheck,8000,64,10,217,0.027125,10,0.3,0,ranking_truncation,0,0,0,10,10,1.0,1.4345040003718168,1392,39,1392,1392,0,8,0,1,0,0.0,0
57,medium,positive,NaiveNoPolicy,8000,64,10,217,0.027125,10,0.0,0,ranking_truncation,9,1,9,0,10,0.0,0.3647469998213637,1392,1392,1392,0,0,8,0,1,0,0.0,0
58,narrow,positive,ExactSecure,8000,64,10,3,0.000375,3,1.0,1,none,0,0,0,3,3,1.0,5.120661000091786,8000,3,3,8000,0,0,1,1,0,0.0,0
58,narrow,positive,PreFilter-Exact,8000,64,10,3,0.000375,3,1.0,1,none,0,0,0,3,3,1.0,5.247131000032823,8000,3,3,8000,0,0,1,1,0,0.0,0
58,narrow,positive,BitmapSlice-Exact,8000,64,10,3,0.000375,3,1.0,1,none,0,0,0,3,3,1.0,0.07768100022076396,3,3,3,3,0,0,1,1,0,0.0,0
58,narrow,positive,ScalarOnly,8000,64,10,3,0.000375,3,1.0,0,ranking_truncation,0,0,0,3,3,1.0,4.359091999958764,8000,3,0,8000,0,0,0,1,0,0.0,0
58,narrow,positive,PostFilter-IVF,8000,64,10,3,0.000375,3,1.0,1,none,0,0,0,3,3,1.0,1.2079690000064147,1413,3,1413,1413,0,8,0,1,0,0.0,0
58,narrow,positive,AdaptivePostFilter-IVF,8000,64,10,3,0.000375,3,1.0,1,none,0,0,0,3,3,1.0,5.575783000040246,4800,3,4800,4800,0,30,0,1,0,0.0,0
58,narrow,positive,ExactPrefix-PostFilter,8000,64,10,3,0.000375,3,1.0,1,none,0,0,0,3,3,1.0,2.26950600017517,1600,3,8000,1600,0,0,0,1,0,0.0,0
58,narrow,positive,TenantPartition-IVF,8000,64,10,3,0.000375,3,1.0,1,none,0,0,0,3,3,1.0,0.6293890000961255,1413,3,1413,1413,0,8,0,1,0,0.0,0
58,narrow,positive,PreFilter-IVF,8000,64,10,3,0.000375,3,1.0,1,none,0,0,0,3,3,1.0,0.7432430002154433,215,3,3,215,48,1,0,1,0,0.0,0
58,narrow,positive,PACER-A,8000,64,10,3,0.000375,3,1.0,1,none,0,0,0,3,3,1.0,0.22913599968887866,3,3,3,3,3,1,1,1,0,0.0,0
58,narrow,positive,PACER-C,8000,64,10,3,0.000375,3,1.0,1,none,0,0,0,3,3,1.0,0.26270199987266096,3,3,3,3,3,1,1,1,0,0.0,0
58,narrow,positive,PACER-X,8000,64,10,3,0.000375,3,1.0,1,none,0,0,0,3,3,1.0,0.15829499989195028,3,3,3,3,3,1,1,1,0,0.0,0
58,narrow,positive,PACER-A-NoSlices,8000,64,10,3,0.000375,3,1.0,1,none,0,0,0,3,3,1.0,1.516472999810503,1600,3,1600,1600,10,10,0,1,0,0.0,1
58,narrow,positive,PACER-A-NoBounds,8000,64,10,3,0.000375,3,1.0,1,none,0,0,0,3,3,1.0,0.12359900028968696,3,3,3,3,1,1,1,1,0,0.0,0
58,narrow,positive,StaleNoRecheck,8000,64,10,3,0.000375,3,1.0,1,none,0,0,0,3,3,1.0,1.4920810003786755,1413,3,1413,1413,0,8,0,1,0,0.0,0
58,narrow,positive,NaiveNoPolicy,8000,64,10,3,0.000375,10,0.3333333333333333,0,ranking_truncation,9,2,7,1,10,0.1,0.5766379999840865,1413,1413,1413,0,0,8,0,1,0,0.0,0
59,cold,positive,ExactSecure,8000,64,10,1,0.000125,1,1.0,1,none,0,0,0,1,1,1.0,4.450843000086024,8000,1,1,8000,0,0,1,1,0,0.0,0
59,cold,positive,PreFilter-Exact,8000,64,10,1,0.000125,1,1.0,1,none,0,0,0,1,1,1.0,4.787873999703152,8000,1,1,8000,0,0,1,1,0,0.0,0
59,cold,positive,BitmapSlice-Exact,8000,64,10,1,0.000125,1,1.0,1,none,0,0,0,1,1,1.0,0.07236500005092239,1,1,1,1,0,0,1,1,0,0.0,0
59,cold,positive,ScalarOnly,8000,64,10,1,0.000125,1,1.0,1,none,0,0,0,1,1,1.0,4.88541400000031,8000,1,0,8000,0,0,0,1,0,0.0,0
59,cold,positive,PostFilter-IVF,8000,64,10,1,0.000125,0,0.0,0,candidate_starvation,0,0,0,0,0,1.0,1.439709999885963,1585,0,1585,1585,0,8,0,1,0,0.0,0
59,cold,positive,AdaptivePostFilter-IVF,8000,64,10,1,0.000125,1,1.0,1,none,0,0,0,1,1,1.0,6.45500099972196,4800,1,4800,4800,0,29,0,1,0,0.0,0
59,cold,positive,ExactPrefix-PostFilter,8000,64,10,1,0.000125,1,1.0,1,none,0,0,0,1,1,1.0,2.0469930000217573,1600,1,8000,1600,0,0,0,1,0,0.0,0
59,cold,positive,TenantPartition-IVF,8000,64,10,1,0.000125,0,0.0,0,candidate_starvation,0,0,0,0,0,1.0,1.5578859997731342,1585,0,1585,1585,0,8,0,1,0,0.0,0
59,cold,positive,PreFilter-IVF,8000,64,10,1,0.000125,1,1.0,1,none,0,0,0,1,1,1.0,0.7546659999206895,198,1,1,198,48,1,0,1,0,0.0,0
59,cold,positive,PACER-A,8000,64,10,1,0.000125,1,1.0,1,none,0,0,0,1,1,1.0,0.2186039996558975,1,1,1,1,6,1,1,1,0,0.0,0
59,cold,positive,PACER-C,8000,64,10,1,0.000125,1,1.0,1,none,0,0,0,1,1,1.0,0.13999999964653398,1,1,1,1,6,1,1,1,0,0.0,0
59,cold,positive,PACER-X,8000,64,10,1,0.000125,1,1.0,1,none,0,0,0,1,1,1.0,0.11769200000344426,1,1,1,1,6,1,1,1,0,0.0,0
59,cold,positive,PACER-A-NoSlices,8000,64,10,1,0.000125,1,1.0,1,none,0,0,0,1,1,1.0,1.2638870002774638,1600,1,1600,1600,9,9,0,1,0,0.0,1
59,cold,positive,PACER-A-NoBounds,8000,64,10,1,0.000125,1,1.0,1,none,0,0,0,1,1,1.0,0.15296000037778867,1,1,1,1,9,1,1,1,0,0.0,0
59,cold,positive,StaleNoRecheck,8000,64,10,1,0.000125,0,0.0,0,candidate_starvation,0,0,0,0,0,1.0,1.787818000138941,1585,0,1585,1585,0,8,0,1,0,0.0,0
59,cold,positive,NaiveNoPolicy,8000,64,10,1,0.000125,10,0.0,0,ranking_truncation,10,1,9,0,10,0.0,0.7869329997447494,1585,1585,1585,0,0,8,0,1,0,0.0,0
60,broad,positive,ExactSecure,8000,64,10,3591,0.448875,10,1.0,1,none,0,0,0,10,10,1.0,6.611363000047277,8000,3591,3591,8000,0,0,1,1,0,0.0,0
60,broad,positive,PreFilter-Exact,8000,64,10,3591,0.448875,10,1.0,1,none,0,0,0,10,10,1.0,6.14092800014987,8000,3591,3591,8000,0,0,1,1,0,0.0,0
60,broad,positive,BitmapSlice-Exact,8000,64,10,3591,0.448875,10,1.0,1,none,0,0,0,10,10,1.0,7.476719999885972,3974,3591,3591,3974,0,0,1,1,0,0.0,0
60,broad,positive,ScalarOnly,8000,64,10,3591,0.448875,10,0.0,0,ranking_truncation,0,0,0,10,10,1.0,4.3508880003173545,8000,3591,0,8000,0,0,0,1,0,0.0,0
60,broad,positive,PostFilter-IVF,8000,64,10,3591,0.448875,10,0.8,0,ranking_truncation,0,0,0,10,10,1.0,1.131068000177038,1251,609,1251,1251,0,8,0,1,0,0.0,0
60,broad,positive,AdaptivePostFilter-IVF,8000,64,10,3591,0.448875,10,1.0,1,none,0,0,0,10,10,1.0,4.632659999970201,4800,2244,4800,4800,0,28,0,1,0,0.0,0
60,broad,positive,ExactPrefix-PostFilter,8000,64,10,3591,0.448875,10,1.0,1,none,0,0,0,10,10,1.0,2.3276160000023083,1600,731,8000,1600,0,0,0,1,0,0.0,0
60,broad,positive,TenantPartition-IVF,8000,64,10,3591,0.448875,10,0.8,0,ranking_truncation,0,0,0,10,10,1.0,1.1172330000590591,1251,609,1251,1251,0,8,0,1,0,0.0,0
60,broad,positive,PreFilter-IVF,8000,64,10,3591,0.448875,10,0.9,0,ranking_truncation,0,0,0,10,10,1.0,1.6563729996050824,1199,622,622,1199,8,8,0,1,0,0.0,0
60,broad,positive,PACER-A,8000,64,10,3591,0.448875,10,1.0,1,none,0,0,0,10,10,1.0,6.346313999983977,1600,1448,1600,1600,18,18,0,1,0,0.6384551823139191,1
60,broad,positive,PACER-C,8000,64,10,3591,0.448875,10,1.0,1,none,0,0,0,10,10,1.0,11.780925000039133,3974,3591,3974,3974,48,48,1,1,0,0.0,0
60,broad,positive,PACER-X,8000,64,10,3591,0.448875,10,1.0,1,none,0,0,0,10,10,1.0,13.320621000275423,3974,3591,3974,3974,48,48,1,1,0,0.0,0
60,broad,positive,PACER-A-NoSlices,8000,64,10,3591,0.448875,10,1.0,1,none,0,0,0,10,10,1.0,1.9024869998247596,1600,818,1600,1600,11,11,0,1,0,0.6464002430438995,1
60,broad,positive,PACER-A-NoBounds,8000,64,10,3591,0.448875,10,1.0,1,none,0,0,0,10,10,1.0,4.815955000140093,1600,1446,1600,1600,18,18,0,1,0,0.0,1
60,broad,positive,StaleNoRecheck,8000,64,10,3591,0.448875,10,0.8,0,ranking_truncation,0,1,0,9,10,0.9,1.1433640001996537,1251,680,1251,1251,0,8,0,1,0,0.0,0
60,broad,positive,NaiveNoPolicy,8000,64,10,3591,0.448875,10,0.5,0,ranking_truncation,0,1,4,5,10,0.5,0.4897999997410807,1251,1251,1251,0,0,8,0,1,0,0.0,0
61,medium,positive,ExactSecure,8000,64,10,197,0.024625,10,1.0,1,none,0,0,0,10,10,1.0,4.423302999839507,8000,197,197,8000,0,0,1,1,0,0.0,0
61,medium,positive,PreFilter-Exact,8000,64,10,197,0.024625,10,1.0,1,none,0,0,0,10,10,1.0,4.360615999758011,8000,197,197,8000,0,0,1,1,0,0.0,0
61,medium,positive,BitmapSlice-Exact,8000,64,10,197,0.024625,10,1.0,1,none,0,0,0,10,10,1.0,0.4859139999098261,226,197,197,226,0,0,1,1,0,0.0,0
61,medium,positive,ScalarOnly,8000,64,10,197,0.024625,10,0.0,0,ranking_truncation,0,0,0,10,10,1.0,4.414141999859567,8000,197,0,8000,0,0,0,1,0,0.0,0
61,medium,positive,PostFilter-IVF,8000,64,10,197,0.024625,10,0.8,0,ranking_truncation,0,0,0,10,10,1.0,1.3757340002484852,1243,27,1243,1243,0,8,0,1,0,0.0,0
61,medium,positive,AdaptivePostFilter-IVF,8000,64,10,197,0.024625,10,1.0,1,none,0,0,0,10,10,1.0,5.576569999902858,4800,101,4800,4800,0,28,0,1,0,0.0,0
61,medium,positive,ExactPrefix-PostFilter,8000,64,10,197,0.024625,10,1.0,1,none,0,0,0,10,10,1.0,2.1580410002570716,1600,37,8000,1600,0,0,0,1,0,0.0,0
61,medium,positive,TenantPartition-IVF,8000,64,10,197,0.024625,10,0.8,0,ranking_truncation,0,0,0,10,10,1.0,0.7252679997691303,1243,27,1243,1243,0,8,0,1,0,0.0,0
61,medium,positive,PreFilter-IVF,8000,64,10,197,0.024625,10,0.8,0,ranking_truncation,0,0,0,10,10,1.0,1.4918570000190812,1362,26,26,1362,9,8,0,1,0,0.0,0
61,medium,positive,PACER-A,8000,64,10,197,0.024625,10,1.0,1,none,0,0,0,10,10,1.0,3.5644969998429588,226,197,226,226,48,38,1,1,0,0.0,0
61,medium,positive,PACER-C,8000,64,10,197,0.024625,10,1.0,1,none,0,0,0,10,10,1.0,3.1651989997953933,226,197,226,226,48,38,1,1,0,0.0,0
61,medium,positive,PACER-X,8000,64,10,197,0.024625,10,1.0,1,none,0,0,0,10,10,1.0,3.1902179998724023,226,197,226,226,48,38,1,1,0,0.0,0
61,medium,positive,PACER-A-NoSlices,8000,64,10,197,0.024625,10,0.8,0,ranking_truncation,0,0,0,10,10,1.0,1.6838740002640407,1600,27,1600,1600,10,10,0,1,0,0.8120115995407104,1
61,medium,positive,PACER-A-NoBounds,8000,64,10,197,0.024625,10,1.0,1,none,0,0,0,10,10,1.0,3.6322610003480804,226,197,226,226,48,38,1,1,0,0.0,0
61,medium,positive,StaleNoRecheck,8000,64,10,197,0.024625,10,0.8,0,ranking_truncation,0,0,0,10,10,1.0,1.608279000265611,1243,29,1243,1243,0,8,0,1,0,0.0,0
61,medium,positive,NaiveNoPolicy,8000,64,10,197,0.024625,10,0.1,0,ranking_truncation,9,2,6,1,10,0.1,0.5946720002611983,1243,1243,1243,0,0,8,0,1,0,0.0,0
62,narrow,positive,ExactSecure,8000,64,10,3,0.000375,3,1.0,1,none,0,0,0,3,3,1.0,3.847851000045921,8000,3,3,8000,0,0,1,1,0,0.0,0
62,narrow,positive,PreFilter-Exact,8000,64,10,3,0.000375,3,1.0,1,none,0,0,0,3,3,1.0,4.799923000064155,8000,3,3,8000,0,0,1,1,0,0.0,0
62,narrow,positive,BitmapSlice-Exact,8000,64,10,3,0.000375,3,1.0,1,none,0,0,0,3,3,1.0,0.08212800003093434,3,3,3,3,0,0,1,1,0,0.0,0
62,narrow,positive,ScalarOnly,8000,64,10,3,0.000375,3,1.0,0,ranking_truncation,0,0,0,3,3,1.0,3.9290710001296247,8000,3,0,8000,0,0,0,1,0,0.0,0
62,narrow,positive,PostFilter-IVF,8000,64,10,3,0.000375,0,0.0,0,candidate_starvation,0,0,0,0,0,1.0,1.097780999771203,1243,0,1243,1243,0,8,0,1,0,0.0,0
62,narrow,positive,AdaptivePostFilter-IVF,8000,64,10,3,0.000375,2,0.6666666666666666,0,candidate_starvation,0,0,0,2,2,1.0,4.784945000210428,4800,2,4800,4800,0,28,0,1,0,0.0,0
62,narrow,positive,ExactPrefix-PostFilter,8000,64,10,3,0.000375,2,0.6666666666666666,0,candidate_starvation,0,0,0,2,2,1.0,2.108201000282861,1600,2,8000,1600,0,0,0,1,0,0.0,0
62,narrow,positive,TenantPartition-IVF,8000,64,10,3,0.000375,0,0.0,0,candidate_starvation,0,0,0,0,0,1.0,0.7006549999459821,1243,0,1243,1243,0,8,0,1,0,0.0,0
62,narrow,positive,PreFilter-IVF,8000,64,10,3,0.000375,3,1.0,1,none,0,0,0,3,3,1.0,0.8199409999178897,402,3,3,402,48,2,0,1,0,0.0,0
62,narrow,positive,PACER-A,8000,64,10,3,0.000375,3,1.0,1,none,0,0,0,3,3,1.0,0.35264699999970617,3,3,3,3,34,2,1,1,0,0.0,0
62,narrow,positive,PACER-C,8000,64,10,3,0.000375,3,1.0,1,none,0,0,0,3,3,1.0,0.23522499986938783,3,3,3,3,34,2,1,1,0,0.0,0
62,narrow,positive,PACER-X,8000,64,10,3,0.000375,3,1.0,1,none,0,0,0,3,3,1.0,0.2932329998657224,3,3,3,3,34,2,1,1,0,0.0,0
62,narrow,positive,PACER-A-NoSlices,8000,64,10,3,0.000375,0,0.0,0,candidate_starvation,0,0,0,0,0,1.0,1.3576229998761846,1600,0,1600,1600,10,10,0,1,0,0.0,1
62,narrow,positive,PACER-A-NoBounds,8000,64,10,3,0.000375,3,1.0,1,none,0,0,0,3,3,1.0,0.2187579998462752,3,3,3,3,34,2,1,1,0,0.0,0
62,narrow,positive,StaleNoRecheck,8000,64,10,3,0.000375,0,0.0,0,candidate_starvation,0,0,0,0,0,1.0,0.980416999937006,1243,0,1243,1243,0,8,0,1,0,0.0,0
62,narrow,positive,NaiveNoPolicy,8000,64,10,3,0.000375,10,0.0,0,ranking_truncation,10,1,10,0,10,0.0,0.3949480001210759,1243,1243,1243,0,0,8,0,1,0,0.0,0
63,cold,positive,ExactSecure,8000,64,10,1,0.000125,1,1.0,1,none,0,0,0,1,1,1.0,4.627951000202302,8000,1,1,8000,0,0,1,1,0,0.0,0
63,cold,positive,PreFilter-Exact,8000,64,10,1,0.000125,1,1.0,1,none,0,0,0,1,1,1.0,4.750211000100535,8000,1,1,8000,0,0,1,1,0,0.0,0
63,cold,positive,BitmapSlice-Exact,8000,64,10,1,0.000125,1,1.0,1,none,0,0,0,1,1,1.0,0.09774000000106753,3,1,1,3,0,0,1,1,0,0.0,0
63,cold,positive,ScalarOnly,8000,64,10,1,0.000125,1,1.0,1,none,0,0,0,1,1,1.0,4.372867999791197,8000,1,0,8000,0,0,0,1,0,0.0,0
63,cold,positive,PostFilter-IVF,8000,64,10,1,0.000125,1,1.0,1,none,0,0,0,1,1,1.0,1.0474040000190143,1234,1,1234,1234,0,8,0,1,0,0.0,0
63,cold,positive,AdaptivePostFilter-IVF,8000,64,10,1,0.000125,1,1.0,1,none,0,0,0,1,1,1.0,4.849888000080682,4800,1,4800,4800,0,29,0,1,0,0.0,0
63,cold,positive,ExactPrefix-PostFilter,8000,64,10,1,0.000125,0,0.0,0,candidate_starvation,0,0,0,0,0,1.0,1.8003640002461907,1600,0,8000,1600,0,0,0,1,0,0.0,0
63,cold,positive,TenantPartition-IVF,8000,64,10,1,0.000125,1,1.0,1,none,0,0,0,1,1,1.0,0.5870529998901475,1234,1,1234,1234,0,8,0,1,0,0.0,0
63,cold,positive,PreFilter-IVF,8000,64,10,1,0.000125,1,1.0,1,none,0,0,0,1,1,1.0,0.442482999915228,133,1,1,133,48,1,0,1,0,0.0,0
63,cold,positive,PACER-A,8000,64,10,1,0.000125,1,1.0,1,none,0,0,0,1,1,1.0,0.22690300011163345,3,1,3,3,3,1,1,1,0,0.0,0
63,cold,positive,PACER-C,8000,64,10,1,0.000125,1,1.0,1,none,0,0,0,1,1,1.0,0.19117300007565063,3,1,3,3,3,1,1,1,0,0.0,0
63,cold,positive,PACER-X,8000,64,10,1,0.000125,1,1.0,1,none,0,0,0,1,1,1.0,0.20607899978131172,3,1,3,3,3,1,1,1,0,0.0,0
63,cold,positive,PACER-A-NoSlices,8000,64,10,1,0.000125,1,1.0,1,none,0,0,0,1,1,1.0,1.4340319999064377,1600,1,1600,1600,11,11,0,1,0,0.0,1
63,cold,positive,PACER-A-NoBounds,8000,64,10,1,0.000125,1,1.0,1,none,0,0,0,1,1,1.0,0.13257199998406577,3,1,3,3,2,1,1,1,0,0.0,0
63,cold,positive,StaleNoRecheck,8000,64,10,1,0.000125,3,1.0,0,ranking_truncation,0,2,0,1,3,0.3333333333333333,0.8688640000400483,1234,3,1234,1234,0,8,0,1,0,0.0,0
63,cold,positive,NaiveNoPolicy,8000,64,10,1,0.000125,10,0.0,0,ranking_truncation,9,1,9,0,10,0.0,0.4526460002125532,1234,1234,1234,0,0,8,0,1,0,0.0,0
64,broad,positive,ExactSecure,8000,64,10,3631,0.453875,10,1.0,1,none,0,0,0,10,10,1.0,4.573438000079477,8000,3631,3631,8000,0,0,1,1,0,0.0,0
64,broad,positive,PreFilter-Exact,8000,64,10,3631,0.453875,10,1.0,1,none,0,0,0,10,10,1.0,4.794900999968377,8000,3631,3631,8000,0,0,1,1,0,0.0,0
64,broad,positive,BitmapSlice-Exact,8000,64,10,3631,0.453875,10,1.0,1,none,0,0,0,10,10,1.0,7.13159299994004,4067,3631,3631,4067,0,0,1,1,0,0.0,0
64,broad,positive,ScalarOnly,8000,64,10,3631,0.453875,10,0.0,0,ranking_truncation,0,0,0,10,10,1.0,4.437394999968092,8000,3631,0,8000,0,0,0,1,0,0.0,0
64,broad,positive,PostFilter-IVF,8000,64,10,3631,0.453875,10,0.8,0,ranking_truncation,0,0,0,10,10,1.0,1.2237519999871438,1293,576,1293,1293,0,8,0,1,0,0.0,0
64,broad,positive,AdaptivePostFilter-IVF,8000,64,10,3631,0.453875,10,1.0,1,none,0,0,0,10,10,1.0,6.779915000151959,4800,2262,4800,4800,0,29,0,1,0,0.0,0
64,broad,positive,ExactPrefix-PostFilter,8000,64,10,3631,0.453875,10,1.0,1,none,0,0,0,10,10,1.0,2.0228759999554313,1600,728,8000,1600,0,0,0,1,0,0.0,0
64,broad,positive,TenantPartition-IVF,8000,64,10,3631,0.453875,10,0.8,0,ranking_truncation,0,0,0,10,10,1.0,0.9828170000218961,1293,576,1293,1293,0,8,0,1,0,0.0,0
64,broad,positive,PreFilter-IVF,8000,64,10,3631,0.453875,10,0.8,0,ranking_truncation,0,0,0,10,10,1.0,1.3706619997719827,1293,576,576,1293,8,8,0,1,0,0.0,0
64,broad,positive,PACER-A,8000,64,10,3631,0.453875,10,0.9,0,ranking_truncation,0,0,0,10,10,1.0,4.996384000151011,1600,1430,1600,1600,19,19,0,1,0,0.6346892416477203,1
64,broad,positive,PACER-C,8000,64,10,3631,0.453875,10,1.0,1,none,0,0,0,10,10,1.0,10.873980000269512,4067,3631,4067,4067,48,48,1,1,0,0.0,0
64,broad,positive,PACER-X,8000,64,10,3631,0.453875,10,1.0,1,none,0,0,0,10,10,1.0,11.543678999714757,4067,3631,4067,4067,48,48,1,1,0,0.0,0
64,broad,positive,PACER-A-NoSlices,8000,64,10,3631,0.453875,10,0.9,0,ranking_truncation,0,0,0,10,10,1.0,1.7484539998804394,1600,660,1600,1600,10,10,0,1,0,0.6446743011474609,1
64,broad,positive,PACER-A-NoBounds,8000,64,10,3631,0.453875,10,0.9,0,ranking_truncation,0,0,0,10,10,1.0,4.734829999961221,1600,1433,1600,1600,18,18,0,1,0,0.0,1
64,broad,positive,StaleNoRecheck,8000,64,10,3631,0.453875,10,0.8,0,ranking_truncation,0,0,0,10,10,1.0,1.0276250000060827,1293,643,1293,1293,0,8,0,1,0,0.0,0
64,broad,positive,NaiveNoPolicy,8000,64,10,3631,0.453875,10,0.4,0,ranking_truncation,0,0,6,4,10,0.4,0.304514999697858,1293,1293,1293,0,0,8,0,1,0,0.0,0
65,medium,positive,ExactSecure,8000,64,10,160,0.02,10,1.0,1,none,0,0,0,10,10,1.0,4.333906999818282,8000,160,160,8000,0,0,1,1,0,0.0,0
65,medium,positive,PreFilter-Exact,8000,64,10,160,0.02,10,1.0,1,none,0,0,0,10,10,1.0,4.080732000147691,8000,160,160,8000,0,0,1,1,0,0.0,0
65,medium,positive,BitmapSlice-Exact,8000,64,10,160,0.02,10,1.0,1,none,0,0,0,10,10,1.0,0.36928199961039354,171,160,160,171,0,0,1,1,0,0.0,0
65,medium,positive,ScalarOnly,8000,64,10,160,0.02,10,0.0,0,ranking_truncation,0,0,0,10,10,1.0,4.255510999882972,8000,160,0,8000,0,0,0,1,0,0.0,0
65,medium,positive,PostFilter-IVF,8000,64,10,160,0.02,10,0.7,0,ranking_truncation,0,0,0,10,10,1.0,1.0370259997216635,1294,51,1294,1294,0,8,0,1,0,0.0,0
65,medium,positive,AdaptivePostFilter-IVF,8000,64,10,160,0.02,10,0.9,0,ranking_truncation,0,0,0,10,10,1.0,4.526301999703719,4800,104,4800,4800,0,30,0,1,0,0.0,0
65,medium,positive,ExactPrefix-PostFilter,8000,64,10,160,0.02,10,1.0,1,none,0,0,0,10,10,1.0,1.8063820002680586,1600,42,8000,1600,0,0,0,1,0,0.0,0
65,medium,positive,TenantPartition-IVF,8000,64,10,160,0.02,10,0.7,0,ranking_truncation,0,0,0,10,10,1.0,0.7189009998000984,1294,51,1294,1294,0,8,0,1,0,0.0,0
65,medium,positive,PreFilter-IVF,8000,64,10,160,0.02,10,0.7,0,ranking_truncation,0,0,0,10,10,1.0,1.5923129999464436,1225,54,54,1225,12,8,0,1,0,0.0,0
65,medium,positive,PACER-A,8000,64,10,160,0.02,10,1.0,1,none,0,0,0,10,10,1.0,3.123254000001907,171,160,171,171,48,37,1,1,0,0.0,0
65,medium,positive,PACER-C,8000,64,10,160,0.02,10,1.0,1,none,0,0,0,10,10,1.0,3.085951999764802,171,160,171,171,48,37,1,1,0,0.0,0
65,medium,positive,PACER-X,8000,64,10,160,0.02,10,1.0,1,none,0,0,0,10,10,1.0,2.952292999907513,171,160,171,171,48,37,1,1,0,0.0,0
65,medium,positive,PACER-A-NoSlices,8000,64,10,160,0.02,10,0.7,0,ranking_truncation,0,0,0,10,10,1.0,1.5867060001255595,1600,51,1600,1600,11,11,0,1,0,0.8289132416248322,1
65,medium,positive,PACER-A-NoBounds,8000,64,10,160,0.02,10,1.0,1,none,0,0,0,10,10,1.0,3.0505839999932505,171,160,171,171,48,37,1,1,0,0.0,0
65,medium,positive,StaleNoRecheck,8000,64,10,160,0.02,10,0.7,0,ranking_truncation,0,1,0,9,10,0.9,1.0226119998151262,1294,56,1294,1294,0,8,0,1,0,0.0,0
65,medium,positive,NaiveNoPolicy,8000,64,10,160,0.02,10,0.1,0,ranking_truncation,4,0,9,1,10,0.1,0.5234409995864553,1294,1294,1294,0,0,8,0,1,0,0.0,0
66,narrow,positive,ExactSecure,8000,64,10,4,0.0005,4,1.0,1,none,0,0,0,4,4,1.0,4.113090999908309,8000,4,4,8000,0,0,1,1,0,0.0,0
66,narrow,positive,PreFilter-Exact,8000,64,10,4,0.0005,4,1.0,1,none,0,0,0,4,4,1.0,4.201438000109192,8000,4,4,8000,0,0,1,1,0,0.0,0
66,narrow,positive,BitmapSlice-Exact,8000,64,10,4,0.0005,4,1.0,1,none,0,0,0,4,4,1.0,0.0763009998081543,4,4,4,4,0,0,1,1,0,0.0,0
66,narrow,positive,ScalarOnly,8000,64,10,4,0.0005,4,1.0,0,ranking_truncation,0,0,0,4,4,1.0,3.926828000203386,8000,4,0,8000,0,0,0,1,0,0.0,0
66,narrow,positive,PostFilter-IVF,8000,64,10,4,0.0005,3,0.75,0,candidate_starvation,0,0,0,3,3,1.0,1.1252650001551956,1458,3,1458,1458,0,8,0,1,0,0.0,0
66,narrow,positive,AdaptivePostFilter-IVF,8000,64,10,4,0.0005,4,1.0,1,none,0,0,0,4,4,1.0,4.528787999788619,4800,4,4800,4800,0,28,0,1,0,0.0,0
66,narrow,positive,ExactPrefix-PostFilter,8000,64,10,4,0.0005,1,0.25,0,candidate_starvation,0,0,0,1,1,1.0,1.787698000043747,1600,1,8000,1600,0,0,0,1,0,0.0,0
66,narrow,positive,TenantPartition-IVF,8000,64,10,4,0.0005,3,0.75,0,candidate_starvation,0,0,0,3,3,1.0,0.6924510003045725,1458,3,1458,1458,0,8,0,1,0,0.0,0
66,narrow,positive,PreFilter-IVF,8000,64,10,4,0.0005,4,1.0,1,none,0,0,0,4,4,1.0,0.6576089999725809,456,4,4,456,48,2,0,1,0,0.0,0
66,narrow,positive,PACER-A,8000,64,10,4,0.0005,4,1.0,1,none,0,0,0,4,4,1.0,0.26269699992553797,4,4,4,4,19,2,1,1,0,0.0,0
66,narrow,positive,PACER-C,8000,64,10,4,0.0005,4,1.0,1,none,0,0,0,4,4,1.0,0.20466800015128683,4,4,4,4,19,2,1,1,0,0.0,0
66,narrow,positive,PACER-X,8000,64,10,4,0.0005,4,1.0,1,none,0,0,0,4,4,1.0,0.2445820000502863,4,4,4,4,19,2,1,1,0,0.0,0
66,narrow,positive,PACER-A-NoSlices,8000,64,10,4,0.0005,3,0.75,0,candidate_starvation,0,0,0,3,3,1.0,1.2396789998092572,1600,3,1600,1600,9,9,0,1,0,0.0,1
66,narrow,positive,PACER-A-NoBounds,8000,64,10,4,0.0005,4,1.0,1,none,0,0,0,4,4,1.0,0.2578079997874738,4,4,4,4,17,2,1,1,0,0.0,0
66,narrow,positive,StaleNoRecheck,8000,64,10,4,0.0005,3,0.75,0,candidate_starvation,0,0,0,3,3,1.0,1.1141370000586903,1458,3,1458,1458,0,8,0,1,0,0.0,0
66,narrow,positive,NaiveNoPolicy,8000,64,10,4,0.0005,10,0.25,0,ranking_truncation,9,1,8,1,10,0.1,0.5128269999659096,1458,1458,1458,0,0,8,0,1,0,0.0,0
67,cold,positive,ExactSecure,8000,64,10,6,0.00075,6,1.0,1,none,0,0,0,6,6,1.0,3.7464619999809656,8000,6,6,8000,0,0,1,1,0,0.0,0
67,cold,positive,PreFilter-Exact,8000,64,10,6,0.00075,6,1.0,1,none,0,0,0,6,6,1.0,3.975748999891948,8000,6,6,8000,0,0,1,1,0,0.0,0
67,cold,positive,BitmapSlice-Exact,8000,64,10,6,0.00075,6,1.0,1,none,0,0,0,6,6,1.0,0.10069499967357842,7,6,6,7,0,0,1,1,0,0.0,0
67,cold,positive,ScalarOnly,8000,64,10,6,0.00075,6,1.0,0,ranking_truncation,0,0,0,6,6,1.0,3.8214679998418433,8000,6,0,8000,0,0,0,1,0,0.0,0
67,cold,positive,PostFilter-IVF,8000,64,10,6,0.00075,2,0.3333333333333333,0,candidate_starvation,0,0,0,2,2,1.0,1.048136000008526,1311,2,1311,1311,0,8,0,1,0,0.0,0
67,cold,positive,AdaptivePostFilter-IVF,8000,64,10,6,0.00075,4,0.6666666666666666,0,candidate_starvation,0,0,0,4,4,1.0,4.415126999901986,4800,4,4800,4800,0,30,0,1,0,0.0,0
67,cold,positive,ExactPrefix-PostFilter,8000,64,10,6,0.00075,3,0.5,0,candidate_starvation,0,0,0,3,3,1.0,1.747278000038932,1600,3,8000,1600,0,0,0,1,0,0.0,0
67,cold,positive,TenantPartition-IVF,8000,64,10,6,0.00075,2,0.3333333333333333,0,candidate_starvation,0,0,0,2,2,1.0,0.6430140001612017,1311,2,1311,1311,0,8,0,1,0,0.0,0
67,cold,positive,PreFilter-IVF,8000,64,10,6,0.00075,6,1.0,1,none,0,0,0,6,6,1.0,0.9373540001433867,797,6,6,797,48,5,0,1,0,0.0,0
67,cold,positive,PACER-A,8000,64,10,6,0.00075,6,1.0,1,none,0,0,0,6,6,1.0,0.5161929998394044,7,6,7,7,48,5,1,1,0,0.0,0
67,cold,positive,PACER-C,8000,64,10,6,0.00075,6,1.0,1,none,0,0,0,6,6,1.0,0.3891730002578697,7,6,7,7,48,5,1,1,0,0.0,0
67,cold,positive,PACER-X,8000,64,10,6,0.00075,6,1.0,1,none,0,0,0,6,6,1.0,0.42773999985001865,7,6,7,7,48,5,1,1,0,0.0,0
67,cold,positive,PACER-A-NoSlices,8000,64,10,6,0.00075,2,0.3333333333333333,0,candidate_starvation,0,0,0,2,2,1.0,1.23115999986112,1600,2,1600,1600,10,10,0,1,0,0.0,1
67,cold,positive,PACER-A-NoBounds,8000,64,10,6,0.00075,6,1.0,1,none,0,0,0,6,6,1.0,0.43640800004141056,7,6,7,7,47,5,1,1,0,0.0,0
67,cold,positive,StaleNoRecheck,8000,64,10,6,0.00075,3,0.3333333333333333,0,candidate_starvation,0,1,0,2,3,0.6666666666666666,0.9307870000156981,1311,3,1311,1311,0,8,0,1,0,0.0,0
67,cold,positive,NaiveNoPolicy,8000,64,10,6,0.00075,10,0.16666666666666666,0,ranking_truncation,9,0,9,1,10,0.1,0.31173299976217095,1311,1311,1311,0,0,8,0,1,0,0.0,0
68,broad,positive,ExactSecure,8000,64,10,3556,0.4445,10,1.0,1,none,0,0,0,10,10,1.0,5.110573000365548,8000,3556,3556,8000,0,0,1,1,0,0.0,0
68,broad,positive,PreFilter-Exact,8000,64,10,3556,0.4445,10,1.0,1,none,0,0,0,10,10,1.0,4.6403299998019065,8000,3556,3556,8000,0,0,1,1,0,0.0,0
68,broad,positive,BitmapSlice-Exact,8000,64,10,3556,0.4445,10,1.0,1,none,0,0,0,10,10,1.0,7.05519999974058,3877,3556,3556,3877,0,0,1,1,0,0.0,0
68,broad,positive,ScalarOnly,8000,64,10,3556,0.4445,10,0.0,0,ranking_truncation,0,0,0,10,10,1.0,4.128658999889012,8000,3556,0,8000,0,0,0,1,0,0.0,0
68,broad,positive,PostFilter-IVF,8000,64,10,3556,0.4445,10,0.7,0,ranking_truncation,0,0,0,10,10,1.0,1.1878880000040226,1524,840,1524,1524,0,8,0,1,0,0.0,0
68,broad,positive,AdaptivePostFilter-IVF,8000,64,10,3556,0.4445,10,1.0,1,none,0,0,0,10,10,1.0,4.632583999864437,4800,2328,4800,4800,0,29,0,1,0,0.0,0
68,broad,positive,ExactPrefix-PostFilter,8000,64,10,3556,0.4445,10,1.0,1,none,0,0,0,10,10,1.0,2.1286039996084583,1600,774,8000,1600,0,0,0,1,0,0.0,0
68,broad,positive,TenantPartition-IVF,8000,64,10,3556,0.4445,10,0.7,0,ranking_truncation,0,0,0,10,10,1.0,1.372185000036552,1524,840,1524,1524,0,8,0,1,0,0.0,0
68,broad,positive,PreFilter-IVF,8000,64,10,3556,0.4445,10,0.8,0,ranking_truncation,0,0,0,10,10,1.0,1.9921980001527118,1529,820,820,1529,8,8,0,1,0,0.0,0
68,broad,positive,PACER-A,8000,64,10,3556,0.4445,10,0.9,0,ranking_truncation,0,0,0,10,10,1.0,4.472547999739618,1600,1459,1600,1600,16,16,0,1,0,0.6385675072669983,1
68,broad,positive,PACER-C,8000,64,10,3556,0.4445,10,1.0,1,none,0,0,0,10,10,1.0,11.710105000020121,3877,3556,3877,3877,48,48,1,1,0,0.0,0
68,broad,positive,PACER-X,8000,64,10,3556,0.4445,10,1.0,1,none,0,0,0,10,10,1.0,11.50585699997464,3877,3556,3877,3877,48,48,1,1,0,0.0,0
68,broad,positive,PACER-A-NoSlices,8000,64,10,3556,0.4445,10,0.9,0,ranking_truncation,0,0,0,10,10,1.0,1.778433999788831,1600,875,1600,1600,9,9,0,1,0,0.6597772240638733,1
68,broad,positive,PACER-A-NoBounds,8000,64,10,3556,0.4445,10,1.0,1,none,0,0,0,10,10,1.0,4.555569999865838,1600,1453,1600,1600,17,17,0,1,0,0.0,1
68,broad,positive,StaleNoRecheck,8000,64,10,3556,0.4445,10,0.7,0,ranking_truncation,0,0,0,10,10,1.0,1.250748999609641,1524,924,1524,1524,0,8,0,1,0,0.0,0
68,broad,positive,NaiveNoPolicy,8000,64,10,3556,0.4445,10,0.3,0,ranking_truncation,0,0,7,3,10,0.3,0.5182119998607959,1524,1524,1524,0,0,8,0,1,0,0.0,0
69,medium,positive,ExactSecure,8000,64,10,186,0.02325,10,1.0,1,none,0,0,0,10,10,1.0,3.909966999799508,8000,186,186,8000,0,0,1,1,0,0.0,0
69,medium,positive,PreFilter-Exact,8000,64,10,186,0.02325,10,1.0,1,none,0,0,0,10,10,1.0,3.8116800001262163,8000,186,186,8000,0,0,1,1,0,0.0,0
69,medium,positive,BitmapSlice-Exact,8000,64,10,186,0.02325,10,1.0,1,none,0,0,0,10,10,1.0,0.4564690002553107,212,186,186,212,0,0,1,1,0,0.0,0
69,medium,positive,ScalarOnly,8000,64,10,186,0.02325,10,0.1,0,ranking_truncation,0,0,0,10,10,1.0,3.893853000136005,8000,186,0,8000,0,0,0,1,0,0.0,0
69,medium,positive,PostFilter-IVF,8000,64,10,186,0.02325,10,1.0,1,none,0,0,0,10,10,1.0,1.0973679995913699,1407,58,1407,1407,0,8,0,1,0,0.0,0
69,medium,positive,AdaptivePostFilter-IVF,8000,64,10,186,0.02325,10,1.0,1,none,0,0,0,10,10,1.0,4.298293000374542,4800,120,4800,4800,0,29,0,1,0,0.0,0
69,medium,positive,ExactPrefix-PostFilter,8000,64,10,186,0.02325,10,1.0,1,none,0,0,0,10,10,1.0,1.9757540003411123,1600,54,8000,1600,0,0,0,1,0,0.0,0
69,medium,positive,TenantPartition-IVF,8000,64,10,186,0.02325,10,1.0,1,none,0,0,0,10,10,1.0,0.9468859998378321,1407,58,1407,1407,0,8,0,1,0,0.0,0
69,medium,positive,PreFilter-IVF,8000,64,10,186,0.02325,10,1.0,1,none,0,0,0,10,10,1.0,1.176021999981458,1407,58,58,1407,8,8,0,1,0,0.0,0
69,medium,positive,PACER-A,8000,64,10,186,0.02325,10,1.0,1,none,0,0,0,10,10,1.0,3.2076339998639014,212,186,212,212,48,39,1,1,0,0.0,0
69,medium,positive,PACER-C,8000,64,10,186,0.02325,10,1.0,1,none,0,0,0,10,10,1.0,3.1146170003921725,212,186,212,212,48,39,1,1,0,0.0,0
69,medium,positive,PACER-X,8000,64,10,186,0.02325,10,1.0,1,none,0,0,0,10,10,1.0,3.0352060002769576,212,186,212,212,48,39,1,1,0,0.0,0
69,medium,positive,PACER-A-NoSlices,8000,64,10,186,0.02325,10,1.0,1,none,0,0,0,10,10,1.0,1.6371629999412107,1600,59,1600,1600,9,9,0,1,0,0.7504567354917526,1
69,medium,positive,PACER-A-NoBounds,8000,64,10,186,0.02325,10,1.0,1,none,0,0,0,10,10,1.0,3.185413999744924,212,186,212,212,48,39,1,1,0,0.0,0
69,medium,positive,StaleNoRecheck,8000,64,10,186,0.02325,10,1.0,1,none,0,0,0,10,10,1.0,1.0932730001513846,1407,65,1407,1407,0,8,0,1,0,0.0,0
69,medium,positive,NaiveNoPolicy,8000,64,10,186,0.02325,10,0.1,0,ranking_truncation,9,2,4,1,10,0.1,0.5287290000524081,1407,1407,1407,0,0,8,0,1,0,0.0,0
70,narrow,positive,ExactSecure,8000,64,10,8,0.001,8,1.0,1,none,0,0,0,8,8,1.0,3.81727600006343,8000,8,8,8000,0,0,1,1,0,0.0,0
70,narrow,positive,PreFilter-Exact,8000,64,10,8,0.001,8,1.0,1,none,0,0,0,8,8,1.0,4.011154000181705,8000,8,8,8000,0,0,1,1,0,0.0,0
70,narrow,positive,BitmapSlice-Exact,8000,64,10,8,0.001,8,1.0,1,none,0,0,0,8,8,1.0,0.07921500036900397,8,8,8,8,0,0,1,1,0,0.0,0
70,narrow,positive,ScalarOnly,8000,64,10,8,0.001,8,1.0,0,ranking_truncation,0,0,0,8,8,1.0,3.8149219999468187,8000,8,0,8000,0,0,0,1,0,0.0,0
70,narrow,positive,PostFilter-IVF,8000,64,10,8,0.001,8,1.0,1,none,0,0,0,8,8,1.0,1.1274940002294898,1551,8,1551,1551,0,8,0,1,0,0.0,0
70,narrow,positive,AdaptivePostFilter-IVF,8000,64,10,8,0.001,8,1.0,1,none,0,0,0,8,8,1.0,4.077357999904052,4800,8,4800,4800,0,28,0,1,0,0.0,0
70,narrow,positive,ExactPrefix-PostFilter,8000,64,10,8,0.001,4,0.5,0,candidate_starvation,0,0,0,4,4,1.0,2.0352669998828787,1600,4,8000,1600,0,0,0,1,0,0.0,0
70,narrow,positive,TenantPartition-IVF,8000,64,10,8,0.001,8,1.0,1,none,0,0,0,8,8,1.0,0.8733499998925254,1551,8,1551,1551,0,8,0,1,0,0.0,0
70,narrow,positive,PreFilter-IVF,8000,64,10,8,0.001,8,1.0,1,none,0,0,0,8,8,1.0,0.739771000098699,473,8,8,473,48,2,0,1,0,0.0,0
70,narrow,positive,PACER-A,8000,64,10,8,0.001,8,1.0,1,none,0,0,0,8,8,1.0,0.2642770000420569,8,8,8,8,10,2,1,1,0,0.0,0
70,narrow,positive,PACER-C,8000,64,10,8,0.001,8,1.0,1,none,0,0,0,8,8,1.0,0.26899500016952516,8,8,8,8,10,2,1,1,0,0.0,0
70,narrow,positive,PACER-X,8000,64,10,8,0.001,8,1.0,1,none,0,0,0,8,8,1.0,0.25604600023143576,8,8,8,8,10,2,1,1,0,0.0,0
70,narrow,positive,PACER-A-NoSlices,8000,64,10,8,0.001,3,0.375,0,candidate_starvation,0,0,0,3,3,1.0,1.2113689999750932,1600,3,1600,1600,9,9,0,1,0,0.0,1
70,narrow,positive,PACER-A-NoBounds,8000,64,10,8,0.001,8,1.0,1,none,0,0,0,8,8,1.0,0.24516000030416762,8,8,8,8,8,2,1,1,0,0.0,0
70,narrow,positive,StaleNoRecheck,8000,64,10,8,0.001,8,1.0,1,none,0,0,0,8,8,1.0,1.0898220002673042,1551,8,1551,1551,0,8,0,1,0,0.0,0
70,narrow,positive,NaiveNoPolicy,8000,64,10,8,0.001,10,0.125,0,ranking_truncation,9,2,6,1,10,0.1,0.3627789997153741,1551,1551,1551,0,0,8,0,1,0,0.0,0
71,cold,positive,ExactSecure,8000,64,10,2,0.00025,2,1.0,1,none,0,0,0,2,2,1.0,3.8741439998375427,8000,2,2,8000,0,0,1,1,0,0.0,0
71,cold,positive,PreFilter-Exact,8000,64,10,2,0.00025,2,1.0,1,none,0,0,0,2,2,1.0,4.218711999783409,8000,2,2,8000,0,0,1,1,0,0.0,0
71,cold,positive,BitmapSlice-Exact,8000,64,10,2,0.00025,2,1.0,1,none,0,0,0,2,2,1.0,0.07595699980811332,3,2,2,3,0,0,1,1,0,0.0,0
71,cold,positive,ScalarOnly,8000,64,10,2,0.00025,2,1.0,1,none,0,0,0,2,2,1.0,4.0179669999815815,8000,2,0,8000,0,0,0,1,0,0.0,0
71,cold,positive,PostFilter-IVF,8000,64,10,2,0.00025,2,1.0,1,none,0,0,0,2,2,1.0,1.0754519998954493,1460,2,1460,1460,0,8,0,1,0,0.0,0
71,cold,positive,AdaptivePostFilter-IVF,8000,64,10,2,0.00025,2,1.0,1,none,0,0,0,2,2,1.0,4.219764000026771,4800,2,4800,4800,0,30,0,1,0,0.0,0
71,cold,positive,ExactPrefix-PostFilter,8000,64,10,2,0.00025,2,1.0,1,none,0,0,0,2,2,1.0,1.7537660000925825,1600,2,8000,1600,0,0,0,1,0,0.0,0
71,cold,positive,TenantPartition-IVF,8000,64,10,2,0.00025,2,1.0,1,none,0,0,0,2,2,1.0,0.7552900001428497,1460,2,1460,1460,0,8,0,1,0,0.0,0
71,cold,positive,PreFilter-IVF,8000,64,10,2,0.00025,2,1.0,1,none,0,0,0,2,2,1.0,0.5993699996906798,329,2,2,329,48,2,0,1,0,0.0,0
71,cold,positive,PACER-A,8000,64,10,2,0.00025,2,1.0,1,none,0,0,0,2,2,1.0,0.26266399981977884,3,2,3,3,18,2,1,1,0,0.0,0
71,cold,positive,PACER-C,8000,64,10,2,0.00025,2,1.0,1,none,0,0,0,2,2,1.0,0.1944129999174038,3,2,3,3,18,2,1,1,0,0.0,0
71,cold,positive,PACER-X,8000,64,10,2,0.00025,2,1.0,1,none,0,0,0,2,2,1.0,0.16479799978696974,3,2,3,3,18,2,1,1,0,0.0,0
71,cold,positive,PACER-A-NoSlices,8000,64,10,2,0.00025,2,1.0,1,none,0,0,0,2,2,1.0,1.1271779999333376,1600,2,1600,1600,9,9,0,1,0,0.0,1
71,cold,positive,PACER-A-NoBounds,8000,64,10,2,0.00025,2,1.0,1,none,0,0,0,2,2,1.0,0.1606089999768301,3,2,3,3,16,2,1,1,0,0.0,0
71,cold,positive,StaleNoRecheck,8000,64,10,2,0.00025,2,1.0,1,none,0,0,0,2,2,1.0,1.0358090003137477,1460,2,1460,1460,0,8,0,1,0,0.0,0
71,cold,positive,NaiveNoPolicy,8000,64,10,2,0.00025,10,0.5,0,ranking_truncation,6,1,7,1,10,0.1,0.32775099998616497,1460,1460,1460,0,0,8,0,1,0,0.0,0
72,broad,positive,ExactSecure,8000,64,10,3694,0.46175,10,1.0,1,none,0,0,0,10,10,1.0,4.21559200003685,8000,3694,3694,8000,0,0,1,1,0,0.0,0
72,broad,positive,PreFilter-Exact,8000,64,10,3694,0.46175,10,1.0,1,none,0,0,0,10,10,1.0,4.2048559998875135,8000,3694,3694,8000,0,0,1,1,0,0.0,0
72,broad,positive,BitmapSlice-Exact,8000,64,10,3694,0.46175,10,1.0,1,none,0,0,0,10,10,1.0,7.042978999834304,4118,3694,3694,4118,0,0,1,1,0,0.0,0
72,broad,positive,ScalarOnly,8000,64,10,3694,0.46175,10,0.0,0,ranking_truncation,0,0,0,10,10,1.0,3.837761999875511,8000,3694,0,8000,0,0,0,1,0,0.0,0
72,broad,positive,PostFilter-IVF,8000,64,10,3694,0.46175,10,1.0,1,none,0,0,0,10,10,1.0,0.9367859997837513,1230,644,1230,1230,0,8,0,1,0,0.0,0
72,broad,positive,AdaptivePostFilter-IVF,8000,64,10,3694,0.46175,10,1.0,1,none,0,0,0,10,10,1.0,4.088903000138089,4800,2268,4800,4800,0,30,0,1,0,0.0,0
72,broad,positive,ExactPrefix-PostFilter,8000,64,10,3694,0.46175,10,1.0,1,none,0,0,0,10,10,1.0,1.798560999759502,1600,795,8000,1600,0,0,0,1,0,0.0,0
72,broad,positive,TenantPartition-IVF,8000,64,10,3694,0.46175,10,1.0,1,none,0,0,0,10,10,1.0,0.8535870001651347,1230,644,1230,1230,0,8,0,1,0,0.0,0
72,broad,positive,PreFilter-IVF,8000,64,10,3694,0.46175,10,0.9,0,ranking_truncation,0,0,0,10,10,1.0,1.190381000014895,1105,631,631,1105,8,8,0,1,0,0.0,0
72,broad,positive,PACER-A,8000,64,10,3694,0.46175,10,1.0,1,none,0,0,0,10,10,1.0,4.541801999948802,1600,1438,1600,1600,19,19,0,1,0,0.5975308418273926,1
72,broad,positive,PACER-C,8000,64,10,3694,0.46175,10,1.0,1,none,0,0,0,10,10,1.0,13.94325600040247,4118,3694,4118,4118,48,48,1,1,0,0.0,0
72,broad,positive,PACER-X,8000,64,10,3694,0.46175,10,1.0,1,none,0,0,0,10,10,1.0,11.080999999649066,4118,3694,4118,4118,48,48,1,1,0,0.0,0
72,broad,positive,PACER-A-NoSlices,8000,64,10,3694,0.46175,10,1.0,1,none,0,0,0,10,10,1.0,1.8304010000065318,1600,820,1600,1600,11,11,0,1,0,0.6052187085151672,1
72,broad,positive,PACER-A-NoBounds,8000,64,10,3694,0.46175,10,1.0,1,none,0,0,0,10,10,1.0,4.284686000119109,1600,1440,1600,1600,19,19,0,1,0,0.0,1
72,broad,positive,StaleNoRecheck,8000,64,10,3694,0.46175,10,1.0,1,none,0,0,0,10,10,1.0,0.9824099997786107,1230,722,1230,1230,0,8,0,1,0,0.0,0
72,broad,positive,NaiveNoPolicy,8000,64,10,3694,0.46175,10,0.9,0,ranking_truncation,0,0,1,9,10,0.9,0.3933470002266404,1230,1230,1230,0,0,8,0,1,0,0.0,0
73,medium,positive,ExactSecure,8000,64,10,235,0.029375,10,1.0,1,none,0,0,0,10,10,1.0,3.964879000250221,8000,235,235,8000,0,0,1,1,0,0.0,0
73,medium,positive,PreFilter-Exact,8000,64,10,235,0.029375,10,1.0,1,none,0,0,0,10,10,1.0,4.147153999838338,8000,235,235,8000,0,0,1,1,0,0.0,0
73,medium,positive,BitmapSlice-Exact,8000,64,10,235,0.029375,10,1.0,1,none,0,0,0,10,10,1.0,0.539040000148816,257,235,235,257,0,0,1,1,0,0.0,0
73,medium,positive,ScalarOnly,8000,64,10,235,0.029375,10,0.1,0,ranking_truncation,0,0,0,10,10,1.0,4.177848999916023,8000,235,0,8000,0,0,0,1,0,0.0,0
73,medium,positive,PostFilter-IVF,8000,64,10,235,0.029375,10,0.7,0,ranking_truncation,0,0,0,10,10,1.0,1.014761000078579,1207,58,1207,1207,0,8,0,1,0,0.0,0
73,medium,positive,AdaptivePostFilter-IVF,8000,64,10,235,0.029375,10,1.0,1,none,0,0,0,10,10,1.0,4.380071000014141,4800,143,4800,4800,0,29,0,1,0,0.0,0
73,medium,positive,ExactPrefix-PostFilter,8000,64,10,235,0.029375,10,1.0,1,none,0,0,0,10,10,1.0,2.000341999973898,1600,57,8000,1600,0,0,0,1,0,0.0,0
73,medium,positive,TenantPartition-IVF,8000,64,10,235,0.029375,10,0.7,0,ranking_truncation,0,0,0,10,10,1.0,0.6974480002099881,1207,58,1207,1207,0,8,0,1,0,0.0,0
73,medium,positive,PreFilter-IVF,8000,64,10,235,0.029375,10,0.7,0,ranking_truncation,0,0,0,10,10,1.0,1.2217849998705788,1207,58,58,1207,8,8,0,1,0,0.0,0
73,medium,positive,PACER-A,8000,64,10,235,0.029375,10,1.0,1,none,0,0,0,10,10,1.0,3.3498989996587625,257,235,257,257,48,40,1,1,0,0.0,0
73,medium,positive,PACER-C,8000,64,10,235,0.029375,10,1.0,1,none,0,0,0,10,10,1.0,3.6349249999148014,257,235,257,257,48,40,1,1,0,0.0,0
73,medium,positive,PACER-X,8000,64,10,235,0.029375,10,1.0,1,none,0,0,0,10,10,1.0,3.7488779998966493,257,235,257,257,48,40,1,1,0,0.0,0
73,medium,positive,PACER-A-NoSlices,8000,64,10,235,0.029375,10,0.9,0,ranking_truncation,0,0,0,10,10,1.0,1.5768179996484832,1600,88,1600,1600,10,10,0,1,0,0.7456779181957245,1
73,medium,positive,PACER-A-NoBounds,8000,64,10,235,0.029375,10,1.0,1,none,0,0,0,10,10,1.0,3.3466790000602487,257,235,257,257,48,40,1,1,0,0.0,0
73,medium,positive,StaleNoRecheck,8000,64,10,235,0.029375,10,0.7,0,ranking_truncation,0,0,0,10,10,1.0,1.127534000261221,1207,63,1207,1207,0,8,0,1,0,0.0,0
73,medium,positive,NaiveNoPolicy,8000,64,10,235,0.029375,10,0.2,0,ranking_truncation,7,1,5,2,10,0.2,0.3316450001875637,1207,1207,1207,0,0,8,0,1,0,0.0,0
74,narrow,positive,ExactSecure,8000,64,10,5,0.000625,5,1.0,1,none,0,0,0,5,5,1.0,4.53730400022323,8000,5,5,8000,0,0,1,1,0,0.0,0
74,narrow,positive,PreFilter-Exact,8000,64,10,5,0.000625,5,1.0,1,none,0,0,0,5,5,1.0,4.145591999986209,8000,5,5,8000,0,0,1,1,0,0.0,0
74,narrow,positive,BitmapSlice-Exact,8000,64,10,5,0.000625,5,1.0,1,none,0,0,0,5,5,1.0,0.08053900000959402,5,5,5,5,0,0,1,1,0,0.0,0
74,narrow,positive,ScalarOnly,8000,64,10,5,0.000625,5,1.0,0,ranking_truncation,0,0,0,5,5,1.0,4.04629600006956,8000,5,0,8000,0,0,0,1,0,0.0,0
74,narrow,positive,PostFilter-IVF,8000,64,10,5,0.000625,1,0.2,0,candidate_starvation,0,0,0,1,1,1.0,1.282446000004711,1600,1,1600,1600,0,8,0,1,0,0.0,0
74,narrow,positive,AdaptivePostFilter-IVF,8000,64,10,5,0.000625,3,0.6,0,candidate_starvation,0,0,0,3,3,1.0,4.11631099996157,4800,3,4800,4800,0,29,0,1,0,0.0,0
74,narrow,positive,ExactPrefix-PostFilter,8000,64,10,5,0.000625,2,0.4,0,candidate_starvation,0,0,0,2,2,1.0,1.8711729999267845,1600,2,8000,1600,0,0,0,1,0,0.0,0
74,narrow,positive,TenantPartition-IVF,8000,64,10,5,0.000625,1,0.2,0,candidate_starvation,0,0,0,1,1,1.0,1.025760999709746,1600,1,1600,1600,0,8,0,1,0,0.0,0
74,narrow,positive,PreFilter-IVF,8000,64,10,5,0.000625,5,1.0,1,none,0,0,0,5,5,1.0,0.921226000173192,717,5,5,717,48,4,0,1,0,0.0,0
74,narrow,positive,PACER-A,8000,64,10,5,0.000625,5,1.0,1,none,0,0,0,5,5,1.0,0.4003839999313641,5,5,5,5,32,4,1,1,0,0.0,0
74,narrow,positive,PACER-C,8000,64,10,5,0.000625,5,1.0,1,none,0,0,0,5,5,1.0,0.42374899976493907,5,5,5,5,32,4,1,1,0,0.0,0
74,narrow,positive,PACER-X,8000,64,10,5,0.000625,5,1.0,1,none,0,0,0,5,5,1.0,0.46946799966463004,5,5,5,5,32,4,1,1,0,0.0,0
74,narrow,positive,PACER-A-NoSlices,8000,64,10,5,0.000625,2,0.4,0,candidate_starvation,0,0,0,2,2,1.0,1.828019000186032,1600,2,1600,1600,8,8,0,1,0,0.0,1
74,narrow,positive,PACER-A-NoBounds,8000,64,10,5,0.000625,5,1.0,1,none,0,0,0,5,5,1.0,0.45162600008552545,5,5,5,5,35,4,1,1,0,0.0,0
74,narrow,positive,StaleNoRecheck,8000,64,10,5,0.000625,1,0.2,0,candidate_starvation,0,0,0,1,1,1.0,1.835331000165752,1600,1,1600,1600,0,8,0,1,0,0.0,0
74,narrow,positive,NaiveNoPolicy,8000,64,10,5,0.000625,10,0.2,0,ranking_truncation,9,0,8,1,10,0.1,0.6805029997849488,1600,1600,1600,0,0,8,0,1,0,0.0,0
75,cold,positive,ExactSecure,8000,64,10,5,0.000625,5,1.0,1,none,0,0,0,5,5,1.0,4.327688999637758,8000,5,5,8000,0,0,1,1,0,0.0,0
75,cold,positive,PreFilter-Exact,8000,64,10,5,0.000625,5,1.0,1,none,0,0,0,5,5,1.0,4.127743000026385,8000,5,5,8000,0,0,1,1,0,0.0,0
75,cold,positive,BitmapSlice-Exact,8000,64,10,5,0.000625,5,1.0,1,none,0,0,0,5,5,1.0,0.07957899970278959,5,5,5,5,0,0,1,1,0,0.0,0
75,cold,positive,ScalarOnly,8000,64,10,5,0.000625,5,1.0,0,ranking_truncation,0,0,0,5,5,1.0,4.117861000395351,8000,5,0,8000,0,0,0,1,0,0.0,0
75,cold,positive,PostFilter-IVF,8000,64,10,5,0.000625,3,0.6,0,candidate_starvation,0,0,0,3,3,1.0,1.2202000002616842,1440,3,1440,1440,0,8,0,1,0,0.0,0
75,cold,positive,AdaptivePostFilter-IVF,8000,64,10,5,0.000625,3,0.6,0,candidate_starvation,0,0,0,3,3,1.0,4.331017999902542,4800,3,4800,4800,0,29,0,1,0,0.0,0
75,cold,positive,ExactPrefix-PostFilter,8000,64,10,5,0.000625,3,0.6,0,candidate_starvation,0,0,0,3,3,1.0,1.8578770000203804,1600,3,8000,1600,0,0,0,1,0,0.0,0
75,cold,positive,TenantPartition-IVF,8000,64,10,5,0.000625,3,0.6,0,candidate_starvation,0,0,0,3,3,1.0,0.7158409998737625,1440,3,1440,1440,0,8,0,1,0,0.0,0
75,cold,positive,PreFilter-IVF,8000,64,10,5,0.000625,5,1.0,1,none,0,0,0,5,5,1.0,0.6860989997221623,438,5,5,438,48,3,0,1,0,0.0,0
75,cold,positive,PACER-A,8000,64,10,5,0.000625,5,1.0,1,none,0,0,0,5,5,1.0,0.3181679999215703,5,5,5,5,44,3,1,1,0,0.0,0
75,cold,positive,PACER-C,8000,64,10,5,0.000625,5,1.0,1,none,0,0,0,5,5,1.0,0.28003499983242364,5,5,5,5,44,3,1,1,0,0.0,0
75,cold,positive,PACER-X,8000,64,10,5,0.000625,5,1.0,1,none,0,0,0,5,5,1.0,0.24841899994498817,5,5,5,5,44,3,1,1,0,0.0,0
75,cold,positive,PACER-A-NoSlices,8000,64,10,5,0.000625,3,0.6,0,candidate_starvation,0,0,0,3,3,1.0,1.4144749998195039,1600,3,1600,1600,10,10,0,1,0,0.0,1
75,cold,positive,PACER-A-NoBounds,8000,64,10,5,0.000625,5,1.0,1,none,0,0,0,5,5,1.0,0.3312240000923339,5,5,5,5,46,3,1,1,0,0.0,0
75,cold,positive,StaleNoRecheck,8000,64,10,5,0.000625,3,0.6,0,candidate_starvation,0,0,0,3,3,1.0,1.0229979998257477,1440,3,1440,1440,0,8,0,1,0,0.0,0
75,cold,positive,NaiveNoPolicy,8000,64,10,5,0.000625,10,0.4,0,ranking_truncation,8,0,8,2,10,0.2,0.4053880002174992,1440,1440,1440,0,0,8,0,1,0,0.0,0
76,broad,positive,ExactSecure,8000,64,10,3641,0.455125,10,1.0,1,none,0,0,0,10,10,1.0,4.21082100001513,8000,3641,3641,8000,0,0,1,1,0,0.0,0
76,broad,positive,PreFilter-Exact,8000,64,10,3641,0.455125,10,1.0,1,none,0,0,0,10,10,1.0,4.253796999819315,8000,3641,3641,8000,0,0,1,1,0,0.0,0
76,broad,positive,BitmapSlice-Exact,8000,64,10,3641,0.455125,10,1.0,1,none,0,0,0,10,10,1.0,7.096657999682066,4071,3641,3641,4071,0,0,1,1,0,0.0,0
76,broad,positive,ScalarOnly,8000,64,10,3641,0.455125,10,0.0,0,ranking_truncation,0,0,0,10,10,1.0,4.391495000163559,8000,3641,0,8000,0,0,0,1,0,0.0,0
76,broad,positive,PostFilter-IVF,8000,64,10,3641,0.455125,10,1.0,1,none,0,0,0,10,10,1.0,1.3230379995547992,1127,499,1127,1127,0,8,0,1,0,0.0,0
76,broad,positive,AdaptivePostFilter-IVF,8000,64,10,3641,0.455125,10,1.0,1,none,0,0,0,10,10,1.0,4.54804899982264,4800,2096,4800,4800,0,31,0,1,0,0.0,0
76,broad,positive,ExactPrefix-PostFilter,8000,64,10,3641,0.455125,10,1.0,1,none,0,0,0,10,10,1.0,2.395377000084409,1600,700,8000,1600,0,0,0,1,0,0.0,0
76,broad,positive,TenantPartition-IVF,8000,64,10,3641,0.455125,10,1.0,1,none,0,0,0,10,10,1.0,0.9204299999510113,1127,499,1127,1127,0,8,0,1,0,0.0,0
76,broad,positive,PreFilter-IVF,8000,64,10,3641,0.455125,10,1.0,1,none,0,0,0,10,10,1.0,1.3525210001716914,1143,474,474,1143,8,8,0,1,0,0.0,0
76,broad,positive,PACER-A,8000,64,10,3641,0.455125,10,1.0,1,none,0,0,0,10,10,1.0,4.762277000281756,1600,1437,1600,1600,21,21,0,1,0,0.6043350100517273,1
76,broad,positive,PACER-C,8000,64,10,3641,0.455125,10,1.0,1,none,0,0,0,10,10,1.0,11.146304000249074,4071,3641,4071,4071,48,48,1,1,0,0.0,0
76,broad,positive,PACER-X,8000,64,10,3641,0.455125,10,1.0,1,none,0,0,0,10,10,1.0,11.308971000289603,4071,3641,4071,4071,48,48,1,1,0,0.0,0
76,broad,positive,PACER-A-NoSlices,8000,64,10,3641,0.455125,10,1.0,1,none,0,0,0,10,10,1.0,1.695878000191442,1600,679,1600,1600,11,11,0,1,0,0.6153626441955566,1
76,broad,positive,PACER-A-NoBounds,8000,64,10,3641,0.455125,10,1.0,1,none,0,0,0,10,10,1.0,4.62511000023369,1600,1442,1600,1600,21,21,0,1,0,0.0,1
76,broad,positive,StaleNoRecheck,8000,64,10,3641,0.455125,10,1.0,1,none,0,0,0,10,10,1.0,0.9337940000477829,1127,557,1127,1127,0,8,0,1,0,0.0,0
76,broad,positive,NaiveNoPolicy,8000,64,10,3641,0.455125,10,0.8,0,ranking_truncation,0,0,2,8,10,0.8,0.42290500005037757,1127,1127,1127,0,0,8,0,1,0,0.0,0
77,medium,positive,ExactSecure,8000,64,10,210,0.02625,10,1.0,1,none,0,0,0,10,10,1.0,4.090394999821001,8000,210,210,8000,0,0,1,1,0,0.0,0
77,medium,positive,PreFilter-Exact,8000,64,10,210,0.02625,10,1.0,1,none,0,0,0,10,10,1.0,4.23001099989051,8000,210,210,8000,0,0,1,1,0,0.0,0
77,medium,positive,BitmapSlice-Exact,8000,64,10,210,0.02625,10,1.0,1,none,0,0,0,10,10,1.0,0.9162219998870569,227,210,210,227,0,0,1,1,0,0.0,0
77,medium,positive,ScalarOnly,8000,64,10,210,0.02625,10,0.0,0,ranking_truncation,0,0,0,10,10,1.0,4.247559999839723,8000,210,0,8000,0,0,0,1,0,0.0,0
77,medium,positive,PostFilter-IVF,8000,64,10,210,0.02625,10,0.6,0,ranking_truncation,0,0,0,10,10,1.0,1.00761399971816,1241,33,1241,1241,0,8,0,1,0,0.0,0
77,medium,positive,AdaptivePostFilter-IVF,8000,64,10,210,0.02625,10,1.0,1,none,0,0,0,10,10,1.0,4.130592000365141,4800,129,4800,4800,0,29,0,1,0,0.0,0
77,medium,positive,ExactPrefix-PostFilter,8000,64,10,210,0.02625,10,1.0,1,none,0,0,0,10,10,1.0,1.7779569998310762,1600,43,8000,1600,0,0,0,1,0,0.0,0
77,medium,positive,TenantPartition-IVF,8000,64,10,210,0.02625,10,0.6,0,ranking_truncation,0,0,0,10,10,1.0,0.6001070000820619,1241,33,1241,1241,0,8,0,1,0,0.0,0
77,medium,positive,PreFilter-IVF,8000,64,10,210,0.02625,10,0.8,0,ranking_truncation,0,0,0,10,10,1.0,1.3329720000001544,1316,40,40,1316,9,8,0,1,0,0.0,0
77,medium,positive,PACER-A,8000,64,10,210,0.02625,10,1.0,1,none,0,0,0,10,10,1.0,3.7010920000284386,227,210,227,227,48,42,1,1,0,0.0,0
77,medium,positive,PACER-C,8000,64,10,210,0.02625,10,1.0,1,none,0,0,0,10,10,1.0,3.491881000172725,227,210,227,227,48,42,1,1,0,0.0,0
77,medium,positive,PACER-X,8000,64,10,210,0.02625,10,1.0,1,none,0,0,0,10,10,1.0,3.374150000126974,227,210,227,227,48,42,1,1,0,0.0,0
77,medium,positive,PACER-A-NoSlices,8000,64,10,210,0.02625,10,0.8,0,ranking_truncation,0,0,0,10,10,1.0,1.5007719998720859,1600,44,1600,1600,10,10,0,1,0,0.829047679901123,1
77,medium,positive,PACER-A-NoBounds,8000,64,10,210,0.02625,10,1.0,1,none,0,0,0,10,10,1.0,3.474131000075431,227,210,227,227,48,42,1,1,0,0.0,0
77,medium,positive,StaleNoRecheck,8000,64,10,210,0.02625,10,0.6,0,ranking_truncation,0,1,0,9,10,0.9,0.9615069998289982,1241,37,1241,1241,0,8,0,1,0,0.0,0
77,medium,positive,NaiveNoPolicy,8000,64,10,210,0.02625,10,0.1,0,ranking_truncation,8,1,8,1,10,0.1,0.4910490001748258,1241,1241,1241,0,0,8,0,1,0,0.0,0
78,narrow,positive,ExactSecure,8000,64,10,3,0.000375,3,1.0,1,none,0,0,0,3,3,1.0,4.625385999588616,8000,3,3,8000,0,0,1,1,0,0.0,0
78,narrow,positive,PreFilter-Exact,8000,64,10,3,0.000375,3,1.0,1,none,0,0,0,3,3,1.0,3.8902789997337095,8000,3,3,8000,0,0,1,1,0,0.0,0
78,narrow,positive,BitmapSlice-Exact,8000,64,10,3,0.000375,3,1.0,1,none,0,0,0,3,3,1.0,0.09022100039146608,3,3,3,3,0,0,1,1,0,0.0,0
78,narrow,positive,ScalarOnly,8000,64,10,3,0.000375,3,1.0,0,ranking_truncation,0,0,0,3,3,1.0,3.857616000004782,8000,3,0,8000,0,0,0,1,0,0.0,0
78,narrow,positive,PostFilter-IVF,8000,64,10,3,0.000375,1,0.3333333333333333,0,candidate_starvation,0,0,0,1,1,1.0,1.117548999900464,1385,1,1385,1385,0,8,0,1,0,0.0,0
78,narrow,positive,AdaptivePostFilter-IVF,8000,64,10,3,0.000375,3,1.0,1,none,0,0,0,3,3,1.0,4.070314000273356,4800,3,4800,4800,0,28,0,1,0,0.0,0
78,narrow,positive,ExactPrefix-PostFilter,8000,64,10,3,0.000375,2,0.6666666666666666,0,candidate_starvation,0,0,0,2,2,1.0,1.8444709999130282,1600,2,8000,1600,0,0,0,1,0,0.0,0
78,narrow,positive,TenantPartition-IVF,8000,64,10,3,0.000375,1,0.3333333333333333,0,candidate_starvation,0,0,0,1,1,1.0,0.5334500001481501,1385,1,1385,1385,0,8,0,1,0,0.0,0
78,narrow,positive,PreFilter-IVF,8000,64,10,3,0.000375,3,1.0,1,none,0,0,0,3,3,1.0,1.1373160000403004,616,3,3,616,48,3,0,1,0,0.0,0
78,narrow,positive,PACER-A,8000,64,10,3,0.000375,3,1.0,1,none,0,0,0,3,3,1.0,0.5771380001533544,3,3,3,3,13,3,1,1,0,0.0,0
78,narrow,positive,PACER-C,8000,64,10,3,0.000375,3,1.0,1,none,0,0,0,3,3,1.0,0.531528999999864,3,3,3,3,13,3,1,1,0,0.0,0
78,narrow,positive,PACER-X,8000,64,10,3,0.000375,3,1.0,1,none,0,0,0,3,3,1.0,0.32945700013442547,3,3,3,3,13,3,1,1,0,0.0,0
78,narrow,positive,PACER-A-NoSlices,8000,64,10,3,0.000375,2,0.6666666666666666,0,candidate_starvation,0,0,0,2,2,1.0,1.5308500001083303,1600,2,1600,1600,10,10,0,1,0,0.0,1
78,narrow,positive,PACER-A-NoBounds,8000,64,10,3,0.000375,3,1.0,1,none,0,0,0,3,3,1.0,0.3195439999217342,3,3,3,3,16,3,1,1,0,0.0,0
78,narrow,positive,StaleNoRecheck,8000,64,10,3,0.000375,1,0.3333333333333333,0,candidate_starvation,0,0,0,1,1,1.0,1.484745999732695,1385,1,1385,1385,0,8,0,1,0,0.0,0
78,narrow,positive,NaiveNoPolicy,8000,64,10,3,0.000375,10,0.3333333333333333,0,ranking_truncation,8,0,9,1,10,0.1,0.4876709999734885,1385,1385,1385,0,0,8,0,1,0,0.0,0
79,cold,positive,ExactSecure,8000,64,10,3,0.000375,3,1.0,1,none,0,0,0,3,3,1.0,3.931209999791463,8000,3,3,8000,0,0,1,1,0,0.0,0
79,cold,positive,PreFilter-Exact,8000,64,10,3,0.000375,3,1.0,1,none,0,0,0,3,3,1.0,4.354141000021627,8000,3,3,8000,0,0,1,1,0,0.0,0
79,cold,positive,BitmapSlice-Exact,8000,64,10,3,0.000375,3,1.0,1,none,0,0,0,3,3,1.0,0.09776400020200526,4,3,3,4,0,0,1,1,0,0.0,0
79,cold,positive,ScalarOnly,8000,64,10,3,0.000375,3,1.0,0,ranking_truncation,0,0,0,3,3,1.0,4.289827000320656,8000,3,0,8000,0,0,0,1,0,0.0,0
79,cold,positive,PostFilter-IVF,8000,64,10,3,0.000375,2,0.6666666666666666,0,candidate_starvation,0,0,0,2,2,1.0,1.3242559998616343,1450,2,1450,1450,0,8,0,1,0,0.0,0
79,cold,positive,AdaptivePostFilter-IVF,8000,64,10,3,0.000375,2,0.6666666666666666,0,candidate_starvation,0,0,0,2,2,1.0,4.5893180003986345,4800,2,4800,4800,0,29,0,1,0,0.0,0
79,cold,positive,ExactPrefix-PostFilter,8000,64,10,3,0.000375,2,0.6666666666666666,0,candidate_starvation,0,0,0,2,2,1.0,1.8159420001211402,1600,2,8000,1600,0,0,0,1,0,0.0,0
79,cold,positive,TenantPartition-IVF,8000,64,10,3,0.000375,2,0.6666666666666666,0,candidate_starvation,0,0,0,2,2,1.0,0.6192670002747036,1450,2,1450,1450,0,8,0,1,0,0.0,0
79,cold,positive,PreFilter-IVF,8000,64,10,3,0.000375,3,1.0,1,none,0,0,0,3,3,1.0,0.6683990000055928,504,3,3,504,48,2,0,1,0,0.0,0
79,cold,positive,PACER-A,8000,64,10,3,0.000375,3,1.0,1,none,0,0,0,3,3,1.0,0.3110309999101446,4,3,4,4,39,2,1,1,0,0.0,0
79,cold,positive,PACER-C,8000,64,10,3,0.000375,3,1.0,1,none,0,0,0,3,3,1.0,0.2152040001419664,4,3,4,4,39,2,1,1,0,0.0,0
79,cold,positive,PACER-X,8000,64,10,3,0.000375,3,1.0,1,none,0,0,0,3,3,1.0,0.22910400002729148,4,3,4,4,39,2,1,1,0,0.0,0
79,cold,positive,PACER-A-NoSlices,8000,64,10,3,0.000375,2,0.6666666666666666,0,candidate_starvation,0,0,0,2,2,1.0,1.9565729999158066,1600,2,1600,1600,9,9,0,1,0,0.0,1
79,cold,positive,PACER-A-NoBounds,8000,64,10,3,0.000375,3,1.0,1,none,0,0,0,3,3,1.0,0.27762700028688414,4,3,4,4,40,2,1,1,0,0.0,0
79,cold,positive,StaleNoRecheck,8000,64,10,3,0.000375,3,0.6666666666666666,0,ranking_truncation,0,1,0,2,3,0.6666666666666666,1.1106030001428735,1450,3,1450,1450,0,8,0,1,0,0.0,0
79,cold,positive,NaiveNoPolicy,8000,64,10,3,0.000375,10,0.3333333333333333,0,ranking_truncation,9,3,7,1,10,0.1,0.37128200028746505,1450,1450,1450,0,0,8,0,1,0,0.0,0
