query_id,regime,correlation,method,n,dim,k,allowed_count,selectivity,returned,recall_at_k,secure_topk_exact,failure_mode,policy_violations,deleted_violations,tenant_violations,explanation_valid,explanation_total,explanation_accuracy,latency_ms,raw_candidates,candidates,distance_evals,policy_checks,summary_checks,visited_cluster_count,certified,certified_and_exact,certificate_false_positive,certificate_gap,truncated_visible_slice
0,broad,positive,ExactSecure,8000,64,10,3753,0.469125,10,1.0,1,none,0,0,0,10,10,1.0,4.427157000009174,8000,3753,3753,8000,0,0,1,1,0,0.0,0
0,broad,positive,PreFilter-Exact,8000,64,10,3753,0.469125,10,1.0,1,none,0,0,0,10,10,1.0,4.238662999796361,8000,3753,3753,8000,0,0,1,1,0,0.0,0
0,broad,positive,BitmapSlice-Exact,8000,64,10,3753,0.469125,10,1.0,1,none,0,0,0,10,10,1.0,7.033335999949486,3987,3753,3753,3987,0,0,1,1,0,0.0,0
0,broad,positive,ScalarOnly,8000,64,10,3753,0.469125,10,0.0,0,ranking_truncation,0,0,0,10,10,1.0,3.9984889999686857,8000,3753,0,8000,0,0,0,1,0,0.0,0
0,broad,positive,PostFilter-IVF,8000,64,10,3753,0.469125,10,1.0,1,none,0,0,0,10,10,1.0,1.575595999838697,1600,724,1600,1600,0,8,0,1,0,0.0,0
0,broad,positive,AdaptivePostFilter-IVF,8000,64,10,3753,0.469125,10,1.0,1,none,0,0,0,10,10,1.0,4.494317000080628,4800,2290,4800,4800,0,29,0,1,0,0.0,0
0,broad,positive,ExactPrefix-PostFilter,8000,64,10,3753,0.469125,10,1.0,1,none,0,0,0,10,10,1.0,1.8426199999339588,1600,774,8000,1600,0,0,0,1,0,0.0,0
0,broad,positive,TenantPartition-IVF,8000,64,10,3753,0.469125,10,1.0,1,none,0,0,0,10,10,1.0,1.225916999828769,1600,724,1600,1600,0,8,0,1,0,0.0,0
0,broad,positive,PreFilter-IVF,8000,64,10,3753,0.469125,10,0.9,0,ranking_truncation,0,0,0,10,10,1.0,1.8726360003711306,1860,865,865,1860,8,8,0,1,0,0.0,0
0,broad,positive,PACER-A,8000,64,10,3753,0.469125,10,1.0,1,none,0,0,0,10,10,1.0,7.966078000208654,1600,1505,1600,1600,19,19,0,1,0,0.5857582688331604,1
0,broad,positive,PACER-C,8000,64,10,3753,0.469125,10,1.0,1,none,0,0,0,10,10,1.0,10.120328000084555,3987,3753,3987,3987,48,48,1,1,0,0.0,0
0,broad,positive,PACER-X,8000,64,10,3753,0.469125,10,1.0,1,none,0,0,0,10,10,1.0,10.212280999894574,3987,3753,3987,3987,48,48,1,1,0,0.0,0
0,broad,positive,PACER-A-NoSlices,8000,64,10,3753,0.469125,10,0.9,0,ranking_truncation,0,0,0,10,10,1.0,1.92577000007077,1600,720,1600,1600,8,8,0,1,0,0.5974242687225342,1
0,broad,positive,PACER-A-NoBounds,8000,64,10,3753,0.469125,10,1.0,1,none,0,0,0,10,10,1.0,5.007693000152358,1600,1504,1600,1600,19,19,0,1,0,0.0,1
0,broad,positive,StaleNoRecheck,8000,64,10,3753,0.469125,10,1.0,1,none,0,0,0,10,10,1.0,1.3975970000501547,1600,768,1600,1600,0,8,0,1,0,0.0,0
0,broad,positive,NaiveNoPolicy,8000,64,10,3753,0.469125,10,0.7,0,ranking_truncation,0,0,3,7,10,0.7,0.5603209997389058,1600,1600,1600,0,0,8,0,1,0,0.0,0
1,medium,positive,ExactSecure,8000,64,10,183,0.022875,10,1.0,1,none,0,0,0,10,10,1.0,4.119336999792722,8000,183,183,8000,0,0,1,1,0,0.0,0
1,medium,positive,PreFilter-Exact,8000,64,10,183,0.022875,10,1.0,1,none,0,0,0,10,10,1.0,4.193910999674699,8000,183,183,8000,0,0,1,1,0,0.0,0
1,medium,positive,BitmapSlice-Exact,8000,64,10,183,0.022875,10,1.0,1,none,0,0,0,10,10,1.0,0.5162300003576092,207,183,183,207,0,0,1,1,0,0.0,0
1,medium,positive,ScalarOnly,8000,64,10,183,0.022875,10,0.1,0,ranking_truncation,0,0,0,10,10,1.0,4.435909000221727,8000,183,0,8000,0,0,0,1,0,0.0,0
1,medium,positive,PostFilter-IVF,8000,64,10,183,0.022875,10,0.7,0,ranking_truncation,0,0,0,10,10,1.0,1.1388199995963078,1377,31,1377,1377,0,8,0,1,0,0.0,0
1,medium,positive,AdaptivePostFilter-IVF,8000,64,10,183,0.022875,10,1.0,1,none,0,0,0,10,10,1.0,4.29401900009907,4800,105,4800,4800,0,29,0,1,0,0.0,0
1,medium,positive,ExactPrefix-PostFilter,8000,64,10,183,0.022875,10,1.0,1,none,0,0,0,10,10,1.0,1.7781080000531801,1600,40,8000,1600,0,0,0,1,0,0.0,0
1,medium,positive,TenantPartition-IVF,8000,64,10,183,0.022875,10,0.7,0,ranking_truncation,0,0,0,10,10,1.0,0.6864879997010576,1377,31,1377,1377,0,8,0,1,0,0.0,0
1,medium,positive,PreFilter-IVF,8000,64,10,183,0.022875,10,0.6,0,ranking_truncation,0,0,0,10,10,1.0,1.1360459998286387,1383,33,33,1383,8,8,0,1,0,0.0,0
1,medium,positive,PACER-A,8000,64,10,183,0.022875,10,1.0,1,none,0,0,0,10,10,1.0,3.1718919999548234,207,183,207,207,48,38,1,1,0,0.0,0
1,medium,positive,PACER-C,8000,64,10,183,0.022875,10,1.0,1,none,0,0,0,10,10,1.0,2.856672000234539,207,183,207,207,48,38,1,1,0,0.0,0
1,medium,positive,PACER-X,8000,64,10,183,0.022875,10,1.0,1,none,0,0,0,10,10,1.0,3.1409700000040175,207,183,207,207,48,38,1,1,0,0.0,0
1,medium,positive,PACER-A-NoSlices,8000,64,10,183,0.022875,10,0.6,0,ranking_truncation,0,0,0,10,10,1.0,1.5326650000133668,1600,37,1600,1600,10,10,0,1,0,0.816702738404274,1
1,medium,positive,PACER-A-NoBounds,8000,64,10,183,0.022875,10,1.0,1,none,0,0,0,10,10,1.0,2.8949279999324062,207,183,207,207,48,38,1,1,0,0.0,0
1,medium,positive,StaleNoRecheck,8000,64,10,183,0.022875,10,0.7,0,ranking_truncation,0,0,0,10,10,1.0,1.0243850001643295,1377,33,1377,1377,0,8,0,1,0,0.0,0
1,medium,positive,NaiveNoPolicy,8000,64,10,183,0.022875,10,0.1,0,ranking_truncation,8,2,6,1,10,0.1,0.34337499982939335,1377,1377,1377,0,0,8,0,1,0,0.0,0
2,narrow,positive,ExactSecure,8000,64,10,5,0.000625,5,1.0,1,none,0,0,0,5,5,1.0,4.155888999775925,8000,5,5,8000,0,0,1,1,0,0.0,0
2,narrow,positive,PreFilter-Exact,8000,64,10,5,0.000625,5,1.0,1,none,0,0,0,5,5,1.0,3.904174999661336,8000,5,5,8000,0,0,1,1,0,0.0,0
2,narrow,positive,BitmapSlice-Exact,8000,64,10,5,0.000625,5,1.0,1,none,0,0,0,5,5,1.0,0.1004980003926903,5,5,5,5,0,0,1,1,0,0.0,0
2,narrow,positive,ScalarOnly,8000,64,10,5,0.000625,5,1.0,0,ranking_truncation,0,0,0,5,5,1.0,3.77535200004786,8000,5,0,8000,0,0,0,1,0,0.0,0
2,narrow,positive,PostFilter-IVF,8000,64,10,5,0.000625,1,0.2,0,candidate_starvation,0,0,0,1,1,1.0,1.0381810002400016,1398,1,1398,1398,0,8,0,1,0,0.0,0
2,narrow,positive,AdaptivePostFilter-IVF,8000,64,10,5,0.000625,4,0.8,0,candidate_starvation,0,0,0,4,4,1.0,4.103330999896571,4800,4,4800,4800,0,31,0,1,0,0.0,0
2,narrow,positive,ExactPrefix-PostFilter,8000,64,10,5,0.000625,2,0.4,0,candidate_starvation,0,0,0,2,2,1.0,1.8721699998422991,1600,2,8000,1600,0,0,0,1,0,0.0,0
2,narrow,positive,TenantPartition-IVF,8000,64,10,5,0.000625,1,0.2,0,candidate_starvation,0,0,0,1,1,1.0,0.7430199998452736,1398,1,1398,1398,0,8,0,1,0,0.0,0
2,narrow,positive,PreFilter-IVF,8000,64,10,5,0.000625,5,1.0,1,none,0,0,0,5,5,1.0,0.9382389998791041,752,5,5,752,48,4,0,1,0,0.0,0
2,narrow,positive,PACER-A,8000,64,10,5,0.000625,5,1.0,1,none,0,0,0,5,5,1.0,0.3597029999582446,5,5,5,5,44,4,1,1,0,0.0,0
2,narrow,positive,PACER-C,8000,64,10,5,0.000625,5,1.0,1,none,0,0,0,5,5,1.0,0.37498100027733017,5,5,5,5,44,4,1,1,0,0.0,0
2,narrow,positive,PACER-X,8000,64,10,5,0.000625,5,1.0,1,none,0,0,0,5,5,1.0,0.31014900014270097,5,5,5,5,44,4,1,1,0,0.0,0
2,narrow,positive,PACER-A-NoSlices,8000,64,10,5,0.000625,1,0.2,0,candidate_starvation,0,0,0,1,1,1.0,1.1894610001945694,1600,1,1600,1600,9,9,0,1,0,0.0,1
2,narrow,positive,PACER-A-NoBounds,8000,64,10,5,0.000625,5,1.0,1,none,0,0,0,5,5,1.0,0.38391399993997766,5,5,5,5,44,4,1,1,0,0.0,0
2,narrow,positive,StaleNoRecheck,8000,64,10,5,0.000625,1,0.2,0,candidate_starvation,0,0,0,1,1,1.0,0.9664750000411004,1398,1,1398,1398,0,8,0,1,0,0.0,0
2,narrow,positive,NaiveNoPolicy,8000,64,10,5,0.000625,10,0.2,0,ranking_truncation,9,1,9,1,10,0.1,0.31125300029088976,1398,1398,1398,0,0,8,0,1,0,0.0,0
3,cold,positive,ExactSecure,8000,64,10,1,0.000125,1,1.0,1,none,0,0,0,1,1,1.0,3.9395619996867026,8000,1,1,8000,0,0,1,1,0,0.0,0
3,cold,positive,PreFilter-Exact,8000,64,10,1,0.000125,1,1.0,1,none,0,0,0,1,1,1.0,4.9232689998461865,8000,1,1,8000,0,0,1,1,0,0.0,0
3,cold,positive,BitmapSlice-Exact,8000,64,10,1,0.000125,1,1.0,1,none,0,0,0,1,1,1.0,0.06422599972211174,1,1,1,1,0,0,1,1,0,0.0,0
3,cold,positive,ScalarOnly,8000,64,10,1,0.000125,1,1.0,1,none,0,0,0,1,1,1.0,3.6453610000535264,8000,1,0,8000,0,0,0,1,0,0.0,0
3,cold,positive,PostFilter-IVF,8000,64,10,1,0.000125,1,1.0,1,none,0,0,0,1,1,1.0,0.9373519997097901,1248,1,1248,1248,0,8,0,1,0,0.0,0
3,cold,positive,AdaptivePostFilter-IVF,8000,64,10,1,0.000125,1,1.0,1,none,0,0,0,1,1,1.0,3.815360000317014,4800,1,4800,4800,0,30,0,1,0,0.0,0
3,cold,positive,ExactPrefix-PostFilter,8000,64,10,1,0.000125,1,1.0,1,none,0,0,0,1,1,1.0,1.6511200001332327,1600,1,8000,1600,0,0,0,1,0,0.0,0
3,cold,positive,TenantPartition-IVF,8000,64,10,1,0.000125,1,1.0,1,none,0,0,0,1,1,1.0,0.47209600006681285,1248,1,1248,1248,0,8,0,1,0,0.0,0
3,cold,positive,PreFilter-IVF,8000,64,10,1,0.000125,1,1.0,1,none,0,0,0,1,1,1.0,0.4623509998964437,248,1,1,248,48,1,0,1,0,0.0,0
3,cold,positive,PACER-A,8000,64,10,1,0.000125,1,1.0,1,none,0,0,0,1,1,1.0,0.13575599996329402,1,1,1,1,4,1,1,1,0,0.0,0
3,cold,positive,PACER-C,8000,64,10,1,0.000125,1,1.0,1,none,0,0,0,1,1,1.0,0.10332200008633663,1,1,1,1,4,1,1,1,0,0.0,0
3,cold,positive,PACER-X,8000,64,10,1,0.000125,1,1.0,1,none,0,0,0,1,1,1.0,0.09743800001160707,1,1,1,1,4,1,1,1,0,0.0,0
3,cold,positive,PACER-A-NoSlices,8000,64,10,1,0.000125,1,1.0,1,none,0,0,0,1,1,1.0,1.3223989999460173,1600,1,1600,1600,11,11,0,1,0,0.0,1
3,cold,positive,PACER-A-NoBounds,8000,64,10,1,0.000125,1,1.0,1,none,0,0,0,1,1,1.0,0.1063989998328907,1,1,1,1,2,1,1,1,0,0.0,0
3,cold,positive,StaleNoRecheck,8000,64,10,1,0.000125,1,1.0,1,none,0,0,0,1,1,1.0,0.7972219996190688,1248,1,1248,1248,0,8,0,1,0,0.0,0
3,cold,positive,NaiveNoPolicy,8000,64,10,1,0.000125,10,1.0,0,ranking_truncation,9,0,9,1,10,0.1,0.2722029998949438,1248,1248,1248,0,0,8,0,1,0,0.0,0
4,broad,positive,ExactSecure,8000,64,10,3648,0.456,10,1.0,1,none,0,0,0,10,10,1.0,4.756922999604285,8000,3648,3648,8000,0,0,1,1,0,0.0,0
4,broad,positive,PreFilter-Exact,8000,64,10,3648,0.456,10,1.0,1,none,0,0,0,10,10,1.0,5.068838000170217,8000,3648,3648,8000,0,0,1,1,0,0.0,0
4,broad,positive,BitmapSlice-Exact,8000,64,10,3648,0.456,10,1.0,1,none,0,0,0,10,10,1.0,8.111023999845202,3966,3648,3648,3966,0,0,1,1,0,0.0,0
4,broad,positive,ScalarOnly,8000,64,10,3648,0.456,10,0.0,0,ranking_truncation,0,0,0,10,10,1.0,4.691983000157052,8000,3648,0,8000,0,0,0,1,0,0.0,0
4,broad,positive,PostFilter-IVF,8000,64,10,3648,0.456,10,0.8,0,ranking_truncation,0,0,0,10,10,1.0,1.2856370003646589,1340,719,1340,1340,0,8,0,1,0,0.0,0
4,broad,positive,AdaptivePostFilter-IVF,8000,64,10,3648,0.456,10,1.0,1,none,0,0,0,10,10,1.0,5.001584000183357,4800,2272,4800,4800,0,29,0,1,0,0.0,0
4,broad,positive,ExactPrefix-PostFilter,8000,64,10,3648,0.456,10,1.0,1,none,0,0,0,10,10,1.0,1.9761319999815896,1600,752,8000,1600,0,0,0,1,0,0.0,0
4,broad,positive,TenantPartition-IVF,8000,64,10,3648,0.456,10,0.8,0,ranking_truncation,0,0,0,10,10,1.0,1.0877800000343996,1340,719,1340,1340,0,8,0,1,0,0.0,0
4,broad,positive,PreFilter-IVF,8000,64,10,3648,0.456,10,0.7,0,ranking_truncation,0,0,0,10,10,1.0,2.0310689997131703,1413,717,717,1413,8,8,0,1,0,0.0,0
4,broad,positive,PACER-A,8000,64,10,3648,0.456,10,0.9,0,ranking_truncation,0,0,0,10,10,1.0,5.068557999948098,1600,1475,1600,1600,18,18,0,1,0,0.6225822567939758,1
4,broad,positive,PACER-C,8000,64,10,3648,0.456,10,1.0,1,none,0,0,0,10,10,1.0,11.642269000276428,3966,3648,3966,3966,48,48,1,1,0,0.0,0
4,broad,positive,PACER-X,8000,64,10,3648,0.456,10,1.0,1,none,0,0,0,10,10,1.0,12.47575700017478,3966,3648,3966,3966,48,48,1,1,0,0.0,0
4,broad,positive,PACER-A-NoSlices,8000,64,10,3648,0.456,10,0.9,0,ranking_truncation,0,0,0,10,10,1.0,1.773105000211217,1600,785,1600,1600,10,10,0,1,0,0.6338728666305542,1
4,broad,positive,PACER-A-NoBounds,8000,64,10,3648,0.456,10,1.0,1,none,0,0,0,10,10,1.0,4.615729000306601,1600,1470,1600,1600,19,19,0,1,0,0.0,1
4,broad,positive,StaleNoRecheck,8000,64,10,3648,0.456,10,0.8,0,ranking_truncation,0,0,0,10,10,1.0,1.1583430000428052,1340,776,1340,1340,0,8,0,1,0,0.0,0
4,broad,positive,NaiveNoPolicy,8000,64,10,3648,0.456,10,0.7,0,ranking_truncation,0,1,3,7,10,0.7,0.4185679999864078,1340,1340,1340,0,0,8,0,1,0,0.0,0
5,medium,positive,ExactSecure,8000,64,10,243,0.030375,10,1.0,1,none,0,0,0,10,10,1.0,4.391621999729978,8000,243,243,8000,0,0,1,1,0,0.0,0
5,medium,positive,PreFilter-Exact,8000,64,10,243,0.030375,10,1.0,1,none,0,0,0,10,10,1.0,4.107444000055693,8000,243,243,8000,0,0,1,1,0,0.0,0
5,medium,positive,BitmapSlice-Exact,8000,64,10,243,0.030375,10,1.0,1,none,0,0,0,10,10,1.0,0.7012940000095114,269,243,243,269,0,0,1,1,0,0.0,0
5,medium,positive,ScalarOnly,8000,64,10,243,0.030375,10,0.1,0,ranking_truncation,0,0,0,10,10,1.0,3.976869000325678,8000,243,0,8000,0,0,0,1,0,0.0,0
5,medium,positive,PostFilter-IVF,8000,64,10,243,0.030375,10,0.7,0,ranking_truncation,0,0,0,10,10,1.0,1.386774000366131,1356,57,1356,1356,0,8,0,1,0,0.0,0
5,medium,positive,AdaptivePostFilter-IVF,8000,64,10,243,0.030375,10,1.0,1,none,0,0,0,10,10,1.0,5.717723000088881,4800,169,4800,4800,0,29,0,1,0,0.0,0
5,medium,positive,ExactPrefix-PostFilter,8000,64,10,243,0.030375,10,1.0,1,none,0,0,0,10,10,1.0,1.939256999776262,1600,51,8000,1600,0,0,0,1,0,0.0,0
5,medium,positive,TenantPartition-IVF,8000,64,10,243,0.030375,10,0.7,0,ranking_truncation,0,0,0,10,10,1.0,0.8411379999415658,1356,57,1356,1356,0,8,0,1,0,0.0,0
5,medium,positive,PreFilter-IVF,8000,64,10,243,0.030375,10,0.7,0,ranking_truncation,0,0,0,10,10,1.0,1.2611510001079296,1283,62,62,1283,9,8,0,1,0,0.0,0
5,medium,positive,PACER-A,8000,64,10,243,0.030375,10,1.0,1,none,0,0,0,10,10,1.0,3.545991999999387,269,243,269,269,48,39,1,1,0,0.0,0
5,medium,positive,PACER-C,8000,64,10,243,0.030375,10,1.0,1,none,0,0,0,10,10,1.0,3.524059000028501,269,243,269,269,48,39,1,1,0,0.0,0
5,medium,positive,PACER-X,8000,64,10,243,0.030375,10,1.0,1,none,0,0,0,10,10,1.0,3.593137999814644,269,243,269,269,48,39,1,1,0,0.0,0
5,medium,positive,PACER-A-NoSlices,8000,64,10,243,0.030375,10,0.7,0,ranking_truncation,0,0,0,10,10,1.0,2.9217139999673236,1600,62,1600,1600,10,10,0,1,0,0.7627166509628296,1
5,medium,positive,PACER-A-NoBounds,8000,64,10,243,0.030375,10,1.0,1,none,0,0,0,10,10,1.0,3.5657839998748386,269,243,269,269,48,39,1,1,0,0.0,0
5,medium,positive,StaleNoRecheck,8000,64,10,243,0.030375,10,0.7,0,ranking_truncation,0,2,0,8,10,0.8,2.1419239997158,1356,63,1356,1356,0,8,0,1,0,0.0,0
5,medium,positive,NaiveNoPolicy,8000,64,10,243,0.030375,10,0.1,0,ranking_truncation,9,2,8,1,10,0.1,0.4153329996370303,1356,1356,1356,0,0,8,0,1,0,0.0,0
6,narrow,positive,ExactSecure,8000,64,10,8,0.001,8,1.0,1,none,0,0,0,8,8,1.0,4.368180000255961,8000,8,8,8000,0,0,1,1,0,0.0,0
6,narrow,positive,PreFilter-Exact,8000,64,10,8,0.001,8,1.0,1,none,0,0,0,8,8,1.0,6.449573000281816,8000,8,8,8000,0,0,1,1,0,0.0,0
6,narrow,positive,BitmapSlice-Exact,8000,64,10,8,0.001,8,1.0,1,none,0,0,0,8,8,1.0,0.09561700017002295,8,8,8,8,0,0,1,1,0,0.0,0
6,narrow,positive,ScalarOnly,8000,64,10,8,0.001,8,1.0,0,ranking_truncation,0,0,0,8,8,1.0,4.540880999684305,8000,8,0,8000,0,0,0,1,0,0.0,0
6,narrow,positive,PostFilter-IVF,8000,64,10,8,0.001,2,0.25,0,candidate_starvation,0,0,0,2,2,1.0,1.0451240000293183,1128,2,1128,1128,0,8,0,1,0,0.0,0
6,narrow,positive,AdaptivePostFilter-IVF,8000,64,10,8,0.001,7,0.875,0,candidate_starvation,0,0,0,7,7,1.0,4.595672000050399,4800,7,4800,4800,0,30,0,1,0,0.0,0
6,narrow,positive,ExactPrefix-PostFilter,8000,64,10,8,0.001,4,0.5,0,candidate_starvation,0,0,0,4,4,1.0,2.693805000035354,1600,4,8000,1600,0,0,0,1,0,0.0,0
6,narrow,positive,TenantPartition-IVF,8000,64,10,8,0.001,2,0.25,0,candidate_starvation,0,0,0,2,2,1.0,1.3802759999634873,1128,2,1128,1128,0,8,0,1,0,0.0,0
6,narrow,positive,PreFilter-IVF,8000,64,10,8,0.001,8,1.0,1,none,0,0,0,8,8,1.0,1.295944000048621,896,8,8,896,48,6,0,1,0,0.0,0
6,narrow,positive,PACER-A,8000,64,10,8,0.001,8,1.0,1,none,0,0,0,8,8,1.0,0.6988469999669178,8,8,8,8,47,6,1,1,0,0.0,0
6,narrow,positive,PACER-C,8000,64,10,8,0.001,8,1.0,1,none,0,0,0,8,8,1.0,0.4721680002148787,8,8,8,8,47,6,1,1,0,0.0,0
6,narrow,positive,PACER-X,8000,64,10,8,0.001,8,1.0,1,none,0,0,0,8,8,1.0,0.4192360001979978,8,8,8,8,47,6,1,1,0,0.0,0
6,narrow,positive,PACER-A-NoSlices,8000,64,10,8,0.001,3,0.375,0,candidate_starvation,0,0,0,3,3,1.0,1.340578000053938,1600,3,1600,1600,12,12,0,1,0,0.0,1
6,narrow,positive,PACER-A-NoBounds,8000,64,10,8,0.001,8,1.0,1,none,0,0,0,8,8,1.0,0.4295580001780763,8,8,8,8,41,6,1,1,0,0.0,0
6,narrow,positive,StaleNoRecheck,8000,64,10,8,0.001,2,0.25,0,candidate_starvation,0,0,0,2,2,1.0,1.4637249996667379,1128,2,1128,1128,0,8,0,1,0,0.0,0
6,narrow,positive,NaiveNoPolicy,8000,64,10,8,0.001,10,0.125,0,ranking_truncation,9,2,9,1,10,0.1,0.37709400021412876,1128,1128,1128,0,0,8,0,1,0,0.0,0
7,cold,positive,ExactSecure,8000,64,10,3,0.000375,3,1.0,1,none,0,0,0,3,3,1.0,3.8123949998407625,8000,3,3,8000,0,0,1,1,0,0.0,0
7,cold,positive,PreFilter-Exact,8000,64,10,3,0.000375,3,1.0,1,none,0,0,0,3,3,1.0,4.019184999833669,8000,3,3,8000,0,0,1,1,0,0.0,0
7,cold,positive,BitmapSlice-Exact,8000,64,10,3,0.000375,3,1.0,1,none,0,0,0,3,3,1.0,0.16064400006143842,4,3,3,4,0,0,1,1,0,0.0,0
7,cold,positive,ScalarOnly,8000,64,10,3,0.000375,3,1.0,0,ranking_truncation,0,0,0,3,3,1.0,6.171690999963175,8000,3,0,8000,0,0,0,1,0,0.0,0
7,cold,positive,PostFilter-IVF,8000,64,10,3,0.000375,2,0.6666666666666666,0,candidate_starvation,0,0,0,2,2,1.0,0.9758810001585516,1257,2,1257,1257,0,8,0,1,0,0.0,0
7,cold,positive,AdaptivePostFilter-IVF,8000,64,10,3,0.000375,3,1.0,1,none,0,0,0,3,3,1.0,4.311658000005991,4800,3,4800,4800,0,29,0,1,0,0.0,0
7,cold,positive,ExactPrefix-PostFilter,8000,64,10,3,0.000375,3,1.0,1,none,0,0,0,3,3,1.0,1.8265369999426184,1600,3,8000,1600,0,0,0,1,0,0.0,0
7,cold,positive,TenantPartition-IVF,8000,64,10,3,0.000375,2,0.6666666666666666,0,candidate_starvation,0,0,0,2,2,1.0,0.5098840001664939,1257,2,1257,1257,0,8,0,1,0,0.0,0
7,cold,positive,PreFilter-IVF,8000,64,10,3,0.000375,3,1.0,1,none,0,0,0,3,3,1.0,0.5005920002076891,336,3,3,336,48,2,0,1,0,0.0,0
7,cold,positive,PACER-A,8000,64,10,3,0.000375,3,1.0,1,none,0,0,0,3,3,1.0,0.20285899972805055,4,3,4,4,8,2,1,1,0,0.0,0
7,cold,positive,PACER-C,8000,64,10,3,0.000375,3,1.0,1,none,0,0,0,3,3,1.0,0.1896019998639531,4,3,4,4,8,2,1,1,0,0.0,0
7,cold,positive,PACER-X,8000,64,10,3,0.000375,3,1.0,1,none,0,0,0,3,3,1.0,0.3065509999942151,4,3,4,4,8,2,1,1,0,0.0,0
7,cold,positive,PACER-A-NoSlices,8000,64,10,3,0.000375,3,1.0,1,none,0,0,0,3,3,1.0,1.320013000167819,1600,3,1600,1600,12,12,0,1,0,0.0,1
7,cold,positive,PACER-A-NoBounds,8000,64,10,3,0.000375,3,1.0,1,none,0,0,0,3,3,1.0,0.2803259999382135,4,3,4,4,11,2,1,1,0,0.0,0
7,cold,positive,StaleNoRecheck,8000,64,10,3,0.000375,3,0.6666666666666666,0,ranking_truncation,0,1,0,2,3,0.6666666666666666,1.0991200001626567,1257,3,1257,1257,0,8,0,1,0,0.0,0
7,cold,positive,NaiveNoPolicy,8000,64,10,3,0.000375,10,0.3333333333333333,0,ranking_truncation,9,0,9,1,10,0.1,0.37981400009812205,1257,1257,1257,0,0,8,0,1,0,0.0,0
8,broad,positive,ExactSecure,8000,64,10,3727,0.465875,10,1.0,1,none,0,0,0,10,10,1.0,4.857286000060412,8000,3727,3727,8000,0,0,1,1,0,0.0,0
8,broad,positive,PreFilter-Exact,8000,64,10,3727,0.465875,10,1.0,1,none,0,0,0,10,10,1.0,4.577843999868492,8000,3727,3727,8000,0,0,1,1,0,0.0,0
8,broad,positive,BitmapSlice-Exact,8000,64,10,3727,0.465875,10,1.0,1,none,0,0,0,10,10,1.0,11.188562999905116,3974,3727,3727,3974,0,0,1,1,0,0.0,0
8,broad,positive,ScalarOnly,8000,64,10,3727,0.465875,10,0.0,0,ranking_truncation,0,0,0,10,10,1.0,4.255140000168467,8000,3727,0,8000,0,0,0,1,0,0.0,0
8,broad,positive,PostFilter-IVF,8000,64,10,3727,0.465875,10,0.6,0,ranking_truncation,0,0,0,10,10,1.0,1.185518000056618,1511,625,1511,1511,0,8,0,1,0,0.0,0
8,broad,positive,AdaptivePostFilter-IVF,8000,64,10,3727,0.465875,10,1.0,1,none,0,0,0,10,10,1.0,4.517161999956443,4800,2193,4800,4800,0,29,0,1,0,0.0,0
8,broad,positive,ExactPrefix-PostFilter,8000,64,10,3727,0.465875,10,1.0,1,none,0,0,0,10,10,1.0,1.9888609999725304,1600,694,8000,1600,0,0,0,1,0,0.0,0
8,broad,positive,TenantPartition-IVF,8000,64,10,3727,0.465875,10,0.6,0,ranking_truncation,0,0,0,10,10,1.0,1.0474139999132603,1511,625,1511,1511,0,8,0,1,0,0.0,0
8,broad,positive,PreFilter-IVF,8000,64,10,3727,0.465875,10,0.6,0,ranking_truncation,0,0,0,10,10,1.0,1.862450999851717,1499,574,574,1499,8,8,0,1,0,0.0,0
8,broad,positive,PACER-A,8000,64,10,3727,0.465875,10,1.0,1,none,0,0,0,10,10,1.0,5.058441000073799,1600,1494,1600,1600,20,20,0,1,0,0.613542377948761,1
8,broad,positive,PACER-C,8000,64,10,3727,0.465875,10,1.0,1,none,0,0,0,10,10,1.0,11.455636999926355,3974,3727,3974,3974,48,48,1,1,0,0.0,0
8,broad,positive,PACER-X,8000,64,10,3727,0.465875,10,1.0,1,none,0,0,0,10,10,1.0,11.099906000254123,3974,3727,3974,3974,48,48,1,1,0,0.0,0
8,broad,positive,PACER-A-NoSlices,8000,64,10,3727,0.465875,10,0.6,0,ranking_truncation,0,0,0,10,10,1.0,1.6981270000542281,1600,640,1600,1600,9,9,0,1,0,0.6564055383205414,1
8,broad,positive,PACER-A-NoBounds,8000,64,10,3727,0.465875,10,0.9,0,ranking_truncation,0,0,0,10,10,1.0,4.177938000339054,1600,1496,1600,1600,19,19,0,1,0,0.0,1
8,broad,positive,StaleNoRecheck,8000,64,10,3727,0.465875,10,0.6,0,ranking_truncation,0,0,0,10,10,1.0,1.1582219999581866,1511,666,1511,1511,0,8,0,1,0,0.0,0
8,broad,positive,NaiveNoPolicy,8000,64,10,3727,0.465875,10,0.5,0,ranking_truncation,0,1,5,5,10,0.5,0.3428390000408399,1511,1511,1511,0,0,8,0,1,0,0.0,0
9,medium,positive,ExactSecure,8000,64,10,232,0.029,10,1.0,1,none,0,0,0,10,10,1.0,3.9366030000564933,8000,232,232,8000,0,0,1,1,0,0.0,0
9,medium,positive,PreFilter-Exact,8000,64,10,232,0.029,10,1.0,1,none,0,0,0,10,10,1.0,4.201945000204432,8000,232,232,8000,0,0,1,1,0,0.0,0
9,medium,positive,BitmapSlice-Exact,8000,64,10,232,0.029,10,1.0,1,none,0,0,0,10,10,1.0,0.5220809998718323,259,232,232,259,0,0,1,1,0,0.0,0
9,medium,positive,ScalarOnly,8000,64,10,232,0.029,10,0.0,0,ranking_truncation,0,0,0,10,10,1.0,4.19280100004471,8000,232,0,8000,0,0,0,1,0,0.0,0
9,medium,positive,PostFilter-IVF,8000,64,10,232,0.029,10,0.9,0,ranking_truncation,0,0,0,10,10,1.0,1.0317349997421843,1276,39,1276,1276,0,8,0,1,0,0.0,0
9,medium,positive,AdaptivePostFilter-IVF,8000,64,10,232,0.029,10,0.9,0,ranking_truncation,0,0,0,10,10,1.0,4.182703999958903,4800,99,4800,4800,0,31,0,1,0,0.0,0
9,medium,positive,ExactPrefix-PostFilter,8000,64,10,232,0.029,10,1.0,1,none,0,0,0,10,10,1.0,1.9893530002264015,1600,38,8000,1600,0,0,0,1,0,0.0,0
9,medium,positive,TenantPartition-IVF,8000,64,10,232,0.029,10,0.9,0,ranking_truncation,0,0,0,10,10,1.0,0.5840410003656871,1276,39,1276,1276,0,8,0,1,0,0.0,0
9,medium,positive,PreFilter-IVF,8000,64,10,232,0.029,10,0.8,0,ranking_truncation,0,0,0,10,10,1.0,1.2723039999400498,1211,41,41,1211,10,8,0,1,0,0.0,0
9,medium,positive,PACER-A,8000,64,10,232,0.029,10,1.0,1,none,0,0,0,10,10,1.0,3.3362949998263502,259,232,259,259,48,40,1,1,0,0.0,0
9,medium,positive,PACER-C,8000,64,10,232,0.029,10,1.0,1,none,0,0,0,10,10,1.0,3.2456839999213116,259,232,259,259,48,40,1,1,0,0.0,0
9,medium,positive,PACER-X,8000,64,10,232,0.029,10,1.0,1,none,0,0,0,10,10,1.0,3.1506949999311473,259,232,259,259,48,40,1,1,0,0.0,0
9,medium,positive,PACER-A-NoSlices,8000,64,10,232,0.029,10,0.8,0,ranking_truncation,0,0,0,10,10,1.0,1.5541309999207442,1600,41,1600,1600,11,11,0,1,0,0.8006836920976639,1
9,medium,positive,PACER-A-NoBounds,8000,64,10,232,0.029,10,1.0,1,none,0,0,0,10,10,1.0,3.1157560001702223,259,232,259,259,48,40,1,1,0,0.0,0
9,medium,positive,StaleNoRecheck,8000,64,10,232,0.029,10,0.9,0,ranking_truncation,0,1,0,9,10,0.9,0.9562939999341324,1276,45,1276,1276,0,8,0,1,0,0.0,0
9,medium,positive,NaiveNoPolicy,8000,64,10,232,0.029,10,0.2,0,ranking_truncation,8,1,8,2,10,0.2,0.3007539999089204,1276,1276,1276,0,0,8,0,1,0,0.0,0
10,narrow,positive,ExactSecure,8000,64,10,4,0.0005,4,1.0,1,none,0,0,0,4,4,1.0,11.135297999771865,8000,4,4,8000,0,0,1,1,0,0.0,0
10,narrow,positive,PreFilter-Exact,8000,64,10,4,0.0005,4,1.0,1,none,0,0,0,4,4,1.0,4.661714999656397,8000,4,4,8000,0,0,1,1,0,0.0,0
10,narrow,positive,BitmapSlice-Exact,8000,64,10,4,0.0005,4,1.0,1,none,0,0,0,4,4,1.0,0.11255999970671837,4,4,4,4,0,0,1,1,0,0.0,0
10,narrow,positive,ScalarOnly,8000,64,10,4,0.0005,4,1.0,1,none,0,0,0,4,4,1.0,4.7098430000005465,8000,4,0,8000,0,0,0,1,0,0.0,0
10,narrow,positive,PostFilter-IVF,8000,64,10,4,0.0005,4,1.0,1,none,0,0,0,4,4,1.0,1.0151209999094135,1338,4,1338,1338,0,8,0,1,0,0.0,0
10,narrow,positive,AdaptivePostFilter-IVF,8000,64,10,4,0.0005,4,1.0,1,none,0,0,0,4,4,1.0,4.074984999988374,4800,4,4800,4800,0,29,0,1,0,0.0,0
10,narrow,positive,ExactPrefix-PostFilter,8000,64,10,4,0.0005,3,0.75,0,candidate_starvation,0,0,0,3,3,1.0,2.0431680000001506,1600,3,8000,1600,0,0,0,1,0,0.0,0
10,narrow,positive,TenantPartition-IVF,8000,64,10,4,0.0005,4,1.0,1,none,0,0,0,4,4,1.0,0.7230690002870688,1338,4,1338,1338,0,8,0,1,0,0.0,0
10,narrow,positive,PreFilter-IVF,8000,64,10,4,0.0005,4,1.0,1,none,0,0,0,4,4,1.0,0.799007999830792,406,4,4,406,48,2,0,1,0,0.0,0
10,narrow,positive,PACER-A,8000,64,10,4,0.0005,4,1.0,1,none,0,0,0,4,4,1.0,0.3629600000749633,4,4,4,4,3,2,1,1,0,0.0,0
10,narrow,positive,PACER-C,8000,64,10,4,0.0005,4,1.0,1,none,0,0,0,4,4,1.0,0.24864300030458253,4,4,4,4,3,2,1,1,0,0.0,0
10,narrow,positive,PACER-X,8000,64,10,4,0.0005,4,1.0,1,none,0,0,0,4,4,1.0,0.25561600023138453,4,4,4,4,3,2,1,1,0,0.0,0
10,narrow,positive,PACER-A-NoSlices,8000,64,10,4,0.0005,4,1.0,1,none,0,0,0,4,4,1.0,2.0246620001671545,1600,4,1600,1600,10,10,0,1,0,0.0,1
10,narrow,positive,PACER-A-NoBounds,8000,64,10,4,0.0005,4,1.0,1,none,0,0,0,4,4,1.0,0.25339200010421337,4,4,4,4,3,2,1,1,0,0.0,0
10,narrow,positive,StaleNoRecheck,8000,64,10,4,0.0005,4,1.0,1,none,0,0,0,4,4,1.0,1.7502099999546772,1338,4,1338,1338,0,8,0,1,0,0.0,0
10,narrow,positive,NaiveNoPolicy,8000,64,10,4,0.0005,10,0.25,0,ranking_truncation,9,0,9,1,10,0.1,0.37018900002294686,1338,1338,1338,0,0,8,0,1,0,0.0,0
11,cold,positive,ExactSecure,8000,64,10,4,0.0005,4,1.0,1,none,0,0,0,4,4,1.0,4.511802999786596,8000,4,4,8000,0,0,1,1,0,0.0,0
11,cold,positive,PreFilter-Exact,8000,64,10,4,0.0005,4,1.0,1,none,0,0,0,4,4,1.0,4.57493500016426,8000,4,4,8000,0,0,1,1,0,0.0,0
11,cold,positive,BitmapSlice-Exact,8000,64,10,4,0.0005,4,1.0,1,none,0,0,0,4,4,1.0,0.13444600017464836,4,4,4,4,0,0,1,1,0,0.0,0
11,cold,positive,ScalarOnly,8000,64,10,4,0.0005,4,1.0,0,ranking_truncation,0,0,0,4,4,1.0,4.73248699972828,8000,4,0,8000,0,0,0,1,0,0.0,0
11,cold,positive,PostFilter-IVF,8000,64,10,4,0.0005,3,0.75,0,candidate_starvation,0,0,0,3,3,1.0,1.4369109999279317,1060,3,1060,1060,0,8,0,1,0,0.0,0
11,cold,positive,AdaptivePostFilter-IVF,8000,64,10,4,0.0005,4,1.0,1,none,0,0,0,4,4,1.0,5.393593000007968,4800,4,4800,4800,0,30,0,1,0,0.0,0
11,cold,positive,ExactPrefix-PostFilter,8000,64,10,4,0.0005,4,1.0,1,none,0,0,0,4,4,1.0,1.7340989998047007,1600,4,8000,1600,0,0,0,1,0,0.0,0
11,cold,positive,TenantPartition-IVF,8000,64,10,4,0.0005,3,0.75,0,candidate_starvation,0,0,0,3,3,1.0,0.44992299990553875,1060,3,1060,1060,0,8,0,1,0,0.0,0
11,cold,positive,PreFilter-IVF,8000,64,10,4,0.0005,4,1.0,1,none,0,0,0,4,4,1.0,0.7048490001579921,404,4,4,404,48,3,0,1,0,0.0,0
11,cold,positive,PACER-A,8000,64,10,4,0.0005,4,1.0,1,none,0,0,0,4,4,1.0,0.5127240001456812,4,4,4,4,19,3,1,1,0,0.0,0
11,cold,positive,PACER-C,8000,64,10,4,0.0005,4,1.0,1,none,0,0,0,4,4,1.0,0.361132000307407,4,4,4,4,19,3,1,1,0,0.0,0
11,cold,positive,PACER-X,8000,64,10,4,0.0005,4,1.0,1,none,0,0,0,4,4,1.0,0.2856920000340324,4,4,4,4,19,3,1,1,0,0.0,0
11,cold,positive,PACER-A-NoSlices,8000,64,10,4,0.0005,3,0.75,0,candidate_starvation,0,0,0,3,3,1.0,1.5092569997250393,1600,3,1600,1600,12,12,0,1,0,0.0,1
11,cold,positive,PACER-A-NoBounds,8000,64,10,4,0.0005,4,1.0,1,none,0,0,0,4,4,1.0,0.24758700010352186,4,4,4,4,19,3,1,1,0,0.0,0
11,cold,positive,StaleNoRecheck,8000,64,10,4,0.0005,3,0.75,0,candidate_starvation,0,0,0,3,3,1.0,0.7778799999869079,1060,3,1060,1060,0,8,0,1,0,0.0,0
11,cold,positive,NaiveNoPolicy,8000,64,10,4,0.0005,10,0.25,0,ranking_truncation,7,1,8,1,10,0.1,0.41765200012378045,1060,1060,1060,0,0,8,0,1,0,0.0,0
12,broad,positive,ExactSecure,8000,64,10,3608,0.451,10,1.0,1,none,0,0,0,10,10,1.0,4.389243999867176,8000,3608,3608,8000,0,0,1,1,0,0.0,0
12,broad,positive,PreFilter-Exact,8000,64,10,3608,0.451,10,1.0,1,none,0,0,0,10,10,1.0,4.868858000008913,8000,3608,3608,8000,0,0,1,1,0,0.0,0
12,broad,positive,BitmapSlice-Exact,8000,64,10,3608,0.451,10,1.0,1,none,0,0,0,10,10,1.0,6.3101910000114,3919,3608,3608,3919,0,0,1,1,0,0.0,0
12,broad,positive,ScalarOnly,8000,64,10,3608,0.451,10,0.0,0,ranking_truncation,0,0,0,10,10,1.0,6.145168999864836,8000,3608,0,8000,0,0,0,1,0,0.0,0
12,broad,positive,PostFilter-IVF,8000,64,10,3608,0.451,10,1.0,1,none,0,0,0,10,10,1.0,1.351490000160993,1034,493,1034,1034,0,8,0,1,0,0.0,0
12,broad,positive,AdaptivePostFilter-IVF,8000,64,10,3608,0.451,10,1.0,1,none,0,0,0,10,10,1.0,6.83152900001005,4800,2127,4800,4800,0,30,0,1,0,0.0,0
12,broad,positive,ExactPrefix-PostFilter,8000,64,10,3608,0.451,10,1.0,1,none,0,0,0,10,10,1.0,2.5310370001534466,1600,723,8000,1600,0,0,0,1,0,0.0,0
12,broad,positive,TenantPartition-IVF,8000,64,10,3608,0.451,10,1.0,1,none,0,0,0,10,10,1.0,1.1361339998074982,1034,493,1034,1034,0,8,0,1,0,0.0,0
12,broad,positive,PreFilter-IVF,8000,64,10,3608,0.451,10,1.0,1,none,0,0,0,10,10,1.0,1.9815180003206478,1034,493,493,1034,8,8,0,1,0,0.0,0
12,broad,positive,PACER-A,8000,64,10,3608,0.451,10,1.0,1,none,0,0,0,10,10,1.0,4.607822999787459,1600,1465,1600,1600,22,22,0,1,0,0.573052704334259,1
12,broad,positive,PACER-C,8000,64,10,3608,0.451,10,1.0,1,none,0,0,0,10,10,1.0,9.997821000069962,3919,3608,3919,3919,48,48,1,1,0,0.0,0
12,broad,positive,PACER-X,8000,64,10,3608,0.451,10,1.0,1,none,0,0,0,10,10,1.0,9.862312999757705,3919,3608,3919,3919,48,48,1,1,0,0.0,0
12,broad,positive,PACER-A-NoSlices,8000,64,10,3608,0.451,10,1.0,1,none,0,0,0,10,10,1.0,1.7208369999934803,1600,703,1600,1600,12,12,0,1,0,0.5866057276725769,1
12,broad,positive,PACER-A-NoBounds,8000,64,10,3608,0.451,10,1.0,1,none,0,0,0,10,10,1.0,4.32818400031465,1600,1464,1600,1600,22,22,0,1,0,0.0,1
12,broad,positive,StaleNoRecheck,8000,64,10,3608,0.451,10,0.9,0,ranking_truncation,0,1,0,9,10,0.9,0.7682640002713015,1034,535,1034,1034,0,8,0,1,0,0.0,0
12,broad,positive,NaiveNoPolicy,8000,64,10,3608,0.451,10,0.7,0,ranking_truncation,0,1,2,7,10,0.7,0.22329700004775077,1034,1034,1034,0,0,8,0,1,0,0.0,0
13,medium,positive,ExactSecure,8000,64,10,214,0.02675,10,1.0,1,none,0,0,0,10,10,1.0,3.9174869998532813,8000,214,214,8000,0,0,1,1,0,0.0,0
13,medium,positive,PreFilter-Exact,8000,64,10,214,0.02675,10,1.0,1,none,0,0,0,10,10,1.0,4.138353000143979,8000,214,214,8000,0,0,1,1,0,0.0,0
13,medium,positive,BitmapSlice-Exact,8000,64,10,214,0.02675,10,1.0,1,none,0,0,0,10,10,1.0,0.4862220002905815,235,214,214,235,0,0,1,1,0,0.0,0
13,medium,positive,ScalarOnly,8000,64,10,214,0.02675,10,0.0,0,ranking_truncation,0,0,0,10,10,1.0,4.308933000174875,8000,214,0,8000,0,0,0,1,0,0.0,0
13,medium,positive,PostFilter-IVF,8000,64,10,214,0.02675,10,0.2,0,ranking_truncation,0,0,0,10,10,1.0,1.2009659999421274,1510,24,1510,1510,0,8,0,1,0,0.0,0
13,medium,positive,AdaptivePostFilter-IVF,8000,64,10,214,0.02675,10,0.9,0,ranking_truncation,0,0,0,10,10,1.0,4.288303000066662,4800,108,4800,4800,0,31,0,1,0,0.0,0
13,medium,positive,ExactPrefix-PostFilter,8000,64,10,214,0.02675,10,1.0,1,none,0,0,0,10,10,1.0,1.8884320002143795,1600,43,8000,1600,0,0,0,1,0,0.0,0
13,medium,positive,TenantPartition-IVF,8000,64,10,214,0.02675,10,0.2,0,ranking_truncation,0,0,0,10,10,1.0,0.8542109999325476,1510,24,1510,1510,0,8,0,1,0,0.0,0
13,medium,positive,PreFilter-IVF,8000,64,10,214,0.02675,10,0.3,0,ranking_truncation,0,0,0,10,10,1.0,1.4557869999407558,1472,35,35,1472,12,8,0,1,0,0.0,0
13,medium,positive,PACER-A,8000,64,10,214,0.02675,10,1.0,1,none,0,0,0,10,10,1.0,3.741378000086115,235,214,235,235,48,37,1,1,0,0.0,0
13,medium,positive,PACER-C,8000,64,10,214,0.02675,10,1.0,1,none,0,0,0,10,10,1.0,4.010007000033511,235,214,235,235,48,37,1,1,0,0.0,0
13,medium,positive,PACER-X,8000,64,10,214,0.02675,10,1.0,1,none,0,0,0,10,10,1.0,3.950077000354213,235,214,235,235,48,37,1,1,0,0.0,0
13,medium,positive,PACER-A-NoSlices,8000,64,10,214,0.02675,10,0.2,0,ranking_truncation,0,0,0,10,10,1.0,2.1252129999993485,1600,29,1600,1600,8,8,0,1,0,0.8893688544631004,1
13,medium,positive,PACER-A-NoBounds,8000,64,10,214,0.02675,10,1.0,1,none,0,0,0,10,10,1.0,3.9213260001815797,235,214,235,235,48,37,1,1,0,0.0,0
13,medium,positive,StaleNoRecheck,8000,64,10,214,0.02675,10,0.2,0,ranking_truncation,0,0,0,10,10,1.0,1.8020229999820003,1510,27,1510,1510,0,8,0,1,0,0.0,0
13,medium,positive,NaiveNoPolicy,8000,64,10,214,0.02675,10,0.1,0,ranking_truncation,8,1,7,1,10,0.1,0.6746829999428883,1510,1510,1510,0,0,8,0,1,0,0.0,0
14,narrow,positive,ExactSecure,8000,64,10,9,0.001125,9,1.0,1,none,0,0,0,9,9,1.0,6.8296740000732825,8000,9,9,8000,0,0,1,1,0,0.0,0
14,narrow,positive,PreFilter-Exact,8000,64,10,9,0.001125,9,1.0,1,none,0,0,0,9,9,1.0,8.454228999653424,8000,9,9,8000,0,0,1,1,0,0.0,0
14,narrow,positive,BitmapSlice-Exact,8000,64,10,9,0.001125,9,1.0,1,none,0,0,0,9,9,1.0,0.11677899965434335,10,9,9,10,0,0,1,1,0,0.0,0
14,narrow,positive,ScalarOnly,8000,64,10,9,0.001125,9,1.0,0,ranking_truncation,0,0,0,9,9,1.0,6.512286000088352,8000,9,0,8000,0,0,0,1,0,0.0,0
14,narrow,positive,PostFilter-IVF,8000,64,10,9,0.001125,2,0.2222222222222222,0,candidate_starvation,0,0,0,2,2,1.0,1.7066380000869685,1430,2,1430,1430,0,8,0,1,0,0.0,0
14,narrow,positive,AdaptivePostFilter-IVF,8000,64,10,9,0.001125,8,0.8888888888888888,0,candidate_starvation,0,0,0,8,8,1.0,5.764287000147306,4800,8,4800,4800,0,30,0,1,0,0.0,0
14,narrow,positive,ExactPrefix-PostFilter,8000,64,10,9,0.001125,4,0.4444444444444444,0,candidate_starvation,0,0,0,4,4,1.0,2.2977900002842944,1600,4,8000,1600,0,0,0,1,0,0.0,0
14,narrow,positive,TenantPartition-IVF,8000,64,10,9,0.001125,2,0.2222222222222222,0,candidate_starvation,0,0,0,2,2,1.0,0.8773250001468114,1430,2,1430,1430,0,8,0,1,0,0.0,0
14,narrow,positive,PreFilter-IVF,8000,64,10,9,0.001125,9,1.0,1,none,0,0,0,9,9,1.0,1.486618999933853,894,9,9,894,48,6,0,1,0,0.0,0
14,narrow,positive,PACER-A,8000,64,10,9,0.001125,9,1.0,1,none,0,0,0,9,9,1.0,0.6706459998895298,10,9,10,10,47,6,1,1,0,0.0,0
14,narrow,positive,PACER-C,8000,64,10,9,0.001125,9,1.0,1,none,0,0,0,9,9,1.0,0.6013189999976021,10,9,10,10,47,6,1,1,0,0.0,0
14,narrow,positive,PACER-X,8000,64,10,9,0.001125,9,1.0,1,none,0,0,0,9,9,1.0,0.5863309997948818,10,9,10,10,47,6,1,1,0,0.0,0
14,narrow,positive,PACER-A-NoSlices,8000,64,10,9,0.001125,5,0.5555555555555556,0,candidate_starvation,0,0,0,5,5,1.0,1.9884329999513284,1600,5,1600,1600,10,10,0,1,0,0.0,1
14,narrow,positive,PACER-A-NoBounds,8000,64,10,9,0.001125,9,1.0,1,none,0,0,0,9,9,1.0,0.5938899998909619,10,9,10,10,47,6,1,1,0,0.0,0
14,narrow,positive,StaleNoRecheck,8000,64,10,9,0.001125,2,0.2222222222222222,0,candidate_starvation,0,0,0,2,2,1.0,1.5791149999131449,1430,2,1430,1430,0,8,0,1,0,0.0,0
14,narrow,positive,NaiveNoPolicy,8000,64,10,9,0.001125,10,0.1111111111111111,0,ranking_truncation,9,3,7,1,10,0.1,0.44078700011596084,1430,1430,1430,0,0,8,0,1,0,0.0,0
15,cold,positive,ExactSecure,8000,64,10,2,0.00025,2,1.0,1,none,0,0,0,2,2,1.0,3.7417140001707594,8000,2,2,8000,0,0,1,1,0,0.0,0
15,cold,positive,PreFilter-Exact,8000,64,10,2,0.00025,2,1.0,1,none,0,0,0,2,2,1.0,3.8938370003052114,8000,2,2,8000,0,0,1,1,0,0.0,0
15,cold,positive,BitmapSlice-Exact,8000,64,10,2,0.00025,2,1.0,1,none,0,0,0,2,2,1.0,0.07091999987096642,2,2,2,2,0,0,1,1,0,0.0,0
15,cold,positive,ScalarOnly,8000,64,10,2,0.00025,2,1.0,1,none,0,0,0,2,2,1.0,4.462516999865329,8000,2,0,8000,0,0,0,1,0,0.0,0
15,cold,positive,PostFilter-IVF,8000,64,10,2,0.00025,2,1.0,1,none,0,0,0,2,2,1.0,1.4276679999056796,1426,2,1426,1426,0,8,0,1,0,0.0,0
15,cold,positive,AdaptivePostFilter-IVF,8000,64,10,2,0.00025,2,1.0,1,none,0,0,0,2,2,1.0,4.268000000138272,4800,2,4800,4800,0,29,0,1,0,0.0,0
15,cold,positive,ExactPrefix-PostFilter,8000,64,10,2,0.00025,1,0.5,0,candidate_starvation,0,0,0,1,1,1.0,1.688679999915621,1600,1,8000,1600,0,0,0,1,0,0.0,0
15,cold,positive,TenantPartition-IVF,8000,64,10,2,0.00025,2,1.0,1,none,0,0,0,2,2,1.0,0.5727239999941958,1426,2,1426,1426,0,8,0,1,0,0.0,0
15,cold,positive,PreFilter-IVF,8000,64,10,2,0.00025,2,1.0,1,none,0,0,0,2,2,1.0,0.6215140001586406,403,2,2,403,48,2,0,1,0,0.0,0
15,cold,positive,PACER-A,8000,64,10,2,0.00025,2,1.0,1,none,0,0,0,2,2,1.0,0.2341150002393988,2,2,2,2,2,2,1,1,0,0.0,0
15,cold,positive,PACER-C,8000,64,10,2,0.00025,2,1.0,1,none,0,0,0,2,2,1.0,0.18342300018048263,2,2,2,2,2,2,1,1,0,0.0,0
15,cold,positive,PACER-X,8000,64,10,2,0.00025,2,1.0,1,none,0,0,0,2,2,1.0,0.17612100009500864,2,2,2,2,2,2,1,1,0,0.0,0
15,cold,positive,PACER-A-NoSlices,8000,64,10,2,0.00025,2,1.0,1,none,0,0,0,2,2,1.0,1.1856629998874268,1600,2,1600,1600,10,10,0,1,0,0.0,1
15,cold,positive,PACER-A-NoBounds,8000,64,10,2,0.00025,2,1.0,1,none,0,0,0,2,2,1.0,0.16888699974515475,2,2,2,2,2,2,1,1,0,0.0,0
15,cold,positive,StaleNoRecheck,8000,64,10,2,0.00025,2,1.0,1,none,0,0,0,2,2,1.0,0.9513800000604533,1426,2,1426,1426,0,8,0,1,0,0.0,0
15,cold,positive,NaiveNoPolicy,8000,64,10,2,0.00025,10,0.5,0,ranking_truncation,9,1,8,1,10,0.1,0.47578500016243197,1426,1426,1426,0,0,8,0,1,0,0.0,0
16,broad,positive,ExactSecure,8000,64,10,3501,0.437625,10,1.0,1,none,0,0,0,10,10,1.0,4.080796999915037,8000,3501,3501,8000,0,0,1,1,0,0.0,0
16,broad,positive,PreFilter-Exact,8000,64,10,3501,0.437625,10,1.0,1,none,0,0,0,10,10,1.0,4.769105999912426,8000,3501,3501,8000,0,0,1,1,0,0.0,0
16,broad,positive,BitmapSlice-Exact,8000,64,10,3501,0.437625,10,1.0,1,none,0,0,0,10,10,1.0,6.74276000017926,3898,3501,3501,3898,0,0,1,1,0,0.0,0
16,broad,positive,ScalarOnly,8000,64,10,3501,0.437625,10,0.1,0,ranking_truncation,0,0,0,10,10,1.0,4.314673999942897,8000,3501,0,8000,0,0,0,1,0,0.0,0
16,broad,positive,PostFilter-IVF,8000,64,10,3501,0.437625,10,0.9,0,ranking_truncation,0,0,0,10,10,1.0,1.0282580001330643,1211,431,1211,1211,0,8,0,1,0,0.0,0
16,broad,positive,AdaptivePostFilter-IVF,8000,64,10,3501,0.437625,10,1.0,1,none,0,0,0,10,10,1.0,4.339128000083292,4800,1979,4800,4800,0,29,0,1,0,0.0,0
16,broad,positive,ExactPrefix-PostFilter,8000,64,10,3501,0.437625,10,1.0,1,none,0,0,0,10,10,1.0,1.835494000260951,1600,699,8000,1600,0,0,0,1,0,0.0,0
16,broad,positive,TenantPartition-IVF,8000,64,10,3501,0.437625,10,0.9,0,ranking_truncation,0,0,0,10,10,1.0,0.7814509999661823,1211,431,1211,1211,0,8,0,1,0,0.0,0
16,broad,positive,PreFilter-IVF,8000,64,10,3501,0.437625,10,0.9,0,ranking_truncation,0,0,0,10,10,1.0,1.5319499998440733,1225,498,498,1225,8,8,0,1,0,0.0,0
16,broad,positive,PACER-A,8000,64,10,3501,0.437625,10,1.0,1,none,0,0,0,10,10,1.0,5.750986999828456,1600,1436,1600,1600,20,20,0,1,0,0.5912576019763947,1
16,broad,positive,PACER-C,8000,64,10,3501,0.437625,10,1.0,1,none,0,0,0,10,10,1.0,11.283347999778925,3898,3501,3898,3898,48,48,1,1,0,0.0,0
16,broad,positive,PACER-X,8000,64,10,3501,0.437625,10,1.0,1,none,0,0,0,10,10,1.0,12.5000039997758,3898,3501,3898,3898,48,48,1,1,0,0.0,0
16,broad,positive,PACER-A-NoSlices,8000,64,10,3501,0.437625,10,0.9,0,ranking_truncation,0,0,0,10,10,1.0,1.9384820002414926,1600,742,1600,1600,10,10,0,1,0,0.6009715795516968,1
16,broad,positive,PACER-A-NoBounds,8000,64,10,3501,0.437625,10,1.0,1,none,0,0,0,10,10,1.0,4.716617999747541,1600,1434,1600,1600,21,21,0,1,0,0.0,1
16,broad,positive,StaleNoRecheck,8000,64,10,3501,0.437625,10,0.8,0,ranking_truncation,0,2,0,8,10,0.8,1.042279000103008,1211,478,1211,1211,0,8,0,1,0,0.0,0
16,broad,positive,NaiveNoPolicy,8000,64,10,3501,0.437625,10,0.7,0,ranking_truncation,0,2,1,7,10,0.7,0.3675729999486066,1211,1211,1211,0,0,8,0,1,0,0.0,0
17,medium,positive,ExactSecure,8000,64,10,183,0.022875,10,1.0,1,none,0,0,0,10,10,1.0,5.457422999825212,8000,183,183,8000,0,0,1,1,0,0.0,0
17,medium,positive,PreFilter-Exact,8000,64,10,183,0.022875,10,1.0,1,none,0,0,0,10,10,1.0,4.8375499995927385,8000,183,183,8000,0,0,1,1,0,0.0,0
17,medium,positive,BitmapSlice-Exact,8000,64,10,183,0.022875,10,1.0,1,none,0,0,0,10,10,1.0,0.5692899999303336,215,183,183,215,0,0,1,1,0,0.0,0
17,medium,positive,ScalarOnly,8000,64,10,183,0.022875,10,0.2,0,ranking_truncation,0,0,0,10,10,1.0,4.822873999728472,8000,183,0,8000,0,0,0,1,0,0.0,0
17,medium,positive,PostFilter-IVF,8000,64,10,183,0.022875,10,0.5,0,ranking_truncation,0,0,0,10,10,1.0,1.3010200000280747,1572,32,1572,1572,0,8,0,1,0,0.0,0
17,medium,positive,AdaptivePostFilter-IVF,8000,64,10,183,0.022875,10,0.9,0,ranking_truncation,0,0,0,10,10,1.0,4.19764500020392,4800,111,4800,4800,0,26,0,1,0,0.0,0
17,medium,positive,ExactPrefix-PostFilter,8000,64,10,183,0.022875,10,1.0,1,none,0,0,0,10,10,1.0,2.0608649997484463,1600,33,8000,1600,0,0,0,1,0,0.0,0
17,medium,positive,TenantPartition-IVF,8000,64,10,183,0.022875,10,0.5,0,ranking_truncation,0,0,0,10,10,1.0,1.0515490002944716,1572,32,1572,1572,0,8,0,1,0,0.0,0
17,medium,positive,PreFilter-IVF,8000,64,10,183,0.022875,10,0.5,0,ranking_truncation,0,0,0,10,10,1.0,1.8227099999421625,1581,58,58,1581,12,8,0,1,0,0.0,0
17,medium,positive,PACER-A,8000,64,10,183,0.022875,10,1.0,1,none,0,0,0,10,10,1.0,3.284950999841385,215,183,215,215,48,36,1,1,0,0.0,0
17,medium,positive,PACER-C,8000,64,10,183,0.022875,10,1.0,1,none,0,0,0,10,10,1.0,3.098468000189314,215,183,215,215,48,36,1,1,0,0.0,0
17,medium,positive,PACER-X,8000,64,10,183,0.022875,10,1.0,1,none,0,0,0,10,10,1.0,2.9116160003468394,215,183,215,215,48,36,1,1,0,0.0,0
17,medium,positive,PACER-A-NoSlices,8000,64,10,183,0.022875,10,0.5,0,ranking_truncation,0,0,0,10,10,1.0,1.4703750002809102,1600,29,1600,1600,9,9,0,1,0,0.8579138964414597,1
17,medium,positive,PACER-A-NoBounds,8000,64,10,183,0.022875,10,1.0,1,none,0,0,0,10,10,1.0,2.9929279999123537,215,183,215,215,48,36,1,1,0,0.0,0
17,medium,positive,StaleNoRecheck,8000,64,10,183,0.022875,10,0.5,0,ranking_truncation,0,1,0,9,10,0.9,1.6079049996733374,1572,37,1572,1572,0,8,0,1,0,0.0,0
17,medium,positive,NaiveNoPolicy,8000,64,10,183,0.022875,10,0.0,0,ranking_truncation,7,0,9,0,10,0.0,0.40122400014297455,1572,1572,1572,0,0,8,0,1,0,0.0,0
18,narrow,positive,ExactSecure,8000,64,10,4,0.0005,4,1.0,1,none,0,0,0,4,4,1.0,4.063998000219726,8000,4,4,8000,0,0,1,1,0,0.0,0
18,narrow,positive,PreFilter-Exact,8000,64,10,4,0.0005,4,1.0,1,none,0,0,0,4,4,1.0,4.3954600000688515,8000,4,4,8000,0,0,1,1,0,0.0,0
18,narrow,positive,BitmapSlice-Exact,8000,64,10,4,0.0005,4,1.0,1,none,0,0,0,4,4,1.0,0.07575400013593026,4,4,4,4,0,0,1,1,0,0.0,0
18,narrow,positive,ScalarOnly,8000,64,10,4,0.0005,4,1.0,0,ranking_truncation,0,0,0,4,4,1.0,4.0316889999303385,8000,4,0,8000,0,0,0,1,0,0.0,0
18,narrow,positive,PostFilter-IVF,8000,64,10,4,0.0005,4,1.0,1,none,0,0,0,4,4,1.0,0.8383790000152658,1038,4,1038,1038,0,8,0,1,0,0.0,0
18,narrow,positive,AdaptivePostFilter-IVF,8000,64,10,4,0.0005,4,1.0,1,none,0,0,0,4,4,1.0,4.387815999962186,4800,4,4800,4800,0,31,0,1,0,0.0,0
18,narrow,positive,ExactPrefix-PostFilter,8000,64,10,4,0.0005,3,0.75,0,candidate_starvation,0,0,0,3,3,1.0,2.096905999678711,1600,3,8000,1600,0,0,0,1,0,0.0,0
18,narrow,positive,TenantPartition-IVF,8000,64,10,4,0.0005,4,1.0,1,none,0,0,0,4,4,1.0,0.5784199997833639,1038,4,1038,1038,0,8,0,1,0,0.0,0
18,narrow,positive,PreFilter-IVF,8000,64,10,4,0.0005,4,1.0,1,none,0,0,0,4,4,1.0,0.9405549999428331,414,4,4,414,48,2,0,1,0,0.0,0
18,narrow,positive,PACER-A,8000,64,10,4,0.0005,4,1.0,1,none,0,0,0,4,4,1.0,0.41693200000736397,4,4,4,4,6,2,1,1,0,0.0,0
18,narrow,positive,PACER-C,8000,64,10,4,0.0005,4,1.0,1,none,0,0,0,4,4,1.0,0.36074299987376435,4,4,4,4,6,2,1,1,0,0.0,0
18,narrow,positive,PACER-X,8000,64,10,4,0.0005,4,1.0,1,none,0,0,0,4,4,1.0,0.1909349998641119,4,4,4,4,6,2,1,1,0,0.0,0
18,narrow,positive,PACER-A-NoSlices,8000,64,10,4,0.0005,4,1.0,1,none,0,0,0,4,4,1.0,1.2678970001616108,1600,4,1600,1600,11,11,0,1,0,0.0,0
18,narrow,positive,PACER-A-NoBounds,8000,64,10,4,0.0005,4,1.0,1,none,0,0,0,4,4,1.0,0.20268099979148246,4,4,4,4,3,2,1,1,0,0.0,0
18,narrow,positive,StaleNoRecheck,8000,64,10,4,0.0005,4,1.0,1,none,0,0,0,4,4,1.0,0.7352420002462168,1038,4,1038,1038,0,8,0,1,0,0.0,0
18,narrow,positive,NaiveNoPolicy,8000,64,10,4,0.0005,10,0.25,0,ranking_truncation,8,0,6,1,10,0.1,0.24423499962722417,1038,1038,1038,0,0,8,0,1,0,0.0,0
19,cold,positive,ExactSecure,8000,64,10,4,0.0005,4,1.0,1,none,0,0,0,4,4,1.0,3.957206999984919,8000,4,4,8000,0,0,1,1,0,0.0,0
19,cold,positive,PreFilter-Exact,8000,64,10,4,0.0005,4,1.0,1,none,0,0,0,4,4,1.0,4.005266000149277,8000,4,4,8000,0,0,1,1,0,0.0,0
19,cold,positive,BitmapSlice-Exact,8000,64,10,4,0.0005,4,1.0,1,none,0,0,0,4,4,1.0,0.07706099995630211,5,4,4,5,0,0,1,1,0,0.0,0
19,cold,positive,ScalarOnly,8000,64,10,4,0.0005,4,1.0,0,ranking_truncation,0,0,0,4,4,1.0,3.8684360001752793,8000,4,0,8000,0,0,0,1,0,0.0,0
19,cold,positive,PostFilter-IVF,8000,64,10,4,0.0005,4,1.0,1,none,0,0,0,4,4,1.0,1.0308030000487634,1276,4,1276,1276,0,8,0,1,0,0.0,0
19,cold,positive,AdaptivePostFilter-IVF,8000,64,10,4,0.0005,4,1.0,1,none,0,0,0,4,4,1.0,4.082707000179653,4800,4,4800,4800,0,28,0,1,0,0.0,0
19,cold,positive,ExactPrefix-PostFilter,8000,64,10,4,0.0005,3,0.75,0,candidate_starvation,0,0,0,3,3,1.0,1.746417000049405,1600,3,8000,1600,0,0,0,1,0,0.0,0
19,cold,positive,TenantPartition-IVF,8000,64,10,4,0.0005,4,1.0,1,none,0,0,0,4,4,1.0,0.6349029999910272,1276,4,1276,1276,0,8,0,1,0,0.0,0
19,cold,positive,PreFilter-IVF,8000,64,10,4,0.0005,4,1.0,1,none,0,0,0,4,4,1.0,0.7800950002092577,417,4,4,417,48,2,0,1,0,0.0,0
19,cold,positive,PACER-A,8000,64,10,4,0.0005,4,1.0,1,none,0,0,0,4,4,1.0,0.34220299994558445,5,4,5,5,3,2,1,1,0,0.0,0
19,cold,positive,PACER-C,8000,64,10,4,0.0005,4,1.0,1,none,0,0,0,4,4,1.0,0.29036000023552333,5,4,5,5,3,2,1,1,0,0.0,0
19,cold,positive,PACER-X,8000,64,10,4,0.0005,4,1.0,1,none,0,0,0,4,4,1.0,0.23522800029240898,5,4,5,5,3,2,1,1,0,0.0,0
19,cold,positive,PACER-A-NoSlices,8000,64,10,4,0.0005,4,1.0,1,none,0,0,0,4,4,1.0,1.3198380001995247,1600,4,1600,1600,11,11,0,1,0,0.0,1
19,cold,positive,PACER-A-NoBounds,8000,64,10,4,0.0005,4,1.0,1,none,0,0,0,4,4,1.0,0.23040099995341734,5,4,5,5,4,2,1,1,0,0.0,0
19,cold,positive,StaleNoRecheck,8000,64,10,4,0.0005,5,1.0,0,ranking_truncation,0,1,0,4,5,0.8,1.1949959998673876,1276,5,1276,1276,0,8,0,1,0,0.0,0
19,cold,positive,NaiveNoPolicy,8000,64,10,4,0.0005,10,0.25,0,ranking_truncation,8,3,8,1,10,0.1,0.4197890002615168,1276,1276,1276,0,0,8,0,1,0,0.0,0
20,broad,positive,ExactSecure,8000,64,10,3594,0.44925,10,1.0,1,none,0,0,0,10,10,1.0,4.362964999927499,8000,3594,3594,8000,0,0,1,1,0,0.0,0
20,broad,positive,PreFilter-Exact,8000,64,10,3594,0.44925,10,1.0,1,none,0,0,0,10,10,1.0,4.2654409999158815,8000,3594,3594,8000,0,0,1,1,0,0.0,0
20,broad,positive,BitmapSlice-Exact,8000,64,10,3594,0.44925,10,1.0,1,none,0,0,0,10,10,1.0,7.392678999622149,3989,3594,3594,3989,0,0,1,1,0,0.0,0
20,broad,positive,ScalarOnly,8000,64,10,3594,0.44925,10,0.0,0,ranking_truncation,0,0,0,10,10,1.0,5.236128999968059,8000,3594,0,8000,0,0,0,1,0,0.0,0
20,broad,positive,PostFilter-IVF,8000,64,10,3594,0.44925,10,0.6,0,ranking_truncation,0,0,0,10,10,1.0,1.5604479999637988,1600,861,1600,1600,0,8,0,1,0,0.0,0
20,broad,positive,AdaptivePostFilter-IVF,8000,64,10,3594,0.44925,10,0.8,0,ranking_truncation,0,0,0,10,10,1.0,4.596813999796723,4800,2359,4800,4800,0,26,0,1,0,0.0,0
20,broad,positive,ExactPrefix-PostFilter,8000,64,10,3594,0.44925,10,1.0,1,none,0,0,0,10,10,1.0,2.060373999938747,1600,788,8000,1600,0,0,0,1,0,0.0,0
20,broad,positive,TenantPartition-IVF,8000,64,10,3594,0.44925,10,0.6,0,ranking_truncation,0,0,0,10,10,1.0,1.3617179997709172,1600,861,1600,1600,0,8,0,1,0,0.0,0
20,broad,positive,PreFilter-IVF,8000,64,10,3594,0.44925,10,0.5,0,ranking_truncation,0,0,0,10,10,1.0,1.5707479997217888,1554,846,846,1554,8,8,0,1,0,0.0,0
20,broad,positive,PACER-A,8000,64,10,3594,0.44925,10,0.7,0,ranking_truncation,0,0,0,10,10,1.0,4.312087000016618,1600,1453,1600,1600,15,15,0,1,0,0.6574159264564514,1
20,broad,positive,PACER-C,8000,64,10,3594,0.44925,10,1.0,1,none,0,0,0,10,10,1.0,11.167982000188204,3989,3594,3989,3989,48,48,1,1,0,0.0,0
20,broad,positive,PACER-X,8000,64,10,3594,0.44925,10,1.0,1,none,0,0,0,10,10,1.0,12.16580799973599,3989,3594,3989,3989,48,48,1,1,0,0.0,0
20,broad,positive,PACER-A-NoSlices,8000,64,10,3594,0.44925,10,0.5,0,ranking_truncation,0,0,0,10,10,1.0,1.8761559999802557,1600,855,1600,1600,9,9,0,1,0,0.6703072786331177,1
20,broad,positive,PACER-A-NoBounds,8000,64,10,3594,0.44925,10,0.7,0,ranking_truncation,0,0,0,10,10,1.0,4.817460000140272,1600,1459,1600,1600,15,15,0,1,0,0.0,1
20,broad,positive,StaleNoRecheck,8000,64,10,3594,0.44925,10,0.6,0,ranking_truncation,0,0,0,10,10,1.0,1.4593799996873713,1600,951,1600,1600,0,8,0,1,0,0.0,0
20,broad,positive,NaiveNoPolicy,8000,64,10,3594,0.44925,10,0.5,0,ranking_truncation,0,0,5,5,10,0.5,0.555910999992193,1600,1600,1600,0,0,8,0,1,0,0.0,0
21,medium,positive,ExactSecure,8000,64,10,245,0.030625,10,1.0,1,none,0,0,0,10,10,1.0,4.91889800014178,8000,245,245,8000,0,0,1,1,0,0.0,0
21,medium,positive,PreFilter-Exact,8000,64,10,245,0.030625,10,1.0,1,none,0,0,0,10,10,1.0,4.2563709998830745,8000,245,245,8000,0,0,1,1,0,0.0,0
21,medium,positive,BitmapSlice-Exact,8000,64,10,245,0.030625,10,1.0,1,none,0,0,0,10,10,1.0,0.702285999977903,254,245,245,254,0,0,1,1,0,0.0,0
21,medium,positive,ScalarOnly,8000,64,10,245,0.030625,10,0.0,0,ranking_truncation,0,0,0,10,10,1.0,4.692709999744693,8000,245,0,8000,0,0,0,1,0,0.0,0
21,medium,positive,PostFilter-IVF,8000,64,10,245,0.030625,10,0.9,0,ranking_truncation,0,0,0,10,10,1.0,1.206970000112051,1307,84,1307,1307,0,8,0,1,0,0.0,0
21,medium,positive,AdaptivePostFilter-IVF,8000,64,10,245,0.030625,10,1.0,1,none,0,0,0,10,10,1.0,5.09366799997224,4800,131,4800,4800,0,31,0,1,0,0.0,0
21,medium,positive,ExactPrefix-PostFilter,8000,64,10,245,0.030625,10,1.0,1,none,0,0,0,10,10,1.0,2.025154999955703,1600,61,8000,1600,0,0,0,1,0,0.0,0
21,medium,positive,TenantPartition-IVF,8000,64,10,245,0.030625,10,0.9,0,ranking_truncation,0,0,0,10,10,1.0,1.0049860002254718,1307,84,1307,1307,0,8,0,1,0,0.0,0
21,medium,positive,PreFilter-IVF,8000,64,10,245,0.030625,10,0.9,0,ranking_truncation,0,0,0,10,10,1.0,1.5786560002197803,1394,87,87,1394,9,8,0,1,0,0.0,0
21,medium,positive,PACER-A,8000,64,10,245,0.030625,10,1.0,1,none,0,0,0,10,10,1.0,3.3562710000296647,254,245,254,254,47,37,1,1,0,0.0,0
21,medium,positive,PACER-C,8000,64,10,245,0.030625,10,1.0,1,none,0,0,0,10,10,1.0,3.2184490000872756,254,245,254,254,47,37,1,1,0,0.0,0
21,medium,positive,PACER-X,8000,64,10,245,0.030625,10,1.0,1,none,0,0,0,10,10,1.0,3.0589840002903657,254,245,254,254,47,37,1,1,0,0.0,0
21,medium,positive,PACER-A-NoSlices,8000,64,10,245,0.030625,10,0.9,0,ranking_truncation,0,0,0,10,10,1.0,1.51852199996938,1600,87,1600,1600,10,10,0,1,0,0.7569175362586975,1
21,medium,positive,PACER-A-NoBounds,8000,64,10,245,0.030625,10,1.0,1,none,0,0,0,10,10,1.0,3.0280569999376894,254,245,254,254,48,37,1,1,0,0.0,0
21,medium,positive,StaleNoRecheck,8000,64,10,245,0.030625,10,0.9,0,ranking_truncation,0,0,0,10,10,1.0,0.9635210003580141,1307,85,1307,1307,0,8,0,1,0,0.0,0
21,medium,positive,NaiveNoPolicy,8000,64,10,245,0.030625,10,0.2,0,ranking_truncation,7,1,6,2,10,0.2,0.31415900002684793,1307,1307,1307,0,0,8,0,1,0,0.0,0
22,narrow,positive,ExactSecure,8000,64,10,7,0.000875,7,1.0,1,none,0,0,0,7,7,1.0,3.9909279998937564,8000,7,7,8000,0,0,1,1,0,0.0,0
22,narrow,positive,PreFilter-Exact,8000,64,10,7,0.000875,7,1.0,1,none,0,0,0,7,7,1.0,4.159394999987853,8000,7,7,8000,0,0,1,1,0,0.0,0
22,narrow,positive,BitmapSlice-Exact,8000,64,10,7,0.000875,7,1.0,1,none,0,0,0,7,7,1.0,0.07906500013632467,7,7,7,7,0,0,1,1,0,0.0,0
22,narrow,positive,ScalarOnly,8000,64,10,7,0.000875,7,1.0,0,ranking_truncation,0,0,0,7,7,1.0,4.100140999980795,8000,7,0,8000,0,0,0,1,0,0.0,0
22,narrow,positive,PostFilter-IVF,8000,64,10,7,0.000875,3,0.42857142857142855,0,candidate_starvation,0,0,0,3,3,1.0,1.215523999690049,1345,3,1345,1345,0,8,0,1,0,0.0,0
22,narrow,positive,AdaptivePostFilter-IVF,8000,64,10,7,0.000875,5,0.7142857142857143,0,candidate_starvation,0,0,0,5,5,1.0,4.369617000065773,4800,5,4800,4800,0,31,0,1,0,0.0,0
22,narrow,positive,ExactPrefix-PostFilter,8000,64,10,7,0.000875,4,0.5714285714285714,0,candidate_starvation,0,0,0,4,4,1.0,1.7411580001862603,1600,4,8000,1600,0,0,0,1,0,0.0,0
22,narrow,positive,TenantPartition-IVF,8000,64,10,7,0.000875,3,0.42857142857142855,0,candidate_starvation,0,0,0,3,3,1.0,0.5497570000443375,1345,3,1345,1345,0,8,0,1,0,0.0,0
22,narrow,positive,PreFilter-IVF,8000,64,10,7,0.000875,7,1.0,1,none,0,0,0,7,7,1.0,0.958961000378622,973,7,7,973,48,5,0,1,0,0.0,0
22,narrow,positive,PACER-A,8000,64,10,7,0.000875,7,1.0,1,none,0,0,0,7,7,1.0,0.6725250000272354,7,7,7,7,38,5,1,1,0,0.0,0
22,narrow,positive,PACER-C,8000,64,10,7,0.000875,7,1.0,1,none,0,0,0,7,7,1.0,0.392889000067953,7,7,7,7,38,5,1,1,0,0.0,0
22,narrow,positive,PACER-X,8000,64,10,7,0.000875,7,1.0,1,none,0,0,0,7,7,1.0,0.3612239997892175,7,7,7,7,38,5,1,1,0,0.0,0
22,narrow,positive,PACER-A-NoSlices,8000,64,10,7,0.000875,4,0.5714285714285714,0,candidate_starvation,0,0,0,4,4,1.0,1.4497699999083125,1600,4,1600,1600,11,11,0,1,0,0.0,1
22,narrow,positive,PACER-A-NoBounds,8000,64,10,7,0.000875,7,1.0,1,none,0,0,0,7,7,1.0,0.3751539998120279,7,7,7,7,38,5,1,1,0,0.0,0
22,narrow,positive,StaleNoRecheck,8000,64,10,7,0.000875,3,0.42857142857142855,0,candidate_starvation,0,0,0,3,3,1.0,1.0472499998286366,1345,3,1345,1345,0,8,0,1,0,0.0,0
22,narrow,positive,NaiveNoPolicy,8000,64,10,7,0.000875,10,0.14285714285714285,0,ranking_truncation,9,0,8,1,10,0.1,0.5096840000078373,1345,1345,1345,0,0,8,0,1,0,0.0,0
23,cold,positive,ExactSecure,8000,64,10,2,0.00025,2,1.0,1,none,0,0,0,2,2,1.0,4.206147999866516,8000,2,2,8000,0,0,1,1,0,0.0,0
23,cold,positive,PreFilter-Exact,8000,64,10,2,0.00025,2,1.0,1,none,0,0,0,2,2,1.0,4.01819999979125,8000,2,2,8000,0,0,1,1,0,0.0,0
23,cold,positive,BitmapSlice-Exact,8000,64,10,2,0.00025,2,1.0,1,none,0,0,0,2,2,1.0,0.08864000028552255,2,2,2,2,0,0,1,1,0,0.0,0
23,cold,positive,ScalarOnly,8000,64,10,2,0.00025,2,1.0,1,none,0,0,0,2,2,1.0,4.062411000177235,8000,2,0,8000,0,0,0,1,0,0.0,0
23,cold,positive,PostFilter-IVF,8000,64,10,2,0.00025,1,0.5,0,candidate_starvation,0,0,0,1,1,1.0,1.1005559999830439,1556,1,1556,1556,0,8,0,1,0,0.0,0
23,cold,positive,AdaptivePostFilter-IVF,8000,64,10,2,0.00025,2,1.0,1,none,0,0,0,2,2,1.0,4.249658999924577,4800,2,4800,4800,0,27,0,1,0,0.0,0
23,cold,positive,ExactPrefix-PostFilter,8000,64,10,2,0.00025,1,0.5,0,candidate_starvation,0,0,0,1,1,1.0,1.7590769998605538,1600,1,8000,1600,0,0,0,1,0,0.0,0
23,cold,positive,TenantPartition-IVF,8000,64,10,2,0.00025,1,0.5,0,candidate_starvation,0,0,0,1,1,1.0,0.7567580000795715,1556,1,1556,1556,0,8,0,1,0,0.0,0
23,cold,positive,PreFilter-IVF,8000,64,10,2,0.00025,2,1.0,1,none,0,0,0,2,2,1.0,0.5633539999507775,325,2,2,325,48,2,0,1,0,0.0,0
23,cold,positive,PACER-A,8000,64,10,2,0.00025,2,1.0,1,none,0,0,0,2,2,1.0,0.4092700000910554,2,2,2,2,16,2,1,1,0,0.0,0
23,cold,positive,PACER-C,8000,64,10,2,0.00025,2,1.0,1,none,0,0,0,2,2,1.0,0.2128479995917587,2,2,2,2,16,2,1,1,0,0.0,0
23,cold,positive,PACER-X,8000,64,10,2,0.00025,2,1.0,1,none,0,0,0,2,2,1.0,0.1715410003271245,2,2,2,2,16,2,1,1,0,0.0,0
23,cold,positive,PACER-A-NoSlices,8000,64,10,2,0.00025,1,0.5,0,candidate_starvation,0,0,0,1,1,1.0,1.2354270002106205,1600,1,1600,1600,9,9,0,1,0,0.0,1
23,cold,positive,PACER-A-NoBounds,8000,64,10,2,0.00025,2,1.0,1,none,0,0,0,2,2,1.0,0.17368599992551026,2,2,2,2,9,2,1,1,0,0.0,0
23,cold,positive,StaleNoRecheck,8000,64,10,2,0.00025,1,0.5,0,candidate_starvation,0,0,0,1,1,1.0,1.1210219995518855,1556,1,1556,1556,0,8,0,1,0,0.0,0
23,cold,positive,NaiveNoPolicy,8000,64,10,2,0.00025,10,0.5,0,ranking_truncation,9,0,9,1,10,0.1,0.3698290001921123,1556,1556,1556,0,0,8,0,1,0,0.0,0
24,broad,positive,ExactSecure,8000,64,10,3574,0.44675,10,1.0,1,none,0,0,0,10,10,1.0,4.918146000363777,8000,3574,3574,8000,0,0,1,1,0,0.0,0
24,broad,positive,PreFilter-Exact,8000,64,10,3574,0.44675,10,1.0,1,none,0,0,0,10,10,1.0,6.037518000084674,8000,3574,3574,8000,0,0,1,1,0,0.0,0
24,broad,positive,BitmapSlice-Exact,8000,64,10,3574,0.44675,10,1.0,1,none,0,0,0,10,10,1.0,7.626006000009511,3871,3574,3574,3871,0,0,1,1,0,0.0,0
24,broad,positive,ScalarOnly,8000,64,10,3574,0.44675,10,0.0,0,ranking_truncation,0,0,0,10,10,1.0,4.583328000080655,8000,3574,0,8000,0,0,0,1,0,0.0,0
24,broad,positive,PostFilter-IVF,8000,64,10,3574,0.44675,10,0.8,0,ranking_truncation,0,0,0,10,10,1.0,1.3363810003284016,1389,585,1389,1389,0,8,0,1,0,0.0,0
24,broad,positive,AdaptivePostFilter-IVF,8000,64,10,3574,0.44675,10,1.0,1,none,0,0,0,10,10,1.0,5.152858999736054,4800,2094,4800,4800,0,27,0,1,0,0.0,0
24,broad,positive,ExactPrefix-PostFilter,8000,64,10,3574,0.44675,10,1.0,1,none,0,0,0,10,10,1.0,2.1949110000605287,1600,737,8000,1600,0,0,0,1,0,0.0,0
24,broad,positive,TenantPartition-IVF,8000,64,10,3574,0.44675,10,0.8,0,ranking_truncation,0,0,0,10,10,1.0,1.1097400001744973,1389,585,1389,1389,0,8,0,1,0,0.0,0
24,broad,positive,PreFilter-IVF,8000,64,10,3574,0.44675,10,0.8,0,ranking_truncation,0,0,0,10,10,1.0,2.128492999872833,1389,585,585,1389,8,8,0,1,0,0.0,0
24,broad,positive,PACER-A,8000,64,10,3574,0.44675,10,0.9,0,ranking_truncation,0,0,0,10,10,1.0,5.343648999769357,1600,1475,1600,1600,18,18,0,1,0,0.6279464066028595,1
24,broad,positive,PACER-C,8000,64,10,3574,0.44675,10,1.0,1,none,0,0,0,10,10,1.0,18.279602999882627,3871,3574,3871,3871,48,48,1,1,0,0.0,0
24,broad,positive,PACER-X,8000,64,10,3574,0.44675,10,1.0,1,none,0,0,0,10,10,1.0,17.865417999928468,3871,3574,3871,3871,48,48,1,1,0,0.0,0
24,broad,positive,PACER-A-NoSlices,8000,64,10,3574,0.44675,10,0.9,0,ranking_truncation,0,0,0,10,10,1.0,2.778515000045445,1600,723,1600,1600,9,9,0,1,0,0.6493486762046814,1
24,broad,positive,PACER-A-NoBounds,8000,64,10,3574,0.44675,10,1.0,1,none,0,0,0,10,10,1.0,6.2636529996780155,1600,1468,1600,1600,19,19,0,1,0,0.0,1
24,broad,positive,StaleNoRecheck,8000,64,10,3574,0.44675,10,0.8,0,ranking_truncation,0,0,0,10,10,1.0,1.4472279999608872,1389,634,1389,1389,0,8,0,1,0,0.0,0
24,broad,positive,NaiveNoPolicy,8000,64,10,3574,0.44675,10,0.8,0,ranking_truncation,0,0,2,8,10,0.8,0.5238359999566455,1389,1389,1389,0,0,8,0,1,0,0.0,0
25,medium,positive,ExactSecure,8000,64,10,169,0.021125,10,1.0,1,none,0,0,0,10,10,1.0,4.684544000156166,8000,169,169,8000,0,0,1,1,0,0.0,0
25,medium,positive,PreFilter-Exact,8000,64,10,169,0.021125,10,1.0,1,none,0,0,0,10,10,1.0,4.514599000231101,8000,169,169,8000,0,0,1,1,0,0.0,0
25,medium,positive,BitmapSlice-Exact,8000,64,10,169,0.021125,10,1.0,1,none,0,0,0,10,10,1.0,0.47634200018364936,185,169,169,185,0,0,1,1,0,0.0,0
25,medium,positive,ScalarOnly,8000,64,10,169,0.021125,10,0.1,0,ranking_truncation,0,0,0,10,10,1.0,4.484800000227551,8000,169,0,8000,0,0,0,1,0,0.0,0
25,medium,positive,PostFilter-IVF,8000,64,10,169,0.021125,10,0.6,0,ranking_truncation,0,0,0,10,10,1.0,1.1827749999611115,1392,26,1392,1392,0,8,0,1,0,0.0,0
25,medium,positive,AdaptivePostFilter-IVF,8000,64,10,169,0.021125,10,1.0,1,none,0,0,0,10,10,1.0,4.430266999861487,4800,98,4800,4800,0,27,0,1,0,0.0,0
25,medium,positive,ExactPrefix-PostFilter,8000,64,10,169,0.021125,10,1.0,1,none,0,0,0,10,10,1.0,1.8141929999728745,1600,40,8000,1600,0,0,0,1,0,0.0,0
25,medium,positive,TenantPartition-IVF,8000,64,10,169,0.021125,10,0.6,0,ranking_truncation,0,0,0,10,10,1.0,0.7780780001667154,1392,26,1392,1392,0,8,0,1,0,0.0,0
25,medium,positive,PreFilter-IVF,8000,64,10,169,0.021125,10,0.7,0,ranking_truncation,0,0,0,10,10,1.0,1.8247399998472247,1597,47,47,1597,14,8,0,1,0,0.0,0
25,medium,positive,PACER-A,8000,64,10,169,0.021125,10,1.0,1,none,0,0,0,10,10,1.0,3.344628999911947,185,169,185,185,47,37,1,1,0,0.0,0
25,medium,positive,PACER-C,8000,64,10,169,0.021125,10,1.0,1,none,0,0,0,10,10,1.0,3.328302000227268,185,169,185,185,47,37,1,1,0,0.0,0
25,medium,positive,PACER-X,8000,64,10,169,0.021125,10,1.0,1,none,0,0,0,10,10,1.0,3.2425330000478425,185,169,185,185,47,37,1,1,0,0.0,0
25,medium,positive,PACER-A-NoSlices,8000,64,10,169,0.021125,10,0.5,0,ranking_truncation,0,0,0,10,10,1.0,1.4563049999196664,1600,25,1600,1600,9,9,0,1,0,0.8136790841817856,1
25,medium,positive,PACER-A-NoBounds,8000,64,10,169,0.021125,10,1.0,1,none,0,0,0,10,10,1.0,3.215596999780246,185,169,185,185,48,37,1,1,0,0.0,0
25,medium,positive,StaleNoRecheck,8000,64,10,169,0.021125,10,0.6,0,ranking_truncation,0,1,0,9,10,0.9,1.1909449999620847,1392,30,1392,1392,0,8,0,1,0,0.0,0
25,medium,positive,NaiveNoPolicy,8000,64,10,169,0.021125,10,0.1,0,ranking_truncation,7,1,8,1,10,0.1,0.40559200033385423,1392,1392,1392,0,0,8,0,1,0,0.0,0
26,narrow,positive,ExactSecure,8000,64,10,8,0.001,8,1.0,1,none,0,0,0,8,8,1.0,4.290263999791932,8000,8,8,8000,0,0,1,1,0,0.0,0
26,narrow,positive,PreFilter-Exact,8000,64,10,8,0.001,8,1.0,1,none,0,0,0,8,8,1.0,4.172304000348959,8000,8,8,8000,0,0,1,1,0,0.0,0
26,narrow,positive,BitmapSlice-Exact,8000,64,10,8,0.001,8,1.0,1,none,0,0,0,8,8,1.0,0.08438299983026809,8,8,8,8,0,0,1,1,0,0.0,0
26,narrow,positive,ScalarOnly,8000,64,10,8,0.001,8,1.0,0,ranking_truncation,0,0,0,8,8,1.0,4.200803000003361,8000,8,0,8000,0,0,0,1,0,0.0,0
26,narrow,positive,PostFilter-IVF,8000,64,10,8,0.001,5,0.625,0,candidate_starvation,0,0,0,5,5,1.0,0.9917659999700845,1112,5,1112,1112,0,8,0,1,0,0.0,0
26,narrow,positive,AdaptivePostFilter-IVF,8000,64,10,8,0.001,5,0.625,0,candidate_starvation,0,0,0,5,5,1.0,4.956708000008803,4800,5,4800,4800,0,30,0,1,0,0.0,0
26,narrow,positive,ExactPrefix-PostFilter,8000,64,10,8,0.001,5,0.625,0,candidate_starvation,0,0,0,5,5,1.0,2.5189920002048893,1600,5,8000,1600,0,0,0,1,0,0.0,0
26,narrow,positive,TenantPartition-IVF,8000,64,10,8,0.001,5,0.625,0,candidate_starvation,0,0,0,5,5,1.0,0.747302000036143,1112,5,1112,1112,0,8,0,1,0,0.0,0
26,narrow,positive,PreFilter-IVF,8000,64,10,8,0.001,8,1.0,1,none,0,0,0,8,8,1.0,1.0422979999020754,507,8,8,507,48,3,0,1,0,0.0,0
26,narrow,positive,PACER-A,8000,64,10,8,0.001,8,1.0,1,none,0,0,0,8,8,1.0,0.49703400009093457,8,8,8,8,46,3,1,1,0,0.0,0
26,narrow,positive,PACER-C,8000,64,10,8,0.001,8,1.0,1,none,0,0,0,8,8,1.0,0.4531199997472868,8,8,8,8,46,3,1,1,0,0.0,0
26,narrow,positive,PACER-X,8000,64,10,8,0.001,8,1.0,1,none,0,0,0,8,8,1.0,0.4612809998434386,8,8,8,8,46,3,1,1,0,0.0,0
26,narrow,positive,PACER-A-NoSlices,8000,64,10,8,0.001,5,0.625,0,candidate_starvation,0,0,0,5,5,1.0,2.332715000193275,1600,5,1600,1600,11,11,0,1,0,0.0,1
26,narrow,positive,PACER-A-NoBounds,8000,64,10,8,0.001,8,1.0,1,none,0,0,0,8,8,1.0,0.3818680002041219,8,8,8,8,47,3,1,1,0,0.0,0
26,narrow,positive,StaleNoRecheck,8000,64,10,8,0.001,5,0.625,0,candidate_starvation,0,0,0,5,5,1.0,1.5276129997801036,1112,5,1112,1112,0,8,0,1,0,0.0,0
26,narrow,positive,NaiveNoPolicy,8000,64,10,8,0.001,10,0.25,0,ranking_truncation,8,1,8,2,10,0.2,0.4664279999815335,1112,1112,1112,0,0,8,0,1,0,0.0,0
27,cold,positive,ExactSecure,8000,64,10,1,0.000125,1,1.0,1,none,0,0,0,1,1,1.0,8.254118999957427,8000,1,1,8000,0,0,1,1,0,0.0,0
27,cold,positive,PreFilter-Exact,8000,64,10,1,0.000125,1,1.0,1,none,0,0,0,1,1,1.0,6.453305000377441,8000,1,1,8000,0,0,1,1,0,0.0,0
27,cold,positive,BitmapSlice-Exact,8000,64,10,1,0.000125,1,1.0,1,none,0,0,0,1,1,1.0,0.07051400007185293,1,1,1,1,0,0,1,1,0,0.0,0
27,cold,positive,ScalarOnly,8000,64,10,1,0.000125,1,1.0,1,none,0,0,0,1,1,1.0,4.018172000087361,8000,1,0,8000,0,0,0,1,0,0.0,0
27,cold,positive,PostFilter-IVF,8000,64,10,1,0.000125,1,1.0,1,none,0,0,0,1,1,1.0,0.820454999939102,1074,1,1074,1074,0,8,0,1,0,0.0,0
27,cold,positive,AdaptivePostFilter-IVF,8000,64,10,1,0.000125,1,1.0,1,none,0,0,0,1,1,1.0,4.228945999784628,4800,1,4800,4800,0,33,0,1,0,0.0,0
27,cold,positive,ExactPrefix-PostFilter,8000,64,10,1,0.000125,1,1.0,1,none,0,0,0,1,1,1.0,1.8272890001753694,1600,1,8000,1600,0,0,0,1,0,0.0,0
27,cold,positive,TenantPartition-IVF,8000,64,10,1,0.000125,1,1.0,1,none,0,0,0,1,1,1.0,0.5371390002437693,1074,1,1074,1074,0,8,0,1,0,0.0,0
27,cold,positive,PreFilter-IVF,8000,64,10,1,0.000125,1,1.0,1,none,0,0,0,1,1,1.0,0.5166979999557952,157,1,1,157,48,1,0,1,0,0.0,0
27,cold,positive,PACER-A,8000,64,10,1,0.000125,1,1.0,1,none,0,0,0,1,1,1.0,0.2051280002888234,1,1,1,1,2,1,1,1,0,0.0,0
27,cold,positive,PACER-C,8000,64,10,1,0.000125,1,1.0,1,none,0,0,0,1,1,1.0,0.12534200004665763,1,1,1,1,2,1,1,1,0,0.0,0
27,cold,positive,PACER-X,8000,64,10,1,0.000125,1,1.0,1,none,0,0,0,1,1,1.0,0.10905799990723608,1,1,1,1,2,1,1,1,0,0.0,0
27,cold,positive,PACER-A-NoSlices,8000,64,10,1,0.000125,1,1.0,1,none,0,0,0,1,1,1.0,1.291114000196103,1600,1,1600,1600,11,11,0,1,0,0.0,1
27,cold,positive,PACER-A-NoBounds,8000,64,10,1,0.000125,1,1.0,1,none,0,0,0,1,1,1.0,0.12218699976074276,1,1,1,1,1,1,1,1,0,0.0,0
27,cold,positive,StaleNoRecheck,8000,64,10,1,0.000125,1,1.0,1,none,0,0,0,1,1,1.0,0.7123229997887393,1074,1,1074,1074,0,8,0,1,0,0.0,0
27,cold,positive,NaiveNoPolicy,8000,64,10,1,0.000125,10,1.0,0,ranking_truncation,9,1,9,1,10,0.1,0.23215700002765516,1074,1074,1074,0,0,8,0,1,0,0.0,0
28,broad,positive,ExactSecure,8000,64,10,3566,0.44575,10,1.0,1,none,0,0,0,10,10,1.0,4.780719999871508,8000,3566,3566,8000,0,0,1,1,0,0.0,0
28,broad,positive,PreFilter-Exact,8000,64,10,3566,0.44575,10,1.0,1,none,0,0,0,10,10,1.0,5.6452589997206815,8000,3566,3566,8000,0,0,1,1,0,0.0,0
28,broad,positive,BitmapSlice-Exact,8000,64,10,3566,0.44575,10,1.0,1,none,0,0,0,10,10,1.0,7.963218999975652,3887,3566,3566,3887,0,0,1,1,0,0.0,0
28,broad,positive,ScalarOnly,8000,64,10,3566,0.44575,10,0.0,0,ranking_truncation,0,0,0,10,10,1.0,4.887236999820743,8000,3566,0,8000,0,0,0,1,0,0.0,0
28,broad,positive,PostFilter-IVF,8000,64,10,3566,0.44575,10,0.8,0,ranking_truncation,0,0,0,10,10,1.0,1.5065970001160167,1480,609,1480,1480,0,8,0,1,0,0.0,0
28,broad,positive,AdaptivePostFilter-IVF,8000,64,10,3566,0.44575,10,1.0,1,none,0,0,0,10,10,1.0,5.125966000377957,4800,2081,4800,4800,0,29,0,1,0,0.0,0
28,broad,positive,ExactPrefix-PostFilter,8000,64,10,3566,0.44575,10,1.0,1,none,0,0,0,10,10,1.0,1.9037580000258458,1600,728,8000,1600,0,0,0,1,0,0.0,0
28,broad,positive,TenantPartition-IVF,8000,64,10,3566,0.44575,10,0.8,0,ranking_truncation,0,0,0,10,10,1.0,1.039674999901763,1480,609,1480,1480,0,8,0,1,0,0.0,0
28,broad,positive,PreFilter-IVF,8000,64,10,3566,0.44575,10,0.7,0,ranking_truncation,0,0,0,10,10,1.0,2.098165000006702,1375,567,567,1375,8,8,0,1,0,0.0,0
28,broad,positive,PACER-A,8000,64,10,3566,0.44575,10,1.0,1,none,0,0,0,10,10,1.0,5.215157000293402,1600,1474,1600,1600,19,19,0,1,0,0.5901637077331543,1
28,broad,positive,PACER-C,8000,64,10,3566,0.44575,10,1.0,1,none,0,0,0,10,10,1.0,11.278335000042716,3887,3566,3887,3887,48,48,1,1,0,0.0,0
28,broad,positive,PACER-X,8000,64,10,3566,0.44575,10,1.0,1,none,0,0,0,10,10,1.0,11.283771000307752,3887,3566,3887,3887,48,48,1,1,0,0.0,0
28,broad,positive,PACER-A-NoSlices,8000,64,10,3566,0.44575,10,0.8,0,ranking_truncation,0,0,0,10,10,1.0,1.8157669996980985,1600,686,1600,1600,10,10,0,1,0,0.6226903796195984,1
28,broad,positive,PACER-A-NoBounds,8000,64,10,3566,0.44575,10,1.0,1,none,0,0,0,10,10,1.0,4.484219999994821,1600,1472,1600,1600,20,20,0,1,0,0.0,1
28,broad,positive,StaleNoRecheck,8000,64,10,3566,0.44575,10,0.8,0,ranking_truncation,0,0,0,10,10,1.0,1.836942999943858,1480,668,1480,1480,0,8,0,1,0,0.0,0
28,broad,positive,NaiveNoPolicy,8000,64,10,3566,0.44575,10,0.8,0,ranking_truncation,0,1,2,8,10,0.8,0.6856330001028255,1480,1480,1480,0,0,8,0,1,0,0.0,0
29,medium,positive,ExactSecure,8000,64,10,223,0.027875,10,1.0,1,none,0,0,0,10,10,1.0,4.055831000187027,8000,223,223,8000,0,0,1,1,0,0.0,0
29,medium,positive,PreFilter-Exact,8000,64,10,223,0.027875,10,1.0,1,none,0,0,0,10,10,1.0,4.164151000168204,8000,223,223,8000,0,0,1,1,0,0.0,0
29,medium,positive,BitmapSlice-Exact,8000,64,10,223,0.027875,10,1.0,1,none,0,0,0,10,10,1.0,0.5143519997545809,236,223,223,236,0,0,1,1,0,0.0,0
29,medium,positive,ScalarOnly,8000,64,10,223,0.027875,10,0.1,0,ranking_truncation,0,0,0,10,10,1.0,4.068774000188569,8000,223,0,8000,0,0,0,1,0,0.0,0
29,medium,positive,PostFilter-IVF,8000,64,10,223,0.027875,10,0.7,0,ranking_truncation,0,0,0,10,10,1.0,1.0708630002227437,1379,53,1379,1379,0,8,0,1,0,0.0,0
29,medium,positive,AdaptivePostFilter-IVF,8000,64,10,223,0.027875,10,0.8,0,ranking_truncation,0,0,0,10,10,1.0,4.292671999792219,4800,140,4800,4800,0,31,0,1,0,0.0,0
29,medium,positive,ExactPrefix-PostFilter,8000,64,10,223,0.027875,10,1.0,1,none,0,0,0,10,10,1.0,1.76891599994633,1600,53,8000,1600,0,0,0,1,0,0.0,0
29,medium,positive,TenantPartition-IVF,8000,64,10,223,0.027875,10,0.7,0,ranking_truncation,0,0,0,10,10,1.0,0.7365120000031311,1379,53,1379,1379,0,8,0,1,0,0.0,0
29,medium,positive,PreFilter-IVF,8000,64,10,223,0.027875,10,0.7,0,ranking_truncation,0,0,0,10,10,1.0,1.2463299999581068,1379,53,53,1379,8,8,0,1,0,0.0,0
29,medium,positive,PACER-A,8000,64,10,223,0.027875,10,1.0,1,none,0,0,0,10,10,1.0,3.5355549998712377,236,223,236,236,48,42,1,1,0,0.0,0
29,medium,positive,PACER-C,8000,64,10,223,0.027875,10,1.0,1,none,0,0,0,10,10,1.0,3.5594330001913477,236,223,236,236,48,42,1,1,0,0.0,0
29,medium,positive,PACER-X,8000,64,10,223,0.027875,10,1.0,1,none,0,0,0,10,10,1.0,3.4912549999717157,236,223,236,236,48,42,1,1,0,0.0,0
29,medium,positive,PACER-A-NoSlices,8000,64,10,223,0.027875,10,0.7,0,ranking_truncation,0,0,0,10,10,1.0,1.677993000157585,1600,57,1600,1600,10,10,0,1,0,0.7857243567705154,1
29,medium,positive,PACER-A-NoBounds,8000,64,10,223,0.027875,10,1.0,1,none,0,0,0,10,10,1.0,3.5261220000393223,236,223,236,236,48,42,1,1,0,0.0,0
29,medium,positive,StaleNoRecheck,8000,64,10,223,0.027875,10,0.7,0,ranking_truncation,0,0,0,10,10,1.0,1.1884600003213563,1379,53,1379,1379,0,8,0,1,0,0.0,0
29,medium,positive,NaiveNoPolicy,8000,64,10,223,0.027875,10,0.1,0,ranking_truncation,7,1,8,1,10,0.1,0.38547499980268185,1379,1379,1379,0,0,8,0,1,0,0.0,0
30,narrow,positive,ExactSecure,8000,64,10,8,0.001,8,1.0,1,none,0,0,0,8,8,1.0,4.215616000237787,8000,8,8,8000,0,0,1,1,0,0.0,0
30,narrow,positive,PreFilter-Exact,8000,64,10,8,0.001,8,1.0,1,none,0,0,0,8,8,1.0,3.9906699998937256,8000,8,8,8000,0,0,1,1,0,0.0,0
30,narrow,positive,BitmapSlice-Exact,8000,64,10,8,0.001,8,1.0,1,none,0,0,0,8,8,1.0,0.10751399986475008,8,8,8,8,0,0,1,1,0,0.0,0
30,narrow,positive,ScalarOnly,8000,64,10,8,0.001,8,1.0,0,ranking_truncation,0,0,0,8,8,1.0,4.2725240000436315,8000,8,0,8000,0,0,0,1,0,0.0,0
30,narrow,positive,PostFilter-IVF,8000,64,10,8,0.001,6,0.75,0,candidate_starvation,0,0,0,6,6,1.0,1.251262000096176,1590,6,1590,1590,0,8,0,1,0,0.0,0
30,narrow,positive,AdaptivePostFilter-IVF,8000,64,10,8,0.001,7,0.875,0,candidate_starvation,0,0,0,7,7,1.0,4.203414000130579,4800,7,4800,4800,0,29,0,1,0,0.0,0
30,narrow,positive,ExactPrefix-PostFilter,8000,64,10,8,0.001,1,0.125,0,candidate_starvation,0,0,0,1,1,1.0,1.8562610002845759,1600,1,8000,1600,0,0,0,1,0,0.0,0
30,narrow,positive,TenantPartition-IVF,8000,64,10,8,0.001,6,0.75,0,candidate_starvation,0,0,0,6,6,1.0,0.8471450000797631,1590,6,1590,1590,0,8,0,1,0,0.0,0
30,narrow,positive,PreFilter-IVF,8000,64,10,8,0.001,8,1.0,1,none,0,0,0,8,8,1.0,1.269912000225304,1169,8,8,1169,48,6,0,1,0,0.0,0
30,narrow,positive,PACER-A,8000,64,10,8,0.001,8,1.0,1,none,0,0,0,8,8,1.0,0.5889169997317367,8,8,8,8,34,6,1,1,0,0.0,0
30,narrow,positive,PACER-C,8000,64,10,8,0.001,8,1.0,1,none,0,0,0,8,8,1.0,0.5078439999124384,8,8,8,8,34,6,1,1,0,0.0,0
30,narrow,positive,PACER-X,8000,64,10,8,0.001,8,1.0,1,none,0,0,0,8,8,1.0,0.4595159998643794,8,8,8,8,34,6,1,1,0,0.0,0
30,narrow,positive,PACER-A-NoSlices,8000,64,10,8,0.001,4,0.5,0,candidate_starvation,0,0,0,4,4,1.0,1.2046679999002663,1600,4,1600,1600,8,8,0,1,0,0.0,1
30,narrow,positive,PACER-A-NoBounds,8000,64,10,8,0.001,8,1.0,1,none,0,0,0,8,8,1.0,0.41367299991179607,8,8,8,8,34,6,1,1,0,0.0,0
30,narrow,positive,StaleNoRecheck,8000,64,10,8,0.001,6,0.75,0,candidate_starvation,0,0,0,6,6,1.0,1.0924580001301365,1590,6,1590,1590,0,8,0,1,0,0.0,0
30,narrow,positive,NaiveNoPolicy,8000,64,10,8,0.001,10,0.125,0,ranking_truncation,9,0,7,1,10,0.1,0.429528000040591,1590,1590,1590,0,0,8,0,1,0,0.0,0
31,cold,positive,ExactSecure,8000,64,10,4,0.0005,4,1.0,1,none,0,0,0,4,4,1.0,4.21587000028012,8000,4,4,8000,0,0,1,1,0,0.0,0
31,cold,positive,PreFilter-Exact,8000,64,10,4,0.0005,4,1.0,1,none,0,0,0,4,4,1.0,4.0887939999265654,8000,4,4,8000,0,0,1,1,0,0.0,0
31,cold,positive,BitmapSlice-Exact,8000,64,10,4,0.0005,4,1.0,1,none,0,0,0,4,4,1.0,0.07395400007226272,4,4,4,4,0,0,1,1,0,0.0,0
31,cold,positive,ScalarOnly,8000,64,10,4,0.0005,4,1.0,0,ranking_truncation,0,0,0,4,4,1.0,4.011488999822177,8000,4,0,8000,0,0,0,1,0,0.0,0
31,cold,positive,PostFilter-IVF,8000,64,10,4,0.0005,2,0.5,0,candidate_starvation,0,0,0,2,2,1.0,0.9199890000672895,1045,2,1045,1045,0,8,0,1,0,0.0,0
31,cold,positive,AdaptivePostFilter-IVF,8000,64,10,4,0.0005,4,1.0,1,none,0,0,0,4,4,1.0,4.301774999930785,4800,4,4800,4800,0,31,0,1,0,0.0,0
31,cold,positive,ExactPrefix-PostFilter,8000,64,10,4,0.0005,2,0.5,0,candidate_starvation,0,0,0,2,2,1.0,1.782688999810489,1600,2,8000,1600,0,0,0,1,0,0.0,0
31,cold,positive,TenantPartition-IVF,8000,64,10,4,0.0005,2,0.5,0,candidate_starvation,0,0,0,2,2,1.0,0.616421999893646,1045,2,1045,1045,0,8,0,1,0,0.0,0
31,cold,positive,PreFilter-IVF,8000,64,10,4,0.0005,4,1.0,1,none,0,0,0,4,4,1.0,0.8812989999569254,579,4,4,579,48,3,0,1,0,0.0,0
31,cold,positive,PACER-A,8000,64,10,4,0.0005,4,1.0,1,none,0,0,0,4,4,1.0,0.3642669998953352,4,4,4,4,33,3,1,1,0,0.0,0
31,cold,positive,PACER-C,8000,64,10,4,0.0005,4,1.0,1,none,0,0,0,4,4,1.0,0.28678199987552944,4,4,4,4,33,3,1,1,0,0.0,0
31,cold,positive,PACER-X,8000,64,10,4,0.0005,4,1.0,1,none,0,0,0,4,4,1.0,0.3216200002498226,4,4,4,4,33,3,1,1,0,0.0,0
31,cold,positive,PACER-A-NoSlices,8000,64,10,4,0.0005,2,0.5,0,candidate_starvation,0,0,0,2,2,1.0,1.347481999800948,1600,2,1600,1600,11,11,0,1,0,0.0,1
31,cold,positive,PACER-A-NoBounds,8000,64,10,4,0.0005,4,1.0,1,none,0,0,0,4,4,1.0,0.273753999863402,4,4,4,4,28,3,1,1,0,0.0,0
31,cold,positive,StaleNoRecheck,8000,64,10,4,0.0005,2,0.5,0,candidate_starvation,0,0,0,2,2,1.0,0.7565289997728541,1045,2,1045,1045,0,8,0,1,0,0.0,0
31,cold,positive,NaiveNoPolicy,8000,64,10,4,0.0005,10,0.25,0,ranking_truncation,9,1,8,1,10,0.1,0.2620629998091317,1045,1045,1045,0,0,8,0,1,0,0.0,0
32,broad,positive,ExactSecure,8000,64,10,3627,0.453375,10,1.0,1,none,0,0,0,10,10,1.0,5.35513600016202,8000,3627,3627,8000,0,0,1,1,0,0.0,0
32,broad,positive,PreFilter-Exact,8000,64,10,3627,0.453375,10,1.0,1,none,0,0,0,10,10,1.0,4.46737700031008,8000,3627,3627,8000,0,0,1,1,0,0.0,0
32,broad,positive,BitmapSlice-Exact,8000,64,10,3627,0.453375,10,1.0,1,none,0,0,0,10,10,1.0,6.93242499983171,4041,3627,3627,4041,0,0,1,1,0,0.0,0
32,broad,positive,ScalarOnly,8000,64,10,3627,0.453375,10,0.0,0,ranking_truncation,0,0,0,10,10,1.0,3.991683000094781,8000,3627,0,8000,0,0,0,1,0,0.0,0
32,broad,positive,PostFilter-IVF,8000,64,10,3627,0.453375,10,0.9,0,ranking_truncation,0,0,0,10,10,1.0,1.2897300002805423,1447,778,1447,1447,0,8,0,1,0,0.0,0
32,broad,positive,AdaptivePostFilter-IVF,8000,64,10,3627,0.453375,10,0.9,0,ranking_truncation,0,0,0,10,10,1.0,4.358674000286555,4800,2234,4800,4800,0,30,0,1,0,0.0,0
32,broad,positive,ExactPrefix-PostFilter,8000,64,10,3627,0.453375,10,1.0,1,none,0,0,0,10,10,1.0,1.921909999964555,1600,795,8000,1600,0,0,0,1,0,0.0,0
32,broad,positive,TenantPartition-IVF,8000,64,10,3627,0.453375,10,0.9,0,ranking_truncation,0,0,0,10,10,1.0,1.5203109996946296,1447,778,1447,1447,0,8,0,1,0,0.0,0
32,broad,positive,PreFilter-IVF,8000,64,10,3627,0.453375,10,0.9,0,ranking_truncation,0,0,0,10,10,1.0,1.4166440000735747,1447,778,778,1447,8,8,0,1,0,0.0,0
32,broad,positive,PACER-A,8000,64,10,3627,0.453375,10,0.9,0,ranking_truncation,0,0,0,10,10,1.0,4.7060270003385085,1600,1452,1600,1600,17,17,0,1,0,0.5640367865562439,1
32,broad,positive,PACER-C,8000,64,10,3627,0.453375,10,1.0,1,none,0,0,0,10,10,1.0,11.741173999780585,4041,3627,4041,4041,48,48,1,1,0,0.0,0
32,broad,positive,PACER-X,8000,64,10,3627,0.453375,10,1.0,1,none,0,0,0,10,10,1.0,11.24288399978468,4041,3627,4041,4041,48,48,1,1,0,0.0,0
32,broad,positive,PACER-A-NoSlices,8000,64,10,3627,0.453375,10,0.9,0,ranking_truncation,0,0,0,10,10,1.0,1.619271999970806,1600,829,1600,1600,9,9,0,1,0,0.5735052227973938,1
32,broad,positive,PACER-A-NoBounds,8000,64,10,3627,0.453375,10,0.9,0,ranking_truncation,0,0,0,10,10,1.0,4.339696999977605,1600,1443,1600,1600,18,18,0,1,0,0.0,1
32,broad,positive,StaleNoRecheck,8000,64,10,3627,0.453375,10,0.9,0,ranking_truncation,0,0,0,10,10,1.0,1.2538920000224607,1447,872,1447,1447,0,8,0,1,0,0.0,0
32,broad,positive,NaiveNoPolicy,8000,64,10,3627,0.453375,10,0.9,0,ranking_truncation,0,0,1,9,10,0.9,0.3680920003716892,1447,1447,1447,0,0,8,0,1,0,0.0,0
33,medium,positive,ExactSecure,8000,64,10,255,0.031875,10,1.0,1,none,0,0,0,10,10,1.0,4.186489999938203,8000,255,255,8000,0,0,1,1,0,0.0,0
33,medium,positive,PreFilter-Exact,8000,64,10,255,0.031875,10,1.0,1,none,0,0,0,10,10,1.0,4.29351200000383,8000,255,255,8000,0,0,1,1,0,0.0,0
33,medium,positive,BitmapSlice-Exact,8000,64,10,255,0.031875,10,1.0,1,none,0,0,0,10,10,1.0,0.5495239997799217,274,255,255,274,0,0,1,1,0,0.0,0
33,medium,positive,ScalarOnly,8000,64,10,255,0.031875,10,0.0,0,ranking_truncation,0,0,0,10,10,1.0,4.04153999988921,8000,255,0,8000,0,0,0,1,0,0.0,0
33,medium,positive,PostFilter-IVF,8000,64,10,255,0.031875,10,0.7,0,ranking_truncation,0,0,0,10,10,1.0,0.9402020000379707,1227,71,1227,1227,0,8,0,1,0,0.0,0
33,medium,positive,AdaptivePostFilter-IVF,8000,64,10,255,0.031875,10,1.0,1,none,0,0,0,10,10,1.0,4.035924000163504,4800,189,4800,4800,0,29,0,1,0,0.0,0
33,medium,positive,ExactPrefix-PostFilter,8000,64,10,255,0.031875,10,1.0,1,none,0,0,0,10,10,1.0,1.802252999823395,1600,76,8000,1600,0,0,0,1,0,0.0,0
33,medium,positive,TenantPartition-IVF,8000,64,10,255,0.031875,10,0.7,0,ranking_truncation,0,0,0,10,10,1.0,0.7544800000687246,1227,71,1227,1227,0,8,0,1,0,0.0,0
33,medium,positive,PreFilter-IVF,8000,64,10,255,0.031875,10,0.7,0,ranking_truncation,0,0,0,10,10,1.0,1.3269800001580734,1350,65,65,1350,8,8,0,1,0,0.0,0
33,medium,positive,PACER-A,8000,64,10,255,0.031875,10,1.0,1,none,0,0,0,10,10,1.0,3.297043000202393,274,255,274,274,47,39,1,1,0,0.0,0
33,medium,positive,PACER-C,8000,64,10,255,0.031875,10,1.0,1,none,0,0,0,10,10,1.0,3.392479000012827,274,255,274,274,47,39,1,1,0,0.0,0
33,medium,positive,PACER-X,8000,64,10,255,0.031875,10,1.0,1,none,0,0,0,10,10,1.0,3.29370999997991,274,255,274,274,47,39,1,1,0,0.0,0
33,medium,positive,PACER-A-NoSlices,8000,64,10,255,0.031875,10,0.7,0,ranking_truncation,0,0,0,10,10,1.0,1.9809049999821582,1600,66,1600,1600,10,10,0,1,0,0.7861478924751282,1
33,medium,positive,PACER-A-NoBounds,8000,64,10,255,0.031875,10,1.0,1,none,0,0,0,10,10,1.0,3.1630440003027616,274,255,274,274,48,39,1,1,0,0.0,0
33,medium,positive,StaleNoRecheck,8000,64,10,255,0.031875,10,0.7,0,ranking_truncation,0,0,0,10,10,1.0,0.9246139998140279,1227,75,1227,1227,0,8,0,1,0,0.0,0
33,medium,positive,NaiveNoPolicy,8000,64,10,255,0.031875,10,0.1,0,ranking_truncation,9,1,8,1,10,0.1,0.31079099971975666,1227,1227,1227,0,0,8,0,1,0,0.0,0
34,narrow,positive,ExactSecure,8000,64,10,4,0.0005,4,1.0,1,none,0,0,0,4,4,1.0,4.190007000033802,8000,4,4,8000,0,0,1,1,0,0.0,0
34,narrow,positive,PreFilter-Exact,8000,64,10,4,0.0005,4,1.0,1,none,0,0,0,4,4,1.0,4.297542000131216,8000,4,4,8000,0,0,1,1,0,0.0,0
34,narrow,positive,BitmapSlice-Exact,8000,64,10,4,0.0005,4,1.0,1,none,0,0,0,4,4,1.0,0.07950200006234809,5,4,4,5,0,0,1,1,0,0.0,0
34,narrow,positive,ScalarOnly,8000,64,10,4,0.0005,4,1.0,0,ranking_truncation,0,0,0,4,4,1.0,4.280010000002221,8000,4,0,8000,0,0,0,1,0,0.0,0
34,narrow,positive,PostFilter-IVF,8000,64,10,4,0.0005,3,0.75,0,candidate_starvation,0,0,0,3,3,1.0,1.422307000211731,1417,3,1417,1417,0,8,0,1,0,0.0,0
34,narrow,positive,AdaptivePostFilter-IVF,8000,64,10,4,0.0005,4,1.0,1,none,0,0,0,4,4,1.0,4.5793350000167266,4800,4,4800,4800,0,26,0,1,0,0.0,0
34,narrow,positive,ExactPrefix-PostFilter,8000,64,10,4,0.0005,2,0.5,0,candidate_starvation,0,0,0,2,2,1.0,1.7378970001118432,1600,2,8000,1600,0,0,0,1,0,0.0,0
34,narrow,positive,TenantPartition-IVF,8000,64,10,4,0.0005,3,0.75,0,candidate_starvation,0,0,0,3,3,1.0,0.6082230001993594,1417,3,1417,1417,0,8,0,1,0,0.0,0
34,narrow,positive,PreFilter-IVF,8000,64,10,4,0.0005,4,1.0,1,none,0,0,0,4,4,1.0,0.6036060003680177,461,4,4,461,48,2,0,1,0,0.0,0
34,narrow,positive,PACER-A,8000,64,10,4,0.0005,4,1.0,1,none,0,0,0,4,4,1.0,0.3146799999740324,5,4,5,5,11,2,1,1,0,0.0,0
34,narrow,positive,PACER-C,8000,64,10,4,0.0005,4,1.0,1,none,0,0,0,4,4,1.0,0.21397799991973443,5,4,5,5,11,2,1,1,0,0.0,0
34,narrow,positive,PACER-X,8000,64,10,4,0.0005,4,1.0,1,none,0,0,0,4,4,1.0,0.19080399988524732,5,4,5,5,11,2,1,1,0,0.0,0
34,narrow,positive,PACER-A-NoSlices,8000,64,10,4,0.0005,3,0.75,0,candidate_starvation,0,0,0,3,3,1.0,1.289510999868071,1600,3,1600,1600,9,9,0,1,0,0.0,1
34,narrow,positive,PACER-A-NoBounds,8000,64,10,4,0.0005,4,1.0,1,none,0,0,0,4,4,1.0,0.22569000020666863,5,4,5,5,16,2,1,1,0,0.0,0
34,narrow,positive,StaleNoRecheck,8000,64,10,4,0.0005,4,0.75,0,ranking_truncation,0,1,0,3,4,0.75,1.0100159997818992,1417,4,1417,1417,0,8,0,1,0,0.0,0
34,narrow,positive,NaiveNoPolicy,8000,64,10,4,0.0005,10,0.25,0,ranking_truncation,8,1,9,1,10,0.1,0.35497699991537957,1417,1417,1417,0,0,8,0,1,0,0.0,0
35,cold,positive,ExactSecure,8000,64,10,1,0.000125,1,1.0,1,none,0,0,0,1,1,1.0,4.365164000319055,8000,1,1,8000,0,0,1,1,0,0.0,0
35,cold,positive,PreFilter-Exact,8000,64,10,1,0.000125,1,1.0,1,none,0,0,0,1,1,1.0,3.828585000064777,8000,1,1,8000,0,0,1,1,0,0.0,0
35,cold,positive,BitmapSlice-Exact,8000,64,10,1,0.000125,1,1.0,1,none,0,0,0,1,1,1.0,0.09039900032803416,1,1,1,1,0,0,1,1,0,0.0,0
35,cold,positive,ScalarOnly,8000,64,10,1,0.000125,1,1.0,1,none,0,0,0,1,1,1.0,4.043000999899959,8000,1,0,8000,0,0,0,1,0,0.0,0
35,cold,positive,PostFilter-IVF,8000,64,10,1,0.000125,1,1.0,1,none,0,0,0,1,1,1.0,1.0347930001444183,1359,1,1359,1359,0,8,0,1,0,0.0,0
35,cold,positive,AdaptivePostFilter-IVF,8000,64,10,1,0.000125,1,1.0,1,none,0,0,0,1,1,1.0,4.053492000366532,4800,1,4800,4800,0,29,0,1,0,0.0,0
35,cold,positive,ExactPrefix-PostFilter,8000,64,10,1,0.000125,1,1.0,1,none,0,0,0,1,1,1.0,1.7189590002999466,1600,1,8000,1600,0,0,0,1,0,0.0,0
35,cold,positive,TenantPartition-IVF,8000,64,10,1,0.000125,1,1.0,1,none,0,0,0,1,1,1.0,0.5352829998628295,1359,1,1359,1359,0,8,0,1,0,0.0,0
35,cold,positive,PreFilter-IVF,8000,64,10,1,0.000125,1,1.0,1,none,0,0,0,1,1,1.0,0.5237850000412436,222,1,1,222,48,1,0,1,0,0.0,0
35,cold,positive,PACER-A,8000,64,10,1,0.000125,1,1.0,1,none,0,0,0,1,1,1.0,0.15986500011422322,1,1,1,1,2,1,1,1,0,0.0,0
35,cold,positive,PACER-C,8000,64,10,1,0.000125,1,1.0,1,none,0,0,0,1,1,1.0,0.16793500026324182,1,1,1,1,2,1,1,1,0,0.0,0
35,cold,positive,PACER-X,8000,64,10,1,0.000125,1,1.0,1,none,0,0,0,1,1,1.0,0.20281600018279278,1,1,1,1,2,1,1,1,0,0.0,0
35,cold,positive,PACER-A-NoSlices,8000,64,10,1,0.000125,1,1.0,1,none,0,0,0,1,1,1.0,1.3648939998347487,1600,1,1600,1600,11,11,0,1,0,0.0,1
35,cold,positive,PACER-A-NoBounds,8000,64,10,1,0.000125,1,1.0,1,none,0,0,0,1,1,1.0,0.14884299980622018,1,1,1,1,2,1,1,1,0,0.0,0
35,cold,positive,StaleNoRecheck,8000,64,10,1,0.000125,1,1.0,1,none,0,0,0,1,1,1.0,0.8934460001910338,1359,1,1359,1359,0,8,0,1,0,0.0,0
35,cold,positive,NaiveNoPolicy,8000,64,10,1,0.000125,10,1.0,0,ranking_truncation,9,3,9,1,10,0.1,0.3347270003359881,1359,1359,1359,0,0,8,0,1,0,0.0,0
36,broad,positive,ExactSecure,8000,64,10,3639,0.454875,10,1.0,1,none,0,0,0,10,10,1.0,4.361535000043659,8000,3639,3639,8000,0,0,1,1,0,0.0,0
36,broad,positive,PreFilter-Exact,8000,64,10,3639,0.454875,10,1.0,1,none,0,0,0,10,10,1.0,4.0874689998418035,8000,3639,3639,8000,0,0,1,1,0,0.0,0
36,broad,positive,BitmapSlice-Exact,8000,64,10,3639,0.454875,10,1.0,1,none,0,0,0,10,10,1.0,6.8471770000542165,4050,3639,3639,4050,0,0,1,1,0,0.0,0
36,broad,positive,ScalarOnly,8000,64,10,3639,0.454875,10,0.0,0,ranking_truncation,0,0,0,10,10,1.0,4.093491000276117,8000,3639,0,8000,0,0,0,1,0,0.0,0
36,broad,positive,PostFilter-IVF,8000,64,10,3639,0.454875,10,1.0,1,none,0,0,0,10,10,1.0,1.12983200006056,1502,609,1502,1502,0,8,0,1,0,0.0,0
36,broad,positive,AdaptivePostFilter-IVF,8000,64,10,3639,0.454875,10,1.0,1,none,0,0,0,10,10,1.0,4.548563999833277,4800,2167,4800,4800,0,28,0,1,0,0.0,0
36,broad,positive,ExactPrefix-PostFilter,8000,64,10,3639,0.454875,10,1.0,1,none,0,0,0,10,10,1.0,1.8826129999069963,1600,725,8000,1600,0,0,0,1,0,0.0,0
36,broad,positive,TenantPartition-IVF,8000,64,10,3639,0.454875,10,1.0,1,none,0,0,0,10,10,1.0,0.9658659996603092,1502,609,1502,1502,0,8,0,1,0,0.0,0
36,broad,positive,PreFilter-IVF,8000,64,10,3639,0.454875,10,1.0,1,none,0,0,0,10,10,1.0,1.6218150003624032,1524,632,632,1524,8,8,0,1,0,0.0,0
36,broad,positive,PACER-A,8000,64,10,3639,0.454875,10,1.0,1,none,0,0,0,10,10,1.0,4.551540999727877,1600,1449,1600,1600,19,19,0,1,0,0.6318936944007874,1
36,broad,positive,PACER-C,8000,64,10,3639,0.454875,10,1.0,1,none,0,0,0,10,10,1.0,11.890357000083895,4050,3639,4050,4050,48,48,1,1,0,0.0,0
36,broad,positive,PACER-X,8000,64,10,3639,0.454875,10,1.0,1,none,0,0,0,10,10,1.0,11.580847999994148,4050,3639,4050,4050,48,48,1,1,0,0.0,0
36,broad,positive,PACER-A-NoSlices,8000,64,10,3639,0.454875,10,1.0,1,none,0,0,0,10,10,1.0,1.6226490001827187,1600,673,1600,1600,9,9,0,1,0,0.6380367875099182,1
36,broad,positive,PACER-A-NoBounds,8000,64,10,3639,0.454875,10,1.0,1,none,0,0,0,10,10,1.0,4.937057999995886,1600,1437,1600,1600,19,19,0,1,0,0.0,1
36,broad,positive,StaleNoRecheck,8000,64,10,3639,0.454875,10,1.0,1,none,0,0,0,10,10,1.0,1.1821200000667886,1502,673,1502,1502,0,8,0,1,0,0.0,0
36,broad,positive,NaiveNoPolicy,8000,64,10,3639,0.454875,10,0.5,0,ranking_truncation,0,0,5,5,10,0.5,0.3856570001516957,1502,1502,1502,0,0,8,0,1,0,0.0,0
37,medium,positive,ExactSecure,8000,64,10,213,0.026625,10,1.0,1,none,0,0,0,10,10,1.0,4.290639999908308,8000,213,213,8000,0,0,1,1,0,0.0,0
37,medium,positive,PreFilter-Exact,8000,64,10,213,0.026625,10,1.0,1,none,0,0,0,10,10,1.0,4.638345000330446,8000,213,213,8000,0,0,1,1,0,0.0,0
37,medium,positive,BitmapSlice-Exact,8000,64,10,213,0.026625,10,1.0,1,none,0,0,0,10,10,1.0,0.4886169999736012,232,213,213,232,0,0,1,1,0,0.0,0
37,medium,positive,ScalarOnly,8000,64,10,213,0.026625,10,0.1,0,ranking_truncation,0,0,0,10,10,1.0,4.1210629997294745,8000,213,0,8000,0,0,0,1,0,0.0,0
37,medium,positive,PostFilter-IVF,8000,64,10,213,0.026625,10,0.5,0,ranking_truncation,0,0,0,10,10,1.0,0.9421700001439604,1203,24,1203,1203,0,8,0,1,0,0.0,0
37,medium,positive,AdaptivePostFilter-IVF,8000,64,10,213,0.026625,10,0.9,0,ranking_truncation,0,0,0,10,10,1.0,4.359571999884793,4800,130,4800,4800,0,31,0,1,0,0.0,0
37,medium,positive,ExactPrefix-PostFilter,8000,64,10,213,0.026625,10,1.0,1,none,0,0,0,10,10,1.0,1.9282729999758885,1600,46,8000,1600,0,0,0,1,0,0.0,0
37,medium,positive,TenantPartition-IVF,8000,64,10,213,0.026625,10,0.5,0,ranking_truncation,0,0,0,10,10,1.0,0.6813119998696493,1203,24,1203,1203,0,8,0,1,0,0.0,0
37,medium,positive,PreFilter-IVF,8000,64,10,213,0.026625,10,0.7,0,ranking_truncation,0,0,0,10,10,1.0,1.6430059999947844,1305,49,49,1305,11,8,0,1,0,0.0,0
37,medium,positive,PACER-A,8000,64,10,213,0.026625,10,1.0,1,none,0,0,0,10,10,1.0,3.265715999987151,232,213,232,232,48,32,1,1,0,0.0,0
37,medium,positive,PACER-C,8000,64,10,213,0.026625,10,1.0,1,none,0,0,0,10,10,1.0,2.766345000054571,232,213,232,232,48,32,1,1,0,0.0,0
37,medium,positive,PACER-X,8000,64,10,213,0.026625,10,1.0,1,none,0,0,0,10,10,1.0,3.101200999935827,232,213,232,232,48,32,1,1,0,0.0,0
37,medium,positive,PACER-A-NoSlices,8000,64,10,213,0.026625,10,0.7,0,ranking_truncation,0,0,0,10,10,1.0,1.6642129999127064,1600,37,1600,1600,11,11,0,1,0,0.8124373704195023,1
37,medium,positive,PACER-A-NoBounds,8000,64,10,213,0.026625,10,1.0,1,none,0,0,0,10,10,1.0,2.7910880003219063,232,213,232,232,48,32,1,1,0,0.0,0
37,medium,positive,StaleNoRecheck,8000,64,10,213,0.026625,10,0.5,0,ranking_truncation,0,0,0,10,10,1.0,1.0871740000766295,1203,29,1203,1203,0,8,0,1,0,0.0,0
37,medium,positive,NaiveNoPolicy,8000,64,10,213,0.026625,10,0.1,0,ranking_truncation,8,2,7,1,10,0.1,0.37534900002356153,1203,1203,1203,0,0,8,0,1,0,0.0,0
38,narrow,positive,ExactSecure,8000,64,10,3,0.000375,3,1.0,1,none,0,0,0,3,3,1.0,3.892068999903131,8000,3,3,8000,0,0,1,1,0,0.0,0
38,narrow,positive,PreFilter-Exact,8000,64,10,3,0.000375,3,1.0,1,none,0,0,0,3,3,1.0,3.9100990002225444,8000,3,3,8000,0,0,1,1,0,0.0,0
38,narrow,positive,BitmapSlice-Exact,8000,64,10,3,0.000375,3,1.0,1,none,0,0,0,3,3,1.0,0.07674099970245152,4,3,3,4,0,0,1,1,0,0.0,0
38,narrow,positive,ScalarOnly,8000,64,10,3,0.000375,3,1.0,0,ranking_truncation,0,0,0,3,3,1.0,3.978051000103733,8000,3,0,8000,0,0,0,1,0,0.0,0
38,narrow,positive,PostFilter-IVF,8000,64,10,3,0.000375,2,0.6666666666666666,0,candidate_starvation,0,0,0,2,2,1.0,0.9921239998220699,1248,2,1248,1248,0,8,0,1,0,0.0,0
38,narrow,positive,AdaptivePostFilter-IVF,8000,64,10,3,0.000375,3,1.0,1,none,0,0,0,3,3,1.0,4.188537000118231,4800,3,4800,4800,0,28,0,1,0,0.0,0
38,narrow,positive,ExactPrefix-PostFilter,8000,64,10,3,0.000375,1,0.3333333333333333,0,candidate_starvation,0,0,0,1,1,1.0,1.852417999998579,1600,1,8000,1600,0,0,0,1,0,0.0,0
38,narrow,positive,TenantPartition-IVF,8000,64,10,3,0.000375,2,0.6666666666666666,0,candidate_starvation,0,0,0,2,2,1.0,0.5532969998967019,1248,2,1248,1248,0,8,0,1,0,0.0,0
38,narrow,positive,PreFilter-IVF,8000,64,10,3,0.000375,3,1.0,1,none,0,0,0,3,3,1.0,0.7104599999365746,469,3,3,469,48,3,0,1,0,0.0,0
38,narrow,positive,PACER-A,8000,64,10,3,0.000375,3,1.0,1,none,0,0,0,3,3,1.0,0.3052349998142745,4,3,4,4,23,3,1,1,0,0.0,0
38,narrow,positive,PACER-C,8000,64,10,3,0.000375,3,1.0,1,none,0,0,0,3,3,1.0,0.2924200002780708,4,3,4,4,23,3,1,1,0,0.0,0
38,narrow,positive,PACER-X,8000,64,10,3,0.000375,3,1.0,1,none,0,0,0,3,3,1.0,0.2610659998936171,4,3,4,4,23,3,1,1,0,0.0,0
38,narrow,positive,PACER-A-NoSlices,8000,64,10,3,0.000375,2,0.6666666666666666,0,candidate_starvation,0,0,0,2,2,1.0,1.3048129999333469,1600,2,1600,1600,10,10,0,1,0,0.0,1
38,narrow,positive,PACER-A-NoBounds,8000,64,10,3,0.000375,3,1.0,1,none,0,0,0,3,3,1.0,0.2551640000092448,4,3,4,4,24,3,1,1,0,0.0,0
38,narrow,positive,StaleNoRecheck,8000,64,10,3,0.000375,3,0.6666666666666666,0,ranking_truncation,0,1,0,2,3,0.6666666666666666,0.8984460000647232,1248,3,1248,1248,0,8,0,1,0,0.0,0
38,narrow,positive,NaiveNoPolicy,8000,64,10,3,0.000375,10,0.0,0,ranking_truncation,8,2,9,0,10,0.0,0.31066600013218704,1248,1248,1248,0,0,8,0,1,0,0.0,0
39,cold,positive,ExactSecure,8000,64,10,2,0.00025,2,1.0,1,none,0,0,0,2,2,1.0,4.525108000052569,8000,2,2,8000,0,0,1,1,0,0.0,0
39,cold,positive,PreFilter-Exact,8000,64,10,2,0.00025,2,1.0,1,none,0,0,0,2,2,1.0,4.799184000148671,8000,2,2,8000,0,0,1,1,0,0.0,0
39,cold,positive,BitmapSlice-Exact,8000,64,10,2,0.00025,2,1.0,1,none,0,0,0,2,2,1.0,0.0750720000723959,2,2,2,2,0,0,1,1,0,0.0,0
39,cold,positive,ScalarOnly,8000,64,10,2,0.00025,2,1.0,0,ranking_truncation,0,0,0,2,2,1.0,4.6093450000626035,8000,2,0,8000,0,0,0,1,0,0.0,0
39,cold,positive,PostFilter-IVF,8000,64,10,2,0.00025,1,0.5,0,candidate_starvation,0,0,0,1,1,1.0,1.0362530001657433,1307,1,1307,1307,0,8,0,1,0,0.0,0
39,cold,positive,AdaptivePostFilter-IVF,8000,64,10,2,0.00025,1,0.5,0,candidate_starvation,0,0,0,1,1,1.0,4.4476729999587405,4800,1,4800,4800,0,28,0,1,0,0.0,0
39,cold,positive,ExactPrefix-PostFilter,8000,64,10,2,0.00025,1,0.5,0,candidate_starvation,0,0,0,1,1,1.0,1.7928799998117029,1600,1,8000,1600,0,0,0,1,0,0.0,0
39,cold,positive,TenantPartition-IVF,8000,64,10,2,0.00025,1,0.5,0,candidate_starvation,0,0,0,1,1,1.0,0.6361329997162102,1307,1,1307,1307,0,8,0,1,0,0.0,0
39,cold,positive,PreFilter-IVF,8000,64,10,2,0.00025,2,1.0,1,none,0,0,0,2,2,1.0,0.6511370002044714,374,2,2,374,48,2,0,1,0,0.0,0
39,cold,positive,PACER-A,8000,64,10,2,0.00025,2,1.0,1,none,0,0,0,2,2,1.0,0.2888250000978587,2,2,2,2,44,2,1,1,0,0.0,0
39,cold,positive,PACER-C,8000,64,10,2,0.00025,2,1.0,1,none,0,0,0,2,2,1.0,0.21104699999341392,2,2,2,2,44,2,1,1,0,0.0,0
39,cold,positive,PACER-X,8000,64,10,2,0.00025,2,1.0,1,none,0,0,0,2,2,1.0,0.20306700025685132,2,2,2,2,44,2,1,1,0,0.0,0
39,cold,positive,PACER-A-NoSlices,8000,64,10,2,0.00025,1,0.5,0,candidate_starvation,0,0,0,1,1,1.0,1.348291999875073,1600,1,1600,1600,11,11,0,1,0,0.0,1
39,cold,positive,PACER-A-NoBounds,8000,64,10,2,0.00025,2,1.0,1,none,0,0,0,2,2,1.0,0.20755800005645142,2,2,2,2,44,2,1,1,0,0.0,0
39,cold,positive,StaleNoRecheck,8000,64,10,2,0.00025,1,0.5,0,candidate_starvation,0,0,0,1,1,1.0,1.0029089999079588,1307,1,1307,1307,0,8,0,1,0,0.0,0
39,cold,positive,NaiveNoPolicy,8000,64,10,2,0.00025,10,0.5,0,ranking_truncation,9,0,9,1,10,0.1,0.33395799982827157,1307,1307,1307,0,0,8,0,1,0,0.0,0
40,broad,positive,ExactSecure,8000,64,10,3646,0.45575,10,1.0,1,none,0,0,0,10,10,1.0,4.837785999825428,8000,3646,3646,8000,0,0,1,1,0,0.0,0
40,broad,positive,PreFilter-Exact,8000,64,10,3646,0.45575,10,1.0,1,none,0,0,0,10,10,1.0,5.118360999858851,8000,3646,3646,8000,0,0,1,1,0,0.0,0
40,broad,positive,BitmapSlice-Exact,8000,64,10,3646,0.45575,10,1.0,1,none,0,0,0,10,10,1.0,7.782147999932931,3951,3646,3646,3951,0,0,1,1,0,0.0,0
40,broad,positive,ScalarOnly,8000,64,10,3646,0.45575,10,0.0,0,ranking_truncation,0,0,0,10,10,1.0,4.938417000175832,8000,3646,0,8000,0,0,0,1,0,0.0,0
40,broad,positive,PostFilter-IVF,8000,64,10,3646,0.45575,10,0.9,0,ranking_truncation,0,0,0,10,10,1.0,1.4220160001059412,1600,743,1600,1600,0,8,0,1,0,0.0,0
40,broad,positive,AdaptivePostFilter-IVF,8000,64,10,3646,0.45575,10,1.0,1,none,0,0,0,10,10,1.0,4.256813000210968,4800,2130,4800,4800,0,30,0,1,0,0.0,0
40,broad,positive,ExactPrefix-PostFilter,8000,64,10,3646,0.45575,10,1.0,1,none,0,0,0,10,10,1.0,1.8488939999770082,1600,691,8000,1600,0,0,0,1,0,0.0,0
40,broad,positive,TenantPartition-IVF,8000,64,10,3646,0.45575,10,0.9,0,ranking_truncation,0,0,0,10,10,1.0,1.2636410001505283,1600,743,1600,1600,0,8,0,1,0,0.0,0
40,broad,positive,PreFilter-IVF,8000,64,10,3646,0.45575,10,0.9,0,ranking_truncation,0,0,0,10,10,1.0,2.225856000222848,1580,728,728,1580,8,8,0,1,0,0.0,0
40,broad,positive,PACER-A,8000,64,10,3646,0.45575,10,1.0,1,none,0,0,0,10,10,1.0,4.452960999969946,1600,1482,1600,1600,21,21,0,1,0,0.6209688782691956,1
40,broad,positive,PACER-C,8000,64,10,3646,0.45575,10,1.0,1,none,0,0,0,10,10,1.0,10.34492799999498,3951,3646,3951,3951,48,48,1,1,0,0.0,0
40,broad,positive,PACER-X,8000,64,10,3646,0.45575,10,1.0,1,none,0,0,0,10,10,1.0,10.529466999741999,3951,3646,3951,3951,48,48,1,1,0,0.0,0
40,broad,positive,PACER-A-NoSlices,8000,64,10,3646,0.45575,10,0.9,0,ranking_truncation,0,0,0,10,10,1.0,1.6653069997119019,1600,736,1600,1600,9,9,0,1,0,0.6547585725784302,1
40,broad,positive,PACER-A-NoBounds,8000,64,10,3646,0.45575,10,1.0,1,none,0,0,0,10,10,1.0,4.725896999843826,1600,1484,1600,1600,22,22,0,1,0,0.0,1
40,broad,positive,StaleNoRecheck,8000,64,10,3646,0.45575,10,0.9,0,ranking_truncation,0,0,0,10,10,1.0,1.4326000000437489,1600,801,1600,1600,0,8,0,1,0,0.0,0
40,broad,positive,NaiveNoPolicy,8000,64,10,3646,0.45575,10,0.5,0,ranking_truncation,0,0,5,5,10,0.5,0.6060579999029869,1600,1600,1600,0,0,8,0,1,0,0.0,0
41,medium,positive,ExactSecure,8000,64,10,171,0.021375,10,1.0,1,none,0,0,0,10,10,1.0,4.088112999852456,8000,171,171,8000,0,0,1,1,0,0.0,0
41,medium,positive,PreFilter-Exact,8000,64,10,171,0.021375,10,1.0,1,none,0,0,0,10,10,1.0,4.044488000090496,8000,171,171,8000,0,0,1,1,0,0.0,0
41,medium,positive,BitmapSlice-Exact,8000,64,10,171,0.021375,10,1.0,1,none,0,0,0,10,10,1.0,0.39928700016389485,186,171,171,186,0,0,1,1,0,0.0,0
41,medium,positive,ScalarOnly,8000,64,10,171,0.021375,10,0.0,0,ranking_truncation,0,0,0,10,10,1.0,4.291678000299726,8000,171,0,8000,0,0,0,1,0,0.0,0
41,medium,positive,PostFilter-IVF,8000,64,10,171,0.021375,10,0.9,0,ranking_truncation,0,0,0,10,10,1.0,1.0833739997906378,1257,32,1257,1257,0,8,0,1,0,0.0,0
41,medium,positive,AdaptivePostFilter-IVF,8000,64,10,171,0.021375,10,1.0,1,none,0,0,0,10,10,1.0,4.279971999949339,4800,122,4800,4800,0,30,0,1,0,0.0,0
41,medium,positive,ExactPrefix-PostFilter,8000,64,10,171,0.021375,10,1.0,1,none,0,0,0,10,10,1.0,1.817551999920397,1600,35,8000,1600,0,0,0,1,0,0.0,0
41,medium,positive,TenantPartition-IVF,8000,64,10,171,0.021375,10,0.9,0,ranking_truncation,0,0,0,10,10,1.0,0.6883589999233664,1257,32,1257,1257,0,8,0,1,0,0.0,0
41,medium,positive,PreFilter-IVF,8000,64,10,171,0.021375,10,0.9,0,ranking_truncation,0,0,0,10,10,1.0,1.6034820000641048,1454,42,42,1454,10,8,0,1,0,0.0,0
41,medium,positive,PACER-A,8000,64,10,171,0.021375,10,1.0,1,none,0,0,0,10,10,1.0,3.201400999842008,186,171,186,186,48,39,1,1,0,0.0,0
41,medium,positive,PACER-C,8000,64,10,171,0.021375,10,1.0,1,none,0,0,0,10,10,1.0,2.9657129998668097,186,171,186,186,48,39,1,1,0,0.0,0
41,medium,positive,PACER-X,8000,64,10,171,0.021375,10,1.0,1,none,0,0,0,10,10,1.0,3.0779419998907542,186,171,186,186,48,39,1,1,0,0.0,0
41,medium,positive,PACER-A-NoSlices,8000,64,10,171,0.021375,10,0.9,0,ranking_truncation,0,0,0,10,10,1.0,1.5382199999294244,1600,35,1600,1600,10,10,0,1,0,0.8185543268918991,1
41,medium,positive,PACER-A-NoBounds,8000,64,10,171,0.021375,10,1.0,1,none,0,0,0,10,10,1.0,3.0426299999817275,186,171,186,186,48,39,1,1,0,0.0,0
41,medium,positive,StaleNoRecheck,8000,64,10,171,0.021375,10,0.9,0,ranking_truncation,0,1,0,9,10,0.9,1.045940000039991,1257,34,1257,1257,0,8,0,1,0,0.0,0
41,medium,positive,NaiveNoPolicy,8000,64,10,171,0.021375,10,0.1,0,ranking_truncation,8,1,7,1,10,0.1,0.36373899956743116,1257,1257,1257,0,0,8,0,1,0,0.0,0
42,narrow,positive,ExactSecure,8000,64,10,3,0.000375,3,1.0,1,none,0,0,0,3,3,1.0,4.276708999896073,8000,3,3,8000,0,0,1,1,0,0.0,0
42,narrow,positive,PreFilter-Exact,8000,64,10,3,0.000375,3,1.0,1,none,0,0,0,3,3,1.0,3.997610000169516,8000,3,3,8000,0,0,1,1,0,0.0,0
42,narrow,positive,BitmapSlice-Exact,8000,64,10,3,0.000375,3,1.0,1,none,0,0,0,3,3,1.0,0.09037800009537023,3,3,3,3,0,0,1,1,0,0.0,0
42,narrow,positive,ScalarOnly,8000,64,10,3,0.000375,3,1.0,0,ranking_truncation,0,0,0,3,3,1.0,3.9685360002295056,8000,3,0,8000,0,0,0,1,0,0.0,0
42,narrow,positive,PostFilter-IVF,8000,64,10,3,0.000375,1,0.3333333333333333,0,candidate_starvation,0,0,0,1,1,1.0,1.0579859999779728,1379,1,1379,1379,0,8,0,1,0,0.0,0
42,narrow,positive,AdaptivePostFilter-IVF,8000,64,10,3,0.000375,2,0.6666666666666666,0,candidate_starvation,0,0,0,2,2,1.0,4.234195999742951,4800,2,4800,4800,0,30,0,1,0,0.0,0
42,narrow,positive,ExactPrefix-PostFilter,8000,64,10,3,0.000375,3,1.0,1,none,0,0,0,3,3,1.0,1.8023839998022595,1600,3,8000,1600,0,0,0,1,0,0.0,0
42,narrow,positive,TenantPartition-IVF,8000,64,10,3,0.000375,1,0.3333333333333333,0,candidate_starvation,0,0,0,1,1,1.0,0.6965980001041316,1379,1,1379,1379,0,8,0,1,0,0.0,0
42,narrow,positive,PreFilter-IVF,8000,64,10,3,0.000375,3,1.0,1,none,0,0,0,3,3,1.0,0.7315890002246306,485,3,3,485,48,3,0,1,0,0.0,0
42,narrow,positive,PACER-A,8000,64,10,3,0.000375,3,1.0,1,none,0,0,0,3,3,1.0,0.321968000207562,3,3,3,3,38,3,1,1,0,0.0,0
42,narrow,positive,PACER-C,8000,64,10,3,0.000375,3,1.0,1,none,0,0,0,3,3,1.0,0.2476929998920241,3,3,3,3,38,3,1,1,0,0.0,0
42,narrow,positive,PACER-X,8000,64,10,3,0.000375,3,1.0,1,none,0,0,0,3,3,1.0,0.244407000081992,3,3,3,3,38,3,1,1,0,0.0,0
42,narrow,positive,PACER-A-NoSlices,8000,64,10,3,0.000375,1,0.3333333333333333,0,candidate_starvation,0,0,0,1,1,1.0,1.2860779997936334,1600,1,1600,1600,11,11,0,1,0,0.0,1
42,narrow,positive,PACER-A-NoBounds,8000,64,10,3,0.000375,3,1.0,1,none,0,0,0,3,3,1.0,0.28249100023458595,3,3,3,3,34,3,1,1,0,0.0,0
42,narrow,positive,StaleNoRecheck,8000,64,10,3,0.000375,1,0.3333333333333333,0,candidate_starvation,0,0,0,1,1,1.0,0.9423189999324677,1379,1,1379,1379,0,8,0,1,0,0.0,0
42,narrow,positive,NaiveNoPolicy,8000,64,10,3,0.000375,10,0.3333333333333333,0,ranking_truncation,9,1,9,1,10,0.1,0.3725599999597762,1379,1379,1379,0,0,8,0,1,0,0.0,0
43,cold,positive,ExactSecure,8000,64,10,1,0.000125,1,1.0,1,none,0,0,0,1,1,1.0,3.7703179996242397,8000,1,1,8000,0,0,1,1,0,0.0,0
43,cold,positive,PreFilter-Exact,8000,64,10,1,0.000125,1,1.0,1,none,0,0,0,1,1,1.0,4.118638999898394,8000,1,1,8000,0,0,1,1,0,0.0,0
43,cold,positive,BitmapSlice-Exact,8000,64,10,1,0.000125,1,1.0,1,none,0,0,0,1,1,1.0,0.06512099980682251,1,1,1,1,0,0,1,1,0,0.0,0
43,cold,positive,ScalarOnly,8000,64,10,1,0.000125,1,1.0,1,none,0,0,0,1,1,1.0,3.7314950000109093,8000,1,0,8000,0,0,0,1,0,0.0,0
43,cold,positive,PostFilter-IVF,8000,64,10,1,0.000125,1,1.0,1,none,0,0,0,1,1,1.0,0.807473999884678,1126,1,1126,1126,0,8,0,1,0,0.0,0
43,cold,positive,AdaptivePostFilter-IVF,8000,64,10,1,0.000125,1,1.0,1,none,0,0,0,1,1,1.0,4.109681000045384,4800,1,4800,4800,0,28,0,1,0,0.0,0
43,cold,positive,ExactPrefix-PostFilter,8000,64,10,1,0.000125,1,1.0,1,none,0,0,0,1,1,1.0,1.789864000329544,1600,1,8000,1600,0,0,0,1,0,0.0,0
43,cold,positive,TenantPartition-IVF,8000,64,10,1,0.000125,1,1.0,1,none,0,0,0,1,1,1.0,0.5766859999312146,1126,1,1126,1126,0,8,0,1,0,0.0,0
43,cold,positive,PreFilter-IVF,8000,64,10,1,0.000125,1,1.0,1,none,0,0,0,1,1,1.0,0.46152300001267577,204,1,1,204,48,1,0,1,0,0.0,0
43,cold,positive,PACER-A,8000,64,10,1,0.000125,1,1.0,1,none,0,0,0,1,1,1.0,0.1586749999660242,1,1,1,1,5,1,1,1,0,0.0,0
43,cold,positive,PACER-C,8000,64,10,1,0.000125,1,1.0,1,none,0,0,0,1,1,1.0,0.12332400001469068,1,1,1,1,5,1,1,1,0,0.0,0
43,cold,positive,PACER-X,8000,64,10,1,0.000125,1,1.0,1,none,0,0,0,1,1,1.0,0.11812899992946768,1,1,1,1,5,1,1,1,0,0.0,0
43,cold,positive,PACER-A-NoSlices,8000,64,10,1,0.000125,1,1.0,1,none,0,0,0,1,1,1.0,1.263974999801576,1600,1,1600,1600,11,11,0,1,0,0.0,1
43,cold,positive,PACER-A-NoBounds,8000,64,10,1,0.000125,1,1.0,1,none,0,0,0,1,1,1.0,0.12445099991964526,1,1,1,1,1,1,1,1,0,0.0,0
43,cold,positive,StaleNoRecheck,8000,64,10,1,0.000125,1,1.0,1,none,0,0,0,1,1,1.0,0.7819380002729304,1126,1,1126,1126,0,8,0,1,0,0.0,0
43,cold,positive,NaiveNoPolicy,8000,64,10,1,0.000125,10,1.0,0,ranking_truncation,9,2,9,1,10,0.1,0.35421199982010876,1126,1126,1126,0,0,8,0,1,0,0.0,0
44,broad,positive,ExactSecure,8000,64,10,3639,0.454875,10,1.0,1,none,0,0,0,10,10,1.0,4.861525000251277,8000,3639,3639,8000,0,0,1,1,0,0.0,0
44,broad,positive,PreFilter-Exact,8000,64,10,3639,0.454875,10,1.0,1,none,0,0,0,10,10,1.0,4.28445500028829,8000,3639,3639,8000,0,0,1,1,0,0.0,0
44,broad,positive,BitmapSlice-Exact,8000,64,10,3639,0.454875,10,1.0,1,none,0,0,0,10,10,1.0,7.078955999986647,4022,3639,3639,4022,0,0,1,1,0,0.0,0
44,broad,positive,ScalarOnly,8000,64,10,3639,0.454875,10,0.0,0,ranking_truncation,0,0,0,10,10,1.0,4.211301999930583,8000,3639,0,8000,0,0,0,1,0,0.0,0
44,broad,positive,PostFilter-IVF,8000,64,10,3639,0.454875,10,0.6,0,ranking_truncation,0,0,0,10,10,1.0,1.0715759999584407,1232,545,1232,1232,0,8,0,1,0,0.0,0
44,broad,positive,AdaptivePostFilter-IVF,8000,64,10,3639,0.454875,10,1.0,1,none,0,0,0,10,10,1.0,4.517079999914131,4800,2212,4800,4800,0,30,0,1,0,0.0,0
44,broad,positive,ExactPrefix-PostFilter,8000,64,10,3639,0.454875,10,1.0,1,none,0,0,0,10,10,1.0,2.522896000300534,1600,764,8000,1600,0,0,0,1,0,0.0,0
44,broad,positive,TenantPartition-IVF,8000,64,10,3639,0.454875,10,0.6,0,ranking_truncation,0,0,0,10,10,1.0,0.918227000056504,1232,545,1232,1232,0,8,0,1,0,0.0,0
44,broad,positive,PreFilter-IVF,8000,64,10,3639,0.454875,10,0.8,0,ranking_truncation,0,0,0,10,10,1.0,1.7714549999254814,1165,578,578,1165,8,8,0,1,0,0.0,0
44,broad,positive,PACER-A,8000,64,10,3639,0.454875,10,0.9,0,ranking_truncation,0,0,0,10,10,1.0,5.055442999946536,1600,1445,1600,1600,21,21,0,1,0,0.6372323036193848,1
44,broad,positive,PACER-C,8000,64,10,3639,0.454875,10,1.0,1,none,0,0,0,10,10,1.0,11.817261000032886,4022,3639,4022,4022,48,48,1,1,0,0.0,0
44,broad,positive,PACER-X,8000,64,10,3639,0.454875,10,1.0,1,none,0,0,0,10,10,1.0,12.689614000009897,4022,3639,4022,4022,48,48,1,1,0,0.0,0
44,broad,positive,PACER-A-NoSlices,8000,64,10,3639,0.454875,10,0.8,0,ranking_truncation,0,0,0,10,10,1.0,2.0344270001260156,1600,749,1600,1600,11,11,0,1,0,0.6437952518463135,1
44,broad,positive,PACER-A-NoBounds,8000,64,10,3639,0.454875,10,0.9,0,ranking_truncation,0,0,0,10,10,1.0,4.857883000113361,1600,1448,1600,1600,21,21,0,1,0,0.0,1
44,broad,positive,StaleNoRecheck,8000,64,10,3639,0.454875,10,0.6,0,ranking_truncation,0,2,0,8,10,0.8,1.0084140003527864,1232,602,1232,1232,0,8,0,1,0,0.0,0
44,broad,positive,NaiveNoPolicy,8000,64,10,3639,0.454875,10,0.4,0,ranking_truncation,0,1,5,4,10,0.4,0.30730399976164335,1232,1232,1232,0,0,8,0,1,0,0.0,0
45,medium,positive,ExactSecure,8000,64,10,162,0.02025,10,1.0,1,none,0,0,0,10,10,1.0,5.183311999644502,8000,162,162,8000,0,0,1,1,0,0.0,0
45,medium,positive,PreFilter-Exact,8000,64,10,162,0.02025,10,1.0,1,none,0,0,0,10,10,1.0,4.31822500013368,8000,162,162,8000,0,0,1,1,0,0.0,0
45,medium,positive,BitmapSlice-Exact,8000,64,10,162,0.02025,10,1.0,1,none,0,0,0,10,10,1.0,0.4116059999432764,174,162,162,174,0,0,1,1,0,0.0,0
45,medium,positive,ScalarOnly,8000,64,10,162,0.02025,10,0.1,0,ranking_truncation,0,0,0,10,10,1.0,4.4080859997848165,8000,162,0,8000,0,0,0,1,0,0.0,0
45,medium,positive,PostFilter-IVF,8000,64,10,162,0.02025,10,0.8,0,ranking_truncation,0,0,0,10,10,1.0,1.210942000398063,1368,41,1368,1368,0,8,0,1,0,0.0,0
45,medium,positive,AdaptivePostFilter-IVF,8000,64,10,162,0.02025,10,0.9,0,ranking_truncation,0,0,0,10,10,1.0,4.158683999776258,4800,116,4800,4800,0,29,0,1,0,0.0,0
45,medium,positive,ExactPrefix-PostFilter,8000,64,10,162,0.02025,10,1.0,1,none,0,0,0,10,10,1.0,1.9992560000900994,1600,45,8000,1600,0,0,0,1,0,0.0,0
45,medium,positive,TenantPartition-IVF,8000,64,10,162,0.02025,10,0.8,0,ranking_truncation,0,0,0,10,10,1.0,0.7866780001677398,1368,41,1368,1368,0,8,0,1,0,0.0,0
45,medium,positive,PreFilter-IVF,8000,64,10,162,0.02025,10,0.8,0,ranking_truncation,0,0,0,10,10,1.0,1.4762509999854956,1489,53,53,1489,10,8,0,1,0,0.0,0
45,medium,positive,PACER-A,8000,64,10,162,0.02025,10,1.0,1,none,0,0,0,10,10,1.0,3.495072999612603,174,162,174,174,48,39,1,1,0,0.0,0
45,medium,positive,PACER-C,8000,64,10,162,0.02025,10,1.0,1,none,0,0,0,10,10,1.0,2.9071570002088265,174,162,174,174,48,39,1,1,0,0.0,0
45,medium,positive,PACER-X,8000,64,10,162,0.02025,10,1.0,1,none,0,0,0,10,10,1.0,2.9017510000812763,174,162,174,174,48,39,1,1,0,0.0,0
45,medium,positive,PACER-A-NoSlices,8000,64,10,162,0.02025,10,0.8,0,ranking_truncation,0,0,0,10,10,1.0,1.4709839997522067,1600,52,1600,1600,10,10,0,1,0,0.7609145045280457,1
45,medium,positive,PACER-A-NoBounds,8000,64,10,162,0.02025,10,1.0,1,none,0,0,0,10,10,1.0,3.0072619997554284,174,162,174,174,48,39,1,1,0,0.0,0
45,medium,positive,StaleNoRecheck,8000,64,10,162,0.02025,10,0.8,0,ranking_truncation,0,0,0,10,10,1.0,1.0916029996224097,1368,45,1368,1368,0,8,0,1,0,0.0,0
45,medium,positive,NaiveNoPolicy,8000,64,10,162,0.02025,10,0.1,0,ranking_truncation,8,0,7,1,10,0.1,0.5930499996793515,1368,1368,1368,0,0,8,0,1,0,0.0,0
46,narrow,positive,ExactSecure,8000,64,10,5,0.000625,5,1.0,1,none,0,0,0,5,5,1.0,3.955598000175087,8000,5,5,8000,0,0,1,1,0,0.0,0
46,narrow,positive,PreFilter-Exact,8000,64,10,5,0.000625,5,1.0,1,none,0,0,0,5,5,1.0,4.064254999775585,8000,5,5,8000,0,0,1,1,0,0.0,0
46,narrow,positive,BitmapSlice-Exact,8000,64,10,5,0.000625,5,1.0,1,none,0,0,0,5,5,1.0,0.118402999760292,7,5,5,7,0,0,1,1,0,0.0,0
46,narrow,positive,ScalarOnly,8000,64,10,5,0.000625,5,1.0,0,ranking_truncation,0,0,0,5,5,1.0,3.7544020001405443,8000,5,0,8000,0,0,0,1,0,0.0,0
46,narrow,positive,PostFilter-IVF,8000,64,10,5,0.000625,0,0.0,0,candidate_starvation,0,0,0,0,0,1.0,1.1198990000593767,1596,0,1596,1596,0,8,0,1,0,0.0,0
46,narrow,positive,AdaptivePostFilter-IVF,8000,64,10,5,0.000625,5,1.0,1,none,0,0,0,5,5,1.0,3.864298999815219,4800,5,4800,4800,0,28,0,1,0,0.0,0
46,narrow,positive,ExactPrefix-PostFilter,8000,64,10,5,0.000625,2,0.4,0,candidate_starvation,0,0,0,2,2,1.0,1.6664320000927546,1600,2,8000,1600,0,0,0,1,0,0.0,0
46,narrow,positive,TenantPartition-IVF,8000,64,10,5,0.000625,0,0.0,0,candidate_starvation,0,0,0,0,0,1.0,0.6620869999096612,1596,0,1596,1596,0,8,0,1,0,0.0,0
46,narrow,positive,PreFilter-IVF,8000,64,10,5,0.000625,5,1.0,1,none,0,0,0,5,5,1.0,0.8914559998629557,743,5,5,743,48,5,0,1,0,0.0,0
46,narrow,positive,PACER-A,8000,64,10,5,0.000625,5,1.0,1,none,0,0,0,5,5,1.0,0.39640500017412705,7,5,7,7,34,5,1,1,0,0.0,0
46,narrow,positive,PACER-C,8000,64,10,5,0.000625,5,1.0,1,none,0,0,0,5,5,1.0,0.35598999966168776,7,5,7,7,34,5,1,1,0,0.0,0
46,narrow,positive,PACER-X,8000,64,10,5,0.000625,5,1.0,1,none,0,0,0,5,5,1.0,0.33422400019844645,7,5,7,7,34,5,1,1,0,0.0,0
46,narrow,positive,PACER-A-NoSlices,8000,64,10,5,0.000625,0,0.0,0,candidate_starvation,0,0,0,0,0,1.0,1.2411039997459739,1600,0,1600,1600,8,8,0,1,0,0.0,1
46,narrow,positive,PACER-A-NoBounds,8000,64,10,5,0.000625,5,1.0,1,none,0,0,0,5,5,1.0,0.39087999994080747,7,5,7,7,31,5,1,1,0,0.0,0
46,narrow,positive,StaleNoRecheck,8000,64,10,5,0.000625,0,0.0,0,candidate_starvation,0,0,0,0,0,1.0,1.0751100003290048,1596,0,1596,1596,0,8,0,1,0,0.0,0
46,narrow,positive,NaiveNoPolicy,8000,64,10,5,0.000625,10,0.0,0,ranking_truncation,10,1,9,0,10,0.0,0.4924869999740622,1596,1596,1596,0,0,8,0,1,0,0.0,0
47,cold,positive,ExactSecure,8000,64,10,3,0.000375,3,1.0,1,none,0,0,0,3,3,1.0,3.9981089998946118,8000,3,3,8000,0,0,1,1,0,0.0,0
47,cold,positive,PreFilter-Exact,8000,64,10,3,0.000375,3,1.0,1,none,0,0,0,3,3,1.0,4.044246999910683,8000,3,3,8000,0,0,1,1,0,0.0,0
47,cold,positive,BitmapSlice-Exact,8000,64,10,3,0.000375,3,1.0,1,none,0,0,0,3,3,1.0,0.07655500030523399,4,3,3,4,0,0,1,1,0,0.0,0
47,cold,positive,ScalarOnly,8000,64,10,3,0.000375,3,1.0,0,ranking_truncation,0,0,0,3,3,1.0,3.8109480001367046,8000,3,0,8000,0,0,0,1,0,0.0,0
47,cold,positive,PostFilter-IVF,8000,64,10,3,0.000375,1,0.3333333333333333,0,candidate_starvation,0,0,0,1,1,1.0,0.9663559999353311,1262,1,1262,1262,0,8,0,1,0,0.0,0
47,cold,positive,AdaptivePostFilter-IVF,8000,64,10,3,0.000375,2,0.6666666666666666,0,candidate_starvation,0,0,0,2,2,1.0,3.889728000103787,4800,2,4800,4800,0,31,0,1,0,0.0,0
47,cold,positive,ExactPrefix-PostFilter,8000,64,10,3,0.000375,1,0.3333333333333333,0,candidate_starvation,0,0,0,1,1,1.0,1.7284400000789901,1600,1,8000,1600,0,0,0,1,0,0.0,0
47,cold,positive,TenantPartition-IVF,8000,64,10,3,0.000375,1,0.3333333333333333,0,candidate_starvation,0,0,0,1,1,1.0,0.5223840003054647,1262,1,1262,1262,0,8,0,1,0,0.0,0
47,cold,positive,PreFilter-IVF,8000,64,10,3,0.000375,3,1.0,1,none,0,0,0,3,3,1.0,0.7056710001052124,555,3,3,555,48,4,0,1,0,0.0,0
47,cold,positive,PACER-A,8000,64,10,3,0.000375,3,1.0,1,none,0,0,0,3,3,1.0,0.33369299990226864,4,3,4,4,48,4,1,1,0,0.0,0
47,cold,positive,PACER-C,8000,64,10,3,0.000375,3,1.0,1,none,0,0,0,3,3,1.0,0.28096000005461974,4,3,4,4,48,4,1,1,0,0.0,0
47,cold,positive,PACER-X,8000,64,10,3,0.000375,3,1.0,1,none,0,0,0,3,3,1.0,0.2853119999599585,4,3,4,4,48,4,1,1,0,0.0,0
47,cold,positive,PACER-A-NoSlices,8000,64,10,3,0.000375,1,0.3333333333333333,0,candidate_starvation,0,0,0,1,1,1.0,1.226274000146077,1600,1,1600,1600,12,12,0,1,0,0.0,1
47,cold,positive,PACER-A-NoBounds,8000,64,10,3,0.000375,3,1.0,1,none,0,0,0,3,3,1.0,0.27060899992648046,4,3,4,4,40,4,1,1,0,0.0,0
47,cold,positive,StaleNoRecheck,8000,64,10,3,0.000375,1,0.3333333333333333,0,candidate_starvation,0,0,0,1,1,1.0,0.8356140001524182,1262,1,1262,1262,0,8,0,1,0,0.0,0
47,cold,positive,NaiveNoPolicy,8000,64,10,3,0.000375,10,0.0,0,ranking_truncation,10,1,8,0,10,0.0,0.36538999984259135,1262,1262,1262,0,0,8,0,1,0,0.0,0
48,broad,positive,ExactSecure,8000,64,10,3640,0.455,10,1.0,1,none,0,0,0,10,10,1.0,4.240169000240712,8000,3640,3640,8000,0,0,1,1,0,0.0,0
48,broad,positive,PreFilter-Exact,8000,64,10,3640,0.455,10,1.0,1,none,0,0,0,10,10,1.0,4.3248470001344685,8000,3640,3640,8000,0,0,1,1,0,0.0,0
48,broad,positive,BitmapSlice-Exact,8000,64,10,3640,0.455,10,1.0,1,none,0,0,0,10,10,1.0,6.549946000177442,3882,3640,3640,3882,0,0,1,1,0,0.0,0
48,broad,positive,ScalarOnly,8000,64,10,3640,0.455,10,0.0,0,ranking_truncation,0,0,0,10,10,1.0,3.9105129999370547,8000,3640,0,8000,0,0,0,1,0,0.0,0
48,broad,positive,PostFilter-IVF,8000,64,10,3640,0.455,10,0.8,0,ranking_truncation,0,0,0,10,10,1.0,1.0082660000989563,1301,536,1301,1301,0,8,0,1,0,0.0,0
48,broad,positive,AdaptivePostFilter-IVF,8000,64,10,3640,0.455,10,1.0,1,none,0,0,0,10,10,1.0,4.197567000119307,4800,2158,4800,4800,0,30,0,1,0,0.0,0
48,broad,positive,ExactPrefix-PostFilter,8000,64,10,3640,0.455,10,1.0,1,none,0,0,0,10,10,1.0,1.8019600001935032,1600,688,8000,1600,0,0,0,1,0,0.0,0
48,broad,positive,TenantPartition-IVF,8000,64,10,3640,0.455,10,0.8,0,ranking_truncation,0,0,0,10,10,1.0,0.8864930000527238,1301,536,1301,1301,0,8,0,1,0,0.0,0
48,broad,positive,PreFilter-IVF,8000,64,10,3640,0.455,10,0.8,0,ranking_truncation,0,0,0,10,10,1.0,2.016904999891267,1418,577,577,1418,8,8,0,1,0,0.0,0
48,broad,positive,PACER-A,8000,64,10,3640,0.455,10,1.0,1,none,0,0,0,10,10,1.0,4.848322999805532,1600,1511,1600,1600,22,22,0,1,0,0.6264810264110565,1
48,broad,positive,PACER-C,8000,64,10,3640,0.455,10,1.0,1,none,0,0,0,10,10,1.0,10.060738999982277,3882,3640,3882,3882,48,48,1,1,0,0.0,0
48,broad,positive,PACER-X,8000,64,10,3640,0.455,10,1.0,1,none,0,0,0,10,10,1.0,10.466408999945997,3882,3640,3882,3882,48,48,1,1,0,0.0,0
48,broad,positive,PACER-A-NoSlices,8000,64,10,3640,0.455,10,0.8,0,ranking_truncation,0,0,0,10,10,1.0,1.6620370001874107,1600,678,1600,1600,10,10,0,1,0,0.6372257471084595,1
48,broad,positive,PACER-A-NoBounds,8000,64,10,3640,0.455,10,0.9,0,ranking_truncation,0,0,0,10,10,1.0,4.400506999900244,1600,1520,1600,1600,22,22,0,1,0,0.0,1
48,broad,positive,StaleNoRecheck,8000,64,10,3640,0.455,10,0.8,0,ranking_truncation,0,0,0,10,10,1.0,0.9601269998711359,1301,565,1301,1301,0,8,0,1,0,0.0,0
48,broad,positive,NaiveNoPolicy,8000,64,10,3640,0.455,10,0.4,0,ranking_truncation,0,1,6,4,10,0.4,0.3324310000607511,1301,1301,1301,0,0,8,0,1,0,0.0,0
49,medium,positive,ExactSecure,8000,64,10,230,0.02875,10,1.0,1,none,0,0,0,10,10,1.0,4.635314000097424,8000,230,230,8000,0,0,1,1,0,0.0,0
49,medium,positive,PreFilter-Exact,8000,64,10,230,0.02875,10,1.0,1,none,0,0,0,10,10,1.0,4.118603999813786,8000,230,230,8000,0,0,1,1,0,0.0,0
49,medium,positive,BitmapSlice-Exact,8000,64,10,230,0.02875,10,1.0,1,none,0,0,0,10,10,1.0,0.5119940001350187,245,230,230,245,0,0,1,1,0,0.0,0
49,medium,positive,ScalarOnly,8000,64,10,230,0.02875,10,0.0,0,ranking_truncation,0,0,0,10,10,1.0,4.034564999983559,8000,230,0,8000,0,0,0,1,0,0.0,0
49,medium,positive,PostFilter-IVF,8000,64,10,230,0.02875,10,0.8,0,ranking_truncation,0,0,0,10,10,1.0,1.2978250001651759,1318,47,1318,1318,0,8,0,1,0,0.0,0
49,medium,positive,AdaptivePostFilter-IVF,8000,64,10,230,0.02875,10,1.0,1,none,0,0,0,10,10,1.0,3.978801999892312,4800,172,4800,4800,0,28,0,1,0,0.0,0
49,medium,positive,ExactPrefix-PostFilter,8000,64,10,230,0.02875,10,1.0,1,none,0,0,0,10,10,1.0,1.712938000309805,1600,62,8000,1600,0,0,0,1,0,0.0,0
49,medium,positive,TenantPartition-IVF,8000,64,10,230,0.02875,10,0.8,0,ranking_truncation,0,0,0,10,10,1.0,0.6842809998488519,1318,47,1318,1318,0,8,0,1,0,0.0,0
49,medium,positive,PreFilter-IVF,8000,64,10,230,0.02875,10,0.8,0,ranking_truncation,0,0,0,10,10,1.0,1.4006480000716692,1359,59,59,1359,11,8,0,1,0,0.0,0
49,medium,positive,PACER-A,8000,64,10,230,0.02875,10,1.0,1,none,0,0,0,10,10,1.0,3.347703000144975,245,230,245,245,48,41,1,1,0,0.0,0
49,medium,positive,PACER-C,8000,64,10,230,0.02875,10,1.0,1,none,0,0,0,10,10,1.0,3.2834109997565974,245,230,245,245,48,41,1,1,0,0.0,0
49,medium,positive,PACER-X,8000,64,10,230,0.02875,10,1.0,1,none,0,0,0,10,10,1.0,3.1979929999579326,245,230,245,245,48,41,1,1,0,0.0,0
49,medium,positive,PACER-A-NoSlices,8000,64,10,230,0.02875,10,0.8,0,ranking_truncation,0,0,0,10,10,1.0,1.4189080002324772,1600,49,1600,1600,10,10,0,1,0,0.7668312788009644,1
49,medium,positive,PACER-A-NoBounds,8000,64,10,230,0.02875,10,1.0,1,none,0,0,0,10,10,1.0,3.1704439998065936,245,230,245,245,48,41,1,1,0,0.0,0
49,medium,positive,StaleNoRecheck,8000,64,10,230,0.02875,10,0.8,0,ranking_truncation,0,1,0,9,10,0.9,0.9915330001604161,1318,51,1318,1318,0,8,0,1,0,0.0,0
49,medium,positive,NaiveNoPolicy,8000,64,10,230,0.02875,10,0.1,0,ranking_truncation,6,1,7,1,10,0.1,0.33919800034709624,1318,1318,1318,0,0,8,0,1,0,0.0,0
50,narrow,positive,ExactSecure,8000,64,10,11,0.001375,10,1.0,1,none,0,0,0,10,10,1.0,3.9714579997962574,8000,11,11,8000,0,0,1,1,0,0.0,0
50,narrow,positive,PreFilter-Exact,8000,64,10,11,0.001375,10,1.0,1,none,0,0,0,10,10,1.0,3.9744470000186993,8000,11,11,8000,0,0,1,1,0,0.0,0
50,narrow,positive,BitmapSlice-Exact,8000,64,10,11,0.001375,10,1.0,1,none,0,0,0,10,10,1.0,0.09863899958872935,12,11,11,12,0,0,1,1,0,0.0,0
50,narrow,positive,ScalarOnly,8000,64,10,11,0.001375,10,0.9,0,ranking_truncation,0,0,0,10,10,1.0,3.8988590004009893,8000,11,0,8000,0,0,0,1,0,0.0,0
50,narrow,positive,PostFilter-IVF,8000,64,10,11,0.001375,7,0.7,0,candidate_starvation,0,0,0,7,7,1.0,1.0962640003526758,1482,7,1482,1482,0,8,0,1,0,0.0,0
50,narrow,positive,AdaptivePostFilter-IVF,8000,64,10,11,0.001375,10,0.9,0,ranking_truncation,0,0,0,10,10,1.0,4.006651000054262,4800,10,4800,4800,0,30,0,1,0,0.0,0
50,narrow,positive,ExactPrefix-PostFilter,8000,64,10,11,0.001375,7,0.7,0,candidate_starvation,0,0,0,7,7,1.0,1.7362749999847438,1600,7,8000,1600,0,0,0,1,0,0.0,0
50,narrow,positive,TenantPartition-IVF,8000,64,10,11,0.001375,7,0.7,0,candidate_starvation,0,0,0,7,7,1.0,0.6272139999055071,1482,7,1482,1482,0,8,0,1,0,0.0,0
50,narrow,positive,PreFilter-IVF,8000,64,10,11,0.001375,10,1.0,1,none,0,0,0,10,10,1.0,1.2658050000027288,1360,11,11,1360,48,6,0,1,0,0.0,0
50,narrow,positive,PACER-A,8000,64,10,11,0.001375,10,1.0,1,none,0,0,0,10,10,1.0,0.519719999829249,12,11,12,12,42,6,1,1,0,0.0,0
50,narrow,positive,PACER-C,8000,64,10,11,0.001375,10,1.0,1,none,0,0,0,10,10,1.0,0.592196000070544,12,11,12,12,42,6,1,1,0,0.0,0
50,narrow,positive,PACER-X,8000,64,10,11,0.001375,10,1.0,1,none,0,0,0,10,10,1.0,0.7450190000781731,12,11,12,12,42,6,1,1,0,0.0,0
50,narrow,positive,PACER-A-NoSlices,8000,64,10,11,0.001375,7,0.7,0,candidate_starvation,0,0,0,7,7,1.0,1.4565740002581151,1600,7,1600,1600,9,9,0,1,0,0.0,1
50,narrow,positive,PACER-A-NoBounds,8000,64,10,11,0.001375,10,1.0,1,none,0,0,0,10,10,1.0,0.5372020000322664,12,11,12,12,48,6,1,1,0,0.0,0
50,narrow,positive,StaleNoRecheck,8000,64,10,11,0.001375,7,0.7,0,candidate_starvation,0,0,0,7,7,1.0,1.320292999935191,1482,7,1482,1482,0,8,0,1,0,0.0,0
50,narrow,positive,NaiveNoPolicy,8000,64,10,11,0.001375,10,0.1,0,ranking_truncation,9,2,8,1,10,0.1,0.44229299965081736,1482,1482,1482,0,0,8,0,1,0,0.0,0
51,cold,positive,ExactSecure,8000,64,10,2,0.00025,2,1.0,1,none,0,0,0,2,2,1.0,4.263994000211824,8000,2,2,8000,0,0,1,1,0,0.0,0
51,cold,positive,PreFilter-Exact,8000,64,10,2,0.00025,2,1.0,1,none,0,0,0,2,2,1.0,4.168516999925487,8000,2,2,8000,0,0,1,1,0,0.0,0
51,cold,positive,BitmapSlice-Exact,8000,64,10,2,0.00025,2,1.0,1,none,0,0,0,2,2,1.0,0.07156099991334486,2,2,2,2,0,0,1,1,0,0.0,0
51,cold,positive,ScalarOnly,8000,64,10,2,0.00025,2,1.0,0,ranking_truncation,0,0,0,2,2,1.0,4.170031000285235,8000,2,0,8000,0,0,0,1,0,0.0,0
51,cold,positive,PostFilter-IVF,8000,64,10,2,0.00025,2,1.0,1,none,0,0,0,2,2,1.0,1.234461999956693,1553,2,1553,1553,0,8,0,1,0,0.0,0
51,cold,positive,AdaptivePostFilter-IVF,8000,64,10,2,0.00025,2,1.0,1,none,0,0,0,2,2,1.0,4.371639000055438,4800,2,4800,4800,0,27,0,1,0,0.0,0
51,cold,positive,ExactPrefix-PostFilter,8000,64,10,2,0.00025,2,1.0,1,none,0,0,0,2,2,1.0,1.848134999818285,1600,2,8000,1600,0,0,0,1,0,0.0,0
51,cold,positive,TenantPartition-IVF,8000,64,10,2,0.00025,2,1.0,1,none,0,0,0,2,2,1.0,0.7256130002133432,1553,2,1553,1553,0,8,0,1,0,0.0,0
51,cold,positive,PreFilter-IVF,8000,64,10,2,0.00025,2,1.0,1,none,0,0,0,2,2,1.0,0.5579449998549535,248,2,2,248,48,1,0,1,0,0.0,0
51,cold,positive,PACER-A,8000,64,10,2,0.00025,2,1.0,1,none,0,0,0,2,2,1.0,0.23465999993277364,2,2,2,2,4,1,1,1,0,0.0,0
51,cold,positive,PACER-C,8000,64,10,2,0.00025,2,1.0,1,none,0,0,0,2,2,1.0,0.1555720000396832,2,2,2,2,4,1,1,1,0,0.0,0
51,cold,positive,PACER-X,8000,64,10,2,0.00025,2,1.0,1,none,0,0,0,2,2,1.0,0.16961999972409103,2,2,2,2,4,1,1,1,0,0.0,0
51,cold,positive,PACER-A-NoSlices,8000,64,10,2,0.00025,2,1.0,1,none,0,0,0,2,2,1.0,1.3181009999243543,1600,2,1600,1600,8,8,0,1,0,0.0,1
51,cold,positive,PACER-A-NoBounds,8000,64,10,2,0.00025,2,1.0,1,none,0,0,0,2,2,1.0,0.1450870004191529,2,2,2,2,3,1,1,1,0,0.0,0
51,cold,positive,StaleNoRecheck,8000,64,10,2,0.00025,2,1.0,1,none,0,0,0,2,2,1.0,1.1347629997544573,1553,2,1553,1553,0,8,0,1,0,0.0,0
51,cold,positive,NaiveNoPolicy,8000,64,10,2,0.00025,10,0.5,0,ranking_truncation,9,1,7,1,10,0.1,0.3604769999583368,1553,1553,1553,0,0,8,0,1,0,0.0,0
52,broad,positive,ExactSecure,8000,64,10,3756,0.4695,10,1.0,1,none,0,0,0,10,10,1.0,4.855485999996745,8000,3756,3756,8000,0,0,1,1,0,0.0,0
52,broad,positive,PreFilter-Exact,8000,64,10,3756,0.4695,10,1.0,1,none,0,0,0,10,10,1.0,4.507640000156243,8000,3756,3756,8000,0,0,1,1,0,0.0,0
52,broad,positive,BitmapSlice-Exact,8000,64,10,3756,0.4695,10,1.0,1,none,0,0,0,10,10,1.0,7.8079149998302455,4098,3756,3756,4098,0,0,1,1,0,0.0,0
52,broad,positive,ScalarOnly,8000,64,10,3756,0.4695,10,0.0,0,ranking_truncation,0,0,0,10,10,1.0,3.9624680002816604,8000,3756,0,8000,0,0,0,1,0,0.0,0
52,broad,positive,PostFilter-IVF,8000,64,10,3756,0.4695,10,1.0,1,none,0,0,0,10,10,1.0,1.5585969999847293,1600,879,1600,1600,0,8,0,1,0,0.0,0
52,broad,positive,AdaptivePostFilter-IVF,8000,64,10,3756,0.4695,10,1.0,1,none,0,0,0,10,10,1.0,4.127373000301304,4800,2425,4800,4800,0,28,0,1,0,0.0,0
52,broad,positive,ExactPrefix-PostFilter,8000,64,10,3756,0.4695,10,1.0,1,none,0,0,0,10,10,1.0,1.9455510000625509,1600,794,8000,1600,0,0,0,1,0,0.0,0
52,broad,positive,TenantPartition-IVF,8000,64,10,3756,0.4695,10,1.0,1,none,0,0,0,10,10,1.0,1.5123449998100114,1600,879,1600,1600,0,8,0,1,0,0.0,0
52,broad,positive,PreFilter-IVF,8000,64,10,3756,0.4695,10,1.0,1,none,0,0,0,10,10,1.0,1.6958989999693586,1640,890,890,1640,8,8,0,1,0,0.0,0
52,broad,positive,PACER-A,8000,64,10,3756,0.4695,10,1.0,1,none,0,0,0,10,10,1.0,4.9347599997418,1600,1464,1600,1600,15,15,0,1,0,0.6318527460098267,1
52,broad,positive,PACER-C,8000,64,10,3756,0.4695,10,1.0,1,none,0,0,0,10,10,1.0,12.603375000253436,4098,3756,4098,4098,48,48,1,1,0,0.0,0
52,broad,positive,PACER-X,8000,64,10,3756,0.4695,10,1.0,1,none,0,0,0,10,10,1.0,10.53846499962674,4098,3756,4098,4098,48,48,1,1,0,0.0,0
52,broad,positive,PACER-A-NoSlices,8000,64,10,3756,0.4695,10,1.0,1,none,0,0,0,10,10,1.0,1.5337400000134949,1600,871,1600,1600,8,8,0,1,0,0.6406545042991638,1
52,broad,positive,PACER-A-NoBounds,8000,64,10,3756,0.4695,10,1.0,1,none,0,0,0,10,10,1.0,4.0193879999606,1600,1467,1600,1600,16,16,0,1,0,0.0,0
52,broad,positive,StaleNoRecheck,8000,64,10,3756,0.4695,10,0.9,0,ranking_truncation,0,1,0,9,10,0.9,1.4990099998613005,1600,961,1600,1600,0,8,0,1,0,0.0,0
52,broad,positive,NaiveNoPolicy,8000,64,10,3756,0.4695,10,0.5,0,ranking_truncation,0,0,5,5,10,0.5,0.5000470000595669,1600,1600,1600,0,0,8,0,1,0,0.0,0
53,medium,positive,ExactSecure,8000,64,10,204,0.0255,10,1.0,1,none,0,0,0,10,10,1.0,4.352071000084834,8000,204,204,8000,0,0,1,1,0,0.0,0
53,medium,positive,PreFilter-Exact,8000,64,10,204,0.0255,10,1.0,1,none,0,0,0,10,10,1.0,4.108131000066351,8000,204,204,8000,0,0,1,1,0,0.0,0
53,medium,positive,BitmapSlice-Exact,8000,64,10,204,0.0255,10,1.0,1,none,0,0,0,10,10,1.0,0.5043330002081348,226,204,204,226,0,0,1,1,0,0.0,0
53,medium,positive,ScalarOnly,8000,64,10,204,0.0255,10,0.0,0,ranking_truncation,0,0,0,10,10,1.0,4.142827000123361,8000,204,0,8000,0,0,0,1,0,0.0,0
53,medium,positive,PostFilter-IVF,8000,64,10,204,0.0255,10,0.4,0,ranking_truncation,0,0,0,10,10,1.0,1.2029660001644515,1445,35,1445,1445,0,8,0,1,0,0.0,0
53,medium,positive,AdaptivePostFilter-IVF,8000,64,10,204,0.0255,10,0.8,0,ranking_truncation,0,0,0,10,10,1.0,4.429267999967124,4800,90,4800,4800,0,29,0,1,0,0.0,0
53,medium,positive,ExactPrefix-PostFilter,8000,64,10,204,0.0255,10,1.0,1,none,0,0,0,10,10,1.0,1.8801210003402957,1600,31,8000,1600,0,0,0,1,0,0.0,0
53,medium,positive,TenantPartition-IVF,8000,64,10,204,0.0255,10,0.4,0,ranking_truncation,0,0,0,10,10,1.0,0.7684649999646354,1445,35,1445,1445,0,8,0,1,0,0.0,0
53,medium,positive,PreFilter-IVF,8000,64,10,204,0.0255,10,0.5,0,ranking_truncation,0,0,0,10,10,1.0,1.4583659999516385,1445,57,57,1445,11,8,0,1,0,0.0,0
53,medium,positive,PACER-A,8000,64,10,204,0.0255,10,1.0,1,none,0,0,0,10,10,1.0,2.9941040002086083,226,204,226,226,47,36,1,1,0,0.0,0
53,medium,positive,PACER-C,8000,64,10,204,0.0255,10,1.0,1,none,0,0,0,10,10,1.0,2.9982179999024083,226,204,226,226,47,36,1,1,0,0.0,0
53,medium,positive,PACER-X,8000,64,10,204,0.0255,10,1.0,1,none,0,0,0,10,10,1.0,2.746113000284822,226,204,226,226,47,36,1,1,0,0.0,0
53,medium,positive,PACER-A-NoSlices,8000,64,10,204,0.0255,10,0.4,0,ranking_truncation,0,0,0,10,10,1.0,1.4759099999537284,1600,35,1600,1600,9,9,0,1,0,0.8791946023702621,1
53,medium,positive,PACER-A-NoBounds,8000,64,10,204,0.0255,10,1.0,1,none,0,0,0,10,10,1.0,2.786621999803174,226,204,226,226,48,36,1,1,0,0.0,0
53,medium,positive,StaleNoRecheck,8000,64,10,204,0.0255,10,0.4,0,ranking_truncation,0,1,0,9,10,0.9,1.1758750001718,1445,40,1445,1445,0,8,0,1,0,0.0,0
53,medium,positive,NaiveNoPolicy,8000,64,10,204,0.0255,10,0.1,0,ranking_truncation,9,1,9,1,10,0.1,0.5025519999435346,1445,1445,1445,0,0,8,0,1,0,0.0,0
54,narrow,positive,ExactSecure,8000,64,10,4,0.0005,4,1.0,1,none,0,0,0,4,4,1.0,4.0765700000520155,8000,4,4,8000,0,0,1,1,0,0.0,0
54,narrow,positive,PreFilter-Exact,8000,64,10,4,0.0005,4,1.0,1,none,0,0,0,4,4,1.0,4.022083999643655,8000,4,4,8000,0,0,1,1,0,0.0,0
54,narrow,positive,BitmapSlice-Exact,8000,64,10,4,0.0005,4,1.0,1,none,0,0,0,4,4,1.0,0.08119199992506765,6,4,4,6,0,0,1,1,0,0.0,0
54,narrow,positive,ScalarOnly,8000,64,10,4,0.0005,4,1.0,0,ranking_truncation,0,0,0,4,4,1.0,4.071606999787036,8000,4,0,8000,0,0,0,1,0,0.0,0
54,narrow,positive,PostFilter-IVF,8000,64,10,4,0.0005,0,0.0,0,candidate_starvation,0,0,0,0,0,1.0,0.8979740000540914,1222,0,1222,1222,0,8,0,1,0,0.0,0
54,narrow,positive,AdaptivePostFilter-IVF,8000,64,10,4,0.0005,2,0.5,0,candidate_starvation,0,0,0,2,2,1.0,4.490385999815771,4800,2,4800,4800,0,29,0,1,0,0.0,0
54,narrow,positive,ExactPrefix-PostFilter,8000,64,10,4,0.0005,1,0.25,0,candidate_starvation,0,0,0,1,1,1.0,1.9479570000839885,1600,1,8000,1600,0,0,0,1,0,0.0,0
54,narrow,positive,TenantPartition-IVF,8000,64,10,4,0.0005,0,0.0,0,candidate_starvation,0,0,0,0,0,1.0,0.6150600002001738,1222,0,1222,1222,0,8,0,1,0,0.0,0
54,narrow,positive,PreFilter-IVF,8000,64,10,4,0.0005,4,1.0,1,none,0,0,0,4,4,1.0,1.0658340002009936,801,4,4,801,48,6,0,1,0,0.0,0
54,narrow,positive,PACER-A,8000,64,10,4,0.0005,4,1.0,1,none,0,0,0,4,4,1.0,0.4579859996738378,6,4,6,6,46,6,1,1,0,0.0,0
54,narrow,positive,PACER-C,8000,64,10,4,0.0005,4,1.0,1,none,0,0,0,4,4,1.0,0.44378499978847685,6,4,6,6,46,6,1,1,0,0.0,0
54,narrow,positive,PACER-X,8000,64,10,4,0.0005,4,1.0,1,none,0,0,0,4,4,1.0,0.374893999833148,6,4,6,6,46,6,1,1,0,0.0,0
54,narrow,positive,PACER-A-NoSlices,8000,64,10,4,0.0005,1,0.25,0,candidate_starvation,0,0,0,1,1,1.0,1.4617790002375841,1600,1,1600,1600,12,12,0,1,0,0.0,1
54,narrow,positive,PACER-A-NoBounds,8000,64,10,4,0.0005,4,1.0,1,none,0,0,0,4,4,1.0,0.3765999999814085,6,4,6,6,42,6,1,1,0,0.0,0
54,narrow,positive,StaleNoRecheck,8000,64,10,4,0.0005,0,0.0,0,candidate_starvation,0,0,0,0,0,1.0,0.9491230002822704,1222,0,1222,1222,0,8,0,1,0,0.0,0
54,narrow,positive,NaiveNoPolicy,8000,64,10,4,0.0005,10,0.0,0,ranking_truncation,10,1,10,0,10,0.0,0.4291400000511203,1222,1222,1222,0,0,8,0,1,0,0.0,0
55,cold,positive,ExactSecure,8000,64,10,5,0.000625,5,1.0,1,none,0,0,0,5,5,1.0,3.909552000095573,8000,5,5,8000,0,0,1,1,0,0.0,0
55,cold,positive,PreFilter-Exact,8000,64,10,5,0.000625,5,1.0,1,none,0,0,0,5,5,1.0,3.9387890001307824,8000,5,5,8000,0,0,1,1,0,0.0,0
55,cold,positive,BitmapSlice-Exact,8000,64,10,5,0.000625,5,1.0,1,none,0,0,0,5,5,1.0,0.07495899990317412,5,5,5,5,0,0,1,1,0,0.0,0
55,cold,positive,ScalarOnly,8000,64,10,5,0.000625,5,1.0,0,ranking_truncation,0,0,0,5,5,1.0,4.466812999908143,8000,5,0,8000,0,0,0,1,0,0.0,0
55,cold,positive,PostFilter-IVF,8000,64,10,5,0.000625,2,0.4,0,candidate_starvation,0,0,0,2,2,1.0,0.950875999933487,1130,2,1130,1130,0,8,0,1,0,0.0,0
55,cold,positive,AdaptivePostFilter-IVF,8000,64,10,5,0.000625,2,0.4,0,candidate_starvation,0,0,0,2,2,1.0,3.931117999854905,4800,2,4800,4800,0,31,0,1,0,0.0,0
55,cold,positive,ExactPrefix-PostFilter,8000,64,10,5,0.000625,2,0.4,0,candidate_starvation,0,0,0,2,2,1.0,1.677435000146943,1600,2,8000,1600,0,0,0,1,0,0.0,0
55,cold,positive,TenantPartition-IVF,8000,64,10,5,0.000625,2,0.4,0,candidate_starvation,0,0,0,2,2,1.0,0.5022619998271693,1130,2,1130,1130,0,8,0,1,0,0.0,0
55,cold,positive,PreFilter-IVF,8000,64,10,5,0.000625,5,1.0,1,none,0,0,0,5,5,1.0,0.5576809999183752,356,5,5,356,48,2,0,1,0,0.0,0
55,cold,positive,PACER-A,8000,64,10,5,0.000625,5,1.0,1,none,0,0,0,5,5,1.0,0.24491599970133393,5,5,5,5,47,2,1,1,0,0.0,0
55,cold,positive,PACER-C,8000,64,10,5,0.000625,5,1.0,1,none,0,0,0,5,5,1.0,0.20298199979151832,5,5,5,5,47,2,1,1,0,0.0,0
55,cold,positive,PACER-X,8000,64,10,5,0.000625,5,1.0,1,none,0,0,0,5,5,1.0,0.1980699998966884,5,5,5,5,47,2,1,1,0,0.0,0
55,cold,positive,PACER-A-NoSlices,8000,64,10,5,0.000625,2,0.4,0,candidate_starvation,0,0,0,2,2,1.0,1.2491030001910985,1600,2,1600,1600,12,12,0,1,0,0.0,1
55,cold,positive,PACER-A-NoBounds,8000,64,10,5,0.000625,5,1.0,1,none,0,0,0,5,5,1.0,0.22558599994226824,5,5,5,5,47,2,1,1,0,0.0,0
55,cold,positive,StaleNoRecheck,8000,64,10,5,0.000625,2,0.4,0,candidate_starvation,0,0,0,2,2,1.0,0.7455480003955017,1130,2,1130,1130,0,8,0,1,0,0.0,0
55,cold,positive,NaiveNoPolicy,8000,64,10,5,0.000625,10,0.2,0,ranking_truncation,9,0,7,1,10,0.1,0.30546900006811484,1130,1130,1130,0,0,8,0,1,0,0.0,0
56,broad,positive,ExactSecure,8000,64,10,3595,0.449375,10,1.0,1,none,0,0,0,10,10,1.0,4.556435999802488,8000,3595,3595,8000,0,0,1,1,0,0.0,0
56,broad,positive,PreFilter-Exact,8000,64,10,3595,0.449375,10,1.0,1,none,0,0,0,10,10,1.0,4.666368000016519,8000,3595,3595,8000,0,0,1,1,0,0.0,0
56,broad,positive,BitmapSlice-Exact,8000,64,10,3595,0.449375,10,1.0,1,none,0,0,0,10,10,1.0,7.9653580000922375,3961,3595,3595,3961,0,0,1,1,0,0.0,0
56,broad,positive,ScalarOnly,8000,64,10,3595,0.449375,10,0.0,0,ranking_truncation,0,0,0,10,10,1.0,4.305928000121639,8000,3595,0,8000,0,0,0,1,0,0.0,0
56,broad,positive,PostFilter-IVF,8000,64,10,3595,0.449375,10,0.9,0,ranking_truncation,0,0,0,10,10,1.0,1.2119359998905566,1509,639,1509,1509,0,8,0,1,0,0.0,0
56,broad,positive,AdaptivePostFilter-IVF,8000,64,10,3595,0.449375,10,1.0,1,none,0,0,0,10,10,1.0,5.431008999948972,4800,2044,4800,4800,0,30,0,1,0,0.0,0
56,broad,positive,ExactPrefix-PostFilter,8000,64,10,3595,0.449375,10,1.0,1,none,0,0,0,10,10,1.0,1.8140150000363064,1600,720,8000,1600,0,0,0,1,0,0.0,0
56,broad,positive,TenantPartition-IVF,8000,64,10,3595,0.449375,10,0.9,0,ranking_truncation,0,0,0,10,10,1.0,1.049028000124963,1509,639,1509,1509,0,8,0,1,0,0.0,0
56,broad,positive,PreFilter-IVF,8000,64,10,3595,0.449375,10,0.9,0,ranking_truncation,0,0,0,10,10,1.0,1.7044159999386466,1509,639,639,1509,8,8,0,1,0,0.0,0
56,broad,positive,PACER-A,8000,64,10,3595,0.449375,10,1.0,1,none,0,0,0,10,10,1.0,5.05229500004134,1600,1450,1600,1600,19,19,0,1,0,0.573903888463974,1
56,broad,positive,PACER-C,8000,64,10,3595,0.449375,10,1.0,1,none,0,0,0,10,10,1.0,12.240634000136197,3961,3595,3961,3961,48,48,1,1,0,0.0,0
56,broad,positive,PACER-X,8000,64,10,3595,0.449375,10,1.0,1,none,0,0,0,10,10,1.0,11.013734000243858,3961,3595,3961,3961,48,48,1,1,0,0.0,0
56,broad,positive,PACER-A-NoSlices,8000,64,10,3595,0.449375,10,0.9,0,ranking_truncation,0,0,0,10,10,1.0,1.833895999880042,1600,654,1600,1600,9,9,0,1,0,0.5951407849788666,1
56,broad,positive,PACER-A-NoBounds,8000,64,10,3595,0.449375,10,0.9,0,ranking_truncation,0,0,0,10,10,1.0,4.538327999853209,1600,1442,1600,1600,20,20,0,1,0,0.0,1
56,broad,positive,StaleNoRecheck,8000,64,10,3595,0.449375,10,0.9,0,ranking_truncation,0,0,0,10,10,1.0,1.4060379999136785,1509,702,1509,1509,0,8,0,1,0,0.0,0
56,broad,positive,NaiveNoPolicy,8000,64,10,3595,0.449375,10,0.8,0,ranking_truncation,0,0,2,8,10,0.8,0.3558629996405216,1509,1509,1509,0,0,8,0,1,0,0.0,0
57,medium,positive,ExactSecure,8000,64,10,194,0.02425,10,1.0,1,none,0,0,0,10,10,1.0,4.4199459998708335,8000,194,194,8000,0,0,1,1,0,0.0,0
57,medium,positive,PreFilter-Exact,8000,64,10,194,0.02425,10,1.0,1,none,0,0,0,10,10,1.0,4.502759999923001,8000,194,194,8000,0,0,1,1,0,0.0,0
57,medium,positive,BitmapSlice-Exact,8000,64,10,194,0.02425,10,1.0,1,none,0,0,0,10,10,1.0,0.4855080001107126,207,194,194,207,0,0,1,1,0,0.0,0
57,medium,positive,ScalarOnly,8000,64,10,194,0.02425,10,0.0,0,ranking_truncation,0,0,0,10,10,1.0,4.304431000036857,8000,194,0,8000,0,0,0,1,0,0.0,0
57,medium,positive,PostFilter-IVF,8000,64,10,194,0.02425,10,1.0,1,none,0,0,0,10,10,1.0,0.9725029999572143,1218,65,1218,1218,0,8,0,1,0,0.0,0
57,medium,positive,AdaptivePostFilter-IVF,8000,64,10,194,0.02425,10,1.0,1,none,0,0,0,10,10,1.0,4.533187000106409,4800,141,4800,4800,0,31,0,1,0,0.0,0
57,medium,positive,ExactPrefix-PostFilter,8000,64,10,194,0.02425,10,1.0,1,none,0,0,0,10,10,1.0,1.8584980002742668,1600,47,8000,1600,0,0,0,1,0,0.0,0
57,medium,positive,TenantPartition-IVF,8000,64,10,194,0.02425,10,1.0,1,none,0,0,0,10,10,1.0,0.8182169999599864,1218,65,1218,1218,0,8,0,1,0,0.0,0
57,medium,positive,PreFilter-IVF,8000,64,10,194,0.02425,10,1.0,1,none,0,0,0,10,10,1.0,1.2050390000695188,1293,75,75,1293,9,8,0,1,0,0.0,0
57,medium,positive,PACER-A,8000,64,10,194,0.02425,10,1.0,1,none,0,0,0,10,10,1.0,3.5114239999529673,207,194,207,207,47,39,1,1,0,0.0,0
57,medium,positive,PACER-C,8000,64,10,194,0.02425,10,1.0,1,none,0,0,0,10,10,1.0,3.238334000343457,207,194,207,207,47,39,1,1,0,0.0,0
57,medium,positive,PACER-X,8000,64,10,194,0.02425,10,1.0,1,none,0,0,0,10,10,1.0,3.468447000159358,207,194,207,207,47,39,1,1,0,0.0,0
57,medium,positive,PACER-A-NoSlices,8000,64,10,194,0.02425,10,1.0,1,none,0,0,0,10,10,1.0,1.5048209997985396,1600,75,1600,1600,10,10,0,1,0,0.7106195688247681,1
57,medium,positive,PACER-A-NoBounds,8000,64,10,194,0.02425,10,1.0,1,none,0,0,0,10,10,1.0,3.782329999921785,207,194,207,207,48,39,1,1,0,0.0,0
57,medium,positive,StaleNoRecheck,8000,64,10,194,0.02425,10,0.9,0,ranking_truncation,0,1,0,9,10,0.9,0.9444010001971037,1218,71,1218,1218,0,8,0,1,0,0.0,0
57,medium,positive,NaiveNoPolicy,8000,64,10,194,0.02425,10,0.3,0,ranking_truncation,7,1,6,3,10,0.3,0.3609890000006999,1218,1218,1218,0,0,8,0,1,0,0.0,0
58,narrow,positive,ExactSecure,8000,64,10,5,0.000625,5,1.0,1,none,0,0,0,5,5,1.0,3.944286000205466,8000,5,5,8000,0,0,1,1,0,0.0,0
58,narrow,positive,PreFilter-Exact,8000,64,10,5,0.000625,5,1.0,1,none,0,0,0,5,5,1.0,3.9590989999851445,8000,5,5,8000,0,0,1,1,0,0.0,0
58,narrow,positive,BitmapSlice-Exact,8000,64,10,5,0.000625,5,1.0,1,none,0,0,0,5,5,1.0,0.07473000005120412,5,5,5,5,0,0,1,1,0,0.0,0
58,narrow,positive,ScalarOnly,8000,64,10,5,0.000625,5,1.0,0,ranking_truncation,0,0,0,5,5,1.0,3.970137000123941,8000,5,0,8000,0,0,0,1,0,0.0,0
58,narrow,positive,PostFilter-IVF,8000,64,10,5,0.000625,1,0.2,0,candidate_starvation,0,0,0,1,1,1.0,1.1265289999755623,1475,1,1475,1475,0,8,0,1,0,0.0,0
58,narrow,positive,AdaptivePostFilter-IVF,8000,64,10,5,0.000625,4,0.8,0,candidate_starvation,0,0,0,4,4,1.0,4.406392999953823,4800,4,4800,4800,0,30,0,1,0,0.0,0
58,narrow,positive,ExactPrefix-PostFilter,8000,64,10,5,0.000625,1,0.2,0,candidate_starvation,0,0,0,1,1,1.0,1.7873120000331255,1600,1,8000,1600,0,0,0,1,0,0.0,0
58,narrow,positive,TenantPartition-IVF,8000,64,10,5,0.000625,1,0.2,0,candidate_starvation,0,0,0,1,1,1.0,0.6139429997347179,1475,1,1475,1475,0,8,0,1,0,0.0,0
58,narrow,positive,PreFilter-IVF,8000,64,10,5,0.000625,5,1.0,1,none,0,0,0,5,5,1.0,1.0045369999716058,938,5,5,938,48,5,0,1,0,0.0,0
58,narrow,positive,PACER-A,8000,64,10,5,0.000625,5,1.0,1,none,0,0,0,5,5,1.0,0.43253200010440196,5,5,5,5,41,5,1,1,0,0.0,0
58,narrow,positive,PACER-C,8000,64,10,5,0.000625,5,1.0,1,none,0,0,0,5,5,1.0,0.3725039996425039,5,5,5,5,41,5,1,1,0,0.0,0
58,narrow,positive,PACER-X,8000,64,10,5,0.000625,5,1.0,1,none,0,0,0,5,5,1.0,0.4736060000141151,5,5,5,5,41,5,1,1,0,0.0,0
58,narrow,positive,PACER-A-NoSlices,8000,64,10,5,0.000625,1,0.2,0,candidate_starvation,0,0,0,1,1,1.0,1.2708139997812395,1600,1,1600,1600,9,9,0,1,0,0.0,1
58,narrow,positive,PACER-A-NoBounds,8000,64,10,5,0.000625,5,1.0,1,none,0,0,0,5,5,1.0,0.38672100026815315,5,5,5,5,42,5,1,1,0,0.0,0
58,narrow,positive,StaleNoRecheck,8000,64,10,5,0.000625,1,0.2,0,candidate_starvation,0,0,0,1,1,1.0,1.1526610001055815,1475,1,1475,1475,0,8,0,1,0,0.0,0
58,narrow,positive,NaiveNoPolicy,8000,64,10,5,0.000625,10,0.2,0,ranking_truncation,9,0,8,1,10,0.1,0.5435509997369081,1475,1475,1475,0,0,8,0,1,0,0.0,0
59,cold,positive,ExactSecure,8000,64,10,2,0.00025,2,1.0,1,none,0,0,0,2,2,1.0,3.995376999682776,8000,2,2,8000,0,0,1,1,0,0.0,0
59,cold,positive,PreFilter-Exact,8000,64,10,2,0.00025,2,1.0,1,none,0,0,0,2,2,1.0,3.926824999780365,8000,2,2,8000,0,0,1,1,0,0.0,0
59,cold,positive,BitmapSlice-Exact,8000,64,10,2,0.00025,2,1.0,1,none,0,0,0,2,2,1.0,0.10142900009668665,2,2,2,2,0,0,1,1,0,0.0,0
59,cold,positive,ScalarOnly,8000,64,10,2,0.00025,2,1.0,1,none,0,0,0,2,2,1.0,3.931066999939503,8000,2,0,8000,0,0,0,1,0,0.0,0
59,cold,positive,PostFilter-IVF,8000,64,10,2,0.00025,1,0.5,0,candidate_starvation,0,0,0,1,1,1.0,1.0567389999778243,1381,1,1381,1381,0,8,0,1,0,0.0,0
59,cold,positive,AdaptivePostFilter-IVF,8000,64,10,2,0.00025,1,0.5,0,candidate_starvation,0,0,0,1,1,1.0,4.763633000038681,4800,1,4800,4800,0,30,0,1,0,0.0,0
59,cold,positive,ExactPrefix-PostFilter,8000,64,10,2,0.00025,1,0.5,0,candidate_starvation,0,0,0,1,1,1.0,1.8931569998130726,1600,1,8000,1600,0,0,0,1,0,0.0,0
59,cold,positive,TenantPartition-IVF,8000,64,10,2,0.00025,1,0.5,0,candidate_starvation,0,0,0,1,1,1.0,0.7534050000685966,1381,1,1381,1381,0,8,0,1,0,0.0,0
59,cold,positive,PreFilter-IVF,8000,64,10,2,0.00025,2,1.0,1,none,0,0,0,2,2,1.0,0.779955999860249,438,2,2,438,48,2,0,1,0,0.0,0
59,cold,positive,PACER-A,8000,64,10,2,0.00025,2,1.0,1,none,0,0,0,2,2,1.0,0.2704670000639453,2,2,2,2,40,2,1,1,0,0.0,0
59,cold,positive,PACER-C,8000,64,10,2,0.00025,2,1.0,1,none,0,0,0,2,2,1.0,0.28078400009690085,2,2,2,2,40,2,1,1,0,0.0,0
59,cold,positive,PACER-X,8000,64,10,2,0.00025,2,1.0,1,none,0,0,0,2,2,1.0,0.20094499996048398,2,2,2,2,40,2,1,1,0,0.0,0
59,cold,positive,PACER-A-NoSlices,8000,64,10,2,0.00025,1,0.5,0,candidate_starvation,0,0,0,1,1,1.0,1.2281600002097548,1600,1,1600,1600,9,9,0,1,0,0.0,1
59,cold,positive,PACER-A-NoBounds,8000,64,10,2,0.00025,2,1.0,1,none,0,0,0,2,2,1.0,0.1927619996422436,2,2,2,2,40,2,1,1,0,0.0,0
59,cold,positive,StaleNoRecheck,8000,64,10,2,0.00025,1,0.5,0,candidate_starvation,0,0,0,1,1,1.0,1.0058000002572953,1381,1,1381,1381,0,8,0,1,0,0.0,0
59,cold,positive,NaiveNoPolicy,8000,64,10,2,0.00025,10,0.5,0,ranking_truncation,9,3,9,1,10,0.1,0.48177400003623916,1381,1381,1381,0,0,8,0,1,0,0.0,0
60,broad,positive,ExactSecure,8000,64,10,3634,0.45425,10,1.0,1,none,0,0,0,10,10,1.0,4.788475000168546,8000,3634,3634,8000,0,0,1,1,0,0.0,0
60,broad,positive,PreFilter-Exact,8000,64,10,3634,0.45425,10,1.0,1,none,0,0,0,10,10,1.0,4.582281000239163,8000,3634,3634,8000,0,0,1,1,0,0.0,0
60,broad,positive,BitmapSlice-Exact,8000,64,10,3634,0.45425,10,1.0,1,none,0,0,0,10,10,1.0,7.054501999846252,3975,3634,3634,3975,0,0,1,1,0,0.0,0
60,broad,positive,ScalarOnly,8000,64,10,3634,0.45425,10,0.0,0,ranking_truncation,0,0,0,10,10,1.0,4.561585999908857,8000,3634,0,8000,0,0,0,1,0,0.0,0
60,broad,positive,PostFilter-IVF,8000,64,10,3634,0.45425,10,0.7,0,ranking_truncation,0,0,0,10,10,1.0,1.644156000111252,1600,754,1600,1600,0,8,0,1,0,0.0,0
60,broad,positive,AdaptivePostFilter-IVF,8000,64,10,3634,0.45425,10,1.0,1,none,0,0,0,10,10,1.0,4.440106999936688,4800,2257,4800,4800,0,28,0,1,0,0.0,0
60,broad,positive,ExactPrefix-PostFilter,8000,64,10,3634,0.45425,10,1.0,1,none,0,0,0,10,10,1.0,1.9326649999129586,1600,748,8000,1600,0,0,0,1,0,0.0,0
60,broad,positive,TenantPartition-IVF,8000,64,10,3634,0.45425,10,0.7,0,ranking_truncation,0,0,0,10,10,1.0,1.2895760000901646,1600,754,1600,1600,0,8,0,1,0,0.0,0
60,broad,positive,PreFilter-IVF,8000,64,10,3634,0.45425,10,0.8,0,ranking_truncation,0,0,0,10,10,1.0,1.5373709998129925,1597,749,749,1597,8,8,0,1,0,0.0,0
60,broad,positive,PACER-A,8000,64,10,3634,0.45425,10,1.0,1,none,0,0,0,10,10,1.0,4.73080400024628,1600,1470,1600,1600,17,17,0,1,0,0.6176368594169617,1
60,broad,positive,PACER-C,8000,64,10,3634,0.45425,10,1.0,1,none,0,0,0,10,10,1.0,14.911562000179401,3975,3634,3975,3975,48,48,1,1,0,0.0,0
60,broad,positive,PACER-X,8000,64,10,3634,0.45425,10,1.0,1,none,0,0,0,10,10,1.0,15.105398000287096,3975,3634,3975,3975,48,48,1,1,0,0.0,0
60,broad,positive,PACER-A-NoSlices,8000,64,10,3634,0.45425,10,0.8,0,ranking_truncation,0,0,0,10,10,1.0,2.2960830001466093,1600,749,1600,1600,9,9,0,1,0,0.6281020939350128,1
60,broad,positive,PACER-A-NoBounds,8000,64,10,3634,0.45425,10,1.0,1,none,0,0,0,10,10,1.0,7.098921999840968,1600,1466,1600,1600,17,17,0,1,0,0.0,1
60,broad,positive,StaleNoRecheck,8000,64,10,3634,0.45425,10,0.7,0,ranking_truncation,0,1,0,9,10,0.9,2.51531599997179,1600,824,1600,1600,0,8,0,1,0,0.0,0
60,broad,positive,NaiveNoPolicy,8000,64,10,3634,0.45425,10,0.4,0,ranking_truncation,0,1,5,4,10,0.4,1.1038869997719303,1600,1600,1600,0,0,8,0,1,0,0.0,0
61,medium,positive,ExactSecure,8000,64,10,218,0.02725,10,1.0,1,none,0,0,0,10,10,1.0,7.547968999915611,8000,218,218,8000,0,0,1,1,0,0.0,0
61,medium,positive,PreFilter-Exact,8000,64,10,218,0.02725,10,1.0,1,none,0,0,0,10,10,1.0,7.100137999714207,8000,218,218,8000,0,0,1,1,0,0.0,0
61,medium,positive,BitmapSlice-Exact,8000,64,10,218,0.02725,10,1.0,1,none,0,0,0,10,10,1.0,0.964619000114908,243,218,218,243,0,0,1,1,0,0.0,0
61,medium,positive,ScalarOnly,8000,64,10,218,0.02725,10,0.0,0,ranking_truncation,0,0,0,10,10,1.0,6.173666999984562,8000,218,0,8000,0,0,0,1,0,0.0,0
61,medium,positive,PostFilter-IVF,8000,64,10,218,0.02725,10,1.0,1,none,0,0,0,10,10,1.0,3.3191010002155963,1431,74,1431,1431,0,8,0,1,0,0.0,0
61,medium,positive,AdaptivePostFilter-IVF,8000,64,10,218,0.02725,10,1.0,1,none,0,0,0,10,10,1.0,6.3810100000409875,4800,153,4800,4800,0,28,0,1,0,0.0,0
61,medium,positive,ExactPrefix-PostFilter,8000,64,10,218,0.02725,10,1.0,1,none,0,0,0,10,10,1.0,3.4175450000475394,1600,68,8000,1600,0,0,0,1,0,0.0,0
61,medium,positive,TenantPartition-IVF,8000,64,10,218,0.02725,10,1.0,1,none,0,0,0,10,10,1.0,1.009827999951085,1431,74,1431,1431,0,8,0,1,0,0.0,0
61,medium,positive,PreFilter-IVF,8000,64,10,218,0.02725,10,1.0,1,none,0,0,0,10,10,1.0,1.853947000199696,1409,76,76,1409,8,8,0,1,0,0.0,0
61,medium,positive,PACER-A,8000,64,10,218,0.02725,10,1.0,1,none,0,0,0,10,10,1.0,4.696750000221073,243,218,243,243,47,40,1,1,0,0.0,0
61,medium,positive,PACER-C,8000,64,10,218,0.02725,10,1.0,1,none,0,0,0,10,10,1.0,4.65856300024825,243,218,243,243,47,40,1,1,0,0.0,0
61,medium,positive,PACER-X,8000,64,10,218,0.02725,10,1.0,1,none,0,0,0,10,10,1.0,4.267659000106505,243,218,243,243,47,40,1,1,0,0.0,0
61,medium,positive,PACER-A-NoSlices,8000,64,10,218,0.02725,10,1.0,1,none,0,0,0,10,10,1.0,2.655624999988504,1600,84,1600,1600,10,10,0,1,0,0.6963998377323151,1
61,medium,positive,PACER-A-NoBounds,8000,64,10,218,0.02725,10,1.0,1,none,0,0,0,10,10,1.0,3.4729120002339187,243,218,243,243,48,40,1,1,0,0.0,0
61,medium,positive,StaleNoRecheck,8000,64,10,218,0.02725,10,0.9,0,ranking_truncation,0,1,0,9,10,0.9,1.0610890003590612,1431,80,1431,1431,0,8,0,1,0,0.0,0
61,medium,positive,NaiveNoPolicy,8000,64,10,218,0.02725,10,0.1,0,ranking_truncation,2,1,8,1,10,0.1,0.359598000159167,1431,1431,1431,0,0,8,0,1,0,0.0,0
62,narrow,positive,ExactSecure,8000,64,10,3,0.000375,3,1.0,1,none,0,0,0,3,3,1.0,3.780836000260024,8000,3,3,8000,0,0,1,1,0,0.0,0
62,narrow,positive,PreFilter-Exact,8000,64,10,3,0.000375,3,1.0,1,none,0,0,0,3,3,1.0,3.808876000221062,8000,3,3,8000,0,0,1,1,0,0.0,0
62,narrow,positive,BitmapSlice-Exact,8000,64,10,3,0.000375,3,1.0,1,none,0,0,0,3,3,1.0,0.07017600000835955,3,3,3,3,0,0,1,1,0,0.0,0
62,narrow,positive,ScalarOnly,8000,64,10,3,0.000375,3,1.0,0,ranking_truncation,0,0,0,3,3,1.0,3.8681070000166073,8000,3,0,8000,0,0,0,1,0,0.0,0
62,narrow,positive,PostFilter-IVF,8000,64,10,3,0.000375,1,0.3333333333333333,0,candidate_starvation,0,0,0,1,1,1.0,0.855409999985568,1166,1,1166,1166,0,8,0,1,0,0.0,0
62,narrow,positive,AdaptivePostFilter-IVF,8000,64,10,3,0.000375,2,0.6666666666666666,0,candidate_starvation,0,0,0,2,2,1.0,3.9429629996448057,4800,2,4800,4800,0,29,0,1,0,0.0,0
62,narrow,positive,ExactPrefix-PostFilter,8000,64,10,3,0.000375,1,0.3333333333333333,0,candidate_starvation,0,0,0,1,1,1.0,1.730586999656225,1600,1,8000,1600,0,0,0,1,0,0.0,0
62,narrow,positive,TenantPartition-IVF,8000,64,10,3,0.000375,1,0.3333333333333333,0,candidate_starvation,0,0,0,1,1,1.0,0.46204000000216183,1166,1,1166,1166,0,8,0,1,0,0.0,0
62,narrow,positive,PreFilter-IVF,8000,64,10,3,0.000375,3,1.0,1,none,0,0,0,3,3,1.0,0.7534859996667365,619,3,3,619,48,3,0,1,0,0.0,0
62,narrow,positive,PACER-A,8000,64,10,3,0.000375,3,1.0,1,none,0,0,0,3,3,1.0,0.2836210001078143,3,3,3,3,35,3,1,1,0,0.0,0
62,narrow,positive,PACER-C,8000,64,10,3,0.000375,3,1.0,1,none,0,0,0,3,3,1.0,0.2351819998693827,3,3,3,3,35,3,1,1,0,0.0,0
62,narrow,positive,PACER-X,8000,64,10,3,0.000375,3,1.0,1,none,0,0,0,3,3,1.0,0.22584700036532013,3,3,3,3,35,3,1,1,0,0.0,0
62,narrow,positive,PACER-A-NoSlices,8000,64,10,3,0.000375,1,0.3333333333333333,0,candidate_starvation,0,0,0,1,1,1.0,1.1883240003953688,1600,1,1600,1600,10,10,0,1,0,0.0,1
62,narrow,positive,PACER-A-NoBounds,8000,64,10,3,0.000375,3,1.0,1,none,0,0,0,3,3,1.0,0.22633800017501926,3,3,3,3,34,3,1,1,0,0.0,0
62,narrow,positive,StaleNoRecheck,8000,64,10,3,0.000375,1,0.3333333333333333,0,candidate_starvation,0,0,0,1,1,1.0,0.7824350000191771,1166,1,1166,1166,0,8,0,1,0,0.0,0
62,narrow,positive,NaiveNoPolicy,8000,64,10,3,0.000375,10,0.3333333333333333,0,ranking_truncation,9,1,9,1,10,0.1,0.2550399999563524,1166,1166,1166,0,0,8,0,1,0,0.0,0
63,cold,positive,ExactSecure,8000,64,10,4,0.0005,4,1.0,1,none,0,0,0,4,4,1.0,3.9476570000260836,8000,4,4,8000,0,0,1,1,0,0.0,0
63,cold,positive,PreFilter-Exact,8000,64,10,4,0.0005,4,1.0,1,none,0,0,0,4,4,1.0,3.596677000132331,8000,4,4,8000,0,0,1,1,0,0.0,0
63,cold,positive,BitmapSlice-Exact,8000,64,10,4,0.0005,4,1.0,1,none,0,0,0,4,4,1.0,0.07153199976528413,4,4,4,4,0,0,1,1,0,0.0,0
63,cold,positive,ScalarOnly,8000,64,10,4,0.0005,4,1.0,0,ranking_truncation,0,0,0,4,4,1.0,3.604537000228447,8000,4,0,8000,0,0,0,1,0,0.0,0
63,cold,positive,PostFilter-IVF,8000,64,10,4,0.0005,2,0.5,0,candidate_starvation,0,0,0,2,2,1.0,1.2125529997319973,1600,2,1600,1600,0,8,0,1,0,0.0,0
63,cold,positive,AdaptivePostFilter-IVF,8000,64,10,4,0.0005,4,1.0,1,none,0,0,0,4,4,1.0,3.767840000364231,4800,4,4800,4800,0,27,0,1,0,0.0,0
63,cold,positive,ExactPrefix-PostFilter,8000,64,10,4,0.0005,3,0.75,0,candidate_starvation,0,0,0,3,3,1.0,1.8728879999798664,1600,3,8000,1600,0,0,0,1,0,0.0,0
63,cold,positive,TenantPartition-IVF,8000,64,10,4,0.0005,2,0.5,0,candidate_starvation,0,0,0,2,2,1.0,0.8003259999895818,1600,2,1600,1600,0,8,0,1,0,0.0,0
63,cold,positive,PreFilter-IVF,8000,64,10,4,0.0005,4,1.0,1,none,0,0,0,4,4,1.0,0.8092810003290651,467,4,4,467,48,3,0,1,0,0.0,0
63,cold,positive,PACER-A,8000,64,10,4,0.0005,4,1.0,1,none,0,0,0,4,4,1.0,0.38484100014102296,4,4,4,4,21,3,1,1,0,0.0,0
63,cold,positive,PACER-C,8000,64,10,4,0.0005,4,1.0,1,none,0,0,0,4,4,1.0,0.3048859998671105,4,4,4,4,21,3,1,1,0,0.0,0
63,cold,positive,PACER-X,8000,64,10,4,0.0005,4,1.0,1,none,0,0,0,4,4,1.0,0.2857639997273509,4,4,4,4,21,3,1,1,0,0.0,0
63,cold,positive,PACER-A-NoSlices,8000,64,10,4,0.0005,2,0.5,0,candidate_starvation,0,0,0,2,2,1.0,1.2905379999210709,1600,2,1600,1600,8,8,0,1,0,0.0,1
63,cold,positive,PACER-A-NoBounds,8000,64,10,4,0.0005,4,1.0,1,none,0,0,0,4,4,1.0,0.2811519998431322,4,4,4,4,16,3,1,1,0,0.0,0
63,cold,positive,StaleNoRecheck,8000,64,10,4,0.0005,2,0.5,0,candidate_starvation,0,0,0,2,2,1.0,1.260063999779959,1600,2,1600,1600,0,8,0,1,0,0.0,0
63,cold,positive,NaiveNoPolicy,8000,64,10,4,0.0005,10,0.25,0,ranking_truncation,9,0,7,1,10,0.1,0.7121260000531038,1600,1600,1600,0,0,8,0,1,0,0.0,0
64,broad,positive,ExactSecure,8000,64,10,3839,0.479875,10,1.0,1,none,0,0,0,10,10,1.0,5.279284000152984,8000,3839,3839,8000,0,0,1,1,0,0.0,0
64,broad,positive,PreFilter-Exact,8000,64,10,3839,0.479875,10,1.0,1,none,0,0,0,10,10,1.0,4.539180000392662,8000,3839,3839,8000,0,0,1,1,0,0.0,0
64,broad,positive,BitmapSlice-Exact,8000,64,10,3839,0.479875,10,1.0,1,none,0,0,0,10,10,1.0,6.953670999791939,4160,3839,3839,4160,0,0,1,1,0,0.0,0
64,broad,positive,ScalarOnly,8000,64,10,3839,0.479875,10,0.0,0,ranking_truncation,0,0,0,10,10,1.0,3.965690999848448,8000,3839,0,8000,0,0,0,1,0,0.0,0
64,broad,positive,PostFilter-IVF,8000,64,10,3839,0.479875,10,1.0,1,none,0,0,0,10,10,1.0,0.9780460000001767,1253,615,1253,1253,0,8,0,1,0,0.0,0
64,broad,positive,AdaptivePostFilter-IVF,8000,64,10,3839,0.479875,10,1.0,1,none,0,0,0,10,10,1.0,4.158821000146418,4800,2221,4800,4800,0,29,0,1,0,0.0,0
64,broad,positive,ExactPrefix-PostFilter,8000,64,10,3839,0.479875,10,1.0,1,none,0,0,0,10,10,1.0,1.7482610001025023,1600,760,8000,1600,0,0,0,1,0,0.0,0
64,broad,positive,TenantPartition-IVF,8000,64,10,3839,0.479875,10,1.0,1,none,0,0,0,10,10,1.0,0.9294309998040262,1253,615,1253,1253,0,8,0,1,0,0.0,0
64,broad,positive,PreFilter-IVF,8000,64,10,3839,0.479875,10,1.0,1,none,0,0,0,10,10,1.0,1.3906009999118396,1273,627,627,1273,8,8,0,1,0,0.0,0
64,broad,positive,PACER-A,8000,64,10,3839,0.479875,10,1.0,1,none,0,0,0,10,10,1.0,4.3383860001995345,1600,1482,1600,1600,19,19,0,1,0,0.5753467082977295,1
64,broad,positive,PACER-C,8000,64,10,3839,0.479875,10,1.0,1,none,0,0,0,10,10,1.0,11.090731999956915,4160,3839,4160,4160,48,48,1,1,0,0.0,0
64,broad,positive,PACER-X,8000,64,10,3839,0.479875,10,1.0,1,none,0,0,0,10,10,1.0,11.578342999655433,4160,3839,4160,4160,48,48,1,1,0,0.0,0
64,broad,positive,PACER-A-NoSlices,8000,64,10,3839,0.479875,10,1.0,1,none,0,0,0,10,10,1.0,1.6578770000705845,1600,776,1600,1600,11,11,0,1,0,0.585084080696106,1
64,broad,positive,PACER-A-NoBounds,8000,64,10,3839,0.479875,10,1.0,1,none,0,0,0,10,10,1.0,4.131277999931626,1600,1481,1600,1600,19,19,0,1,0,0.0,1
64,broad,positive,StaleNoRecheck,8000,64,10,3839,0.479875,10,1.0,1,none,0,0,0,10,10,1.0,1.1079670002800412,1253,669,1253,1253,0,8,0,1,0,0.0,0
64,broad,positive,NaiveNoPolicy,8000,64,10,3839,0.479875,10,0.9,0,ranking_truncation,0,0,1,9,10,0.9,0.3140799999528099,1253,1253,1253,0,0,8,0,1,0,0.0,0
65,medium,positive,ExactSecure,8000,64,10,260,0.0325,10,1.0,1,none,0,0,0,10,10,1.0,4.574627999772929,8000,260,260,8000,0,0,1,1,0,0.0,0
65,medium,positive,PreFilter-Exact,8000,64,10,260,0.0325,10,1.0,1,none,0,0,0,10,10,1.0,4.535651000423968,8000,260,260,8000,0,0,1,1,0,0.0,0
65,medium,positive,BitmapSlice-Exact,8000,64,10,260,0.0325,10,1.0,1,none,0,0,0,10,10,1.0,0.620859999798995,275,260,260,275,0,0,1,1,0,0.0,0
65,medium,positive,ScalarOnly,8000,64,10,260,0.0325,10,0.0,0,ranking_truncation,0,0,0,10,10,1.0,4.269487999863486,8000,260,0,8000,0,0,0,1,0,0.0,0
65,medium,positive,PostFilter-IVF,8000,64,10,260,0.0325,10,1.0,1,none,0,0,0,10,10,1.0,0.9626979999666219,1176,49,1176,1176,0,8,0,1,0,0.0,0
65,medium,positive,AdaptivePostFilter-IVF,8000,64,10,260,0.0325,10,1.0,1,none,0,0,0,10,10,1.0,4.2298190001019975,4800,195,4800,4800,0,32,0,1,0,0.0,0
65,medium,positive,ExactPrefix-PostFilter,8000,64,10,260,0.0325,10,1.0,1,none,0,0,0,10,10,1.0,1.8262769999637385,1600,74,8000,1600,0,0,0,1,0,0.0,0
65,medium,positive,TenantPartition-IVF,8000,64,10,260,0.0325,10,1.0,1,none,0,0,0,10,10,1.0,0.6382810001923644,1176,49,1176,1176,0,8,0,1,0,0.0,0
65,medium,positive,PreFilter-IVF,8000,64,10,260,0.0325,10,1.0,1,none,0,0,0,10,10,1.0,1.2671100002989988,1274,49,49,1274,8,8,0,1,0,0.0,0
65,medium,positive,PACER-A,8000,64,10,260,0.0325,10,1.0,1,none,0,0,0,10,10,1.0,3.6318960001153755,275,260,275,275,48,42,1,1,0,0.0,0
65,medium,positive,PACER-C,8000,64,10,260,0.0325,10,1.0,1,none,0,0,0,10,10,1.0,3.754422999918461,275,260,275,275,48,42,1,1,0,0.0,0
65,medium,positive,PACER-X,8000,64,10,260,0.0325,10,1.0,1,none,0,0,0,10,10,1.0,3.467276999799651,275,260,275,275,48,42,1,1,0,0.0,0
65,medium,positive,PACER-A-NoSlices,8000,64,10,260,0.0325,10,1.0,1,none,0,0,0,10,10,1.0,1.7283539996242325,1600,65,1600,1600,11,11,0,1,0,0.7052900195121765,1
65,medium,positive,PACER-A-NoBounds,8000,64,10,260,0.0325,10,1.0,1,none,0,0,0,10,10,1.0,3.502890000163461,275,260,275,275,48,42,1,1,0,0.0,0
65,medium,positive,StaleNoRecheck,8000,64,10,260,0.0325,10,1.0,1,none,0,0,0,10,10,1.0,0.9398320003128902,1176,49,1176,1176,0,8,0,1,0,0.0,0
65,medium,positive,NaiveNoPolicy,8000,64,10,260,0.0325,10,0.2,0,ranking_truncation,7,0,4,2,10,0.2,0.3239719999328372,1176,1176,1176,0,0,8,0,1,0,0.0,0
66,narrow,positive,ExactSecure,8000,64,10,3,0.000375,3,1.0,1,none,0,0,0,3,3,1.0,4.171304000010423,8000,3,3,8000,0,0,1,1,0,0.0,0
66,narrow,positive,PreFilter-Exact,8000,64,10,3,0.000375,3,1.0,1,none,0,0,0,3,3,1.0,3.993386000274768,8000,3,3,8000,0,0,1,1,0,0.0,0
66,narrow,positive,BitmapSlice-Exact,8000,64,10,3,0.000375,3,1.0,1,none,0,0,0,3,3,1.0,0.09487900024396367,3,3,3,3,0,0,1,1,0,0.0,0
66,narrow,positive,ScalarOnly,8000,64,10,3,0.000375,3,1.0,0,ranking_truncation,0,0,0,3,3,1.0,3.76625899980354,8000,3,0,8000,0,0,0,1,0,0.0,0
66,narrow,positive,PostFilter-IVF,8000,64,10,3,0.000375,2,0.6666666666666666,0,candidate_starvation,0,0,0,2,2,1.0,1.1178429999745276,1510,2,1510,1510,0,8,0,1,0,0.0,0
66,narrow,positive,AdaptivePostFilter-IVF,8000,64,10,3,0.000375,2,0.6666666666666666,0,candidate_starvation,0,0,0,2,2,1.0,4.014816000108112,4800,2,4800,4800,0,30,0,1,0,0.0,0
66,narrow,positive,ExactPrefix-PostFilter,8000,64,10,3,0.000375,1,0.3333333333333333,0,candidate_starvation,0,0,0,1,1,1.0,1.7765269999472366,1600,1,8000,1600,0,0,0,1,0,0.0,0
66,narrow,positive,TenantPartition-IVF,8000,64,10,3,0.000375,2,0.6666666666666666,0,candidate_starvation,0,0,0,2,2,1.0,0.6724410000060743,1510,2,1510,1510,0,8,0,1,0,0.0,0
66,narrow,positive,PreFilter-IVF,8000,64,10,3,0.000375,3,1.0,1,none,0,0,0,3,3,1.0,0.7534889996350103,566,3,3,566,48,3,0,1,0,0.0,0
66,narrow,positive,PACER-A,8000,64,10,3,0.000375,3,1.0,1,none,0,0,0,3,3,1.0,0.3204519998689648,3,3,3,3,48,3,1,1,0,0.0,0
66,narrow,positive,PACER-C,8000,64,10,3,0.000375,3,1.0,1,none,0,0,0,3,3,1.0,0.2536040001359652,3,3,3,3,48,3,1,1,0,0.0,0
66,narrow,positive,PACER-X,8000,64,10,3,0.000375,3,1.0,1,none,0,0,0,3,3,1.0,0.2654449999681674,3,3,3,3,48,3,1,1,0,0.0,0
66,narrow,positive,PACER-A-NoSlices,8000,64,10,3,0.000375,1,0.3333333333333333,0,candidate_starvation,0,0,0,1,1,1.0,1.2644339999496879,1600,1,1600,1600,9,9,0,1,0,0.0,1
66,narrow,positive,PACER-A-NoBounds,8000,64,10,3,0.000375,3,1.0,1,none,0,0,0,3,3,1.0,0.24747299994487548,3,3,3,3,48,3,1,1,0,0.0,0
66,narrow,positive,StaleNoRecheck,8000,64,10,3,0.000375,2,0.6666666666666666,0,candidate_starvation,0,0,0,2,2,1.0,1.2580120001075557,1510,2,1510,1510,0,8,0,1,0,0.0,0
66,narrow,positive,NaiveNoPolicy,8000,64,10,3,0.000375,10,0.3333333333333333,0,ranking_truncation,9,1,9,1,10,0.1,0.6969969999772729,1510,1510,1510,0,0,8,0,1,0,0.0,0
67,cold,positive,ExactSecure,8000,64,10,6,0.00075,6,1.0,1,none,0,0,0,6,6,1.0,3.9755179996063816,8000,6,6,8000,0,0,1,1,0,0.0,0
67,cold,positive,PreFilter-Exact,8000,64,10,6,0.00075,6,1.0,1,none,0,0,0,6,6,1.0,3.6866030000055616,8000,6,6,8000,0,0,1,1,0,0.0,0
67,cold,positive,BitmapSlice-Exact,8000,64,10,6,0.00075,6,1.0,1,none,0,0,0,6,6,1.0,0.07785300022078445,6,6,6,6,0,0,1,1,0,0.0,0
67,cold,positive,ScalarOnly,8000,64,10,6,0.00075,6,1.0,0,ranking_truncation,0,0,0,6,6,1.0,4.025084999739192,8000,6,0,8000,0,0,0,1,0,0.0,0
67,cold,positive,PostFilter-IVF,8000,64,10,6,0.00075,2,0.3333333333333333,0,candidate_starvation,0,0,0,2,2,1.0,1.4883740000186663,1600,2,1600,1600,0,8,0,1,0,0.0,0
67,cold,positive,AdaptivePostFilter-IVF,8000,64,10,6,0.00075,6,1.0,1,none,0,0,0,6,6,1.0,4.370778000065911,4800,6,4800,4800,0,29,0,1,0,0.0,0
67,cold,positive,ExactPrefix-PostFilter,8000,64,10,6,0.00075,3,0.5,0,candidate_starvation,0,0,0,3,3,1.0,1.837517000240041,1600,3,8000,1600,0,0,0,1,0,0.0,0
67,cold,positive,TenantPartition-IVF,8000,64,10,6,0.00075,2,0.3333333333333333,0,candidate_starvation,0,0,0,2,2,1.0,1.0007609998865519,1600,2,1600,1600,0,8,0,1,0,0.0,0
67,cold,positive,PreFilter-IVF,8000,64,10,6,0.00075,6,1.0,1,none,0,0,0,6,6,1.0,1.0815560003720748,623,6,6,623,48,3,0,1,0,0.0,0
67,cold,positive,PACER-A,8000,64,10,6,0.00075,6,1.0,1,none,0,0,0,6,6,1.0,0.4350739995970798,6,6,6,6,12,3,1,1,0,0.0,0
67,cold,positive,PACER-C,8000,64,10,6,0.00075,6,1.0,1,none,0,0,0,6,6,1.0,0.33848100019895355,6,6,6,6,12,3,1,1,0,0.0,0
67,cold,positive,PACER-X,8000,64,10,6,0.00075,6,1.0,1,none,0,0,0,6,6,1.0,0.343120999787061,6,6,6,6,12,3,1,1,0,0.0,0
67,cold,positive,PACER-A-NoSlices,8000,64,10,6,0.00075,2,0.3333333333333333,0,candidate_starvation,0,0,0,2,2,1.0,2.099268000165466,1600,2,1600,1600,8,8,0,1,0,0.0,1
67,cold,positive,PACER-A-NoBounds,8000,64,10,6,0.00075,6,1.0,1,none,0,0,0,6,6,1.0,0.3817209999397164,6,6,6,6,14,3,1,1,0,0.0,0
67,cold,positive,StaleNoRecheck,8000,64,10,6,0.00075,2,0.3333333333333333,0,candidate_starvation,0,0,0,2,2,1.0,1.593233999756194,1600,2,1600,1600,0,8,0,1,0,0.0,0
67,cold,positive,NaiveNoPolicy,8000,64,10,6,0.00075,10,0.3333333333333333,0,ranking_truncation,8,0,8,2,10,0.2,0.5956320001132553,1600,1600,1600,0,0,8,0,1,0,0.0,0
68,broad,positive,ExactSecure,8000,64,10,3671,0.458875,10,1.0,1,none,0,0,0,10,10,1.0,5.186520999814093,8000,3671,3671,8000,0,0,1,1,0,0.0,0
68,broad,positive,PreFilter-Exact,8000,64,10,3671,0.458875,10,1.0,1,none,0,0,0,10,10,1.0,7.973490000040329,8000,3671,3671,8000,0,0,1,1,0,0.0,0
68,broad,positive,BitmapSlice-Exact,8000,64,10,3671,0.458875,10,1.0,1,none,0,0,0,10,10,1.0,6.780014000014489,3998,3671,3671,3998,0,0,1,1,0,0.0,0
68,broad,positive,ScalarOnly,8000,64,10,3671,0.458875,10,0.0,0,ranking_truncation,0,0,0,10,10,1.0,4.53695099986362,8000,3671,0,8000,0,0,0,1,0,0.0,0
68,broad,positive,PostFilter-IVF,8000,64,10,3671,0.458875,10,0.8,0,ranking_truncation,0,0,0,10,10,1.0,1.1562669997147168,1265,597,1265,1265,0,8,0,1,0,0.0,0
68,broad,positive,AdaptivePostFilter-IVF,8000,64,10,3671,0.458875,10,1.0,1,none,0,0,0,10,10,1.0,4.398173000026873,4800,2219,4800,4800,0,31,0,1,0,0.0,0
68,broad,positive,ExactPrefix-PostFilter,8000,64,10,3671,0.458875,10,1.0,1,none,0,0,0,10,10,1.0,1.8432239999128797,1600,731,8000,1600,0,0,0,1,0,0.0,0
68,broad,positive,TenantPartition-IVF,8000,64,10,3671,0.458875,10,0.8,0,ranking_truncation,0,0,0,10,10,1.0,0.9070030000657425,1265,597,1265,1265,0,8,0,1,0,0.0,0
68,broad,positive,PreFilter-IVF,8000,64,10,3671,0.458875,10,0.9,0,ranking_truncation,0,0,0,10,10,1.0,1.7690610002318863,1319,685,685,1319,8,8,0,1,0,0.0,0
68,broad,positive,PACER-A,8000,64,10,3671,0.458875,10,0.9,0,ranking_truncation,0,0,0,10,10,1.0,4.2222189999847615,1600,1472,1600,1600,20,20,0,1,0,0.6548222303390503,1
68,broad,positive,PACER-C,8000,64,10,3671,0.458875,10,1.0,1,none,0,0,0,10,10,1.0,10.383002999788005,3998,3671,3998,3998,48,48,1,1,0,0.0,0
68,broad,positive,PACER-X,8000,64,10,3671,0.458875,10,1.0,1,none,0,0,0,10,10,1.0,10.23145699991801,3998,3671,3998,3998,48,48,1,1,0,0.0,0
68,broad,positive,PACER-A-NoSlices,8000,64,10,3671,0.458875,10,0.9,0,ranking_truncation,0,0,0,10,10,1.0,1.5715459999228187,1600,763,1600,1600,10,10,0,1,0,0.6717243790626526,1
68,broad,positive,PACER-A-NoBounds,8000,64,10,3671,0.458875,10,0.9,0,ranking_truncation,0,0,0,10,10,1.0,4.211867000321945,1600,1473,1600,1600,20,20,0,1,0,0.0,1
68,broad,positive,StaleNoRecheck,8000,64,10,3671,0.458875,10,0.8,0,ranking_truncation,0,2,0,8,10,0.8,1.014460000078543,1265,654,1265,1265,0,8,0,1,0,0.0,0
68,broad,positive,NaiveNoPolicy,8000,64,10,3671,0.458875,10,0.6,0,ranking_truncation,0,2,2,6,10,0.6,0.293408000288764,1265,1265,1265,0,0,8,0,1,0,0.0,0
69,medium,positive,ExactSecure,8000,64,10,164,0.0205,10,1.0,1,none,0,0,0,10,10,1.0,3.952916999878653,8000,164,164,8000,0,0,1,1,0,0.0,0
69,medium,positive,PreFilter-Exact,8000,64,10,164,0.0205,10,1.0,1,none,0,0,0,10,10,1.0,3.9766400000189606,8000,164,164,8000,0,0,1,1,0,0.0,0
69,medium,positive,BitmapSlice-Exact,8000,64,10,164,0.0205,10,1.0,1,none,0,0,0,10,10,1.0,0.39604599987796973,184,164,164,184,0,0,1,1,0,0.0,0
69,medium,positive,ScalarOnly,8000,64,10,164,0.0205,10,0.2,0,ranking_truncation,0,0,0,10,10,1.0,3.9530149997517583,8000,164,0,8000,0,0,0,1,0,0.0,0
69,medium,positive,PostFilter-IVF,8000,64,10,164,0.0205,10,0.5,0,ranking_truncation,0,0,0,10,10,1.0,0.8111539996207284,1077,22,1077,1077,0,8,0,1,0,0.0,0
69,medium,positive,AdaptivePostFilter-IVF,8000,64,10,164,0.0205,10,1.0,1,none,0,0,0,10,10,1.0,3.8019769999664277,4800,123,4800,4800,0,29,0,1,0,0.0,0
69,medium,positive,ExactPrefix-PostFilter,8000,64,10,164,0.0205,10,1.0,1,none,0,0,0,10,10,1.0,1.7515179997644736,1600,26,8000,1600,0,0,0,1,0,0.0,0
69,medium,positive,TenantPartition-IVF,8000,64,10,164,0.0205,10,0.5,0,ranking_truncation,0,0,0,10,10,1.0,0.49664400012261467,1077,22,1077,1077,0,8,0,1,0,0.0,0
69,medium,positive,PreFilter-IVF,8000,64,10,164,0.0205,10,0.6,0,ranking_truncation,0,0,0,10,10,1.0,1.2734940000882489,1245,35,35,1245,11,8,0,1,0,0.0,0
69,medium,positive,PACER-A,8000,64,10,164,0.0205,10,1.0,1,none,0,0,0,10,10,1.0,3.0286559999694873,184,164,184,184,47,38,1,1,0,0.0,0
69,medium,positive,PACER-C,8000,64,10,164,0.0205,10,1.0,1,none,0,0,0,10,10,1.0,3.0013659998076037,184,164,184,184,47,38,1,1,0,0.0,0
69,medium,positive,PACER-X,8000,64,10,164,0.0205,10,1.0,1,none,0,0,0,10,10,1.0,3.003418999924179,184,164,184,184,47,38,1,1,0,0.0,0
69,medium,positive,PACER-A-NoSlices,8000,64,10,164,0.0205,10,0.6,0,ranking_truncation,0,0,0,10,10,1.0,1.6153510000549431,1600,35,1600,1600,11,11,0,1,0,0.8695083111524582,1
69,medium,positive,PACER-A-NoBounds,8000,64,10,164,0.0205,10,1.0,1,none,0,0,0,10,10,1.0,2.883131999624311,184,164,184,184,48,38,1,1,0,0.0,0
69,medium,positive,StaleNoRecheck,8000,64,10,164,0.0205,10,0.5,0,ranking_truncation,0,2,0,8,10,0.8,0.8550389998163155,1077,24,1077,1077,0,8,0,1,0,0.0,0
69,medium,positive,NaiveNoPolicy,8000,64,10,164,0.0205,10,0.1,0,ranking_truncation,8,0,8,1,10,0.1,0.38218700001380057,1077,1077,1077,0,0,8,0,1,0,0.0,0
70,narrow,positive,ExactSecure,8000,64,10,7,0.000875,7,1.0,1,none,0,0,0,7,7,1.0,4.050408000239258,8000,7,7,8000,0,0,1,1,0,0.0,0
70,narrow,positive,PreFilter-Exact,8000,64,10,7,0.000875,7,1.0,1,none,0,0,0,7,7,1.0,3.8092489999144163,8000,7,7,8000,0,0,1,1,0,0.0,0
70,narrow,positive,BitmapSlice-Exact,8000,64,10,7,0.000875,7,1.0,1,none,0,0,0,7,7,1.0,0.08451799976683105,8,7,7,8,0,0,1,1,0,0.0,0
70,narrow,positive,ScalarOnly,8000,64,10,7,0.000875,7,1.0,0,ranking_truncation,0,0,0,7,7,1.0,3.9706580000711256,8000,7,0,8000,0,0,0,1,0,0.0,0
70,narrow,positive,PostFilter-IVF,8000,64,10,7,0.000875,4,0.5714285714285714,0,candidate_starvation,0,0,0,4,4,1.0,1.3623909999296302,1600,4,1600,1600,0,8,0,1,0,0.0,0
70,narrow,positive,AdaptivePostFilter-IVF,8000,64,10,7,0.000875,4,0.5714285714285714,0,candidate_starvation,0,0,0,4,4,1.0,4.044537000027049,4800,4,4800,4800,0,26,0,1,0,0.0,0
70,narrow,positive,ExactPrefix-PostFilter,8000,64,10,7,0.000875,3,0.42857142857142855,0,candidate_starvation,0,0,0,3,3,1.0,1.7330000000583823,1600,3,8000,1600,0,0,0,1,0,0.0,0
70,narrow,positive,TenantPartition-IVF,8000,64,10,7,0.000875,4,0.5714285714285714,0,candidate_starvation,0,0,0,4,4,1.0,0.7629080000697286,1600,4,1600,1600,0,8,0,1,0,0.0,0
70,narrow,positive,PreFilter-IVF,8000,64,10,7,0.000875,7,1.0,1,none,0,0,0,7,7,1.0,1.0703920002015366,926,7,7,926,48,6,0,1,0,0.0,0
70,narrow,positive,PACER-A,8000,64,10,7,0.000875,7,1.0,1,none,0,0,0,7,7,1.0,0.5393440001171257,8,7,8,8,48,6,1,1,0,0.0,0
70,narrow,positive,PACER-C,8000,64,10,7,0.000875,7,1.0,1,none,0,0,0,7,7,1.0,0.48284599961334607,8,7,8,8,48,6,1,1,0,0.0,0
70,narrow,positive,PACER-X,8000,64,10,7,0.000875,7,1.0,1,none,0,0,0,7,7,1.0,0.45124500002202694,8,7,8,8,48,6,1,1,0,0.0,0
70,narrow,positive,PACER-A-NoSlices,8000,64,10,7,0.000875,4,0.5714285714285714,0,candidate_starvation,0,0,0,4,4,1.0,1.2384599999677448,1600,4,1600,1600,8,8,0,1,0,0.0,1
70,narrow,positive,PACER-A-NoBounds,8000,64,10,7,0.000875,7,1.0,1,none,0,0,0,7,7,1.0,0.408494000112114,8,7,8,8,48,6,1,1,0,0.0,0
70,narrow,positive,StaleNoRecheck,8000,64,10,7,0.000875,4,0.5714285714285714,0,candidate_starvation,0,0,0,4,4,1.0,1.1749539999073022,1600,4,1600,1600,0,8,0,1,0,0.0,0
70,narrow,positive,NaiveNoPolicy,8000,64,10,7,0.000875,10,0.14285714285714285,0,ranking_truncation,8,3,8,1,10,0.1,0.6196029999046004,1600,1600,1600,0,0,8,0,1,0,0.0,0
71,cold,positive,ExactSecure,8000,64,10,5,0.000625,5,1.0,1,none,0,0,0,5,5,1.0,4.053910000038741,8000,5,5,8000,0,0,1,1,0,0.0,0
71,cold,positive,PreFilter-Exact,8000,64,10,5,0.000625,5,1.0,1,none,0,0,0,5,5,1.0,3.794497000399133,8000,5,5,8000,0,0,1,1,0,0.0,0
71,cold,positive,BitmapSlice-Exact,8000,64,10,5,0.000625,5,1.0,1,none,0,0,0,5,5,1.0,0.08016899982976611,6,5,5,6,0,0,1,1,0,0.0,0
71,cold,positive,ScalarOnly,8000,64,10,5,0.000625,5,1.0,0,ranking_truncation,0,0,0,5,5,1.0,3.823664999799803,8000,5,0,8000,0,0,0,1,0,0.0,0
71,cold,positive,PostFilter-IVF,8000,64,10,5,0.000625,3,0.6,0,candidate_starvation,0,0,0,3,3,1.0,0.97644199968272,1328,3,1328,1328,0,8,0,1,0,0.0,0
71,cold,positive,AdaptivePostFilter-IVF,8000,64,10,5,0.000625,5,1.0,1,none,0,0,0,5,5,1.0,4.8361739995925745,4800,5,4800,4800,0,31,0,1,0,0.0,0
71,cold,positive,ExactPrefix-PostFilter,8000,64,10,5,0.000625,4,0.8,0,candidate_starvation,0,0,0,4,4,1.0,1.7670300003373995,1600,4,8000,1600,0,0,0,1,0,0.0,0
71,cold,positive,TenantPartition-IVF,8000,64,10,5,0.000625,3,0.6,0,candidate_starvation,0,0,0,3,3,1.0,0.6469330000982154,1328,3,1328,1328,0,8,0,1,0,0.0,0
71,cold,positive,PreFilter-IVF,8000,64,10,5,0.000625,5,1.0,1,none,0,0,0,5,5,1.0,0.7745999996586761,434,5,5,434,48,3,0,1,0,0.0,0
71,cold,positive,PACER-A,8000,64,10,5,0.000625,5,1.0,1,none,0,0,0,5,5,1.0,0.38944400012042024,6,5,6,6,30,3,1,1,0,0.0,0
71,cold,positive,PACER-C,8000,64,10,5,0.000625,5,1.0,1,none,0,0,0,5,5,1.0,0.35569300007409765,6,5,6,6,30,3,1,1,0,0.0,0
71,cold,positive,PACER-X,8000,64,10,5,0.000625,5,1.0,1,none,0,0,0,5,5,1.0,0.3249669998695026,6,5,6,6,30,3,1,1,0,0.0,0
71,cold,positive,PACER-A-NoSlices,8000,64,10,5,0.000625,3,0.6,0,candidate_starvation,0,0,0,3,3,1.0,1.6518100001121638,1600,3,1600,1600,10,10,0,1,0,0.0,1
71,cold,positive,PACER-A-NoBounds,8000,64,10,5,0.000625,5,1.0,1,none,0,0,0,5,5,1.0,0.2570790002209833,6,5,6,6,26,3,1,1,0,0.0,0
71,cold,positive,StaleNoRecheck,8000,64,10,5,0.000625,4,0.6,0,candidate_starvation,0,1,0,3,4,0.75,1.003475000288745,1328,4,1328,1328,0,8,0,1,0,0.0,0
71,cold,positive,NaiveNoPolicy,8000,64,10,5,0.000625,10,0.2,0,ranking_truncation,8,1,6,1,10,0.1,0.46723200011911104,1328,1328,1328,0,0,8,0,1,0,0.0,0
72,broad,positive,ExactSecure,8000,64,10,3566,0.44575,10,1.0,1,none,0,0,0,10,10,1.0,4.424040999765566,8000,3566,3566,8000,0,0,1,1,0,0.0,0
72,broad,positive,PreFilter-Exact,8000,64,10,3566,0.44575,10,1.0,1,none,0,0,0,10,10,1.0,4.850785999678919,8000,3566,3566,8000,0,0,1,1,0,0.0,0
72,broad,positive,BitmapSlice-Exact,8000,64,10,3566,0.44575,10,1.0,1,none,0,0,0,10,10,1.0,6.721827000092162,3948,3566,3566,3948,0,0,1,1,0,0.0,0
72,broad,positive,ScalarOnly,8000,64,10,3566,0.44575,10,0.0,0,ranking_truncation,0,0,0,10,10,1.0,4.309777000344184,8000,3566,0,8000,0,0,0,1,0,0.0,0
72,broad,positive,PostFilter-IVF,8000,64,10,3566,0.44575,10,0.9,0,ranking_truncation,0,0,0,10,10,1.0,1.12960300020859,1510,581,1510,1510,0,8,0,1,0,0.0,0
72,broad,positive,AdaptivePostFilter-IVF,8000,64,10,3566,0.44575,10,1.0,1,none,0,0,0,10,10,1.0,4.135947000122542,4800,1917,4800,4800,0,31,0,1,0,0.0,0
72,broad,positive,ExactPrefix-PostFilter,8000,64,10,3566,0.44575,10,1.0,1,none,0,0,0,10,10,1.0,1.9335279998813348,1600,636,8000,1600,0,0,0,1,0,0.0,0
72,broad,positive,TenantPartition-IVF,8000,64,10,3566,0.44575,10,0.9,0,ranking_truncation,0,0,0,10,10,1.0,0.9717469997667649,1510,581,1510,1510,0,8,0,1,0,0.0,0
72,broad,positive,PreFilter-IVF,8000,64,10,3566,0.44575,10,0.9,0,ranking_truncation,0,0,0,10,10,1.0,1.7265540000153123,1510,581,581,1510,8,8,0,1,0,0.0,0
72,broad,positive,PACER-A,8000,64,10,3566,0.44575,10,1.0,1,none,0,0,0,10,10,1.0,5.008626999824628,1600,1451,1600,1600,24,24,0,1,0,0.605100005865097,1
72,broad,positive,PACER-C,8000,64,10,3566,0.44575,10,1.0,1,none,0,0,0,10,10,1.0,10.562279000168928,3948,3566,3948,3948,48,48,1,1,0,0.0,0
72,broad,positive,PACER-X,8000,64,10,3566,0.44575,10,1.0,1,none,0,0,0,10,10,1.0,11.002772999745503,3948,3566,3948,3948,48,48,1,1,0,0.0,0
72,broad,positive,PACER-A-NoSlices,8000,64,10,3566,0.44575,10,1.0,1,none,0,0,0,10,10,1.0,1.6014729999369592,1600,625,1600,1600,9,9,0,1,0,0.6338427066802979,1
72,broad,positive,PACER-A-NoBounds,8000,64,10,3566,0.44575,10,1.0,1,none,0,0,0,10,10,1.0,4.8607200001242745,1600,1442,1600,1600,23,23,0,1,0,0.0,1
72,broad,positive,StaleNoRecheck,8000,64,10,3566,0.44575,10,0.9,0,ranking_truncation,0,1,0,9,10,0.9,1.2644379999073863,1510,638,1510,1510,0,8,0,1,0,0.0,0
72,broad,positive,NaiveNoPolicy,8000,64,10,3566,0.44575,10,0.6,0,ranking_truncation,0,0,4,6,10,0.6,0.4116029999750026,1510,1510,1510,0,0,8,0,1,0,0.0,0
73,medium,positive,ExactSecure,8000,64,10,176,0.022,10,1.0,1,none,0,0,0,10,10,1.0,4.409429000133969,8000,176,176,8000,0,0,1,1,0,0.0,0
73,medium,positive,PreFilter-Exact,8000,64,10,176,0.022,10,1.0,1,none,0,0,0,10,10,1.0,4.0853059999790275,8000,176,176,8000,0,0,1,1,0,0.0,0
73,medium,positive,BitmapSlice-Exact,8000,64,10,176,0.022,10,1.0,1,none,0,0,0,10,10,1.0,0.4473019998840755,187,176,176,187,0,0,1,1,0,0.0,0
73,medium,positive,ScalarOnly,8000,64,10,176,0.022,10,0.1,0,ranking_truncation,0,0,0,10,10,1.0,4.095588999916799,8000,176,0,8000,0,0,0,1,0,0.0,0
73,medium,positive,PostFilter-IVF,8000,64,10,176,0.022,10,0.8,0,ranking_truncation,0,0,0,10,10,1.0,0.8957300001384283,1065,37,1065,1065,0,8,0,1,0,0.0,0
73,medium,positive,AdaptivePostFilter-IVF,8000,64,10,176,0.022,10,1.0,1,none,0,0,0,10,10,1.0,4.440583999894443,4800,119,4800,4800,0,32,0,1,0,0.0,0
73,medium,positive,ExactPrefix-PostFilter,8000,64,10,176,0.022,10,1.0,1,none,0,0,0,10,10,1.0,1.8110060000253725,1600,41,8000,1600,0,0,0,1,0,0.0,0
73,medium,positive,TenantPartition-IVF,8000,64,10,176,0.022,10,0.8,0,ranking_truncation,0,0,0,10,10,1.0,0.6136860001788591,1065,37,1065,1065,0,8,0,1,0,0.0,0
73,medium,positive,PreFilter-IVF,8000,64,10,176,0.022,10,0.8,0,ranking_truncation,0,0,0,10,10,1.0,1.2470589999793447,1035,39,39,1035,10,8,0,1,0,0.0,0
73,medium,positive,PACER-A,8000,64,10,176,0.022,10,1.0,1,none,0,0,0,10,10,1.0,3.2196689999182126,187,176,187,187,48,39,1,1,0,0.0,0
73,medium,positive,PACER-C,8000,64,10,176,0.022,10,1.0,1,none,0,0,0,10,10,1.0,3.0763860004299204,187,176,187,187,48,39,1,1,0,0.0,0
73,medium,positive,PACER-X,8000,64,10,176,0.022,10,1.0,1,none,0,0,0,10,10,1.0,3.0206050000742835,187,176,187,187,48,39,1,1,0,0.0,0
73,medium,positive,PACER-A-NoSlices,8000,64,10,176,0.022,10,0.8,0,ranking_truncation,0,0,0,10,10,1.0,1.695135999852937,1600,41,1600,1600,12,12,0,1,0,0.7655513733625412,1
73,medium,positive,PACER-A-NoBounds,8000,64,10,176,0.022,10,1.0,1,none,0,0,0,10,10,1.0,3.054446999612992,187,176,187,187,48,39,1,1,0,0.0,0
73,medium,positive,StaleNoRecheck,8000,64,10,176,0.022,10,0.8,0,ranking_truncation,0,1,0,9,10,0.9,0.881383999967511,1065,38,1065,1065,0,8,0,1,0,0.0,0
73,medium,positive,NaiveNoPolicy,8000,64,10,176,0.022,10,0.3,0,ranking_truncation,2,1,7,3,10,0.3,0.2775709999696119,1065,1065,1065,0,0,8,0,1,0,0.0,0
74,narrow,positive,ExactSecure,8000,64,10,13,0.001625,10,1.0,1,none,0,0,0,10,10,1.0,3.8570140000047104,8000,13,13,8000,0,0,1,1,0,0.0,0
74,narrow,positive,PreFilter-Exact,8000,64,10,13,0.001625,10,1.0,1,none,0,0,0,10,10,1.0,4.093323000233795,8000,13,13,8000,0,0,1,1,0,0.0,0
74,narrow,positive,BitmapSlice-Exact,8000,64,10,13,0.001625,10,1.0,1,none,0,0,0,10,10,1.0,0.12588199979290948,13,13,13,13,0,0,1,1,0,0.0,0
74,narrow,positive,ScalarOnly,8000,64,10,13,0.001625,10,0.7,0,ranking_truncation,0,0,0,10,10,1.0,3.962859000239405,8000,13,0,8000,0,0,0,1,0,0.0,0
74,narrow,positive,PostFilter-IVF,8000,64,10,13,0.001625,9,0.8,0,candidate_starvation,0,0,0,9,9,1.0,1.5284400001291942,1579,9,1579,1579,0,8,0,1,0,0.0,0
74,narrow,positive,AdaptivePostFilter-IVF,8000,64,10,13,0.001625,10,0.8,0,ranking_truncation,0,0,0,10,10,1.0,3.9158099998530815,4800,10,4800,4800,0,28,0,1,0,0.0,0
74,narrow,positive,ExactPrefix-PostFilter,8000,64,10,13,0.001625,5,0.5,0,candidate_starvation,0,0,0,5,5,1.0,1.7748290001691203,1600,5,8000,1600,0,0,0,1,0,0.0,0
74,narrow,positive,TenantPartition-IVF,8000,64,10,13,0.001625,9,0.8,0,candidate_starvation,0,0,0,9,9,1.0,0.8418610000262561,1579,9,1579,1579,0,8,0,1,0,0.0,0
74,narrow,positive,PreFilter-IVF,8000,64,10,13,0.001625,10,1.0,1,none,0,0,0,10,10,1.0,0.9647150000091642,811,13,13,811,48,4,0,1,0,0.0,0
74,narrow,positive,PACER-A,8000,64,10,13,0.001625,10,1.0,1,none,0,0,0,10,10,1.0,0.46626700031993096,13,13,13,13,42,4,1,1,0,0.0,0
74,narrow,positive,PACER-C,8000,64,10,13,0.001625,10,1.0,1,none,0,0,0,10,10,1.0,0.36749699984284234,13,13,13,13,42,4,1,1,0,0.0,0
74,narrow,positive,PACER-X,8000,64,10,13,0.001625,10,1.0,1,none,0,0,0,10,10,1.0,0.4092200001650781,13,13,13,13,42,4,1,1,0,0.0,0
74,narrow,positive,PACER-A-NoSlices,8000,64,10,13,0.001625,9,0.8,0,candidate_starvation,0,0,0,9,9,1.0,1.260029000150098,1600,9,1600,1600,9,9,0,1,0,0.0,1
74,narrow,positive,PACER-A-NoBounds,8000,64,10,13,0.001625,10,1.0,1,none,0,0,0,10,10,1.0,0.4388309998830664,13,13,13,13,48,4,1,1,0,0.0,0
74,narrow,positive,StaleNoRecheck,8000,64,10,13,0.001625,9,0.8,0,candidate_starvation,0,0,0,9,9,1.0,1.0956389996863436,1579,9,1579,1579,0,8,0,1,0,0.0,0
74,narrow,positive,NaiveNoPolicy,8000,64,10,13,0.001625,10,0.1,0,ranking_truncation,9,0,8,1,10,0.1,0.3573979997781862,1579,1579,1579,0,0,8,0,1,0,0.0,0
75,cold,positive,ExactSecure,8000,64,10,3,0.000375,3,1.0,1,none,0,0,0,3,3,1.0,4.178613000021869,8000,3,3,8000,0,0,1,1,0,0.0,0
75,cold,positive,PreFilter-Exact,8000,64,10,3,0.000375,3,1.0,1,none,0,0,0,3,3,1.0,4.4495360002656525,8000,3,3,8000,0,0,1,1,0,0.0,0
75,cold,positive,BitmapSlice-Exact,8000,64,10,3,0.000375,3,1.0,1,none,0,0,0,3,3,1.0,0.0741320000088308,4,3,3,4,0,0,1,1,0,0.0,0
75,cold,positive,ScalarOnly,8000,64,10,3,0.000375,3,1.0,1,none,0,0,0,3,3,1.0,4.325311999764381,8000,3,0,8000,0,0,0,1,0,0.0,0
75,cold,positive,PostFilter-IVF,8000,64,10,3,0.000375,2,0.6666666666666666,0,candidate_starvation,0,0,0,2,2,1.0,0.9311310000157391,1032,2,1032,1032,0,8,0,1,0,0.0,0
75,cold,positive,AdaptivePostFilter-IVF,8000,64,10,3,0.000375,3,1.0,1,none,0,0,0,3,3,1.0,4.1674150002108945,4800,3,4800,4800,0,28,0,1,0,0.0,0
75,cold,positive,ExactPrefix-PostFilter,8000,64,10,3,0.000375,2,0.6666666666666666,0,candidate_starvation,0,0,0,2,2,1.0,1.9132079996779794,1600,2,8000,1600,0,0,0,1,0,0.0,0
75,cold,positive,TenantPartition-IVF,8000,64,10,3,0.000375,2,0.6666666666666666,0,candidate_starvation,0,0,0,2,2,1.0,0.5336070003068016,1032,2,1032,1032,0,8,0,1,0,0.0,0
75,cold,positive,PreFilter-IVF,8000,64,10,3,0.000375,3,1.0,1,none,0,0,0,3,3,1.0,0.7321970001612499,416,3,3,416,48,2,0,1,0,0.0,0
75,cold,positive,PACER-A,8000,64,10,3,0.000375,3,1.0,1,none,0,0,0,3,3,1.0,0.2397080002083385,4,3,4,4,14,2,1,1,0,0.0,0
75,cold,positive,PACER-C,8000,64,10,3,0.000375,3,1.0,1,none,0,0,0,3,3,1.0,0.2215530003013555,4,3,4,4,14,2,1,1,0,0.0,0
75,cold,positive,PACER-X,8000,64,10,3,0.000375,3,1.0,1,none,0,0,0,3,3,1.0,0.26303599997845595,4,3,4,4,14,2,1,1,0,0.0,0
75,cold,positive,PACER-A-NoSlices,8000,64,10,3,0.000375,2,0.6666666666666666,0,candidate_starvation,0,0,0,2,2,1.0,1.563124999847787,1600,2,1600,1600,11,11,0,1,0,0.0,1
75,cold,positive,PACER-A-NoBounds,8000,64,10,3,0.000375,3,1.0,1,none,0,0,0,3,3,1.0,0.22087000024839654,4,3,4,4,11,2,1,1,0,0.0,0
75,cold,positive,StaleNoRecheck,8000,64,10,3,0.000375,3,0.6666666666666666,0,ranking_truncation,0,1,0,2,3,0.6666666666666666,0.8002629997463373,1032,3,1032,1032,0,8,0,1,0,0.0,0
75,cold,positive,NaiveNoPolicy,8000,64,10,3,0.000375,10,0.0,0,ranking_truncation,9,2,9,0,10,0.0,0.2989259996866167,1032,1032,1032,0,0,8,0,1,0,0.0,0
76,broad,positive,ExactSecure,8000,64,10,3573,0.446625,10,1.0,1,none,0,0,0,10,10,1.0,4.273735999959172,8000,3573,3573,8000,0,0,1,1,0,0.0,0
76,broad,positive,PreFilter-Exact,8000,64,10,3573,0.446625,10,1.0,1,none,0,0,0,10,10,1.0,4.208907999782241,8000,3573,3573,8000,0,0,1,1,0,0.0,0
76,broad,positive,BitmapSlice-Exact,8000,64,10,3573,0.446625,10,1.0,1,none,0,0,0,10,10,1.0,6.741677000263735,3983,3573,3573,3983,0,0,1,1,0,0.0,0
76,broad,positive,ScalarOnly,8000,64,10,3573,0.446625,10,0.0,0,ranking_truncation,0,0,0,10,10,1.0,4.405022999890207,8000,3573,0,8000,0,0,0,1,0,0.0,0
76,broad,positive,PostFilter-IVF,8000,64,10,3573,0.446625,10,1.0,1,none,0,0,0,10,10,1.0,1.02919099981591,1386,561,1386,1386,0,8,0,1,0,0.0,0
76,broad,positive,AdaptivePostFilter-IVF,8000,64,10,3573,0.446625,10,1.0,1,none,0,0,0,10,10,1.0,4.006438000033086,4800,2174,4800,4800,0,28,0,1,0,0.0,0
76,broad,positive,ExactPrefix-PostFilter,8000,64,10,3573,0.446625,10,1.0,1,none,0,0,0,10,10,1.0,2.0557689999805007,1600,708,8000,1600,0,0,0,1,0,0.0,0
76,broad,positive,TenantPartition-IVF,8000,64,10,3573,0.446625,10,1.0,1,none,0,0,0,10,10,1.0,0.9260409997295938,1386,561,1386,1386,0,8,0,1,0,0.0,0
76,broad,positive,PreFilter-IVF,8000,64,10,3573,0.446625,10,1.0,1,none,0,0,0,10,10,1.0,1.588222999998834,1386,561,561,1386,8,8,0,1,0,0.0,0
76,broad,positive,PACER-A,8000,64,10,3573,0.446625,10,1.0,1,none,0,0,0,10,10,1.0,4.604913000093802,1600,1418,1600,1600,19,19,0,1,0,0.6211491823196411,1
76,broad,positive,PACER-C,8000,64,10,3573,0.446625,10,1.0,1,none,0,0,0,10,10,1.0,10.784618999878148,3983,3573,3983,3983,48,48,1,1,0,0.0,0
76,broad,positive,PACER-X,8000,64,10,3573,0.446625,10,1.0,1,none,0,0,0,10,10,1.0,10.912833000020328,3983,3573,3983,3983,48,48,1,1,0,0.0,0
76,broad,positive,PACER-A-NoSlices,8000,64,10,3573,0.446625,10,1.0,1,none,0,0,0,10,10,1.0,1.6643769999973301,1600,681,1600,1600,10,10,0,1,0,0.6335777044296265,1
76,broad,positive,PACER-A-NoBounds,8000,64,10,3573,0.446625,10,1.0,1,none,0,0,0,10,10,1.0,4.683726999701321,1600,1425,1600,1600,17,17,0,1,0,0.0,1
76,broad,positive,StaleNoRecheck,8000,64,10,3573,0.446625,10,0.8,0,ranking_truncation,0,2,0,8,10,0.8,1.123227999869414,1386,648,1386,1386,0,8,0,1,0,0.0,0
76,broad,positive,NaiveNoPolicy,8000,64,10,3573,0.446625,10,0.3,0,ranking_truncation,0,1,6,3,10,0.3,0.31471100010094233,1386,1386,1386,0,0,8,0,1,0,0.0,0
77,medium,positive,ExactSecure,8000,64,10,170,0.02125,10,1.0,1,none,0,0,0,10,10,1.0,4.122305000237247,8000,170,170,8000,0,0,1,1,0,0.0,0
77,medium,positive,PreFilter-Exact,8000,64,10,170,0.02125,10,1.0,1,none,0,0,0,10,10,1.0,4.017305000161286,8000,170,170,8000,0,0,1,1,0,0.0,0
77,medium,positive,BitmapSlice-Exact,8000,64,10,170,0.02125,10,1.0,1,none,0,0,0,10,10,1.0,0.39023699991957983,184,170,170,184,0,0,1,1,0,0.0,0
77,medium,positive,ScalarOnly,8000,64,10,170,0.02125,10,0.0,0,ranking_truncation,0,0,0,10,10,1.0,3.9753890000611136,8000,170,0,8000,0,0,0,1,0,0.0,0
77,medium,positive,PostFilter-IVF,8000,64,10,170,0.02125,10,0.5,0,ranking_truncation,0,0,0,10,10,1.0,1.1981799998466158,1543,28,1543,1543,0,8,0,1,0,0.0,0
77,medium,positive,AdaptivePostFilter-IVF,8000,64,10,170,0.02125,10,0.7,0,ranking_truncation,0,0,0,10,10,1.0,4.137756000091031,4800,79,4800,4800,0,29,0,1,0,0.0,0
77,medium,positive,ExactPrefix-PostFilter,8000,64,10,170,0.02125,10,1.0,1,none,0,0,0,10,10,1.0,1.78355800017016,1600,17,8000,1600,0,0,0,1,0,0.0,0
77,medium,positive,TenantPartition-IVF,8000,64,10,170,0.02125,10,0.5,0,ranking_truncation,0,0,0,10,10,1.0,0.7322199999180157,1543,28,1543,1543,0,8,0,1,0,0.0,0
77,medium,positive,PreFilter-IVF,8000,64,10,170,0.02125,10,0.7,0,ranking_truncation,0,0,0,10,10,1.0,1.7356049997943046,1606,49,49,1606,14,8,0,1,0,0.0,0
77,medium,positive,PACER-A,8000,64,10,170,0.02125,10,1.0,1,none,0,0,0,10,10,1.0,2.857202000086545,184,170,184,184,47,34,1,1,0,0.0,0
77,medium,positive,PACER-C,8000,64,10,170,0.02125,10,1.0,1,none,0,0,0,10,10,1.0,2.6859719996537024,184,170,184,184,47,34,1,1,0,0.0,0
77,medium,positive,PACER-X,8000,64,10,170,0.02125,10,1.0,1,none,0,0,0,10,10,1.0,2.7101310001853562,184,170,184,184,47,34,1,1,0,0.0,0
77,medium,positive,PACER-A-NoSlices,8000,64,10,170,0.02125,10,0.4,0,ranking_truncation,0,0,0,10,10,1.0,1.4407329999812646,1600,18,1600,1600,9,9,0,1,0,0.9533558189868927,1
77,medium,positive,PACER-A-NoBounds,8000,64,10,170,0.02125,10,1.0,1,none,0,0,0,10,10,1.0,2.6985260001310962,184,170,184,184,48,34,1,1,0,0.0,0
77,medium,positive,StaleNoRecheck,8000,64,10,170,0.02125,10,0.5,0,ranking_truncation,0,1,0,9,10,0.9,1.4148029999887513,1543,30,1543,1543,0,8,0,1,0,0.0,0
77,medium,positive,NaiveNoPolicy,8000,64,10,170,0.02125,10,0.1,0,ranking_truncation,6,0,9,1,10,0.1,0.5632200000036391,1543,1543,1543,0,0,8,0,1,0,0.0,0
78,narrow,positive,ExactSecure,8000,64,10,6,0.00075,6,1.0,1,none,0,0,0,6,6,1.0,3.8992730001154996,8000,6,6,8000,0,0,1,1,0,0.0,0
78,narrow,positive,PreFilter-Exact,8000,64,10,6,0.00075,6,1.0,1,none,0,0,0,6,6,1.0,4.0970260001813585,8000,6,6,8000,0,0,1,1,0,0.0,0
78,narrow,positive,BitmapSlice-Exact,8000,64,10,6,0.00075,6,1.0,1,none,0,0,0,6,6,1.0,0.07659999982934096,6,6,6,6,0,0,1,1,0,0.0,0
78,narrow,positive,ScalarOnly,8000,64,10,6,0.00075,6,1.0,0,ranking_truncation,0,0,0,6,6,1.0,3.919855000276584,8000,6,0,8000,0,0,0,1,0,0.0,0
78,narrow,positive,PostFilter-IVF,8000,64,10,6,0.00075,4,0.6666666666666666,0,candidate_starvation,0,0,0,4,4,1.0,1.1576669999158185,1590,4,1590,1590,0,8,0,1,0,0.0,0
78,narrow,positive,AdaptivePostFilter-IVF,8000,64,10,6,0.00075,5,0.8333333333333334,0,candidate_starvation,0,0,0,5,5,1.0,4.204898999887519,4800,5,4800,4800,0,30,0,1,0,0.0,0
78,narrow,positive,ExactPrefix-PostFilter,8000,64,10,6,0.00075,2,0.3333333333333333,0,candidate_starvation,0,0,0,2,2,1.0,1.7790950000744488,1600,2,8000,1600,0,0,0,1,0,0.0,0
78,narrow,positive,TenantPartition-IVF,8000,64,10,6,0.00075,4,0.6666666666666666,0,candidate_starvation,0,0,0,4,4,1.0,0.691224000092916,1590,4,1590,1590,0,8,0,1,0,0.0,0
78,narrow,positive,PreFilter-IVF,8000,64,10,6,0.00075,6,1.0,1,none,0,0,0,6,6,1.0,0.8150230000865122,702,6,6,702,48,4,0,1,0,0.0,0
78,narrow,positive,PACER-A,8000,64,10,6,0.00075,6,1.0,1,none,0,0,0,6,6,1.0,0.35630699994726456,6,6,6,6,41,4,1,1,0,0.0,0
78,narrow,positive,PACER-C,8000,64,10,6,0.00075,6,1.0,1,none,0,0,0,6,6,1.0,0.39798699981474783,6,6,6,6,41,4,1,1,0,0.0,0
78,narrow,positive,PACER-X,8000,64,10,6,0.00075,6,1.0,1,none,0,0,0,6,6,1.0,0.3134119997412199,6,6,6,6,41,4,1,1,0,0.0,0
78,narrow,positive,PACER-A-NoSlices,8000,64,10,6,0.00075,4,0.6666666666666666,0,candidate_starvation,0,0,0,4,4,1.0,1.2369529999887163,1600,4,1600,1600,9,9,0,1,0,0.0,1
78,narrow,positive,PACER-A-NoBounds,8000,64,10,6,0.00075,6,1.0,1,none,0,0,0,6,6,1.0,0.3404039998713415,6,6,6,6,36,4,1,1,0,0.0,0
78,narrow,positive,StaleNoRecheck,8000,64,10,6,0.00075,4,0.6666666666666666,0,candidate_starvation,0,0,0,4,4,1.0,1.0953979999612784,1590,4,1590,1590,0,8,0,1,0,0.0,0
78,narrow,positive,NaiveNoPolicy,8000,64,10,6,0.00075,10,0.16666666666666666,0,ranking_truncation,9,0,9,1,10,0.1,0.39626599982511834,1590,1590,1590,0,0,8,0,1,0,0.0,0
79,cold,positive,ExactSecure,8000,64,10,3,0.000375,3,1.0,1,none,0,0,0,3,3,1.0,4.058849999637459,8000,3,3,8000,0,0,1,1,0,0.0,0
79,cold,positive,PreFilter-Exact,8000,64,10,3,0.000375,3,1.0,1,none,0,0,0,3,3,1.0,4.318022000006749,8000,3,3,8000,0,0,1,1,0,0.0,0
79,cold,positive,BitmapSlice-Exact,8000,64,10,3,0.000375,3,1.0,1,none,0,0,0,3,3,1.0,0.08833199990476714,3,3,3,3,0,0,1,1,0,0.0,0
79,cold,positive,ScalarOnly,8000,64,10,3,0.000375,3,1.0,0,ranking_truncation,0,0,0,3,3,1.0,3.9252470000974427,8000,3,0,8000,0,0,0,1,0,0.0,0
79,cold,positive,PostFilter-IVF,8000,64,10,3,0.000375,1,0.3333333333333333,0,candidate_starvation,0,0,0,1,1,1.0,0.9527530000923434,1257,1,1257,1257,0,8,0,1,0,0.0,0
79,cold,positive,AdaptivePostFilter-IVF,8000,64,10,3,0.000375,3,1.0,1,none,0,0,0,3,3,1.0,4.067739000220172,4800,3,4800,4800,0,29,0,1,0,0.0,0
79,cold,positive,ExactPrefix-PostFilter,8000,64,10,3,0.000375,1,0.3333333333333333,0,candidate_starvation,0,0,0,1,1,1.0,1.7791459999898507,1600,1,8000,1600,0,0,0,1,0,0.0,0
79,cold,positive,TenantPartition-IVF,8000,64,10,3,0.000375,1,0.3333333333333333,0,candidate_starvation,0,0,0,1,1,1.0,0.5983000000924221,1257,1,1257,1257,0,8,0,1,0,0.0,0
79,cold,positive,PreFilter-IVF,8000,64,10,3,0.000375,3,1.0,1,none,0,0,0,3,3,1.0,0.7260630000018864,541,3,3,541,48,3,0,1,0,0.0,0
79,cold,positive,PACER-A,8000,64,10,3,0.000375,3,1.0,1,none,0,0,0,3,3,1.0,0.3090919999522157,3,3,3,3,25,3,1,1,0,0.0,0
79,cold,positive,PACER-C,8000,64,10,3,0.000375,3,1.0,1,none,0,0,0,3,3,1.0,0.2546260002418421,3,3,3,3,25,3,1,1,0,0.0,0
79,cold,positive,PACER-X,8000,64,10,3,0.000375,3,1.0,1,none,0,0,0,3,3,1.0,0.34175200016761664,3,3,3,3,25,3,1,1,0,0.0,0
79,cold,positive,PACER-A-NoSlices,8000,64,10,3,0.000375,1,0.3333333333333333,0,candidate_starvation,0,0,0,1,1,1.0,1.2675200000558107,1600,1,1600,1600,10,10,0,1,0,0.0,1
79,cold,positive,PACER-A-NoBounds,8000,64,10,3,0.000375,3,1.0,1,none,0,0,0,3,3,1.0,0.25797900025281706,3,3,3,3,28,3,1,1,0,0.0,0
79,cold,positive,StaleNoRecheck,8000,64,10,3,0.000375,1,0.3333333333333333,0,candidate_starvation,0,0,0,1,1,1.0,0.8711000000403146,1257,1,1257,1257,0,8,0,1,0,0.0,0
79,cold,positive,NaiveNoPolicy,8000,64,10,3,0.000375,10,0.0,0,ranking_truncation,10,2,10,0,10,0.0,0.4768730000250798,1257,1257,1257,0,0,8,0,1,0,0.0,0
