epoch,query_id,regime,method,visible_count,future_postings_in_index,stale_postings_in_index,returned,recall_at_k,secure_topk_exact,future_output_violations,deleted_output_violations,policy_output_violations,tenant_output_violations,certified,raw_candidates,candidates,policy_checks
0,0,broad,PostFilter-IVF,2828,6492,0,10,0.6,0,0,0,0,0,0,1200,266,1200
0,0,broad,StaleNoRecheck,2828,6492,0,10,0.3,0,7,0,0,0,0,1200,587,1200
0,0,broad,NaiveNoPolicy,2828,6492,0,10,0.1,0,5,0,0,6,0,1200,1200,0
0,0,broad,PACER-A,2828,6492,0,10,0.7,0,0,0,0,0,0,1200,558,1200
0,0,broad,PACER-X,2828,6492,0,10,1.0,1,0,0,0,0,1,6086,2828,6086
0,1,medium,PostFilter-IVF,168,6492,0,10,0.7,0,0,0,0,0,0,1200,22,1200
0,1,medium,StaleNoRecheck,168,6492,0,10,0.5,0,5,0,0,0,0,1200,52,1200
0,1,medium,NaiveNoPolicy,168,6492,0,10,0.1,0,3,0,8,7,0,1200,1200,0
0,1,medium,PACER-A,168,6492,0,10,1.0,1,0,0,0,0,1,367,168,367
0,1,medium,PACER-X,168,6492,0,10,1.0,1,0,0,0,0,1,367,168,367
0,2,narrow,PostFilter-IVF,1,6492,0,1,1.0,1,0,0,0,0,0,1200,1,1200
0,2,narrow,StaleNoRecheck,1,6492,0,4,1.0,0,3,0,0,0,0,1200,4,1200
0,2,narrow,NaiveNoPolicy,1,6492,0,10,0.0,0,8,0,9,5,0,1200,1200,0
0,2,narrow,PACER-A,1,6492,0,1,1.0,1,0,0,0,0,1,6,1,6
0,2,narrow,PACER-X,1,6492,0,1,1.0,1,0,0,0,0,1,6,1,6
0,3,cold,PostFilter-IVF,1,6492,0,0,0.0,0,0,0,0,0,0,1200,0,1200
0,3,cold,StaleNoRecheck,1,6492,0,1,0.0,0,1,0,0,0,0,1200,1,1200
0,3,cold,NaiveNoPolicy,1,6492,0,10,0.0,0,7,0,9,7,0,1200,1200,0
0,3,cold,PACER-A,1,6492,0,1,1.0,1,0,0,0,0,1,2,1,2
0,3,cold,PACER-X,1,6492,0,1,1.0,1,0,0,0,0,1,2,1,2
0,4,broad,PostFilter-IVF,2580,6492,0,10,0.9,0,0,0,0,0,0,1045,285,1045
0,4,broad,StaleNoRecheck,2580,6492,0,10,0.4,0,6,0,0,0,0,1045,627,1045
0,4,broad,NaiveNoPolicy,2580,6492,0,10,0.4,0,4,0,0,3,0,1045,1045,0
0,4,broad,PACER-A,2580,6492,0,10,1.0,1,0,0,0,0,0,1200,551,1200
0,4,broad,PACER-X,2580,6492,0,10,1.0,1,0,0,0,0,1,5681,2580,5681
0,5,medium,PostFilter-IVF,168,6492,0,10,0.5,0,0,0,0,0,0,1200,16,1200
0,5,medium,StaleNoRecheck,168,6492,0,10,0.4,0,6,0,0,0,0,1200,44,1200
0,5,medium,NaiveNoPolicy,168,6492,0,10,0.0,0,3,0,7,5,0,1200,1200,0
0,5,medium,PACER-A,168,6492,0,10,1.0,1,0,0,0,0,1,340,168,340
0,5,medium,PACER-X,168,6492,0,10,1.0,1,0,0,0,0,1,340,168,340
0,6,narrow,PostFilter-IVF,2,6492,0,0,0.0,0,0,0,0,0,0,1200,0,1200
0,6,narrow,StaleNoRecheck,2,6492,0,1,0.0,0,1,0,0,0,0,1200,1,1200
0,6,narrow,NaiveNoPolicy,2,6492,0,10,0.0,0,6,0,9,8,0,1200,1200,0
0,6,narrow,PACER-A,2,6492,0,2,1.0,1,0,0,0,0,1,3,2,3
0,6,narrow,PACER-X,2,6492,0,2,1.0,1,0,0,0,0,1,3,2,3
0,7,cold,PostFilter-IVF,2,6492,0,1,0.5,0,0,0,0,0,0,1200,1,1200
0,7,cold,StaleNoRecheck,2,6492,0,1,0.5,0,0,0,0,0,0,1200,1,1200
0,7,cold,NaiveNoPolicy,2,6492,0,10,0.5,0,5,0,9,7,0,1200,1200,0
0,7,cold,PACER-A,2,6492,0,2,1.0,1,0,0,0,0,1,2,2,2
0,7,cold,PACER-X,2,6492,0,2,1.0,1,0,0,0,0,1,2,2,2
0,8,broad,PostFilter-IVF,2750,6492,0,10,0.8,0,0,0,0,0,0,1200,329,1200
0,8,broad,StaleNoRecheck,2750,6492,0,10,0.3,0,7,0,0,0,0,1200,728,1200
0,8,broad,NaiveNoPolicy,2750,6492,0,10,0.1,0,7,0,0,4,0,1200,1200,0
0,8,broad,PACER-A,2750,6492,0,10,0.8,0,0,0,0,0,0,1200,549,1200
0,8,broad,PACER-X,2750,6492,0,10,1.0,1,0,0,0,0,1,6016,2750,6016
0,9,medium,PostFilter-IVF,178,6492,0,10,1.0,1,0,0,0,0,0,1200,28,1200
0,9,medium,StaleNoRecheck,178,6492,0,10,0.9,0,1,0,0,0,0,1200,45,1200
0,9,medium,NaiveNoPolicy,178,6492,0,10,0.0,0,7,0,7,8,0,1200,1200,0
0,9,medium,PACER-A,178,6492,0,10,1.0,1,0,0,0,0,1,368,178,368
0,9,medium,PACER-X,178,6492,0,10,1.0,1,0,0,0,0,1,368,178,368
0,10,narrow,PostFilter-IVF,2,6492,0,0,0.0,0,0,0,0,0,0,1134,0,1134
0,10,narrow,StaleNoRecheck,2,6492,0,0,0.0,0,0,0,0,0,0,1134,0,1134
0,10,narrow,NaiveNoPolicy,2,6492,0,10,0.0,0,7,0,10,10,0,1134,1134,0
0,10,narrow,PACER-A,2,6492,0,2,1.0,1,0,0,0,0,1,4,2,4
0,10,narrow,PACER-X,2,6492,0,2,1.0,1,0,0,0,0,1,4,2,4
0,11,cold,PostFilter-IVF,3,6492,0,1,0.3333333333333333,0,0,0,0,0,0,1200,1,1200
0,11,cold,StaleNoRecheck,3,6492,0,1,0.3333333333333333,0,0,0,0,0,0,1200,1,1200
0,11,cold,NaiveNoPolicy,3,6492,0,10,0.3333333333333333,0,4,0,9,8,0,1200,1200,0
0,11,cold,PACER-A,3,6492,0,3,1.0,1,0,0,0,0,1,5,3,5
0,11,cold,PACER-X,3,6492,0,3,1.0,1,0,0,0,0,1,5,3,5
0,12,broad,PostFilter-IVF,2901,6492,0,10,0.7,0,0,0,0,0,0,1019,268,1019
0,12,broad,StaleNoRecheck,2901,6492,0,10,0.3,0,7,0,0,0,0,1019,607,1019
0,12,broad,NaiveNoPolicy,2901,6492,0,10,0.2,0,6,0,0,3,0,1019,1019,0
0,12,broad,PACER-A,2901,6492,0,10,0.8,0,0,0,0,0,0,1200,538,1200
0,12,broad,PACER-X,2901,6492,0,10,1.0,1,0,0,0,0,1,6377,2901,6377
0,13,medium,PostFilter-IVF,177,6492,0,10,0.8,0,0,0,0,0,0,1200,26,1200
0,13,medium,StaleNoRecheck,177,6492,0,10,0.5,0,5,0,0,0,0,1200,55,1200
0,13,medium,NaiveNoPolicy,177,6492,0,10,0.1,0,6,0,7,4,0,1200,1200,0
0,13,medium,PACER-A,177,6492,0,10,1.0,1,0,0,0,0,1,358,177,358
0,13,medium,PACER-X,177,6492,0,10,1.0,1,0,0,0,0,1,358,177,358
0,14,narrow,PostFilter-IVF,3,6492,0,1,0.3333333333333333,0,0,0,0,0,0,1200,1,1200
0,14,narrow,StaleNoRecheck,3,6492,0,1,0.3333333333333333,0,0,0,0,0,0,1200,1,1200
0,14,narrow,NaiveNoPolicy,3,6492,0,10,0.3333333333333333,0,4,0,9,7,0,1200,1200,0
0,14,narrow,PACER-A,3,6492,0,3,1.0,1,0,0,0,0,1,5,3,5
0,14,narrow,PACER-X,3,6492,0,3,1.0,1,0,0,0,0,1,5,3,5
0,15,cold,PostFilter-IVF,0,6492,0,0,1.0,1,0,0,0,0,0,1200,0,1200
0,15,cold,StaleNoRecheck,0,6492,0,1,1.0,0,1,0,0,0,0,1200,1,1200
0,15,cold,NaiveNoPolicy,0,6492,0,10,1.0,0,4,0,9,7,0,1200,1200,0
0,15,cold,PACER-A,0,6492,0,0,1.0,1,0,0,0,0,1,2,0,2
0,15,cold,PACER-X,0,6492,0,0,1.0,1,0,0,0,0,1,2,0,2
0,16,broad,PostFilter-IVF,2847,6492,0,10,0.2,0,0,0,0,0,0,1200,294,1200
0,16,broad,StaleNoRecheck,2847,6492,0,10,0.2,0,6,0,0,0,0,1200,662,1200
0,16,broad,NaiveNoPolicy,2847,6492,0,10,0.2,0,6,0,0,4,0,1200,1200,0
0,16,broad,PACER-A,2847,6492,0,10,0.3,0,0,0,0,0,0,1200,541,1200
0,16,broad,PACER-X,2847,6492,0,10,1.0,1,0,0,0,0,1,6201,2847,6201
0,17,medium,PostFilter-IVF,139,6492,0,10,0.3,0,0,0,0,0,0,1200,18,1200
0,17,medium,StaleNoRecheck,139,6492,0,10,0.3,0,7,0,0,0,0,1200,46,1200
0,17,medium,NaiveNoPolicy,139,6492,0,10,0.1,0,5,0,8,6,0,1200,1200,0
0,17,medium,PACER-A,139,6492,0,10,1.0,1,0,0,0,0,1,330,139,330
0,17,medium,PACER-X,139,6492,0,10,1.0,1,0,0,0,0,1,330,139,330
0,18,narrow,PostFilter-IVF,1,6492,0,0,0.0,0,0,0,0,0,0,1200,0,1200
0,18,narrow,StaleNoRecheck,1,6492,0,0,0.0,0,0,0,0,0,0,1200,0,1200
0,18,narrow,NaiveNoPolicy,1,6492,0,10,0.0,0,4,0,10,10,0,1200,1200,0
0,18,narrow,PACER-A,1,6492,0,1,1.0,1,0,0,0,0,1,6,1,6
0,18,narrow,PACER-X,1,6492,0,1,1.0,1,0,0,0,0,1,6,1,6
0,19,cold,PostFilter-IVF,1,6492,0,0,0.0,0,0,0,0,0,0,1200,0,1200
0,19,cold,StaleNoRecheck,1,6492,0,1,0.0,0,1,0,0,0,0,1200,1,1200
0,19,cold,NaiveNoPolicy,1,6492,0,10,0.0,0,5,0,9,9,0,1200,1200,0
0,19,cold,PACER-A,1,6492,0,1,1.0,1,0,0,0,0,1,5,1,5
0,19,cold,PACER-X,1,6492,0,1,1.0,1,0,0,0,0,1,5,1,5
0,20,broad,PostFilter-IVF,2832,6492,0,10,0.7,0,0,0,0,0,0,1200,363,1200
0,20,broad,StaleNoRecheck,2832,6492,0,10,0.3,0,7,0,0,0,0,1200,764,1200
0,20,broad,NaiveNoPolicy,2832,6492,0,10,0.3,0,6,0,0,2,0,1200,1200,0
0,20,broad,PACER-A,2832,6492,0,10,0.7,0,0,0,0,0,0,1200,567,1200
0,20,broad,PACER-X,2832,6492,0,10,1.0,1,0,0,0,0,1,6116,2832,6116
0,21,medium,PostFilter-IVF,157,6492,0,10,0.6,0,0,0,0,0,0,1200,16,1200
0,21,medium,StaleNoRecheck,157,6492,0,10,0.3,0,7,0,0,0,0,1200,42,1200
0,21,medium,NaiveNoPolicy,157,6492,0,10,0.0,0,8,0,6,8,0,1200,1200,0
0,21,medium,PACER-A,157,6492,0,10,1.0,1,0,0,0,0,1,337,157,337
0,21,medium,PACER-X,157,6492,0,10,1.0,1,0,0,0,0,1,337,157,337
0,22,narrow,PostFilter-IVF,5,6492,0,0,0.0,0,0,0,0,0,0,1200,0,1200
0,22,narrow,StaleNoRecheck,5,6492,0,2,0.0,0,2,0,0,0,0,1200,2,1200
0,22,narrow,NaiveNoPolicy,5,6492,0,10,0.0,0,7,0,9,8,0,1200,1200,0
0,22,narrow,PACER-A,5,6492,0,5,1.0,1,0,0,0,0,1,13,5,13
0,22,narrow,PACER-X,5,6492,0,5,1.0,1,0,0,0,0,1,13,5,13
0,23,cold,PostFilter-IVF,0,6492,0,0,1.0,1,0,0,0,0,0,1200,0,1200
0,23,cold,StaleNoRecheck,0,6492,0,3,1.0,0,3,0,0,0,0,1200,3,1200
0,23,cold,NaiveNoPolicy,0,6492,0,10,1.0,0,8,0,9,9,0,1200,1200,0
0,23,cold,PACER-A,0,6492,0,0,1.0,1,0,0,0,0,1,3,0,3
0,23,cold,PACER-X,0,6492,0,0,1.0,1,0,0,0,0,1,3,0,3
0,24,broad,PostFilter-IVF,2806,6492,0,10,0.5,0,0,0,0,0,0,1200,287,1200
0,24,broad,StaleNoRecheck,2806,6492,0,10,0.5,0,4,0,0,0,0,1200,674,1200
0,24,broad,NaiveNoPolicy,2806,6492,0,10,0.1,0,6,0,0,6,0,1200,1200,0
0,24,broad,PACER-A,2806,6492,0,10,0.8,0,0,0,0,0,0,1200,526,1200
0,24,broad,PACER-X,2806,6492,0,10,1.0,1,0,0,0,0,1,6146,2806,6146
0,25,medium,PostFilter-IVF,142,6492,0,10,0.7,0,0,0,0,0,0,1200,26,1200
0,25,medium,StaleNoRecheck,142,6492,0,10,0.4,0,6,0,0,0,0,1200,54,1200
0,25,medium,NaiveNoPolicy,142,6492,0,10,0.0,0,3,0,8,8,0,1200,1200,0
0,25,medium,PACER-A,142,6492,0,10,1.0,1,0,0,0,0,1,338,142,338
0,25,medium,PACER-X,142,6492,0,10,1.0,1,0,0,0,0,1,338,142,338
0,26,narrow,PostFilter-IVF,10,6492,0,1,0.1,0,0,0,0,0,0,1200,1,1200
0,26,narrow,StaleNoRecheck,10,6492,0,1,0.1,0,0,0,0,0,0,1200,1,1200
0,26,narrow,NaiveNoPolicy,10,6492,0,10,0.1,0,6,0,9,9,0,1200,1200,0
0,26,narrow,PACER-A,10,6492,0,10,1.0,1,0,0,0,0,1,13,10,13
0,26,narrow,PACER-X,10,6492,0,10,1.0,1,0,0,0,0,1,13,10,13
0,27,cold,PostFilter-IVF,4,6492,0,2,0.5,0,0,0,0,0,0,1200,2,1200
0,27,cold,StaleNoRecheck,4,6492,0,3,0.5,0,1,0,0,0,0,1200,3,1200
0,27,cold,NaiveNoPolicy,4,6492,0,10,0.25,0,3,0,9,9,0,1200,1200,0
0,27,cold,PACER-A,4,6492,0,4,1.0,1,0,0,0,0,1,8,4,8
0,27,cold,PACER-X,4,6492,0,4,1.0,1,0,0,0,0,1,8,4,8
0,28,broad,PostFilter-IVF,2820,6492,0,10,0.4,0,0,0,0,0,0,1200,274,1200
0,28,broad,StaleNoRecheck,2820,6492,0,10,0.3,0,7,0,0,0,0,1200,562,1200
0,28,broad,NaiveNoPolicy,2820,6492,0,10,0.1,0,8,0,0,6,0,1200,1200,0
0,28,broad,PACER-A,2820,6492,0,10,0.5,0,0,0,0,0,0,1200,571,1200
0,28,broad,PACER-X,2820,6492,0,10,1.0,1,0,0,0,0,1,6159,2820,6159
0,29,medium,PostFilter-IVF,157,6492,0,10,0.2,0,0,0,0,0,0,1200,11,1200
0,29,medium,StaleNoRecheck,157,6492,0,10,0.2,0,6,0,0,0,0,1200,33,1200
0,29,medium,NaiveNoPolicy,157,6492,0,10,0.1,0,7,0,7,7,0,1200,1200,0
0,29,medium,PACER-A,157,6492,0,10,1.0,1,0,0,0,0,1,325,157,325
0,29,medium,PACER-X,157,6492,0,10,1.0,1,0,0,0,0,1,325,157,325
0,30,narrow,PostFilter-IVF,5,6492,0,4,0.8,0,0,0,0,0,0,1097,4,1097
0,30,narrow,StaleNoRecheck,5,6492,0,8,0.8,0,4,0,0,0,0,1097,8,1097
0,30,narrow,NaiveNoPolicy,5,6492,0,10,0.2,0,5,0,9,7,0,1097,1097,0
0,30,narrow,PACER-A,5,6492,0,5,1.0,1,0,0,0,0,1,13,5,13
0,30,narrow,PACER-X,5,6492,0,5,1.0,1,0,0,0,0,1,13,5,13
0,31,cold,PostFilter-IVF,0,6492,0,0,1.0,1,0,0,0,0,0,1173,0,1173
0,31,cold,StaleNoRecheck,0,6492,0,1,1.0,0,1,0,0,0,0,1173,1,1173
0,31,cold,NaiveNoPolicy,0,6492,0,10,1.0,0,5,0,9,9,0,1173,1173,0
0,31,cold,PACER-A,0,6492,0,0,1.0,1,0,0,0,0,1,1,0,1
0,31,cold,PACER-X,0,6492,0,0,1.0,1,0,0,0,0,1,1,0,1
1,0,broad,PostFilter-IVF,3870,4257,125,10,0.5,0,0,0,0,0,0,1200,362,1200
1,0,broad,StaleNoRecheck,3870,4257,125,10,0.5,0,3,0,0,0,0,1200,587,1200
1,0,broad,NaiveNoPolicy,3870,4257,125,10,0.3,0,2,0,0,6,0,1200,1200,0
1,0,broad,PACER-A,3870,4257,125,10,0.8,0,0,0,0,0,0,1200,742,1200
1,0,broad,PACER-X,3870,4257,125,10,1.0,1,0,0,0,0,1,6086,3870,6086
1,1,medium,PostFilter-IVF,233,4257,125,10,1.0,1,0,0,0,0,0,1200,34,1200
1,1,medium,StaleNoRecheck,233,4257,125,10,1.0,1,0,0,0,0,0,1200,52,1200
1,1,medium,NaiveNoPolicy,233,4257,125,10,0.1,0,2,0,8,7,0,1200,1200,0
1,1,medium,PACER-A,233,4257,125,10,1.0,1,0,0,0,0,1,367,233,367
1,1,medium,PACER-X,233,4257,125,10,1.0,1,0,0,0,0,1,367,233,367
1,2,narrow,PostFilter-IVF,2,4257,125,2,1.0,1,0,0,0,0,0,1200,2,1200
1,2,narrow,StaleNoRecheck,2,4257,125,4,1.0,0,2,0,0,0,0,1200,4,1200
1,2,narrow,NaiveNoPolicy,2,4257,125,10,0.5,0,4,0,9,5,0,1200,1200,0
1,2,narrow,PACER-A,2,4257,125,2,1.0,1,0,0,0,0,1,6,2,6
1,2,narrow,PACER-X,2,4257,125,2,1.0,1,0,0,0,0,1,6,2,6
1,3,cold,PostFilter-IVF,2,4257,125,1,0.5,0,0,0,0,0,0,1200,1,1200
1,3,cold,StaleNoRecheck,2,4257,125,1,0.5,0,0,0,0,0,0,1200,1,1200
1,3,cold,NaiveNoPolicy,2,4257,125,10,0.5,0,5,0,9,7,0,1200,1200,0
1,3,cold,PACER-A,2,4257,125,2,1.0,1,0,0,0,0,1,2,2,2
1,3,cold,PACER-X,2,4257,125,2,1.0,1,0,0,0,0,1,2,2,2
1,4,broad,PostFilter-IVF,3576,4257,125,10,0.9,0,0,0,0,0,0,1045,404,1045
1,4,broad,StaleNoRecheck,3576,4257,125,10,0.7,0,3,0,0,0,0,1045,627,1045
1,4,broad,NaiveNoPolicy,3576,4257,125,10,0.4,0,3,0,0,3,0,1045,1045,0
1,4,broad,PACER-A,3576,4257,125,10,0.9,0,0,0,0,0,0,1200,769,1200
1,4,broad,PACER-X,3576,4257,125,10,1.0,1,0,0,0,0,1,5681,3576,5681
1,5,medium,PostFilter-IVF,223,4257,125,10,0.7,0,0,0,0,0,0,1200,25,1200
1,5,medium,StaleNoRecheck,223,4257,125,10,0.7,0,3,0,0,0,0,1200,44,1200
1,5,medium,NaiveNoPolicy,223,4257,125,10,0.0,0,3,1,7,5,0,1200,1200,0
1,5,medium,PACER-A,223,4257,125,10,1.0,1,0,0,0,0,1,340,223,340
1,5,medium,PACER-X,223,4257,125,10,1.0,1,0,0,0,0,1,340,223,340
1,6,narrow,PostFilter-IVF,3,4257,125,1,0.3333333333333333,0,0,0,0,0,0,1200,1,1200
1,6,narrow,StaleNoRecheck,3,4257,125,1,0.3333333333333333,0,0,0,0,0,0,1200,1,1200
1,6,narrow,NaiveNoPolicy,3,4257,125,10,0.3333333333333333,0,4,0,9,8,0,1200,1200,0
1,6,narrow,PACER-A,3,4257,125,3,1.0,1,0,0,0,0,1,3,3,3
1,6,narrow,PACER-X,3,4257,125,3,1.0,1,0,0,0,0,1,3,3,3
1,7,cold,PostFilter-IVF,2,4257,125,1,0.5,0,0,0,0,0,0,1200,1,1200
1,7,cold,StaleNoRecheck,2,4257,125,1,0.5,0,0,0,0,0,0,1200,1,1200
1,7,cold,NaiveNoPolicy,2,4257,125,10,0.5,0,3,0,9,7,0,1200,1200,0
1,7,cold,PACER-A,2,4257,125,2,1.0,1,0,0,0,0,1,2,2,2
1,7,cold,PACER-X,2,4257,125,2,1.0,1,0,0,0,0,1,2,2,2
1,8,broad,PostFilter-IVF,3794,4257,125,10,0.7,0,0,0,0,0,0,1200,459,1200
1,8,broad,StaleNoRecheck,3794,4257,125,10,0.4,0,6,0,0,0,0,1200,728,1200
1,8,broad,NaiveNoPolicy,3794,4257,125,10,0.2,0,6,0,0,4,0,1200,1200,0
1,8,broad,PACER-A,3794,4257,125,10,0.8,0,0,0,0,0,0,1200,757,1200
1,8,broad,PACER-X,3794,4257,125,10,1.0,1,0,0,0,0,1,6016,3794,6016
1,9,medium,PostFilter-IVF,239,4257,125,10,0.9,0,0,0,0,0,0,1200,32,1200
1,9,medium,StaleNoRecheck,239,4257,125,10,0.9,0,1,0,0,0,0,1200,45,1200
1,9,medium,NaiveNoPolicy,239,4257,125,10,0.0,0,5,0,7,8,0,1200,1200,0
1,9,medium,PACER-A,239,4257,125,10,1.0,1,0,0,0,0,1,368,239,368
1,9,medium,PACER-X,239,4257,125,10,1.0,1,0,0,0,0,1,368,239,368
1,10,narrow,PostFilter-IVF,3,4257,125,0,0.0,0,0,0,0,0,0,1134,0,1134
1,10,narrow,StaleNoRecheck,3,4257,125,0,0.0,0,0,0,0,0,0,1134,0,1134
1,10,narrow,NaiveNoPolicy,3,4257,125,10,0.0,0,7,1,10,10,0,1134,1134,0
1,10,narrow,PACER-A,3,4257,125,3,1.0,1,0,0,0,0,1,4,3,4
1,10,narrow,PACER-X,3,4257,125,3,1.0,1,0,0,0,0,1,4,3,4
1,11,cold,PostFilter-IVF,5,4257,125,1,0.2,0,0,0,0,0,0,1200,1,1200
1,11,cold,StaleNoRecheck,5,4257,125,1,0.2,0,0,0,0,0,0,1200,1,1200
1,11,cold,NaiveNoPolicy,5,4257,125,10,0.2,0,3,0,9,8,0,1200,1200,0
1,11,cold,PACER-A,5,4257,125,5,1.0,1,0,0,0,0,1,5,5,5
1,11,cold,PACER-X,5,4257,125,5,1.0,1,0,0,0,0,1,5,5,5
1,12,broad,PostFilter-IVF,4030,4257,125,10,0.7,0,0,0,0,0,0,1019,380,1019
1,12,broad,StaleNoRecheck,4030,4257,125,10,0.6,0,4,0,0,0,0,1019,607,1019
1,12,broad,NaiveNoPolicy,4030,4257,125,10,0.4,0,4,0,0,3,0,1019,1019,0
1,12,broad,PACER-A,4030,4257,125,10,0.7,0,0,0,0,0,0,1200,748,1200
1,12,broad,PACER-X,4030,4257,125,10,1.0,1,0,0,0,0,1,6377,4030,6377
1,13,medium,PostFilter-IVF,234,4257,125,10,0.8,0,0,0,0,0,0,1200,34,1200
1,13,medium,StaleNoRecheck,234,4257,125,10,0.5,0,5,0,0,0,0,1200,55,1200
1,13,medium,NaiveNoPolicy,234,4257,125,10,0.1,0,5,1,7,4,0,1200,1200,0
1,13,medium,PACER-A,234,4257,125,10,1.0,1,0,0,0,0,1,358,234,358
1,13,medium,PACER-X,234,4257,125,10,1.0,1,0,0,0,0,1,358,234,358
1,14,narrow,PostFilter-IVF,4,4257,125,1,0.25,0,0,0,0,0,0,1200,1,1200
1,14,narrow,StaleNoRecheck,4,4257,125,1,0.25,0,0,0,0,0,0,1200,1,1200
1,14,narrow,NaiveNoPolicy,4,4257,125,10,0.25,0,2,0,9,7,0,1200,1200,0
1,14,narrow,PACER-A,4,4257,125,4,1.0,1,0,0,0,0,1,5,4,5
1,14,narrow,PACER-X,4,4257,125,4,1.0,1,0,0,0,0,1,5,4,5
1,15,cold,PostFilter-IVF,1,4257,125,0,0.0,0,0,0,0,0,0,1200,0,1200
1,15,cold,StaleNoRecheck,1,4257,125,1,0.0,0,1,0,0,0,0,1200,1,1200
1,15,cold,NaiveNoPolicy,1,4257,125,10,0.0,0,3,0,9,7,0,1200,1200,0
1,15,cold,PACER-A,1,4257,125,1,1.0,1,0,0,0,0,1,2,1,2
1,15,cold,PACER-X,1,4257,125,1,1.0,1,0,0,0,0,1,2,1,2
1,16,broad,PostFilter-IVF,3944,4257,125,10,0.2,0,0,0,0,0,0,1200,403,1200
1,16,broad,StaleNoRecheck,3944,4257,125,10,0.2,0,3,0,0,0,0,1200,662,1200
1,16,broad,NaiveNoPolicy,3944,4257,125,10,0.2,0,4,0,0,4,0,1200,1200,0
1,16,broad,PACER-A,3944,4257,125,10,0.2,0,0,0,0,0,0,1200,740,1200
1,16,broad,PACER-X,3944,4257,125,10,1.0,1,0,0,0,0,1,6201,3944,6201
1,17,medium,PostFilter-IVF,213,4257,125,10,0.4,0,0,0,0,0,0,1200,26,1200
1,17,medium,StaleNoRecheck,213,4257,125,10,0.4,0,5,0,0,0,0,1200,46,1200
1,17,medium,NaiveNoPolicy,213,4257,125,10,0.1,0,4,0,8,6,0,1200,1200,0
1,17,medium,PACER-A,213,4257,125,10,1.0,1,0,0,0,0,1,330,213,330
1,17,medium,PACER-X,213,4257,125,10,1.0,1,0,0,0,0,1,330,213,330
1,18,narrow,PostFilter-IVF,2,4257,125,0,0.0,0,0,0,0,0,0,1200,0,1200
1,18,narrow,StaleNoRecheck,2,4257,125,0,0.0,0,0,0,0,0,0,1200,0,1200
1,18,narrow,NaiveNoPolicy,2,4257,125,10,0.0,0,2,0,10,10,0,1200,1200,0
1,18,narrow,PACER-A,2,4257,125,2,1.0,1,0,0,0,0,1,6,2,6
1,18,narrow,PACER-X,2,4257,125,2,1.0,1,0,0,0,0,1,6,2,6
1,19,cold,PostFilter-IVF,2,4257,125,0,0.0,0,0,0,0,0,0,1200,0,1200
1,19,cold,StaleNoRecheck,2,4257,125,1,0.0,0,1,0,0,0,0,1200,1,1200
1,19,cold,NaiveNoPolicy,2,4257,125,10,0.0,0,4,0,9,9,0,1200,1200,0
1,19,cold,PACER-A,2,4257,125,2,1.0,1,0,0,0,0,1,5,2,5
1,19,cold,PACER-X,2,4257,125,2,1.0,1,0,0,0,0,1,5,2,5
1,20,broad,PostFilter-IVF,3912,4257,125,10,0.8,0,0,0,0,0,0,1200,497,1200
1,20,broad,StaleNoRecheck,3912,4257,125,10,0.4,0,6,0,0,0,0,1200,764,1200
1,20,broad,NaiveNoPolicy,3912,4257,125,10,0.4,0,5,0,0,2,0,1200,1200,0
1,20,broad,PACER-A,3912,4257,125,10,0.8,0,0,0,0,0,0,1200,779,1200
1,20,broad,PACER-X,3912,4257,125,10,1.0,1,0,0,0,0,1,6116,3912,6116
1,21,medium,PostFilter-IVF,217,4257,125,10,0.8,0,0,0,0,0,0,1200,24,1200
1,21,medium,StaleNoRecheck,217,4257,125,10,0.8,0,2,0,0,0,0,1200,42,1200
1,21,medium,NaiveNoPolicy,217,4257,125,10,0.0,0,5,0,6,8,0,1200,1200,0
1,21,medium,PACER-A,217,4257,125,10,1.0,1,0,0,0,0,1,337,217,337
1,21,medium,PACER-X,217,4257,125,10,1.0,1,0,0,0,0,1,337,217,337
1,22,narrow,PostFilter-IVF,7,4257,125,1,0.14285714285714285,0,0,0,0,0,0,1200,1,1200
1,22,narrow,StaleNoRecheck,7,4257,125,2,0.14285714285714285,0,1,0,0,0,0,1200,2,1200
1,22,narrow,NaiveNoPolicy,7,4257,125,10,0.14285714285714285,0,2,0,9,8,0,1200,1200,0
1,22,narrow,PACER-A,7,4257,125,7,1.0,1,0,0,0,0,1,13,7,13
1,22,narrow,PACER-X,7,4257,125,7,1.0,1,0,0,0,0,1,13,7,13
1,23,cold,PostFilter-IVF,2,4257,125,2,1.0,1,0,0,0,0,0,1200,2,1200
1,23,cold,StaleNoRecheck,2,4257,125,3,1.0,0,1,0,0,0,0,1200,3,1200
1,23,cold,NaiveNoPolicy,2,4257,125,10,0.5,0,3,0,9,9,0,1200,1200,0
1,23,cold,PACER-A,2,4257,125,2,1.0,1,0,0,0,0,1,3,2,3
1,23,cold,PACER-X,2,4257,125,2,1.0,1,0,0,0,0,1,3,2,3
1,24,broad,PostFilter-IVF,3874,4257,125,10,0.7,0,0,0,0,0,0,1200,410,1200
1,24,broad,StaleNoRecheck,3874,4257,125,10,0.7,0,1,0,0,0,0,1200,674,1200
1,24,broad,NaiveNoPolicy,3874,4257,125,10,0.3,0,3,0,0,6,0,1200,1200,0
1,24,broad,PACER-A,3874,4257,125,10,0.8,0,0,0,0,0,0,1200,737,1200
1,24,broad,PACER-X,3874,4257,125,10,1.0,1,0,0,0,0,1,6146,3874,6146
1,25,medium,PostFilter-IVF,209,4257,125,10,1.0,1,0,0,0,0,0,1200,36,1200
1,25,medium,StaleNoRecheck,209,4257,125,10,0.8,0,2,0,0,0,0,1200,54,1200
1,25,medium,NaiveNoPolicy,209,4257,125,10,0.0,0,3,0,8,8,0,1200,1200,0
1,25,medium,PACER-A,209,4257,125,10,1.0,1,0,0,0,0,1,338,209,338
1,25,medium,PACER-X,209,4257,125,10,1.0,1,0,0,0,0,1,338,209,338
1,26,narrow,PostFilter-IVF,9,4257,125,1,0.1111111111111111,0,0,0,0,0,0,1200,1,1200
1,26,narrow,StaleNoRecheck,9,4257,125,1,0.1111111111111111,0,0,0,0,0,0,1200,1,1200
1,26,narrow,NaiveNoPolicy,9,4257,125,10,0.1111111111111111,0,6,0,9,9,0,1200,1200,0
1,26,narrow,PACER-A,9,4257,125,9,1.0,1,0,0,0,0,1,13,9,13
1,26,narrow,PACER-X,9,4257,125,9,1.0,1,0,0,0,0,1,13,9,13
1,27,cold,PostFilter-IVF,6,4257,125,2,0.3333333333333333,0,0,0,0,0,0,1200,2,1200
1,27,cold,StaleNoRecheck,6,4257,125,3,0.3333333333333333,0,1,0,0,0,0,1200,3,1200
1,27,cold,NaiveNoPolicy,6,4257,125,10,0.16666666666666666,0,2,1,9,9,0,1200,1200,0
1,27,cold,PACER-A,6,4257,125,6,1.0,1,0,0,0,0,1,8,6,8
1,27,cold,PACER-X,6,4257,125,6,1.0,1,0,0,0,0,1,8,6,8
1,28,broad,PostFilter-IVF,3935,4257,125,10,0.5,0,0,0,0,0,0,1200,368,1200
1,28,broad,StaleNoRecheck,3935,4257,125,10,0.5,0,4,0,0,0,0,1200,562,1200
1,28,broad,NaiveNoPolicy,3935,4257,125,10,0.2,0,6,0,0,6,0,1200,1200,0
1,28,broad,PACER-A,3935,4257,125,10,0.7,0,0,0,0,0,0,1200,776,1200
1,28,broad,PACER-X,3935,4257,125,10,1.0,1,0,0,0,0,1,6159,3935,6159
1,29,medium,PostFilter-IVF,213,4257,125,10,0.3,0,0,0,0,0,0,1200,16,1200
1,29,medium,StaleNoRecheck,213,4257,125,10,0.3,0,5,0,0,0,0,1200,33,1200
1,29,medium,NaiveNoPolicy,213,4257,125,10,0.1,0,6,0,7,7,0,1200,1200,0
1,29,medium,PACER-A,213,4257,125,10,1.0,1,0,0,0,0,1,325,213,325
1,29,medium,PACER-X,213,4257,125,10,1.0,1,0,0,0,0,1,325,213,325
1,30,narrow,PostFilter-IVF,7,4257,125,5,0.7142857142857143,0,0,0,0,0,0,1097,5,1097
1,30,narrow,StaleNoRecheck,7,4257,125,8,0.7142857142857143,0,3,0,0,0,0,1097,8,1097
1,30,narrow,NaiveNoPolicy,7,4257,125,10,0.14285714285714285,0,3,0,9,7,0,1097,1097,0
1,30,narrow,PACER-A,7,4257,125,7,1.0,1,0,0,0,0,1,13,7,13
1,30,narrow,PACER-X,7,4257,125,7,1.0,1,0,0,0,0,1,13,7,13
1,31,cold,PostFilter-IVF,0,4257,125,0,1.0,1,0,0,0,0,0,1173,0,1173
1,31,cold,StaleNoRecheck,0,4257,125,1,1.0,0,1,0,0,0,0,1173,1,1173
1,31,cold,NaiveNoPolicy,0,4257,125,10,1.0,0,3,0,9,9,0,1173,1173,0
1,31,cold,PACER-A,0,4257,125,0,1.0,1,0,0,0,0,1,1,0,1
1,31,cold,PACER-X,0,4257,125,0,1.0,1,0,0,0,0,1,1,0,1
2,0,broad,PostFilter-IVF,4599,2608,350,10,0.5,0,0,0,0,0,0,1200,457,1200
2,0,broad,StaleNoRecheck,4599,2608,350,10,0.5,0,0,0,0,0,0,1200,587,1200
2,0,broad,NaiveNoPolicy,4599,2608,350,10,0.4,0,1,0,0,6,0,1200,1200,0
2,0,broad,PACER-A,4599,2608,350,10,0.8,0,0,0,0,0,0,1200,911,1200
2,0,broad,PACER-X,4599,2608,350,10,1.0,1,0,0,0,0,1,6086,4599,6086
2,1,medium,PostFilter-IVF,266,2608,350,10,1.0,1,0,0,0,0,0,1200,41,1200
2,1,medium,StaleNoRecheck,266,2608,350,10,1.0,1,0,0,0,0,0,1200,52,1200
2,1,medium,NaiveNoPolicy,266,2608,350,10,0.1,0,2,0,8,7,0,1200,1200,0
2,1,medium,PACER-A,266,2608,350,10,1.0,1,0,0,0,0,1,367,266,367
2,1,medium,PACER-X,266,2608,350,10,1.0,1,0,0,0,0,1,367,266,367
2,2,narrow,PostFilter-IVF,4,2608,350,3,0.75,0,0,0,0,0,0,1200,3,1200
2,2,narrow,StaleNoRecheck,4,2608,350,4,0.75,0,1,0,0,0,0,1200,4,1200
2,2,narrow,NaiveNoPolicy,4,2608,350,10,0.25,0,4,0,9,5,0,1200,1200,0
2,2,narrow,PACER-A,4,2608,350,4,1.0,1,0,0,0,0,1,6,4,6
2,2,narrow,PACER-X,4,2608,350,4,1.0,1,0,0,0,0,1,6,4,6
2,3,cold,PostFilter-IVF,2,2608,350,1,0.5,0,0,0,0,0,0,1200,1,1200
2,3,cold,StaleNoRecheck,2,2608,350,1,0.5,0,0,0,0,0,0,1200,1,1200
2,3,cold,NaiveNoPolicy,2,2608,350,10,0.5,0,1,0,9,7,0,1200,1200,0
2,3,cold,PACER-A,2,2608,350,2,1.0,1,0,0,0,0,1,2,2,2
2,3,cold,PACER-X,2,2608,350,2,1.0,1,0,0,0,0,1,2,2,2
2,4,broad,PostFilter-IVF,4245,2608,350,10,1.0,1,0,0,0,0,0,1045,461,1045
2,4,broad,StaleNoRecheck,4245,2608,350,10,0.8,0,1,1,0,0,0,1045,627,1045
2,4,broad,NaiveNoPolicy,4245,2608,350,10,0.5,0,1,1,0,3,0,1045,1045,0
2,4,broad,PACER-A,4245,2608,350,10,1.0,1,0,0,0,0,0,1200,894,1200
2,4,broad,PACER-X,4245,2608,350,10,1.0,1,0,0,0,0,1,5681,4245,5681
2,5,medium,PostFilter-IVF,258,2608,350,10,0.7,0,0,0,0,0,0,1200,32,1200
2,5,medium,StaleNoRecheck,258,2608,350,10,0.7,0,2,0,0,0,0,1200,44,1200
2,5,medium,NaiveNoPolicy,258,2608,350,10,0.1,0,2,2,7,5,0,1200,1200,0
2,5,medium,PACER-A,258,2608,350,10,1.0,1,0,0,0,0,1,340,258,340
2,5,medium,PACER-X,258,2608,350,10,1.0,1,0,0,0,0,1,340,258,340
2,6,narrow,PostFilter-IVF,3,2608,350,1,0.3333333333333333,0,0,0,0,0,0,1200,1,1200
2,6,narrow,StaleNoRecheck,3,2608,350,1,0.3333333333333333,0,0,0,0,0,0,1200,1,1200
2,6,narrow,NaiveNoPolicy,3,2608,350,10,0.3333333333333333,0,2,0,9,8,0,1200,1200,0
2,6,narrow,PACER-A,3,2608,350,3,1.0,1,0,0,0,0,1,3,3,3
2,6,narrow,PACER-X,3,2608,350,3,1.0,1,0,0,0,0,1,3,3,3
2,7,cold,PostFilter-IVF,2,2608,350,1,0.5,0,0,0,0,0,0,1200,1,1200
2,7,cold,StaleNoRecheck,2,2608,350,1,0.5,0,0,0,0,0,0,1200,1,1200
2,7,cold,NaiveNoPolicy,2,2608,350,10,0.5,0,2,0,9,7,0,1200,1200,0
2,7,cold,PACER-A,2,2608,350,2,1.0,1,0,0,0,0,1,2,2,2
2,7,cold,PACER-X,2,2608,350,2,1.0,1,0,0,0,0,1,2,2,2
2,8,broad,PostFilter-IVF,4511,2608,350,10,0.8,0,0,0,0,0,0,1200,543,1200
2,8,broad,StaleNoRecheck,4511,2608,350,10,0.8,0,1,0,0,0,0,1200,728,1200
2,8,broad,NaiveNoPolicy,4511,2608,350,10,0.6,0,0,0,0,4,0,1200,1200,0
2,8,broad,PACER-A,4511,2608,350,10,0.9,0,0,0,0,0,0,1200,892,1200
2,8,broad,PACER-X,4511,2608,350,10,1.0,1,0,0,0,0,1,6016,4511,6016
2,9,medium,PostFilter-IVF,288,2608,350,10,0.9,0,0,0,0,0,0,1200,35,1200
2,9,medium,StaleNoRecheck,288,2608,350,10,0.9,0,1,0,0,0,0,1200,45,1200
2,9,medium,NaiveNoPolicy,288,2608,350,10,0.0,0,2,0,7,8,0,1200,1200,0
2,9,medium,PACER-A,288,2608,350,10,1.0,1,0,0,0,0,1,368,288,368
2,9,medium,PACER-X,288,2608,350,10,1.0,1,0,0,0,0,1,368,288,368
2,10,narrow,PostFilter-IVF,3,2608,350,0,0.0,0,0,0,0,0,0,1134,0,1134
2,10,narrow,StaleNoRecheck,3,2608,350,0,0.0,0,0,0,0,0,0,1134,0,1134
2,10,narrow,NaiveNoPolicy,3,2608,350,10,0.0,0,4,1,10,10,0,1134,1134,0
2,10,narrow,PACER-A,3,2608,350,3,1.0,1,0,0,0,0,1,4,3,4
2,10,narrow,PACER-X,3,2608,350,3,1.0,1,0,0,0,0,1,4,3,4
2,11,cold,PostFilter-IVF,5,2608,350,1,0.2,0,0,0,0,0,0,1200,1,1200
2,11,cold,StaleNoRecheck,5,2608,350,1,0.2,0,0,0,0,0,0,1200,1,1200
2,11,cold,NaiveNoPolicy,5,2608,350,10,0.2,0,3,0,9,8,0,1200,1200,0
2,11,cold,PACER-A,5,2608,350,5,1.0,1,0,0,0,0,1,5,5,5
2,11,cold,PACER-X,5,2608,350,5,1.0,1,0,0,0,0,1,5,5,5
2,12,broad,PostFilter-IVF,4791,2608,350,10,0.7,0,0,0,0,0,0,1019,454,1019
2,12,broad,StaleNoRecheck,4791,2608,350,10,0.7,0,3,0,0,0,0,1019,607,1019
2,12,broad,NaiveNoPolicy,4791,2608,350,10,0.5,0,2,1,0,3,0,1019,1019,0
2,12,broad,PACER-A,4791,2608,350,10,0.8,0,0,0,0,0,0,1200,904,1200
2,12,broad,PACER-X,4791,2608,350,10,1.0,1,0,0,0,0,1,6377,4791,6377
2,13,medium,PostFilter-IVF,271,2608,350,10,0.9,0,0,0,0,0,0,1200,45,1200
2,13,medium,StaleNoRecheck,271,2608,350,10,0.7,0,3,0,0,0,0,1200,55,1200
2,13,medium,NaiveNoPolicy,271,2608,350,10,0.1,0,4,1,7,4,0,1200,1200,0
2,13,medium,PACER-A,271,2608,350,10,1.0,1,0,0,0,0,1,358,271,358
2,13,medium,PACER-X,271,2608,350,10,1.0,1,0,0,0,0,1,358,271,358
2,14,narrow,PostFilter-IVF,4,2608,350,1,0.25,0,0,0,0,0,0,1200,1,1200
2,14,narrow,StaleNoRecheck,4,2608,350,1,0.25,0,0,0,0,0,0,1200,1,1200
2,14,narrow,NaiveNoPolicy,4,2608,350,10,0.25,0,1,0,9,7,0,1200,1200,0
2,14,narrow,PACER-A,4,2608,350,4,1.0,1,0,0,0,0,1,5,4,5
2,14,narrow,PACER-X,4,2608,350,4,1.0,1,0,0,0,0,1,5,4,5
2,15,cold,PostFilter-IVF,2,2608,350,1,0.5,0,0,0,0,0,0,1200,1,1200
2,15,cold,StaleNoRecheck,2,2608,350,1,0.5,0,0,0,0,0,0,1200,1,1200
2,15,cold,NaiveNoPolicy,2,2608,350,10,0.5,0,1,0,9,7,0,1200,1200,0
2,15,cold,PACER-A,2,2608,350,2,1.0,1,0,0,0,0,1,2,2,2
2,15,cold,PACER-X,2,2608,350,2,1.0,1,0,0,0,0,1,2,2,2
2,16,broad,PostFilter-IVF,4668,2608,350,10,0.1,0,0,0,0,0,0,1200,504,1200
2,16,broad,StaleNoRecheck,4668,2608,350,10,0.1,0,2,0,0,0,0,1200,662,1200
2,16,broad,NaiveNoPolicy,4668,2608,350,10,0.1,0,3,0,0,4,0,1200,1200,0
2,16,broad,PACER-A,4668,2608,350,10,0.1,0,0,0,0,0,0,1200,904,1200
2,16,broad,PACER-X,4668,2608,350,10,1.0,1,0,0,0,0,1,6201,4668,6201
2,17,medium,PostFilter-IVF,245,2608,350,10,0.5,0,0,0,0,0,0,1200,31,1200
2,17,medium,StaleNoRecheck,245,2608,350,10,0.5,0,4,1,0,0,0,1200,46,1200
2,17,medium,NaiveNoPolicy,245,2608,350,10,0.1,0,2,0,8,6,0,1200,1200,0
2,17,medium,PACER-A,245,2608,350,10,1.0,1,0,0,0,0,1,330,245,330
2,17,medium,PACER-X,245,2608,350,10,1.0,1,0,0,0,0,1,330,245,330
2,18,narrow,PostFilter-IVF,3,2608,350,0,0.0,0,0,0,0,0,0,1200,0,1200
2,18,narrow,StaleNoRecheck,3,2608,350,0,0.0,0,0,0,0,0,0,1200,0,1200
2,18,narrow,NaiveNoPolicy,3,2608,350,10,0.0,0,2,0,10,10,0,1200,1200,0
2,18,narrow,PACER-A,3,2608,350,3,1.0,1,0,0,0,0,1,6,3,6
2,18,narrow,PACER-X,3,2608,350,3,1.0,1,0,0,0,0,1,6,3,6
2,19,cold,PostFilter-IVF,4,2608,350,1,0.25,0,0,0,0,0,0,1200,1,1200
2,19,cold,StaleNoRecheck,4,2608,350,1,0.25,0,0,0,0,0,0,1200,1,1200
2,19,cold,NaiveNoPolicy,4,2608,350,10,0.25,0,2,0,9,9,0,1200,1200,0
2,19,cold,PACER-A,4,2608,350,4,1.0,1,0,0,0,0,1,5,4,5
2,19,cold,PACER-X,4,2608,350,4,1.0,1,0,0,0,0,1,5,4,5
2,20,broad,PostFilter-IVF,4604,2608,350,10,0.8,0,0,0,0,0,0,1200,579,1200
2,20,broad,StaleNoRecheck,4604,2608,350,10,0.6,0,4,0,0,0,0,1200,764,1200
2,20,broad,NaiveNoPolicy,4604,2608,350,10,0.6,0,3,0,0,2,0,1200,1200,0
2,20,broad,PACER-A,4604,2608,350,10,0.8,0,0,0,0,0,0,1200,913,1200
2,20,broad,PACER-X,4604,2608,350,10,1.0,1,0,0,0,0,1,6116,4604,6116
2,21,medium,PostFilter-IVF,252,2608,350,10,0.8,0,0,0,0,0,0,1200,28,1200
2,21,medium,StaleNoRecheck,252,2608,350,10,0.8,0,2,0,0,0,0,1200,42,1200
2,21,medium,NaiveNoPolicy,252,2608,350,10,0.0,0,4,0,6,8,0,1200,1200,0
2,21,medium,PACER-A,252,2608,350,10,1.0,1,0,0,0,0,1,337,252,337
2,21,medium,PACER-X,252,2608,350,10,1.0,1,0,0,0,0,1,337,252,337
2,22,narrow,PostFilter-IVF,10,2608,350,1,0.1,0,0,0,0,0,0,1200,1,1200
2,22,narrow,StaleNoRecheck,10,2608,350,2,0.1,0,1,0,0,0,0,1200,2,1200
2,22,narrow,NaiveNoPolicy,10,2608,350,10,0.1,0,1,0,9,8,0,1200,1200,0
2,22,narrow,PACER-A,10,2608,350,10,1.0,1,0,0,0,0,1,13,10,13
2,22,narrow,PACER-X,10,2608,350,10,1.0,1,0,0,0,0,1,13,10,13
2,23,cold,PostFilter-IVF,2,2608,350,2,1.0,1,0,0,0,0,0,1200,2,1200
2,23,cold,StaleNoRecheck,2,2608,350,3,1.0,0,1,0,0,0,0,1200,3,1200
2,23,cold,NaiveNoPolicy,2,2608,350,10,0.5,0,1,0,9,9,0,1200,1200,0
2,23,cold,PACER-A,2,2608,350,2,1.0,1,0,0,0,0,1,3,2,3
2,23,cold,PACER-X,2,2608,350,2,1.0,1,0,0,0,0,1,3,2,3
2,24,broad,PostFilter-IVF,4579,2608,350,10,0.6,0,0,0,0,0,0,1200,495,1200
2,24,broad,StaleNoRecheck,4579,2608,350,10,0.6,0,1,0,0,0,0,1200,674,1200
2,24,broad,NaiveNoPolicy,4579,2608,350,10,0.3,0,1,0,0,6,0,1200,1200,0
2,24,broad,PACER-A,4579,2608,350,10,0.7,0,0,0,0,0,0,1200,888,1200
2,24,broad,PACER-X,4579,2608,350,10,1.0,1,0,0,0,0,1,6146,4579,6146
2,25,medium,PostFilter-IVF,248,2608,350,10,1.0,1,0,0,0,0,0,1200,43,1200
2,25,medium,StaleNoRecheck,248,2608,350,10,0.8,0,2,0,0,0,0,1200,54,1200
2,25,medium,NaiveNoPolicy,248,2608,350,10,0.0,0,1,0,8,8,0,1200,1200,0
2,25,medium,PACER-A,248,2608,350,10,1.0,1,0,0,0,0,1,338,248,338
2,25,medium,PACER-X,248,2608,350,10,1.0,1,0,0,0,0,1,338,248,338
2,26,narrow,PostFilter-IVF,11,2608,350,1,0.1,0,0,0,0,0,0,1200,1,1200
2,26,narrow,StaleNoRecheck,11,2608,350,1,0.1,0,0,0,0,0,0,1200,1,1200
2,26,narrow,NaiveNoPolicy,11,2608,350,10,0.1,0,4,0,9,9,0,1200,1200,0
2,26,narrow,PACER-A,11,2608,350,10,1.0,1,0,0,0,0,1,13,11,13
2,26,narrow,PACER-X,11,2608,350,10,1.0,1,0,0,0,0,1,13,11,13
2,27,cold,PostFilter-IVF,6,2608,350,2,0.3333333333333333,0,0,0,0,0,0,1200,2,1200
2,27,cold,StaleNoRecheck,6,2608,350,3,0.3333333333333333,0,1,0,0,0,0,1200,3,1200
2,27,cold,NaiveNoPolicy,6,2608,350,10,0.16666666666666666,0,1,2,9,9,0,1200,1200,0
2,27,cold,PACER-A,6,2608,350,6,1.0,1,0,0,0,0,1,8,6,8
2,27,cold,PACER-X,6,2608,350,6,1.0,1,0,0,0,0,1,8,6,8
2,28,broad,PostFilter-IVF,4651,2608,350,10,0.7,0,0,0,0,0,0,1200,435,1200
2,28,broad,StaleNoRecheck,4651,2608,350,10,0.7,0,1,0,0,0,0,1200,562,1200
2,28,broad,NaiveNoPolicy,4651,2608,350,10,0.4,0,3,0,0,6,0,1200,1200,0
2,28,broad,PACER-A,4651,2608,350,10,0.9,0,0,0,0,0,0,1200,924,1200
2,28,broad,PACER-X,4651,2608,350,10,1.0,1,0,0,0,0,1,6159,4651,6159
2,29,medium,PostFilter-IVF,259,2608,350,10,0.4,0,0,0,0,0,0,1200,23,1200
2,29,medium,StaleNoRecheck,259,2608,350,10,0.4,0,2,0,0,0,0,1200,33,1200
2,29,medium,NaiveNoPolicy,259,2608,350,10,0.1,0,3,0,7,7,0,1200,1200,0
2,29,medium,PACER-A,259,2608,350,10,1.0,1,0,0,0,0,1,325,259,325
2,29,medium,PACER-X,259,2608,350,10,1.0,1,0,0,0,0,1,325,259,325
2,30,narrow,PostFilter-IVF,12,2608,350,8,0.6,0,0,0,0,0,0,1097,8,1097
2,30,narrow,StaleNoRecheck,12,2608,350,8,0.6,0,0,0,0,0,0,1097,8,1097
2,30,narrow,NaiveNoPolicy,12,2608,350,10,0.1,0,2,0,9,7,0,1097,1097,0
2,30,narrow,PACER-A,12,2608,350,10,1.0,1,0,0,0,0,1,13,12,13
2,30,narrow,PACER-X,12,2608,350,10,1.0,1,0,0,0,0,1,13,12,13
2,31,cold,PostFilter-IVF,1,2608,350,1,1.0,1,0,0,0,0,0,1173,1,1173
2,31,cold,StaleNoRecheck,1,2608,350,1,1.0,1,0,0,0,0,0,1173,1,1173
2,31,cold,NaiveNoPolicy,1,2608,350,10,1.0,0,2,0,9,9,0,1173,1173,0
2,31,cold,PACER-A,1,2608,350,1,1.0,1,0,0,0,0,1,1,1,1
2,31,cold,PACER-X,1,2608,350,1,1.0,1,0,0,0,0,1,1,1,1
3,0,broad,PostFilter-IVF,5055,1450,579,10,0.6,0,0,0,0,0,0,1200,502,1200
3,0,broad,StaleNoRecheck,5055,1450,579,10,0.6,0,0,0,0,0,0,1200,587,1200
3,0,broad,NaiveNoPolicy,5055,1450,579,10,0.4,0,1,0,0,6,0,1200,1200,0
3,0,broad,PACER-A,5055,1450,579,10,0.9,0,0,0,0,0,0,1200,1016,1200
3,0,broad,PACER-X,5055,1450,579,10,1.0,1,0,0,0,0,1,6086,5055,6086
3,1,medium,PostFilter-IVF,301,1450,579,10,1.0,1,0,0,0,0,0,1200,44,1200
3,1,medium,StaleNoRecheck,301,1450,579,10,1.0,1,0,0,0,0,0,1200,52,1200
3,1,medium,NaiveNoPolicy,301,1450,579,10,0.1,0,0,2,8,7,0,1200,1200,0
3,1,medium,PACER-A,301,1450,579,10,1.0,1,0,0,0,0,1,367,301,367
3,1,medium,PACER-X,301,1450,579,10,1.0,1,0,0,0,0,1,367,301,367
3,2,narrow,PostFilter-IVF,5,1450,579,4,0.8,0,0,0,0,0,0,1200,4,1200
3,2,narrow,StaleNoRecheck,5,1450,579,4,0.8,0,0,0,0,0,0,1200,4,1200
3,2,narrow,NaiveNoPolicy,5,1450,579,10,0.2,0,3,0,9,5,0,1200,1200,0
3,2,narrow,PACER-A,5,1450,579,5,1.0,1,0,0,0,0,1,6,5,6
3,2,narrow,PACER-X,5,1450,579,5,1.0,1,0,0,0,0,1,6,5,6
3,3,cold,PostFilter-IVF,2,1450,579,1,0.5,0,0,0,0,0,0,1200,1,1200
3,3,cold,StaleNoRecheck,2,1450,579,1,0.5,0,0,0,0,0,0,1200,1,1200
3,3,cold,NaiveNoPolicy,2,1450,579,10,0.5,0,0,0,9,7,0,1200,1200,0
3,3,cold,PACER-A,2,1450,579,2,1.0,1,0,0,0,0,1,2,2,2
3,3,cold,PACER-X,2,1450,579,2,1.0,1,0,0,0,0,1,2,2,2
3,4,broad,PostFilter-IVF,4691,1450,579,10,1.0,1,0,0,0,0,0,1045,514,1045
3,4,broad,StaleNoRecheck,4691,1450,579,10,0.8,0,1,1,0,0,0,1045,627,1045
3,4,broad,NaiveNoPolicy,4691,1450,579,10,0.5,0,1,1,0,3,0,1045,1045,0
3,4,broad,PACER-A,4691,1450,579,10,1.0,1,0,0,0,0,0,1200,983,1200
3,4,broad,PACER-X,4691,1450,579,10,1.0,1,0,0,0,0,1,5681,4691,5681
3,5,medium,PostFilter-IVF,283,1450,579,10,0.8,0,0,0,0,0,0,1200,37,1200
3,5,medium,StaleNoRecheck,283,1450,579,10,0.8,0,1,0,0,0,0,1200,44,1200
3,5,medium,NaiveNoPolicy,283,1450,579,10,0.1,0,0,2,7,5,0,1200,1200,0
3,5,medium,PACER-A,283,1450,579,10,1.0,1,0,0,0,0,1,340,283,340
3,5,medium,PACER-X,283,1450,579,10,1.0,1,0,0,0,0,1,340,283,340
3,6,narrow,PostFilter-IVF,3,1450,579,1,0.3333333333333333,0,0,0,0,0,0,1200,1,1200
3,6,narrow,StaleNoRecheck,3,1450,579,1,0.3333333333333333,0,0,0,0,0,0,1200,1,1200
3,6,narrow,NaiveNoPolicy,3,1450,579,10,0.3333333333333333,0,1,0,9,8,0,1200,1200,0
3,6,narrow,PACER-A,3,1450,579,3,1.0,1,0,0,0,0,1,3,3,3
3,6,narrow,PACER-X,3,1450,579,3,1.0,1,0,0,0,0,1,3,3,3
3,7,cold,PostFilter-IVF,2,1450,579,1,0.5,0,0,0,0,0,0,1200,1,1200
3,7,cold,StaleNoRecheck,2,1450,579,1,0.5,0,0,0,0,0,0,1200,1,1200
3,7,cold,NaiveNoPolicy,2,1450,579,10,0.5,0,1,1,9,7,0,1200,1200,0
3,7,cold,PACER-A,2,1450,579,2,1.0,1,0,0,0,0,1,2,2,2
3,7,cold,PACER-X,2,1450,579,2,1.0,1,0,0,0,0,1,2,2,2
3,8,broad,PostFilter-IVF,4970,1450,579,10,0.7,0,0,0,0,0,0,1200,604,1200
3,8,broad,StaleNoRecheck,4970,1450,579,10,0.7,0,1,0,0,0,0,1200,728,1200
3,8,broad,NaiveNoPolicy,4970,1450,579,10,0.6,0,0,0,0,4,0,1200,1200,0
3,8,broad,PACER-A,4970,1450,579,10,0.8,0,0,0,0,0,0,1200,994,1200
3,8,broad,PACER-X,4970,1450,579,10,1.0,1,0,0,0,0,1,6016,4970,6016
3,9,medium,PostFilter-IVF,315,1450,579,10,0.9,0,0,0,0,0,0,1200,37,1200
3,9,medium,StaleNoRecheck,315,1450,579,10,0.9,0,1,0,0,0,0,1200,45,1200
3,9,medium,NaiveNoPolicy,315,1450,579,10,0.0,0,1,0,7,8,0,1200,1200,0
3,9,medium,PACER-A,315,1450,579,10,1.0,1,0,0,0,0,1,368,315,368
3,9,medium,PACER-X,315,1450,579,10,1.0,1,0,0,0,0,1,368,315,368
3,10,narrow,PostFilter-IVF,3,1450,579,0,0.0,0,0,0,0,0,0,1134,0,1134
3,10,narrow,StaleNoRecheck,3,1450,579,0,0.0,0,0,0,0,0,0,1134,0,1134
3,10,narrow,NaiveNoPolicy,3,1450,579,10,0.0,0,3,1,10,10,0,1134,1134,0
3,10,narrow,PACER-A,3,1450,579,3,1.0,1,0,0,0,0,1,4,3,4
3,10,narrow,PACER-X,3,1450,579,3,1.0,1,0,0,0,0,1,4,3,4
3,11,cold,PostFilter-IVF,4,1450,579,1,0.25,0,0,0,0,0,0,1200,1,1200
3,11,cold,StaleNoRecheck,4,1450,579,1,0.25,0,0,0,0,0,0,1200,1,1200
3,11,cold,NaiveNoPolicy,4,1450,579,10,0.25,0,1,0,9,8,0,1200,1200,0
3,11,cold,PACER-A,4,1450,579,4,1.0,1,0,0,0,0,1,5,4,5
3,11,cold,PACER-X,4,1450,579,4,1.0,1,0,0,0,0,1,5,4,5
3,12,broad,PostFilter-IVF,5280,1450,579,10,0.7,0,0,0,0,0,0,1019,493,1019
3,12,broad,StaleNoRecheck,5280,1450,579,10,0.7,0,1,0,0,0,0,1019,607,1019
3,12,broad,NaiveNoPolicy,5280,1450,579,10,0.7,0,0,1,0,3,0,1019,1019,0
3,12,broad,PACER-A,5280,1450,579,10,0.9,0,0,0,0,0,0,1200,985,1200
3,12,broad,PACER-X,5280,1450,579,10,1.0,1,0,0,0,0,1,6377,5280,6377
3,13,medium,PostFilter-IVF,298,1450,579,10,0.9,0,0,0,0,0,0,1200,48,1200
3,13,medium,StaleNoRecheck,298,1450,579,10,0.8,0,2,0,0,0,0,1200,55,1200
3,13,medium,NaiveNoPolicy,298,1450,579,10,0.1,0,3,1,7,4,0,1200,1200,0
3,13,medium,PACER-A,298,1450,579,10,1.0,1,0,0,0,0,1,358,298,358
3,13,medium,PACER-X,298,1450,579,10,1.0,1,0,0,0,0,1,358,298,358
3,14,narrow,PostFilter-IVF,4,1450,579,0,0.0,0,0,0,0,0,0,1200,0,1200
3,14,narrow,StaleNoRecheck,4,1450,579,1,0.0,0,0,1,0,0,0,1200,1,1200
3,14,narrow,NaiveNoPolicy,4,1450,579,10,0.0,0,1,1,9,7,0,1200,1200,0
3,14,narrow,PACER-A,4,1450,579,4,1.0,1,0,0,0,0,1,5,4,5
3,14,narrow,PACER-X,4,1450,579,4,1.0,1,0,0,0,0,1,5,4,5
3,15,cold,PostFilter-IVF,2,1450,579,1,0.5,0,0,0,0,0,0,1200,1,1200
3,15,cold,StaleNoRecheck,2,1450,579,1,0.5,0,0,0,0,0,0,1200,1,1200
3,15,cold,NaiveNoPolicy,2,1450,579,10,0.5,0,0,1,9,7,0,1200,1200,0
3,15,cold,PACER-A,2,1450,579,2,1.0,1,0,0,0,0,1,2,2,2
3,15,cold,PACER-X,2,1450,579,2,1.0,1,0,0,0,0,1,2,2,2
3,16,broad,PostFilter-IVF,5160,1450,579,10,0.1,0,0,0,0,0,0,1200,563,1200
3,16,broad,StaleNoRecheck,5160,1450,579,10,0.1,0,0,0,0,0,0,1200,662,1200
3,16,broad,NaiveNoPolicy,5160,1450,579,10,0.1,0,1,0,0,4,0,1200,1200,0
3,16,broad,PACER-A,5160,1450,579,10,0.1,0,0,0,0,0,0,1200,1001,1200
3,16,broad,PACER-X,5160,1450,579,10,1.0,1,0,0,0,0,1,6201,5160,6201
3,17,medium,PostFilter-IVF,275,1450,579,10,0.5,0,0,0,0,0,0,1200,35,1200
3,17,medium,StaleNoRecheck,275,1450,579,10,0.5,0,3,1,0,0,0,1200,46,1200
3,17,medium,NaiveNoPolicy,275,1450,579,10,0.1,0,2,0,8,6,0,1200,1200,0
3,17,medium,PACER-A,275,1450,579,10,1.0,1,0,0,0,0,1,330,275,330
3,17,medium,PACER-X,275,1450,579,10,1.0,1,0,0,0,0,1,330,275,330
3,18,narrow,PostFilter-IVF,5,1450,579,0,0.0,0,0,0,0,0,0,1200,0,1200
3,18,narrow,StaleNoRecheck,5,1450,579,0,0.0,0,0,0,0,0,0,1200,0,1200
3,18,narrow,NaiveNoPolicy,5,1450,579,10,0.0,0,0,0,10,10,0,1200,1200,0
3,18,narrow,PACER-A,5,1450,579,5,1.0,1,0,0,0,0,1,6,5,6
3,18,narrow,PACER-X,5,1450,579,5,1.0,1,0,0,0,0,1,6,5,6
3,19,cold,PostFilter-IVF,4,1450,579,1,0.25,0,0,0,0,0,0,1200,1,1200
3,19,cold,StaleNoRecheck,4,1450,579,1,0.25,0,0,0,0,0,0,1200,1,1200
3,19,cold,NaiveNoPolicy,4,1450,579,10,0.25,0,1,0,9,9,0,1200,1200,0
3,19,cold,PACER-A,4,1450,579,4,1.0,1,0,0,0,0,1,5,4,5
3,19,cold,PACER-X,4,1450,579,4,1.0,1,0,0,0,0,1,5,4,5
3,20,broad,PostFilter-IVF,5067,1450,579,10,1.0,1,0,0,0,0,0,1200,641,1200
3,20,broad,StaleNoRecheck,5067,1450,579,10,0.8,0,2,0,0,0,0,1200,764,1200
3,20,broad,NaiveNoPolicy,5067,1450,579,10,0.8,0,1,1,0,2,0,1200,1200,0
3,20,broad,PACER-A,5067,1450,579,10,1.0,1,0,0,0,0,0,1200,998,1200
3,20,broad,PACER-X,5067,1450,579,10,1.0,1,0,0,0,0,1,6116,5067,6116
3,21,medium,PostFilter-IVF,284,1450,579,10,0.7,0,0,0,0,0,0,1200,34,1200
3,21,medium,StaleNoRecheck,284,1450,579,10,0.7,0,1,1,0,0,0,1200,42,1200
3,21,medium,NaiveNoPolicy,284,1450,579,10,0.1,0,2,0,6,8,0,1200,1200,0
3,21,medium,PACER-A,284,1450,579,10,1.0,1,0,0,0,0,1,337,284,337
3,21,medium,PACER-X,284,1450,579,10,1.0,1,0,0,0,0,1,337,284,337
3,22,narrow,PostFilter-IVF,11,1450,579,1,0.1,0,0,0,0,0,0,1200,1,1200
3,22,narrow,StaleNoRecheck,11,1450,579,2,0.1,0,1,0,0,0,0,1200,2,1200
3,22,narrow,NaiveNoPolicy,11,1450,579,10,0.1,0,0,0,9,8,0,1200,1200,0
3,22,narrow,PACER-A,11,1450,579,10,1.0,1,0,0,0,0,1,13,11,13
3,22,narrow,PACER-X,11,1450,579,10,1.0,1,0,0,0,0,1,13,11,13
3,23,cold,PostFilter-IVF,2,1450,579,2,1.0,1,0,0,0,0,0,1200,2,1200
3,23,cold,StaleNoRecheck,2,1450,579,3,1.0,0,1,0,0,0,0,1200,3,1200
3,23,cold,NaiveNoPolicy,2,1450,579,10,0.5,0,1,0,9,9,0,1200,1200,0
3,23,cold,PACER-A,2,1450,579,2,1.0,1,0,0,0,0,1,3,2,3
3,23,cold,PACER-X,2,1450,579,2,1.0,1,0,0,0,0,1,3,2,3
3,24,broad,PostFilter-IVF,5086,1450,579,10,0.5,0,0,0,0,0,0,1200,556,1200
3,24,broad,StaleNoRecheck,5086,1450,579,10,0.5,0,1,0,0,0,0,1200,674,1200
3,24,broad,NaiveNoPolicy,5086,1450,579,10,0.3,0,1,0,0,6,0,1200,1200,0
3,24,broad,PACER-A,5086,1450,579,10,0.6,0,0,0,0,0,0,1200,997,1200
3,24,broad,PACER-X,5086,1450,579,10,1.0,1,0,0,0,0,1,6146,5086,6146
3,25,medium,PostFilter-IVF,272,1450,579,10,1.0,1,0,0,0,0,0,1200,44,1200
3,25,medium,StaleNoRecheck,272,1450,579,10,0.9,0,1,0,0,0,0,1200,54,1200
3,25,medium,NaiveNoPolicy,272,1450,579,10,0.1,0,0,0,8,8,0,1200,1200,0
3,25,medium,PACER-A,272,1450,579,10,1.0,1,0,0,0,0,1,338,272,338
3,25,medium,PACER-X,272,1450,579,10,1.0,1,0,0,0,0,1,338,272,338
3,26,narrow,PostFilter-IVF,12,1450,579,1,0.1,0,0,0,0,0,0,1200,1,1200
3,26,narrow,StaleNoRecheck,12,1450,579,1,0.1,0,0,0,0,0,0,1200,1,1200
3,26,narrow,NaiveNoPolicy,12,1450,579,10,0.1,0,2,1,9,9,0,1200,1200,0
3,26,narrow,PACER-A,12,1450,579,10,1.0,1,0,0,0,0,1,13,12,13
3,26,narrow,PACER-X,12,1450,579,10,1.0,1,0,0,0,0,1,13,12,13
3,27,cold,PostFilter-IVF,7,1450,579,3,0.42857142857142855,0,0,0,0,0,0,1200,3,1200
3,27,cold,StaleNoRecheck,7,1450,579,3,0.42857142857142855,0,0,0,0,0,0,1200,3,1200
3,27,cold,NaiveNoPolicy,7,1450,579,10,0.14285714285714285,0,0,2,9,9,0,1200,1200,0
3,27,cold,PACER-A,7,1450,579,7,1.0,1,0,0,0,0,1,8,7,8
3,27,cold,PACER-X,7,1450,579,7,1.0,1,0,0,0,0,1,8,7,8
3,28,broad,PostFilter-IVF,5134,1450,579,10,0.6,0,0,0,0,0,0,1200,467,1200
3,28,broad,StaleNoRecheck,5134,1450,579,10,0.6,0,1,1,0,0,0,1200,562,1200
3,28,broad,NaiveNoPolicy,5134,1450,579,10,0.3,0,3,1,0,6,0,1200,1200,0
3,28,broad,PACER-A,5134,1450,579,10,0.8,0,0,0,0,0,0,1200,1000,1200
3,28,broad,PACER-X,5134,1450,579,10,1.0,1,0,0,0,0,1,6159,5134,6159
3,29,medium,PostFilter-IVF,281,1450,579,10,0.4,0,0,0,0,0,0,1200,27,1200
3,29,medium,StaleNoRecheck,281,1450,579,10,0.4,0,1,0,0,0,0,1200,33,1200
3,29,medium,NaiveNoPolicy,281,1450,579,10,0.1,0,1,0,7,7,0,1200,1200,0
3,29,medium,PACER-A,281,1450,579,10,1.0,1,0,0,0,0,1,325,281,325
3,29,medium,PACER-X,281,1450,579,10,1.0,1,0,0,0,0,1,325,281,325
3,30,narrow,PostFilter-IVF,13,1450,579,8,0.6,0,0,0,0,0,0,1097,8,1097
3,30,narrow,StaleNoRecheck,13,1450,579,8,0.6,0,0,0,0,0,0,1097,8,1097
3,30,narrow,NaiveNoPolicy,13,1450,579,10,0.1,0,1,0,9,7,0,1097,1097,0
3,30,narrow,PACER-A,13,1450,579,10,1.0,1,0,0,0,0,1,13,13,13
3,30,narrow,PACER-X,13,1450,579,10,1.0,1,0,0,0,0,1,13,13,13
3,31,cold,PostFilter-IVF,1,1450,579,1,1.0,1,0,0,0,0,0,1173,1,1173
3,31,cold,StaleNoRecheck,1,1450,579,1,1.0,1,0,0,0,0,0,1173,1,1173
3,31,cold,NaiveNoPolicy,1,1450,579,10,1.0,0,0,0,9,9,0,1173,1173,0
3,31,cold,PACER-A,1,1450,579,1,1.0,1,0,0,0,0,1,1,1,1
3,31,cold,PACER-X,1,1450,579,1,1.0,1,0,0,0,0,1,1,1,1
4,0,broad,PostFilter-IVF,5362,574,837,10,0.6,0,0,0,0,0,0,1200,519,1200
4,0,broad,StaleNoRecheck,5362,574,837,10,0.6,0,0,0,0,0,0,1200,587,1200
4,0,broad,NaiveNoPolicy,5362,574,837,10,0.4,0,0,1,0,6,0,1200,1200,0
4,0,broad,PACER-A,5362,574,837,10,0.8,0,0,0,0,0,0,1200,1067,1200
4,0,broad,PACER-X,5362,574,837,10,1.0,1,0,0,0,0,1,6086,5362,6086
4,1,medium,PostFilter-IVF,326,574,837,10,1.0,1,0,0,0,0,0,1200,48,1200
4,1,medium,StaleNoRecheck,326,574,837,10,1.0,1,0,0,0,0,0,1200,52,1200
4,1,medium,NaiveNoPolicy,326,574,837,10,0.1,0,0,2,8,7,0,1200,1200,0
4,1,medium,PACER-A,326,574,837,10,1.0,1,0,0,0,0,1,367,326,367
4,1,medium,PACER-X,326,574,837,10,1.0,1,0,0,0,0,1,367,326,367
4,2,narrow,PostFilter-IVF,5,574,837,4,0.8,0,0,0,0,0,0,1200,4,1200
4,2,narrow,StaleNoRecheck,5,574,837,4,0.8,0,0,0,0,0,0,1200,4,1200
4,2,narrow,NaiveNoPolicy,5,574,837,10,0.2,0,1,0,9,5,0,1200,1200,0
4,2,narrow,PACER-A,5,574,837,5,1.0,1,0,0,0,0,1,6,5,6
4,2,narrow,PACER-X,5,574,837,5,1.0,1,0,0,0,0,1,6,5,6
4,3,cold,PostFilter-IVF,2,574,837,1,0.5,0,0,0,0,0,0,1200,1,1200
4,3,cold,StaleNoRecheck,2,574,837,1,0.5,0,0,0,0,0,0,1200,1,1200
4,3,cold,NaiveNoPolicy,2,574,837,10,0.5,0,0,1,9,7,0,1200,1200,0
4,3,cold,PACER-A,2,574,837,2,1.0,1,0,0,0,0,1,2,2,2
4,3,cold,PACER-X,2,574,837,2,1.0,1,0,0,0,0,1,2,2,2
4,4,broad,PostFilter-IVF,4994,574,837,10,0.9,0,0,0,0,0,0,1045,549,1045
4,4,broad,StaleNoRecheck,4994,574,837,10,0.9,0,0,1,0,0,0,1045,627,1045
4,4,broad,NaiveNoPolicy,4994,574,837,10,0.6,0,0,1,0,3,0,1045,1045,0
4,4,broad,PACER-A,4994,574,837,10,0.9,0,0,0,0,0,0,1200,1043,1200
4,4,broad,PACER-X,4994,574,837,10,1.0,1,0,0,0,0,1,5681,4994,5681
4,5,medium,PostFilter-IVF,297,574,837,10,0.8,0,0,0,0,0,0,1200,39,1200
4,5,medium,StaleNoRecheck,297,574,837,10,0.8,0,1,0,0,0,0,1200,44,1200
4,5,medium,NaiveNoPolicy,297,574,837,10,0.1,0,0,3,7,5,0,1200,1200,0
4,5,medium,PACER-A,297,574,837,10,1.0,1,0,0,0,0,1,340,297,340
4,5,medium,PACER-X,297,574,837,10,1.0,1,0,0,0,0,1,340,297,340
4,6,narrow,PostFilter-IVF,3,574,837,1,0.3333333333333333,0,0,0,0,0,0,1200,1,1200
4,6,narrow,StaleNoRecheck,3,574,837,1,0.3333333333333333,0,0,0,0,0,0,1200,1,1200
4,6,narrow,NaiveNoPolicy,3,574,837,10,0.3333333333333333,0,0,0,9,8,0,1200,1200,0
4,6,narrow,PACER-A,3,574,837,3,1.0,1,0,0,0,0,1,3,3,3
4,6,narrow,PACER-X,3,574,837,3,1.0,1,0,0,0,0,1,3,3,3
4,7,cold,PostFilter-IVF,1,574,837,0,0.0,0,0,0,0,0,0,1200,0,1200
4,7,cold,StaleNoRecheck,1,574,837,1,0.0,0,0,1,0,0,0,1200,1,1200
4,7,cold,NaiveNoPolicy,1,574,837,10,0.0,0,0,2,9,7,0,1200,1200,0
4,7,cold,PACER-A,1,574,837,1,1.0,1,0,0,0,0,1,2,1,2
4,7,cold,PACER-X,1,574,837,1,1.0,1,0,0,0,0,1,2,1,2
4,8,broad,PostFilter-IVF,5293,574,837,10,0.7,0,0,0,0,0,0,1200,640,1200
4,8,broad,StaleNoRecheck,5293,574,837,10,0.7,0,0,0,0,0,0,1200,728,1200
4,8,broad,NaiveNoPolicy,5293,574,837,10,0.6,0,0,0,0,4,0,1200,1200,0
4,8,broad,PACER-A,5293,574,837,10,0.9,0,0,0,0,0,0,1200,1061,1200
4,8,broad,PACER-X,5293,574,837,10,1.0,1,0,0,0,0,1,6016,5293,6016
4,9,medium,PostFilter-IVF,336,574,837,10,1.0,1,0,0,0,0,0,1200,42,1200
4,9,medium,StaleNoRecheck,336,574,837,10,1.0,1,0,0,0,0,0,1200,45,1200
4,9,medium,NaiveNoPolicy,336,574,837,10,0.1,0,0,0,7,8,0,1200,1200,0
4,9,medium,PACER-A,336,574,837,10,1.0,1,0,0,0,0,1,368,336,368
4,9,medium,PACER-X,336,574,837,10,1.0,1,0,0,0,0,1,368,336,368
4,10,narrow,PostFilter-IVF,4,574,837,0,0.0,0,0,0,0,0,0,1134,0,1134
4,10,narrow,StaleNoRecheck,4,574,837,0,0.0,0,0,0,0,0,0,1134,0,1134
4,10,narrow,NaiveNoPolicy,4,574,837,10,0.0,0,2,1,10,10,0,1134,1134,0
4,10,narrow,PACER-A,4,574,837,4,1.0,1,0,0,0,0,1,4,4,4
4,10,narrow,PACER-X,4,574,837,4,1.0,1,0,0,0,0,1,4,4,4
4,11,cold,PostFilter-IVF,4,574,837,1,0.25,0,0,0,0,0,0,1200,1,1200
4,11,cold,StaleNoRecheck,4,574,837,1,0.25,0,0,0,0,0,0,1200,1,1200
4,11,cold,NaiveNoPolicy,4,574,837,10,0.25,0,0,0,9,8,0,1200,1200,0
4,11,cold,PACER-A,4,574,837,4,1.0,1,0,0,0,0,1,5,4,5
4,11,cold,PACER-X,4,574,837,4,1.0,1,0,0,0,0,1,5,4,5
4,12,broad,PostFilter-IVF,5634,574,837,10,0.7,0,0,0,0,0,0,1019,529,1019
4,12,broad,StaleNoRecheck,5634,574,837,10,0.7,0,0,0,0,0,0,1019,607,1019
4,12,broad,NaiveNoPolicy,5634,574,837,10,0.7,0,0,1,0,3,0,1019,1019,0
4,12,broad,PACER-A,5634,574,837,10,0.9,0,0,0,0,0,0,1200,1054,1200
4,12,broad,PACER-X,5634,574,837,10,1.0,1,0,0,0,0,1,6377,5634,6377
4,13,medium,PostFilter-IVF,323,574,837,10,1.0,1,0,0,0,0,0,1200,51,1200
4,13,medium,StaleNoRecheck,323,574,837,10,0.9,0,1,0,0,0,0,1200,55,1200
4,13,medium,NaiveNoPolicy,323,574,837,10,0.2,0,1,1,7,4,0,1200,1200,0
4,13,medium,PACER-A,323,574,837,10,1.0,1,0,0,0,0,1,358,323,358
4,13,medium,PACER-X,323,574,837,10,1.0,1,0,0,0,0,1,358,323,358
4,14,narrow,PostFilter-IVF,4,574,837,0,0.0,0,0,0,0,0,0,1200,0,1200
4,14,narrow,StaleNoRecheck,4,574,837,1,0.0,0,0,1,0,0,0,1200,1,1200
4,14,narrow,NaiveNoPolicy,4,574,837,10,0.0,0,0,1,9,7,0,1200,1200,0
4,14,narrow,PACER-A,4,574,837,4,1.0,1,0,0,0,0,1,5,4,5
4,14,narrow,PACER-X,4,574,837,4,1.0,1,0,0,0,0,1,5,4,5
4,15,cold,PostFilter-IVF,2,574,837,1,0.5,0,0,0,0,0,0,1200,1,1200
4,15,cold,StaleNoRecheck,2,574,837,1,0.5,0,0,0,0,0,0,1200,1,1200
4,15,cold,NaiveNoPolicy,2,574,837,10,0.5,0,0,1,9,7,0,1200,1200,0
4,15,cold,PACER-A,2,574,837,2,1.0,1,0,0,0,0,1,2,2,2
4,15,cold,PACER-X,2,574,837,2,1.0,1,0,0,0,0,1,2,2,2
4,16,broad,PostFilter-IVF,5494,574,837,10,0.1,0,0,0,0,0,0,1200,589,1200
4,16,broad,StaleNoRecheck,5494,574,837,10,0.1,0,0,0,0,0,0,1200,662,1200
4,16,broad,NaiveNoPolicy,5494,574,837,10,0.1,0,1,0,0,4,0,1200,1200,0
4,16,broad,PACER-A,5494,574,837,10,0.1,0,0,0,0,0,0,1200,1058,1200
4,16,broad,PACER-X,5494,574,837,10,1.0,1,0,0,0,0,1,6201,5494,6201
4,17,medium,PostFilter-IVF,289,574,837,10,0.6,0,0,0,0,0,0,1200,36,1200
4,17,medium,StaleNoRecheck,289,574,837,10,0.6,0,0,1,0,0,0,1200,46,1200
4,17,medium,NaiveNoPolicy,289,574,837,10,0.1,0,2,1,8,6,0,1200,1200,0
4,17,medium,PACER-A,289,574,837,10,1.0,1,0,0,0,0,1,330,289,330
4,17,medium,PACER-X,289,574,837,10,1.0,1,0,0,0,0,1,330,289,330
4,18,narrow,PostFilter-IVF,6,574,837,0,0.0,0,0,0,0,0,0,1200,0,1200
4,18,narrow,StaleNoRecheck,6,574,837,0,0.0,0,0,0,0,0,0,1200,0,1200
4,18,narrow,NaiveNoPolicy,6,574,837,10,0.0,0,0,0,10,10,0,1200,1200,0
4,18,narrow,PACER-A,6,574,837,6,1.0,1,0,0,0,0,1,6,6,6
4,18,narrow,PACER-X,6,574,837,6,1.0,1,0,0,0,0,1,6,6,6
4,19,cold,PostFilter-IVF,5,574,837,1,0.2,0,0,0,0,0,0,1200,1,1200
4,19,cold,StaleNoRecheck,5,574,837,1,0.2,0,0,0,0,0,0,1200,1,1200
4,19,cold,NaiveNoPolicy,5,574,837,10,0.2,0,1,0,9,9,0,1200,1200,0
4,19,cold,PACER-A,5,574,837,5,1.0,1,0,0,0,0,1,5,5,5
4,19,cold,PACER-X,5,574,837,5,1.0,1,0,0,0,0,1,5,5,5
4,20,broad,PostFilter-IVF,5398,574,837,10,1.0,1,0,0,0,0,0,1200,681,1200
4,20,broad,StaleNoRecheck,5398,574,837,10,1.0,1,0,0,0,0,0,1200,764,1200
4,20,broad,NaiveNoPolicy,5398,574,837,10,0.8,0,1,1,0,2,0,1200,1200,0
4,20,broad,PACER-A,5398,574,837,10,1.0,1,0,0,0,0,0,1200,1065,1200
4,20,broad,PACER-X,5398,574,837,10,1.0,1,0,0,0,0,1,6116,5398,6116
4,21,medium,PostFilter-IVF,300,574,837,10,0.7,0,0,0,0,0,0,1200,38,1200
4,21,medium,StaleNoRecheck,300,574,837,10,0.7,0,0,1,0,0,0,1200,42,1200
4,21,medium,NaiveNoPolicy,300,574,837,10,0.1,0,0,0,6,8,0,1200,1200,0
4,21,medium,PACER-A,300,574,837,10,1.0,1,0,0,0,0,1,337,300,337
4,21,medium,PACER-X,300,574,837,10,1.0,1,0,0,0,0,1,337,300,337
4,22,narrow,PostFilter-IVF,12,574,837,1,0.1,0,0,0,0,0,0,1200,1,1200
4,22,narrow,StaleNoRecheck,12,574,837,2,0.1,0,1,0,0,0,0,1200,2,1200
4,22,narrow,NaiveNoPolicy,12,574,837,10,0.1,0,0,1,9,8,0,1200,1200,0
4,22,narrow,PACER-A,12,574,837,10,1.0,1,0,0,0,0,1,13,12,13
4,22,narrow,PACER-X,12,574,837,10,1.0,1,0,0,0,0,1,13,12,13
4,23,cold,PostFilter-IVF,3,574,837,3,1.0,1,0,0,0,0,0,1200,3,1200
4,23,cold,StaleNoRecheck,3,574,837,3,1.0,1,0,0,0,0,0,1200,3,1200
4,23,cold,NaiveNoPolicy,3,574,837,10,0.3333333333333333,0,0,0,9,9,0,1200,1200,0
4,23,cold,PACER-A,3,574,837,3,1.0,1,0,0,0,0,1,3,3,3
4,23,cold,PACER-X,3,574,837,3,1.0,1,0,0,0,0,1,3,3,3
4,24,broad,PostFilter-IVF,5439,574,837,10,0.5,0,0,0,0,0,0,1200,582,1200
4,24,broad,StaleNoRecheck,5439,574,837,10,0.5,0,0,1,0,0,0,1200,674,1200
4,24,broad,NaiveNoPolicy,5439,574,837,10,0.3,0,0,1,0,6,0,1200,1200,0
4,24,broad,PACER-A,5439,574,837,10,0.6,0,0,0,0,0,0,1200,1052,1200
4,24,broad,PACER-X,5439,574,837,10,1.0,1,0,0,0,0,1,6146,5439,6146
4,25,medium,PostFilter-IVF,293,574,837,10,1.0,1,0,0,0,0,0,1200,49,1200
4,25,medium,StaleNoRecheck,293,574,837,10,0.9,0,1,0,0,0,0,1200,54,1200
4,25,medium,NaiveNoPolicy,293,574,837,10,0.1,0,0,0,8,8,0,1200,1200,0
4,25,medium,PACER-A,293,574,837,10,1.0,1,0,0,0,0,1,338,293,338
4,25,medium,PACER-X,293,574,837,10,1.0,1,0,0,0,0,1,338,293,338
4,26,narrow,PostFilter-IVF,12,574,837,1,0.1,0,0,0,0,0,0,1200,1,1200
4,26,narrow,StaleNoRecheck,12,574,837,1,0.1,0,0,0,0,0,0,1200,1,1200
4,26,narrow,NaiveNoPolicy,12,574,837,10,0.1,0,1,1,9,9,0,1200,1200,0
4,26,narrow,PACER-A,12,574,837,10,1.0,1,0,0,0,0,1,13,12,13
4,26,narrow,PACER-X,12,574,837,10,1.0,1,0,0,0,0,1,13,12,13
4,27,cold,PostFilter-IVF,8,574,837,3,0.375,0,0,0,0,0,0,1200,3,1200
4,27,cold,StaleNoRecheck,8,574,837,3,0.375,0,0,0,0,0,0,1200,3,1200
4,27,cold,NaiveNoPolicy,8,574,837,10,0.125,0,0,2,9,9,0,1200,1200,0
4,27,cold,PACER-A,8,574,837,8,1.0,1,0,0,0,0,1,8,8,8
4,27,cold,PACER-X,8,574,837,8,1.0,1,0,0,0,0,1,8,8,8
4,28,broad,PostFilter-IVF,5443,574,837,10,0.6,0,0,0,0,0,0,1200,496,1200
4,28,broad,StaleNoRecheck,5443,574,837,10,0.6,0,0,1,0,0,0,1200,562,1200
4,28,broad,NaiveNoPolicy,5443,574,837,10,0.3,0,1,1,0,6,0,1200,1200,0
4,28,broad,PACER-A,5443,574,837,10,0.8,0,0,0,0,0,0,1200,1064,1200
4,28,broad,PACER-X,5443,574,837,10,1.0,1,0,0,0,0,1,6159,5443,6159
4,29,medium,PostFilter-IVF,295,574,837,10,0.4,0,0,0,0,0,0,1200,31,1200
4,29,medium,StaleNoRecheck,295,574,837,10,0.4,0,0,1,0,0,0,1200,33,1200
4,29,medium,NaiveNoPolicy,295,574,837,10,0.0,0,1,2,7,7,0,1200,1200,0
4,29,medium,PACER-A,295,574,837,10,1.0,1,0,0,0,0,1,325,295,325
4,29,medium,PACER-X,295,574,837,10,1.0,1,0,0,0,0,1,325,295,325
4,30,narrow,PostFilter-IVF,13,574,837,8,0.6,0,0,0,0,0,0,1097,8,1097
4,30,narrow,StaleNoRecheck,13,574,837,8,0.6,0,0,0,0,0,0,1097,8,1097
4,30,narrow,NaiveNoPolicy,13,574,837,10,0.1,0,1,0,9,7,0,1097,1097,0
4,30,narrow,PACER-A,13,574,837,10,1.0,1,0,0,0,0,1,13,13,13
4,30,narrow,PACER-X,13,574,837,10,1.0,1,0,0,0,0,1,13,13,13
4,31,cold,PostFilter-IVF,1,574,837,1,1.0,1,0,0,0,0,0,1173,1,1173
4,31,cold,StaleNoRecheck,1,574,837,1,1.0,1,0,0,0,0,0,1173,1,1173
4,31,cold,NaiveNoPolicy,1,574,837,10,1.0,0,0,0,9,9,0,1173,1173,0
4,31,cold,PACER-A,1,574,837,1,1.0,1,0,0,0,0,1,1,1,1
4,31,cold,PACER-X,1,574,837,1,1.0,1,0,0,0,0,1,1,1,1
5,0,broad,PostFilter-IVF,5515,0,1123,10,0.6,0,0,0,0,0,0,1200,535,1200
5,0,broad,StaleNoRecheck,5515,0,1123,10,0.6,0,0,0,0,0,0,1200,587,1200
5,0,broad,NaiveNoPolicy,5515,0,1123,10,0.4,0,0,1,0,6,0,1200,1200,0
5,0,broad,PACER-A,5515,0,1123,10,0.8,0,0,0,0,0,0,1200,1091,1200
5,0,broad,PACER-X,5515,0,1123,10,1.0,1,0,0,0,0,1,6086,5515,6086
5,1,medium,PostFilter-IVF,340,0,1123,10,1.0,1,0,0,0,0,0,1200,48,1200
5,1,medium,StaleNoRecheck,340,0,1123,10,1.0,1,0,0,0,0,0,1200,52,1200
5,1,medium,NaiveNoPolicy,340,0,1123,10,0.1,0,0,2,8,7,0,1200,1200,0
5,1,medium,PACER-A,340,0,1123,10,1.0,1,0,0,0,0,1,367,340,367
5,1,medium,PACER-X,340,0,1123,10,1.0,1,0,0,0,0,1,367,340,367
5,2,narrow,PostFilter-IVF,5,0,1123,4,0.8,0,0,0,0,0,0,1200,4,1200
5,2,narrow,StaleNoRecheck,5,0,1123,4,0.8,0,0,0,0,0,0,1200,4,1200
5,2,narrow,NaiveNoPolicy,5,0,1123,10,0.2,0,0,0,9,5,0,1200,1200,0
5,2,narrow,PACER-A,5,0,1123,5,1.0,1,0,0,0,0,1,6,5,6
5,2,narrow,PACER-X,5,0,1123,5,1.0,1,0,0,0,0,1,6,5,6
5,3,cold,PostFilter-IVF,2,0,1123,1,0.5,0,0,0,0,0,0,1200,1,1200
5,3,cold,StaleNoRecheck,2,0,1123,1,0.5,0,0,0,0,0,0,1200,1,1200
5,3,cold,NaiveNoPolicy,2,0,1123,10,0.5,0,0,1,9,7,0,1200,1200,0
5,3,cold,PACER-A,2,0,1123,2,1.0,1,0,0,0,0,1,2,2,2
5,3,cold,PACER-X,2,0,1123,2,1.0,1,0,0,0,0,1,2,2,2
5,4,broad,PostFilter-IVF,5169,0,1123,10,0.9,0,0,0,0,0,0,1045,572,1045
5,4,broad,StaleNoRecheck,5169,0,1123,10,0.8,0,0,2,0,0,0,1045,627,1045
5,4,broad,NaiveNoPolicy,5169,0,1123,10,0.6,0,0,1,0,3,0,1045,1045,0
5,4,broad,PACER-A,5169,0,1123,10,0.9,0,0,0,0,0,0,1200,1078,1200
5,4,broad,PACER-X,5169,0,1123,10,1.0,1,0,0,0,0,1,5681,5169,5681
5,5,medium,PostFilter-IVF,310,0,1123,10,0.8,0,0,0,0,0,0,1200,43,1200
5,5,medium,StaleNoRecheck,310,0,1123,10,0.8,0,0,0,0,0,0,1200,44,1200
5,5,medium,NaiveNoPolicy,310,0,1123,10,0.1,0,0,3,7,5,0,1200,1200,0
5,5,medium,PACER-A,310,0,1123,10,1.0,1,0,0,0,0,1,340,310,340
5,5,medium,PACER-X,310,0,1123,10,1.0,1,0,0,0,0,1,340,310,340
5,6,narrow,PostFilter-IVF,3,0,1123,1,0.3333333333333333,0,0,0,0,0,0,1200,1,1200
5,6,narrow,StaleNoRecheck,3,0,1123,1,0.3333333333333333,0,0,0,0,0,0,1200,1,1200
5,6,narrow,NaiveNoPolicy,3,0,1123,10,0.3333333333333333,0,0,0,9,8,0,1200,1200,0
5,6,narrow,PACER-A,3,0,1123,3,1.0,1,0,0,0,0,1,3,3,3
5,6,narrow,PACER-X,3,0,1123,3,1.0,1,0,0,0,0,1,3,3,3
5,7,cold,PostFilter-IVF,1,0,1123,0,0.0,0,0,0,0,0,0,1200,0,1200
5,7,cold,StaleNoRecheck,1,0,1123,1,0.0,0,0,1,0,0,0,1200,1,1200
5,7,cold,NaiveNoPolicy,1,0,1123,10,0.0,0,0,3,9,7,0,1200,1200,0
5,7,cold,PACER-A,1,0,1123,1,1.0,1,0,0,0,0,1,2,1,2
5,7,cold,PACER-X,1,0,1123,1,1.0,1,0,0,0,0,1,2,1,2
5,8,broad,PostFilter-IVF,5435,0,1123,10,0.7,0,0,0,0,0,0,1200,659,1200
5,8,broad,StaleNoRecheck,5435,0,1123,10,0.7,0,0,0,0,0,0,1200,728,1200
5,8,broad,NaiveNoPolicy,5435,0,1123,10,0.6,0,0,0,0,4,0,1200,1200,0
5,8,broad,PACER-A,5435,0,1123,10,0.9,0,0,0,0,0,0,1200,1081,1200
5,8,broad,PACER-X,5435,0,1123,10,1.0,1,0,0,0,0,1,6016,5435,6016
5,9,medium,PostFilter-IVF,347,0,1123,10,1.0,1,0,0,0,0,0,1200,45,1200
5,9,medium,StaleNoRecheck,347,0,1123,10,1.0,1,0,0,0,0,0,1200,45,1200
5,9,medium,NaiveNoPolicy,347,0,1123,10,0.1,0,0,0,7,8,0,1200,1200,0
5,9,medium,PACER-A,347,0,1123,10,1.0,1,0,0,0,0,1,368,347,368
5,9,medium,PACER-X,347,0,1123,10,1.0,1,0,0,0,0,1,368,347,368
5,10,narrow,PostFilter-IVF,4,0,1123,0,0.0,0,0,0,0,0,0,1134,0,1134
5,10,narrow,StaleNoRecheck,4,0,1123,0,0.0,0,0,0,0,0,0,1134,0,1134
5,10,narrow,NaiveNoPolicy,4,0,1123,10,0.0,0,0,1,10,10,0,1134,1134,0
5,10,narrow,PACER-A,4,0,1123,4,1.0,1,0,0,0,0,1,4,4,4
5,10,narrow,PACER-X,4,0,1123,4,1.0,1,0,0,0,0,1,4,4,4
5,11,cold,PostFilter-IVF,4,0,1123,1,0.25,0,0,0,0,0,0,1200,1,1200
5,11,cold,StaleNoRecheck,4,0,1123,1,0.25,0,0,0,0,0,0,1200,1,1200
5,11,cold,NaiveNoPolicy,4,0,1123,10,0.25,0,0,0,9,8,0,1200,1200,0
5,11,cold,PACER-A,4,0,1123,4,1.0,1,0,0,0,0,1,5,4,5
5,11,cold,PACER-X,4,0,1123,4,1.0,1,0,0,0,0,1,5,4,5
5,12,broad,PostFilter-IVF,5796,0,1123,10,0.7,0,0,0,0,0,0,1019,554,1019
5,12,broad,StaleNoRecheck,5796,0,1123,10,0.7,0,0,0,0,0,0,1019,607,1019
5,12,broad,NaiveNoPolicy,5796,0,1123,10,0.7,0,0,1,0,3,0,1019,1019,0
5,12,broad,PACER-A,5796,0,1123,10,0.9,0,0,0,0,0,0,1200,1092,1200
5,12,broad,PACER-X,5796,0,1123,10,1.0,1,0,0,0,0,1,6377,5796,6377
5,13,medium,PostFilter-IVF,328,0,1123,10,1.0,1,0,0,0,0,0,1200,50,1200
5,13,medium,StaleNoRecheck,328,0,1123,10,0.9,0,0,1,0,0,0,1200,55,1200
5,13,medium,NaiveNoPolicy,328,0,1123,10,0.3,0,0,1,7,4,0,1200,1200,0
5,13,medium,PACER-A,328,0,1123,10,1.0,1,0,0,0,0,1,358,328,358
5,13,medium,PACER-X,328,0,1123,10,1.0,1,0,0,0,0,1,358,328,358
5,14,narrow,PostFilter-IVF,4,0,1123,0,0.0,0,0,0,0,0,0,1200,0,1200
5,14,narrow,StaleNoRecheck,4,0,1123,1,0.0,0,0,1,0,0,0,1200,1,1200
5,14,narrow,NaiveNoPolicy,4,0,1123,10,0.0,0,0,1,9,7,0,1200,1200,0
5,14,narrow,PACER-A,4,0,1123,4,1.0,1,0,0,0,0,1,5,4,5
5,14,narrow,PACER-X,4,0,1123,4,1.0,1,0,0,0,0,1,5,4,5
5,15,cold,PostFilter-IVF,2,0,1123,1,0.5,0,0,0,0,0,0,1200,1,1200
5,15,cold,StaleNoRecheck,2,0,1123,1,0.5,0,0,0,0,0,0,1200,1,1200
5,15,cold,NaiveNoPolicy,2,0,1123,10,0.5,0,0,1,9,7,0,1200,1200,0
5,15,cold,PACER-A,2,0,1123,2,1.0,1,0,0,0,0,1,2,2,2
5,15,cold,PACER-X,2,0,1123,2,1.0,1,0,0,0,0,1,2,2,2
5,16,broad,PostFilter-IVF,5651,0,1123,10,0.1,0,0,0,0,0,0,1200,605,1200
5,16,broad,StaleNoRecheck,5651,0,1123,10,0.1,0,0,0,0,0,0,1200,662,1200
5,16,broad,NaiveNoPolicy,5651,0,1123,10,0.1,0,0,0,0,4,0,1200,1200,0
5,16,broad,PACER-A,5651,0,1123,10,0.1,0,0,0,0,0,0,1200,1082,1200
5,16,broad,PACER-X,5651,0,1123,10,1.0,1,0,0,0,0,1,6201,5651,6201
5,17,medium,PostFilter-IVF,293,0,1123,10,0.6,0,0,0,0,0,0,1200,38,1200
5,17,medium,StaleNoRecheck,293,0,1123,10,0.6,0,0,1,0,0,0,1200,46,1200
5,17,medium,NaiveNoPolicy,293,0,1123,10,0.1,0,0,1,8,6,0,1200,1200,0
5,17,medium,PACER-A,293,0,1123,10,1.0,1,0,0,0,0,1,330,293,330
5,17,medium,PACER-X,293,0,1123,10,1.0,1,0,0,0,0,1,330,293,330
5,18,narrow,PostFilter-IVF,6,0,1123,0,0.0,0,0,0,0,0,0,1200,0,1200
5,18,narrow,StaleNoRecheck,6,0,1123,0,0.0,0,0,0,0,0,0,1200,0,1200
5,18,narrow,NaiveNoPolicy,6,0,1123,10,0.0,0,0,0,10,10,0,1200,1200,0
5,18,narrow,PACER-A,6,0,1123,6,1.0,1,0,0,0,0,1,6,6,6
5,18,narrow,PACER-X,6,0,1123,6,1.0,1,0,0,0,0,1,6,6,6
5,19,cold,PostFilter-IVF,5,0,1123,1,0.2,0,0,0,0,0,0,1200,1,1200
5,19,cold,StaleNoRecheck,5,0,1123,1,0.2,0,0,0,0,0,0,1200,1,1200
5,19,cold,NaiveNoPolicy,5,0,1123,10,0.2,0,0,0,9,9,0,1200,1200,0
5,19,cold,PACER-A,5,0,1123,5,1.0,1,0,0,0,0,1,5,5,5
5,19,cold,PACER-X,5,0,1123,5,1.0,1,0,0,0,0,1,5,5,5
5,20,broad,PostFilter-IVF,5544,0,1123,10,1.0,1,0,0,0,0,0,1200,698,1200
5,20,broad,StaleNoRecheck,5544,0,1123,10,1.0,1,0,0,0,0,0,1200,764,1200
5,20,broad,NaiveNoPolicy,5544,0,1123,10,0.8,0,0,1,0,2,0,1200,1200,0
5,20,broad,PACER-A,5544,0,1123,10,1.0,1,0,0,0,0,0,1200,1087,1200
5,20,broad,PACER-X,5544,0,1123,10,1.0,1,0,0,0,0,1,6116,5544,6116
5,21,medium,PostFilter-IVF,306,0,1123,10,0.7,0,0,0,0,0,0,1200,38,1200
5,21,medium,StaleNoRecheck,306,0,1123,10,0.7,0,0,2,0,0,0,1200,42,1200
5,21,medium,NaiveNoPolicy,306,0,1123,10,0.1,0,0,0,6,8,0,1200,1200,0
5,21,medium,PACER-A,306,0,1123,10,1.0,1,0,0,0,0,1,337,306,337
5,21,medium,PACER-X,306,0,1123,10,1.0,1,0,0,0,0,1,337,306,337
5,22,narrow,PostFilter-IVF,13,0,1123,2,0.2,0,0,0,0,0,0,1200,2,1200
5,22,narrow,StaleNoRecheck,13,0,1123,2,0.2,0,0,0,0,0,0,1200,2,1200
5,22,narrow,NaiveNoPolicy,13,0,1123,10,0.1,0,0,1,9,8,0,1200,1200,0
5,22,narrow,PACER-A,13,0,1123,10,1.0,1,0,0,0,0,1,13,13,13
5,22,narrow,PACER-X,13,0,1123,10,1.0,1,0,0,0,0,1,13,13,13
5,23,cold,PostFilter-IVF,3,0,1123,3,1.0,1,0,0,0,0,0,1200,3,1200
5,23,cold,StaleNoRecheck,3,0,1123,3,1.0,1,0,0,0,0,0,1200,3,1200
5,23,cold,NaiveNoPolicy,3,0,1123,10,0.3333333333333333,0,0,0,9,9,0,1200,1200,0
5,23,cold,PACER-A,3,0,1123,3,1.0,1,0,0,0,0,1,3,3,3
5,23,cold,PACER-X,3,0,1123,3,1.0,1,0,0,0,0,1,3,3,3
5,24,broad,PostFilter-IVF,5591,0,1123,10,0.5,0,0,0,0,0,0,1200,599,1200
5,24,broad,StaleNoRecheck,5591,0,1123,10,0.5,0,0,1,0,0,0,1200,674,1200
5,24,broad,NaiveNoPolicy,5591,0,1123,10,0.3,0,0,1,0,6,0,1200,1200,0
5,24,broad,PACER-A,5591,0,1123,10,0.6,0,0,0,0,0,0,1200,1077,1200
5,24,broad,PACER-X,5591,0,1123,10,1.0,1,0,0,0,0,1,6146,5591,6146
5,25,medium,PostFilter-IVF,301,0,1123,10,1.0,1,0,0,0,0,0,1200,51,1200
5,25,medium,StaleNoRecheck,301,0,1123,10,1.0,1,0,0,0,0,0,1200,54,1200
5,25,medium,NaiveNoPolicy,301,0,1123,10,0.1,0,0,1,8,8,0,1200,1200,0
5,25,medium,PACER-A,301,0,1123,10,1.0,1,0,0,0,0,1,338,301,338
5,25,medium,PACER-X,301,0,1123,10,1.0,1,0,0,0,0,1,338,301,338
5,26,narrow,PostFilter-IVF,10,0,1123,0,0.0,0,0,0,0,0,0,1200,0,1200
5,26,narrow,StaleNoRecheck,10,0,1123,1,0.0,0,0,1,0,0,0,1200,1,1200
5,26,narrow,NaiveNoPolicy,10,0,1123,10,0.0,0,0,2,9,9,0,1200,1200,0
5,26,narrow,PACER-A,10,0,1123,10,1.0,1,0,0,0,0,1,13,10,13
5,26,narrow,PACER-X,10,0,1123,10,1.0,1,0,0,0,0,1,13,10,13
5,27,cold,PostFilter-IVF,8,0,1123,3,0.375,0,0,0,0,0,0,1200,3,1200
5,27,cold,StaleNoRecheck,8,0,1123,3,0.375,0,0,0,0,0,0,1200,3,1200
5,27,cold,NaiveNoPolicy,8,0,1123,10,0.125,0,0,2,9,9,0,1200,1200,0
5,27,cold,PACER-A,8,0,1123,8,1.0,1,0,0,0,0,1,8,8,8
5,27,cold,PACER-X,8,0,1123,8,1.0,1,0,0,0,0,1,8,8,8
5,28,broad,PostFilter-IVF,5610,0,1123,10,0.6,0,0,0,0,0,0,1200,512,1200
5,28,broad,StaleNoRecheck,5610,0,1123,10,0.6,0,0,1,0,0,0,1200,562,1200
5,28,broad,NaiveNoPolicy,5610,0,1123,10,0.3,0,0,2,0,6,0,1200,1200,0
5,28,broad,PACER-A,5610,0,1123,10,0.8,0,0,0,0,0,0,1200,1099,1200
5,28,broad,PACER-X,5610,0,1123,10,1.0,1,0,0,0,0,1,6159,5610,6159
5,29,medium,PostFilter-IVF,302,0,1123,10,0.4,0,0,0,0,0,0,1200,31,1200
5,29,medium,StaleNoRecheck,302,0,1123,10,0.4,0,0,1,0,0,0,1200,33,1200
5,29,medium,NaiveNoPolicy,302,0,1123,10,0.0,0,0,2,7,7,0,1200,1200,0
5,29,medium,PACER-A,302,0,1123,10,1.0,1,0,0,0,0,1,325,302,325
5,29,medium,PACER-X,302,0,1123,10,1.0,1,0,0,0,0,1,325,302,325
5,30,narrow,PostFilter-IVF,11,0,1123,7,0.7,0,0,0,0,0,0,1097,7,1097
5,30,narrow,StaleNoRecheck,11,0,1123,8,0.7,0,0,1,0,0,0,1097,8,1097
5,30,narrow,NaiveNoPolicy,11,0,1123,10,0.1,0,0,0,9,7,0,1097,1097,0
5,30,narrow,PACER-A,11,0,1123,10,1.0,1,0,0,0,0,1,13,11,13
5,30,narrow,PACER-X,11,0,1123,10,1.0,1,0,0,0,0,1,13,11,13
5,31,cold,PostFilter-IVF,1,0,1123,1,1.0,1,0,0,0,0,0,1173,1,1173
5,31,cold,StaleNoRecheck,1,0,1123,1,1.0,1,0,0,0,0,0,1173,1,1173
5,31,cold,NaiveNoPolicy,1,0,1123,10,1.0,0,0,1,9,9,0,1173,1173,0
5,31,cold,PACER-A,1,0,1123,1,1.0,1,0,0,0,0,1,1,1,1
5,31,cold,PACER-X,1,0,1123,1,1.0,1,0,0,0,0,1,1,1,1
6,0,broad,PostFilter-IVF,5346,0,1450,10,0.6,0,0,0,0,0,0,1200,513,1200
6,0,broad,StaleNoRecheck,5346,0,1450,10,0.6,0,0,0,0,0,0,1200,587,1200
6,0,broad,NaiveNoPolicy,5346,0,1450,10,0.4,0,0,1,0,6,0,1200,1200,0
6,0,broad,PACER-A,5346,0,1450,10,0.8,0,0,0,0,0,0,1200,1054,1200
6,0,broad,PACER-X,5346,0,1450,10,1.0,1,0,0,0,0,1,6086,5346,6086
6,1,medium,PostFilter-IVF,323,0,1450,10,1.0,1,0,0,0,0,0,1200,47,1200
6,1,medium,StaleNoRecheck,323,0,1450,10,1.0,1,0,0,0,0,0,1200,52,1200
6,1,medium,NaiveNoPolicy,323,0,1450,10,0.1,0,0,2,8,7,0,1200,1200,0
6,1,medium,PACER-A,323,0,1450,10,1.0,1,0,0,0,0,1,367,323,367
6,1,medium,PACER-X,323,0,1450,10,1.0,1,0,0,0,0,1,367,323,367
6,2,narrow,PostFilter-IVF,5,0,1450,4,0.8,0,0,0,0,0,0,1200,4,1200
6,2,narrow,StaleNoRecheck,5,0,1450,4,0.8,0,0,0,0,0,0,1200,4,1200
6,2,narrow,NaiveNoPolicy,5,0,1450,10,0.2,0,0,0,9,5,0,1200,1200,0
6,2,narrow,PACER-A,5,0,1450,5,1.0,1,0,0,0,0,1,6,5,6
6,2,narrow,PACER-X,5,0,1450,5,1.0,1,0,0,0,0,1,6,5,6
6,3,cold,PostFilter-IVF,2,0,1450,1,0.5,0,0,0,0,0,0,1200,1,1200
6,3,cold,StaleNoRecheck,2,0,1450,1,0.5,0,0,0,0,0,0,1200,1,1200
6,3,cold,NaiveNoPolicy,2,0,1450,10,0.5,0,0,1,9,7,0,1200,1200,0
6,3,cold,PACER-A,2,0,1450,2,1.0,1,0,0,0,0,1,2,2,2
6,3,cold,PACER-X,2,0,1450,2,1.0,1,0,0,0,0,1,2,2,2
6,4,broad,PostFilter-IVF,5016,0,1450,10,0.9,0,0,0,0,0,0,1045,558,1045
6,4,broad,StaleNoRecheck,5016,0,1450,10,0.8,0,0,2,0,0,0,1045,627,1045
6,4,broad,NaiveNoPolicy,5016,0,1450,10,0.6,0,0,1,0,3,0,1045,1045,0
6,4,broad,PACER-A,5016,0,1450,10,0.9,0,0,0,0,0,0,1200,1049,1200
6,4,broad,PACER-X,5016,0,1450,10,1.0,1,0,0,0,0,1,5681,5016,5681
6,5,medium,PostFilter-IVF,298,0,1450,10,0.8,0,0,0,0,0,0,1200,41,1200
6,5,medium,StaleNoRecheck,298,0,1450,10,0.8,0,0,0,0,0,0,1200,44,1200
6,5,medium,NaiveNoPolicy,298,0,1450,10,0.1,0,0,3,7,5,0,1200,1200,0
6,5,medium,PACER-A,298,0,1450,10,1.0,1,0,0,0,0,1,340,298,340
6,5,medium,PACER-X,298,0,1450,10,1.0,1,0,0,0,0,1,340,298,340
6,6,narrow,PostFilter-IVF,3,0,1450,1,0.3333333333333333,0,0,0,0,0,0,1200,1,1200
6,6,narrow,StaleNoRecheck,3,0,1450,1,0.3333333333333333,0,0,0,0,0,0,1200,1,1200
6,6,narrow,NaiveNoPolicy,3,0,1450,10,0.3333333333333333,0,0,0,9,8,0,1200,1200,0
6,6,narrow,PACER-A,3,0,1450,3,1.0,1,0,0,0,0,1,3,3,3
6,6,narrow,PACER-X,3,0,1450,3,1.0,1,0,0,0,0,1,3,3,3
6,7,cold,PostFilter-IVF,1,0,1450,0,0.0,0,0,0,0,0,0,1200,0,1200
6,7,cold,StaleNoRecheck,1,0,1450,1,0.0,0,0,1,0,0,0,1200,1,1200
6,7,cold,NaiveNoPolicy,1,0,1450,10,0.0,0,0,3,9,7,0,1200,1200,0
6,7,cold,PACER-A,1,0,1450,1,1.0,1,0,0,0,0,1,2,1,2
6,7,cold,PACER-X,1,0,1450,1,1.0,1,0,0,0,0,1,2,1,2
6,8,broad,PostFilter-IVF,5271,0,1450,10,0.7,0,0,0,0,0,0,1200,642,1200
6,8,broad,StaleNoRecheck,5271,0,1450,10,0.7,0,0,0,0,0,0,1200,728,1200
6,8,broad,NaiveNoPolicy,5271,0,1450,10,0.6,0,0,1,0,4,0,1200,1200,0
6,8,broad,PACER-A,5271,0,1450,10,0.9,0,0,0,0,0,0,1200,1050,1200
6,8,broad,PACER-X,5271,0,1450,10,1.0,1,0,0,0,0,1,6016,5271,6016
6,9,medium,PostFilter-IVF,341,0,1450,10,1.0,1,0,0,0,0,0,1200,45,1200
6,9,medium,StaleNoRecheck,341,0,1450,10,1.0,1,0,0,0,0,0,1200,45,1200
6,9,medium,NaiveNoPolicy,341,0,1450,10,0.1,0,0,0,7,8,0,1200,1200,0
6,9,medium,PACER-A,341,0,1450,10,1.0,1,0,0,0,0,1,368,341,368
6,9,medium,PACER-X,341,0,1450,10,1.0,1,0,0,0,0,1,368,341,368
6,10,narrow,PostFilter-IVF,4,0,1450,0,0.0,0,0,0,0,0,0,1134,0,1134
6,10,narrow,StaleNoRecheck,4,0,1450,0,0.0,0,0,0,0,0,0,1134,0,1134
6,10,narrow,NaiveNoPolicy,4,0,1450,10,0.0,0,0,1,10,10,0,1134,1134,0
6,10,narrow,PACER-A,4,0,1450,4,1.0,1,0,0,0,0,1,4,4,4
6,10,narrow,PACER-X,4,0,1450,4,1.0,1,0,0,0,0,1,4,4,4
6,11,cold,PostFilter-IVF,4,0,1450,1,0.25,0,0,0,0,0,0,1200,1,1200
6,11,cold,StaleNoRecheck,4,0,1450,1,0.25,0,0,0,0,0,0,1200,1,1200
6,11,cold,NaiveNoPolicy,4,0,1450,10,0.25,0,0,1,9,8,0,1200,1200,0
6,11,cold,PACER-A,4,0,1450,4,1.0,1,0,0,0,0,1,5,4,5
6,11,cold,PACER-X,4,0,1450,4,1.0,1,0,0,0,0,1,5,4,5
6,12,broad,PostFilter-IVF,5632,0,1450,10,0.7,0,0,0,0,0,0,1019,536,1019
6,12,broad,StaleNoRecheck,5632,0,1450,10,0.7,0,0,0,0,0,0,1019,607,1019
6,12,broad,NaiveNoPolicy,5632,0,1450,10,0.7,0,0,1,0,3,0,1019,1019,0
6,12,broad,PACER-A,5632,0,1450,10,0.9,0,0,0,0,0,0,1200,1064,1200
6,12,broad,PACER-X,5632,0,1450,10,1.0,1,0,0,0,0,1,6377,5632,6377
6,13,medium,PostFilter-IVF,317,0,1450,10,0.9,0,0,0,0,0,0,1200,47,1200
6,13,medium,StaleNoRecheck,317,0,1450,10,0.8,0,0,2,0,0,0,1200,55,1200
6,13,medium,NaiveNoPolicy,317,0,1450,10,0.3,0,0,1,7,4,0,1200,1200,0
6,13,medium,PACER-A,317,0,1450,10,1.0,1,0,0,0,0,1,358,317,358
6,13,medium,PACER-X,317,0,1450,10,1.0,1,0,0,0,0,1,358,317,358
6,14,narrow,PostFilter-IVF,4,0,1450,0,0.0,0,0,0,0,0,0,1200,0,1200
6,14,narrow,StaleNoRecheck,4,0,1450,1,0.0,0,0,1,0,0,0,1200,1,1200
6,14,narrow,NaiveNoPolicy,4,0,1450,10,0.0,0,0,1,9,7,0,1200,1200,0
6,14,narrow,PACER-A,4,0,1450,4,1.0,1,0,0,0,0,1,5,4,5
6,14,narrow,PACER-X,4,0,1450,4,1.0,1,0,0,0,0,1,5,4,5
6,15,cold,PostFilter-IVF,2,0,1450,1,0.5,0,0,0,0,0,0,1200,1,1200
6,15,cold,StaleNoRecheck,2,0,1450,1,0.5,0,0,0,0,0,0,1200,1,1200
6,15,cold,NaiveNoPolicy,2,0,1450,10,0.5,0,0,1,9,7,0,1200,1200,0
6,15,cold,PACER-A,2,0,1450,2,1.0,1,0,0,0,0,1,2,2,2
6,15,cold,PACER-X,2,0,1450,2,1.0,1,0,0,0,0,1,2,2,2
6,16,broad,PostFilter-IVF,5485,0,1450,10,0.1,0,0,0,0,0,0,1200,585,1200
6,16,broad,StaleNoRecheck,5485,0,1450,10,0.1,0,0,0,0,0,0,1200,662,1200
6,16,broad,NaiveNoPolicy,5485,0,1450,10,0.1,0,0,0,0,4,0,1200,1200,0
6,16,broad,PACER-A,5485,0,1450,10,0.1,0,0,0,0,0,0,1200,1047,1200
6,16,broad,PACER-X,5485,0,1450,10,1.0,1,0,0,0,0,1,6201,5485,6201
6,17,medium,PostFilter-IVF,283,0,1450,10,0.6,0,0,0,0,0,0,1200,37,1200
6,17,medium,StaleNoRecheck,283,0,1450,10,0.6,0,0,1,0,0,0,1200,46,1200
6,17,medium,NaiveNoPolicy,283,0,1450,10,0.1,0,0,1,8,6,0,1200,1200,0
6,17,medium,PACER-A,283,0,1450,10,1.0,1,0,0,0,0,1,330,283,330
6,17,medium,PACER-X,283,0,1450,10,1.0,1,0,0,0,0,1,330,283,330
6,18,narrow,PostFilter-IVF,6,0,1450,0,0.0,0,0,0,0,0,0,1200,0,1200
6,18,narrow,StaleNoRecheck,6,0,1450,0,0.0,0,0,0,0,0,0,1200,0,1200
6,18,narrow,NaiveNoPolicy,6,0,1450,10,0.0,0,0,1,10,10,0,1200,1200,0
6,18,narrow,PACER-A,6,0,1450,6,1.0,1,0,0,0,0,1,6,6,6
6,18,narrow,PACER-X,6,0,1450,6,1.0,1,0,0,0,0,1,6,6,6
6,19,cold,PostFilter-IVF,5,0,1450,1,0.2,0,0,0,0,0,0,1200,1,1200
6,19,cold,StaleNoRecheck,5,0,1450,1,0.2,0,0,0,0,0,0,1200,1,1200
6,19,cold,NaiveNoPolicy,5,0,1450,10,0.2,0,0,0,9,9,0,1200,1200,0
6,19,cold,PACER-A,5,0,1450,5,1.0,1,0,0,0,0,1,5,5,5
6,19,cold,PACER-X,5,0,1450,5,1.0,1,0,0,0,0,1,5,5,5
6,20,broad,PostFilter-IVF,5377,0,1450,10,1.0,1,0,0,0,0,0,1200,681,1200
6,20,broad,StaleNoRecheck,5377,0,1450,10,1.0,1,0,0,0,0,0,1200,764,1200
6,20,broad,NaiveNoPolicy,5377,0,1450,10,0.8,0,0,1,0,2,0,1200,1200,0
6,20,broad,PACER-A,5377,0,1450,10,1.0,1,0,0,0,0,0,1200,1057,1200
6,20,broad,PACER-X,5377,0,1450,10,1.0,1,0,0,0,0,1,6116,5377,6116
6,21,medium,PostFilter-IVF,302,0,1450,10,0.7,0,0,0,0,0,0,1200,38,1200
6,21,medium,StaleNoRecheck,302,0,1450,10,0.7,0,0,2,0,0,0,1200,42,1200
6,21,medium,NaiveNoPolicy,302,0,1450,10,0.1,0,0,0,6,8,0,1200,1200,0
6,21,medium,PACER-A,302,0,1450,10,1.0,1,0,0,0,0,1,337,302,337
6,21,medium,PACER-X,302,0,1450,10,1.0,1,0,0,0,0,1,337,302,337
6,22,narrow,PostFilter-IVF,11,0,1450,2,0.2,0,0,0,0,0,0,1200,2,1200
6,22,narrow,StaleNoRecheck,11,0,1450,2,0.2,0,0,0,0,0,0,1200,2,1200
6,22,narrow,NaiveNoPolicy,11,0,1450,10,0.1,0,0,1,9,8,0,1200,1200,0
6,22,narrow,PACER-A,11,0,1450,10,1.0,1,0,0,0,0,1,13,11,13
6,22,narrow,PACER-X,11,0,1450,10,1.0,1,0,0,0,0,1,13,11,13
6,23,cold,PostFilter-IVF,3,0,1450,3,1.0,1,0,0,0,0,0,1200,3,1200
6,23,cold,StaleNoRecheck,3,0,1450,3,1.0,1,0,0,0,0,0,1200,3,1200
6,23,cold,NaiveNoPolicy,3,0,1450,10,0.3333333333333333,0,0,0,9,9,0,1200,1200,0
6,23,cold,PACER-A,3,0,1450,3,1.0,1,0,0,0,0,1,3,3,3
6,23,cold,PACER-X,3,0,1450,3,1.0,1,0,0,0,0,1,3,3,3
6,24,broad,PostFilter-IVF,5418,0,1450,10,0.5,0,0,0,0,0,0,1200,587,1200
6,24,broad,StaleNoRecheck,5418,0,1450,10,0.5,0,0,1,0,0,0,1200,674,1200
6,24,broad,NaiveNoPolicy,5418,0,1450,10,0.3,0,0,1,0,6,0,1200,1200,0
6,24,broad,PACER-A,5418,0,1450,10,0.6,0,0,0,0,0,0,1200,1055,1200
6,24,broad,PACER-X,5418,0,1450,10,1.0,1,0,0,0,0,1,6146,5418,6146
6,25,medium,PostFilter-IVF,291,0,1450,10,1.0,1,0,0,0,0,0,1200,50,1200
6,25,medium,StaleNoRecheck,291,0,1450,10,1.0,1,0,0,0,0,0,1200,54,1200
6,25,medium,NaiveNoPolicy,291,0,1450,10,0.1,0,0,1,8,8,0,1200,1200,0
6,25,medium,PACER-A,291,0,1450,10,1.0,1,0,0,0,0,1,338,291,338
6,25,medium,PACER-X,291,0,1450,10,1.0,1,0,0,0,0,1,338,291,338
6,26,narrow,PostFilter-IVF,8,0,1450,0,0.0,0,0,0,0,0,0,1200,0,1200
6,26,narrow,StaleNoRecheck,8,0,1450,1,0.0,0,0,1,0,0,0,1200,1,1200
6,26,narrow,NaiveNoPolicy,8,0,1450,10,0.0,0,0,2,9,9,0,1200,1200,0
6,26,narrow,PACER-A,8,0,1450,8,1.0,1,0,0,0,0,1,13,8,13
6,26,narrow,PACER-X,8,0,1450,8,1.0,1,0,0,0,0,1,13,8,13
6,27,cold,PostFilter-IVF,7,0,1450,3,0.42857142857142855,0,0,0,0,0,0,1200,3,1200
6,27,cold,StaleNoRecheck,7,0,1450,3,0.42857142857142855,0,0,0,0,0,0,1200,3,1200
6,27,cold,NaiveNoPolicy,7,0,1450,10,0.14285714285714285,0,0,2,9,9,0,1200,1200,0
6,27,cold,PACER-A,7,0,1450,7,1.0,1,0,0,0,0,1,8,7,8
6,27,cold,PACER-X,7,0,1450,7,1.0,1,0,0,0,0,1,8,7,8
6,28,broad,PostFilter-IVF,5449,0,1450,10,0.6,0,0,0,0,0,0,1200,497,1200
6,28,broad,StaleNoRecheck,5449,0,1450,10,0.6,0,0,1,0,0,0,1200,562,1200
6,28,broad,NaiveNoPolicy,5449,0,1450,10,0.3,0,0,3,0,6,0,1200,1200,0
6,28,broad,PACER-A,5449,0,1450,10,0.8,0,0,0,0,0,0,1200,1066,1200
6,28,broad,PACER-X,5449,0,1450,10,1.0,1,0,0,0,0,1,6159,5449,6159
6,29,medium,PostFilter-IVF,286,0,1450,10,0.4,0,0,0,0,0,0,1200,30,1200
6,29,medium,StaleNoRecheck,286,0,1450,10,0.4,0,0,2,0,0,0,1200,33,1200
6,29,medium,NaiveNoPolicy,286,0,1450,10,0.0,0,0,2,7,7,0,1200,1200,0
6,29,medium,PACER-A,286,0,1450,10,1.0,1,0,0,0,0,1,325,286,325
6,29,medium,PACER-X,286,0,1450,10,1.0,1,0,0,0,0,1,325,286,325
6,30,narrow,PostFilter-IVF,11,0,1450,7,0.7,0,0,0,0,0,0,1097,7,1097
6,30,narrow,StaleNoRecheck,11,0,1450,8,0.7,0,0,1,0,0,0,1097,8,1097
6,30,narrow,NaiveNoPolicy,11,0,1450,10,0.1,0,0,0,9,7,0,1097,1097,0
6,30,narrow,PACER-A,11,0,1450,10,1.0,1,0,0,0,0,1,13,11,13
6,30,narrow,PACER-X,11,0,1450,10,1.0,1,0,0,0,0,1,13,11,13
6,31,cold,PostFilter-IVF,1,0,1450,1,1.0,1,0,0,0,0,0,1173,1,1173
6,31,cold,StaleNoRecheck,1,0,1450,1,1.0,1,0,0,0,0,0,1173,1,1173
6,31,cold,NaiveNoPolicy,1,0,1450,10,1.0,0,0,1,9,9,0,1173,1173,0
6,31,cold,PACER-A,1,0,1450,1,1.0,1,0,0,0,0,1,1,1,1
6,31,cold,PACER-X,1,0,1450,1,1.0,1,0,0,0,0,1,1,1,1
7,0,broad,PostFilter-IVF,5200,0,1755,10,0.6,0,0,0,0,0,0,1200,499,1200
7,0,broad,StaleNoRecheck,5200,0,1755,10,0.6,0,0,0,0,0,0,1200,587,1200
7,0,broad,NaiveNoPolicy,5200,0,1755,10,0.4,0,0,1,0,6,0,1200,1200,0
7,0,broad,PACER-A,5200,0,1755,10,0.8,0,0,0,0,0,0,1200,1027,1200
7,0,broad,PACER-X,5200,0,1755,10,1.0,1,0,0,0,0,1,6086,5200,6086
7,1,medium,PostFilter-IVF,312,0,1755,10,1.0,1,0,0,0,0,0,1200,46,1200
7,1,medium,StaleNoRecheck,312,0,1755,10,1.0,1,0,0,0,0,0,1200,52,1200
7,1,medium,NaiveNoPolicy,312,0,1755,10,0.1,0,0,2,8,7,0,1200,1200,0
7,1,medium,PACER-A,312,0,1755,10,1.0,1,0,0,0,0,1,367,312,367
7,1,medium,PACER-X,312,0,1755,10,1.0,1,0,0,0,0,1,367,312,367
7,2,narrow,PostFilter-IVF,4,0,1755,3,0.75,0,0,0,0,0,0,1200,3,1200
7,2,narrow,StaleNoRecheck,4,0,1755,4,0.75,0,0,1,0,0,0,1200,4,1200
7,2,narrow,NaiveNoPolicy,4,0,1755,10,0.0,0,0,3,9,5,0,1200,1200,0
7,2,narrow,PACER-A,4,0,1755,4,1.0,1,0,0,0,0,1,6,4,6
7,2,narrow,PACER-X,4,0,1755,4,1.0,1,0,0,0,0,1,6,4,6
7,3,cold,PostFilter-IVF,2,0,1755,1,0.5,0,0,0,0,0,0,1200,1,1200
7,3,cold,StaleNoRecheck,2,0,1755,1,0.5,0,0,0,0,0,0,1200,1,1200
7,3,cold,NaiveNoPolicy,2,0,1755,10,0.5,0,0,1,9,7,0,1200,1200,0
7,3,cold,PACER-A,2,0,1755,2,1.0,1,0,0,0,0,1,2,2,2
7,3,cold,PACER-X,2,0,1755,2,1.0,1,0,0,0,0,1,2,2,2
7,4,broad,PostFilter-IVF,4865,0,1755,10,0.9,0,0,0,0,0,0,1045,540,1045
7,4,broad,StaleNoRecheck,4865,0,1755,10,0.8,0,0,2,0,0,0,1045,627,1045
7,4,broad,NaiveNoPolicy,4865,0,1755,10,0.6,0,0,1,0,3,0,1045,1045,0
7,4,broad,PACER-A,4865,0,1755,10,0.9,0,0,0,0,0,0,1200,1013,1200
7,4,broad,PACER-X,4865,0,1755,10,1.0,1,0,0,0,0,1,5681,4865,5681
7,5,medium,PostFilter-IVF,288,0,1755,10,0.8,0,0,0,0,0,0,1200,40,1200
7,5,medium,StaleNoRecheck,288,0,1755,10,0.8,0,0,1,0,0,0,1200,44,1200
7,5,medium,NaiveNoPolicy,288,0,1755,10,0.1,0,0,3,7,5,0,1200,1200,0
7,5,medium,PACER-A,288,0,1755,10,1.0,1,0,0,0,0,1,340,288,340
7,5,medium,PACER-X,288,0,1755,10,1.0,1,0,0,0,0,1,340,288,340
7,6,narrow,PostFilter-IVF,3,0,1755,1,0.3333333333333333,0,0,0,0,0,0,1200,1,1200
7,6,narrow,StaleNoRecheck,3,0,1755,1,0.3333333333333333,0,0,0,0,0,0,1200,1,1200
7,6,narrow,NaiveNoPolicy,3,0,1755,10,0.3333333333333333,0,0,0,9,8,0,1200,1200,0
7,6,narrow,PACER-A,3,0,1755,3,1.0,1,0,0,0,0,1,3,3,3
7,6,narrow,PACER-X,3,0,1755,3,1.0,1,0,0,0,0,1,3,3,3
7,7,cold,PostFilter-IVF,1,0,1755,0,0.0,0,0,0,0,0,0,1200,0,1200
7,7,cold,StaleNoRecheck,1,0,1755,1,0.0,0,0,1,0,0,0,1200,1,1200
7,7,cold,NaiveNoPolicy,1,0,1755,10,0.0,0,0,3,9,7,0,1200,1200,0
7,7,cold,PACER-A,1,0,1755,1,1.0,1,0,0,0,0,1,2,1,2
7,7,cold,PACER-X,1,0,1755,1,1.0,1,0,0,0,0,1,2,1,2
7,8,broad,PostFilter-IVF,5098,0,1755,10,0.8,0,0,0,0,0,0,1200,617,1200
7,8,broad,StaleNoRecheck,5098,0,1755,10,0.8,0,0,0,0,0,0,1200,728,1200
7,8,broad,NaiveNoPolicy,5098,0,1755,10,0.6,0,0,1,0,4,0,1200,1200,0
7,8,broad,PACER-A,5098,0,1755,10,0.9,0,0,0,0,0,0,1200,1006,1200
7,8,broad,PACER-X,5098,0,1755,10,1.0,1,0,0,0,0,1,6016,5098,6016
7,9,medium,PostFilter-IVF,333,0,1755,10,1.0,1,0,0,0,0,0,1200,44,1200
7,9,medium,StaleNoRecheck,333,0,1755,10,1.0,1,0,0,0,0,0,1200,45,1200
7,9,medium,NaiveNoPolicy,333,0,1755,10,0.1,0,0,0,7,8,0,1200,1200,0
7,9,medium,PACER-A,333,0,1755,10,1.0,1,0,0,0,0,1,368,333,368
7,9,medium,PACER-X,333,0,1755,10,1.0,1,0,0,0,0,1,368,333,368
7,10,narrow,PostFilter-IVF,4,0,1755,0,0.0,0,0,0,0,0,0,1134,0,1134
7,10,narrow,StaleNoRecheck,4,0,1755,0,0.0,0,0,0,0,0,0,1134,0,1134
7,10,narrow,NaiveNoPolicy,4,0,1755,10,0.0,0,0,1,10,10,0,1134,1134,0
7,10,narrow,PACER-A,4,0,1755,4,1.0,1,0,0,0,0,1,4,4,4
7,10,narrow,PACER-X,4,0,1755,4,1.0,1,0,0,0,0,1,4,4,4
7,11,cold,PostFilter-IVF,3,0,1755,1,0.3333333333333333,0,0,0,0,0,0,1200,1,1200
7,11,cold,StaleNoRecheck,3,0,1755,1,0.3333333333333333,0,0,0,0,0,0,1200,1,1200
7,11,cold,NaiveNoPolicy,3,0,1755,10,0.3333333333333333,0,0,1,9,8,0,1200,1200,0
7,11,cold,PACER-A,3,0,1755,3,1.0,1,0,0,0,0,1,5,3,5
7,11,cold,PACER-X,3,0,1755,3,1.0,1,0,0,0,0,1,5,3,5
7,12,broad,PostFilter-IVF,5469,0,1755,10,0.7,0,0,0,0,0,0,1019,517,1019
7,12,broad,StaleNoRecheck,5469,0,1755,10,0.7,0,0,0,0,0,0,1019,607,1019
7,12,broad,NaiveNoPolicy,5469,0,1755,10,0.7,0,0,1,0,3,0,1019,1019,0
7,12,broad,PACER-A,5469,0,1755,10,0.8,0,0,0,0,0,0,1200,1031,1200
7,12,broad,PACER-X,5469,0,1755,10,1.0,1,0,0,0,0,1,6377,5469,6377
7,13,medium,PostFilter-IVF,309,0,1755,10,0.9,0,0,0,0,0,0,1200,45,1200
7,13,medium,StaleNoRecheck,309,0,1755,10,0.8,0,0,2,0,0,0,1200,55,1200
7,13,medium,NaiveNoPolicy,309,0,1755,10,0.3,0,0,1,7,4,0,1200,1200,0
7,13,medium,PACER-A,309,0,1755,10,1.0,1,0,0,0,0,1,358,309,358
7,13,medium,PACER-X,309,0,1755,10,1.0,1,0,0,0,0,1,358,309,358
7,14,narrow,PostFilter-IVF,4,0,1755,0,0.0,0,0,0,0,0,0,1200,0,1200
7,14,narrow,StaleNoRecheck,4,0,1755,1,0.0,0,0,1,0,0,0,1200,1,1200
7,14,narrow,NaiveNoPolicy,4,0,1755,10,0.0,0,0,2,9,7,0,1200,1200,0
7,14,narrow,PACER-A,4,0,1755,4,1.0,1,0,0,0,0,1,5,4,5
7,14,narrow,PACER-X,4,0,1755,4,1.0,1,0,0,0,0,1,5,4,5
7,15,cold,PostFilter-IVF,2,0,1755,1,0.5,0,0,0,0,0,0,1200,1,1200
7,15,cold,StaleNoRecheck,2,0,1755,1,0.5,0,0,0,0,0,0,1200,1,1200
7,15,cold,NaiveNoPolicy,2,0,1755,10,0.5,0,0,3,9,7,0,1200,1200,0
7,15,cold,PACER-A,2,0,1755,2,1.0,1,0,0,0,0,1,2,2,2
7,15,cold,PACER-X,2,0,1755,2,1.0,1,0,0,0,0,1,2,2,2
7,16,broad,PostFilter-IVF,5324,0,1755,10,0.1,0,0,0,0,0,0,1200,576,1200
7,16,broad,StaleNoRecheck,5324,0,1755,10,0.1,0,0,0,0,0,0,1200,662,1200
7,16,broad,NaiveNoPolicy,5324,0,1755,10,0.1,0,0,0,0,4,0,1200,1200,0
7,16,broad,PACER-A,5324,0,1755,10,0.1,0,0,0,0,0,0,1200,1023,1200
7,16,broad,PACER-X,5324,0,1755,10,1.0,1,0,0,0,0,1,6201,5324,6201
7,17,medium,PostFilter-IVF,272,0,1755,10,0.7,0,0,0,0,0,0,1200,34,1200
7,17,medium,StaleNoRecheck,272,0,1755,10,0.7,0,0,1,0,0,0,1200,46,1200
7,17,medium,NaiveNoPolicy,272,0,1755,10,0.1,0,0,1,8,6,0,1200,1200,0
7,17,medium,PACER-A,272,0,1755,10,1.0,1,0,0,0,0,1,330,272,330
7,17,medium,PACER-X,272,0,1755,10,1.0,1,0,0,0,0,1,330,272,330
7,18,narrow,PostFilter-IVF,6,0,1755,0,0.0,0,0,0,0,0,0,1200,0,1200
7,18,narrow,StaleNoRecheck,6,0,1755,0,0.0,0,0,0,0,0,0,1200,0,1200
7,18,narrow,NaiveNoPolicy,6,0,1755,10,0.0,0,0,1,10,10,0,1200,1200,0
7,18,narrow,PACER-A,6,0,1755,6,1.0,1,0,0,0,0,1,6,6,6
7,18,narrow,PACER-X,6,0,1755,6,1.0,1,0,0,0,0,1,6,6,6
7,19,cold,PostFilter-IVF,5,0,1755,1,0.2,0,0,0,0,0,0,1200,1,1200
7,19,cold,StaleNoRecheck,5,0,1755,1,0.2,0,0,0,0,0,0,1200,1,1200
7,19,cold,NaiveNoPolicy,5,0,1755,10,0.2,0,0,1,9,9,0,1200,1200,0
7,19,cold,PACER-A,5,0,1755,5,1.0,1,0,0,0,0,1,5,5,5
7,19,cold,PACER-X,5,0,1755,5,1.0,1,0,0,0,0,1,5,5,5
7,20,broad,PostFilter-IVF,5230,0,1755,10,1.0,1,0,0,0,0,0,1200,659,1200
7,20,broad,StaleNoRecheck,5230,0,1755,10,1.0,1,0,0,0,0,0,1200,764,1200
7,20,broad,NaiveNoPolicy,5230,0,1755,10,0.8,0,0,1,0,2,0,1200,1200,0
7,20,broad,PACER-A,5230,0,1755,10,1.0,1,0,0,0,0,0,1200,1029,1200
7,20,broad,PACER-X,5230,0,1755,10,1.0,1,0,0,0,0,1,6116,5230,6116
7,21,medium,PostFilter-IVF,298,0,1755,10,0.7,0,0,0,0,0,0,1200,38,1200
7,21,medium,StaleNoRecheck,298,0,1755,10,0.7,0,0,2,0,0,0,1200,42,1200
7,21,medium,NaiveNoPolicy,298,0,1755,10,0.1,0,0,1,6,8,0,1200,1200,0
7,21,medium,PACER-A,298,0,1755,10,1.0,1,0,0,0,0,1,337,298,337
7,21,medium,PACER-X,298,0,1755,10,1.0,1,0,0,0,0,1,337,298,337
7,22,narrow,PostFilter-IVF,11,0,1755,2,0.2,0,0,0,0,0,0,1200,2,1200
7,22,narrow,StaleNoRecheck,11,0,1755,2,0.2,0,0,0,0,0,0,1200,2,1200
7,22,narrow,NaiveNoPolicy,11,0,1755,10,0.1,0,0,1,9,8,0,1200,1200,0
7,22,narrow,PACER-A,11,0,1755,10,1.0,1,0,0,0,0,1,13,11,13
7,22,narrow,PACER-X,11,0,1755,10,1.0,1,0,0,0,0,1,13,11,13
7,23,cold,PostFilter-IVF,3,0,1755,3,1.0,1,0,0,0,0,0,1200,3,1200
7,23,cold,StaleNoRecheck,3,0,1755,3,1.0,1,0,0,0,0,0,1200,3,1200
7,23,cold,NaiveNoPolicy,3,0,1755,10,0.3333333333333333,0,0,0,9,9,0,1200,1200,0
7,23,cold,PACER-A,3,0,1755,3,1.0,1,0,0,0,0,1,3,3,3
7,23,cold,PACER-X,3,0,1755,3,1.0,1,0,0,0,0,1,3,3,3
7,24,broad,PostFilter-IVF,5268,0,1755,10,0.5,0,0,0,0,0,0,1200,568,1200
7,24,broad,StaleNoRecheck,5268,0,1755,10,0.5,0,0,1,0,0,0,1200,674,1200
7,24,broad,NaiveNoPolicy,5268,0,1755,10,0.3,0,0,1,0,6,0,1200,1200,0
7,24,broad,PACER-A,5268,0,1755,10,0.6,0,0,0,0,0,0,1200,1014,1200
7,24,broad,PACER-X,5268,0,1755,10,1.0,1,0,0,0,0,1,6146,5268,6146
7,25,medium,PostFilter-IVF,281,0,1755,10,1.0,1,0,0,0,0,0,1200,45,1200
7,25,medium,StaleNoRecheck,281,0,1755,10,1.0,1,0,0,0,0,0,1200,54,1200
7,25,medium,NaiveNoPolicy,281,0,1755,10,0.1,0,0,2,8,8,0,1200,1200,0
7,25,medium,PACER-A,281,0,1755,10,1.0,1,0,0,0,0,1,338,281,338
7,25,medium,PACER-X,281,0,1755,10,1.0,1,0,0,0,0,1,338,281,338
7,26,narrow,PostFilter-IVF,8,0,1755,0,0.0,0,0,0,0,0,0,1200,0,1200
7,26,narrow,StaleNoRecheck,8,0,1755,1,0.0,0,0,1,0,0,0,1200,1,1200
7,26,narrow,NaiveNoPolicy,8,0,1755,10,0.0,0,0,2,9,9,0,1200,1200,0
7,26,narrow,PACER-A,8,0,1755,8,1.0,1,0,0,0,0,1,13,8,13
7,26,narrow,PACER-X,8,0,1755,8,1.0,1,0,0,0,0,1,13,8,13
7,27,cold,PostFilter-IVF,7,0,1755,3,0.42857142857142855,0,0,0,0,0,0,1200,3,1200
7,27,cold,StaleNoRecheck,7,0,1755,3,0.42857142857142855,0,0,0,0,0,0,1200,3,1200
7,27,cold,NaiveNoPolicy,7,0,1755,10,0.14285714285714285,0,0,3,9,9,0,1200,1200,0
7,27,cold,PACER-A,7,0,1755,7,1.0,1,0,0,0,0,1,8,7,8
7,27,cold,PACER-X,7,0,1755,7,1.0,1,0,0,0,0,1,8,7,8
7,28,broad,PostFilter-IVF,5285,0,1755,10,0.6,0,0,0,0,0,0,1200,484,1200
7,28,broad,StaleNoRecheck,5285,0,1755,10,0.6,0,0,1,0,0,0,1200,562,1200
7,28,broad,NaiveNoPolicy,5285,0,1755,10,0.3,0,0,3,0,6,0,1200,1200,0
7,28,broad,PACER-A,5285,0,1755,10,0.8,0,0,0,0,0,0,1200,1037,1200
7,28,broad,PACER-X,5285,0,1755,10,1.0,1,0,0,0,0,1,6159,5285,6159
7,29,medium,PostFilter-IVF,273,0,1755,10,0.4,0,0,0,0,0,0,1200,29,1200
7,29,medium,StaleNoRecheck,273,0,1755,10,0.4,0,0,2,0,0,0,1200,33,1200
7,29,medium,NaiveNoPolicy,273,0,1755,10,0.0,0,0,2,7,7,0,1200,1200,0
7,29,medium,PACER-A,273,0,1755,10,1.0,1,0,0,0,0,1,325,273,325
7,29,medium,PACER-X,273,0,1755,10,1.0,1,0,0,0,0,1,325,273,325
7,30,narrow,PostFilter-IVF,10,0,1755,6,0.6,0,0,0,0,0,0,1097,6,1097
7,30,narrow,StaleNoRecheck,10,0,1755,8,0.6,0,0,2,0,0,0,1097,8,1097
7,30,narrow,NaiveNoPolicy,10,0,1755,10,0.1,0,0,0,9,7,0,1097,1097,0
7,30,narrow,PACER-A,10,0,1755,10,1.0,1,0,0,0,0,1,13,10,13
7,30,narrow,PACER-X,10,0,1755,10,1.0,1,0,0,0,0,1,13,10,13
7,31,cold,PostFilter-IVF,1,0,1755,1,1.0,1,0,0,0,0,0,1173,1,1173
7,31,cold,StaleNoRecheck,1,0,1755,1,1.0,1,0,0,0,0,0,1173,1,1173
7,31,cold,NaiveNoPolicy,1,0,1755,10,1.0,0,0,1,9,9,0,1173,1173,0
7,31,cold,PACER-A,1,0,1755,1,1.0,1,0,0,0,0,1,1,1,1
7,31,cold,PACER-X,1,0,1755,1,1.0,1,0,0,0,0,1,1,1,1
8,0,broad,PostFilter-IVF,5111,0,1924,10,0.6,0,0,0,0,0,0,1200,486,1200
8,0,broad,StaleNoRecheck,5111,0,1924,10,0.6,0,0,0,0,0,0,1200,587,1200
8,0,broad,NaiveNoPolicy,5111,0,1924,10,0.4,0,0,1,0,6,0,1200,1200,0
8,0,broad,PACER-A,5111,0,1924,10,0.8,0,0,0,0,0,0,1200,1004,1200
8,0,broad,PACER-X,5111,0,1924,10,1.0,1,0,0,0,0,1,6086,5111,6086
8,1,medium,PostFilter-IVF,307,0,1924,10,1.0,1,0,0,0,0,0,1200,45,1200
8,1,medium,StaleNoRecheck,307,0,1924,10,1.0,1,0,0,0,0,0,1200,52,1200
8,1,medium,NaiveNoPolicy,307,0,1924,10,0.1,0,0,2,8,7,0,1200,1200,0
8,1,medium,PACER-A,307,0,1924,10,1.0,1,0,0,0,0,1,367,307,367
8,1,medium,PACER-X,307,0,1924,10,1.0,1,0,0,0,0,1,367,307,367
8,2,narrow,PostFilter-IVF,4,0,1924,3,0.75,0,0,0,0,0,0,1200,3,1200
8,2,narrow,StaleNoRecheck,4,0,1924,4,0.75,0,0,1,0,0,0,1200,4,1200
8,2,narrow,NaiveNoPolicy,4,0,1924,10,0.0,0,0,3,9,5,0,1200,1200,0
8,2,narrow,PACER-A,4,0,1924,4,1.0,1,0,0,0,0,1,6,4,6
8,2,narrow,PACER-X,4,0,1924,4,1.0,1,0,0,0,0,1,6,4,6
8,3,cold,PostFilter-IVF,2,0,1924,1,0.5,0,0,0,0,0,0,1200,1,1200
8,3,cold,StaleNoRecheck,2,0,1924,1,0.5,0,0,0,0,0,0,1200,1,1200
8,3,cold,NaiveNoPolicy,2,0,1924,10,0.5,0,0,2,9,7,0,1200,1200,0
8,3,cold,PACER-A,2,0,1924,2,1.0,1,0,0,0,0,1,2,2,2
8,3,cold,PACER-X,2,0,1924,2,1.0,1,0,0,0,0,1,2,2,2
8,4,broad,PostFilter-IVF,4774,0,1924,10,0.9,0,0,0,0,0,0,1045,529,1045
8,4,broad,StaleNoRecheck,4774,0,1924,10,0.8,0,0,2,0,0,0,1045,627,1045
8,4,broad,NaiveNoPolicy,4774,0,1924,10,0.6,0,0,1,0,3,0,1045,1045,0
8,4,broad,PACER-A,4774,0,1924,10,0.9,0,0,0,0,0,0,1200,996,1200
8,4,broad,PACER-X,4774,0,1924,10,1.0,1,0,0,0,0,1,5681,4774,5681
8,5,medium,PostFilter-IVF,287,0,1924,10,0.8,0,0,0,0,0,0,1200,40,1200
8,5,medium,StaleNoRecheck,287,0,1924,10,0.8,0,0,1,0,0,0,1200,44,1200
8,5,medium,NaiveNoPolicy,287,0,1924,10,0.1,0,0,3,7,5,0,1200,1200,0
8,5,medium,PACER-A,287,0,1924,10,1.0,1,0,0,0,0,1,340,287,340
8,5,medium,PACER-X,287,0,1924,10,1.0,1,0,0,0,0,1,340,287,340
8,6,narrow,PostFilter-IVF,3,0,1924,1,0.3333333333333333,0,0,0,0,0,0,1200,1,1200
8,6,narrow,StaleNoRecheck,3,0,1924,1,0.3333333333333333,0,0,0,0,0,0,1200,1,1200
8,6,narrow,NaiveNoPolicy,3,0,1924,10,0.3333333333333333,0,0,0,9,8,0,1200,1200,0
8,6,narrow,PACER-A,3,0,1924,3,1.0,1,0,0,0,0,1,3,3,3
8,6,narrow,PACER-X,3,0,1924,3,1.0,1,0,0,0,0,1,3,3,3
8,7,cold,PostFilter-IVF,1,0,1924,0,0.0,0,0,0,0,0,0,1200,0,1200
8,7,cold,StaleNoRecheck,1,0,1924,1,0.0,0,0,1,0,0,0,1200,1,1200
8,7,cold,NaiveNoPolicy,1,0,1924,10,0.0,0,0,3,9,7,0,1200,1200,0
8,7,cold,PACER-A,1,0,1924,1,1.0,1,0,0,0,0,1,2,1,2
8,7,cold,PACER-X,1,0,1924,1,1.0,1,0,0,0,0,1,2,1,2
8,8,broad,PostFilter-IVF,5020,0,1924,10,0.8,0,0,0,0,0,0,1200,608,1200
8,8,broad,StaleNoRecheck,5020,0,1924,10,0.8,0,0,0,0,0,0,1200,728,1200
8,8,broad,NaiveNoPolicy,5020,0,1924,10,0.6,0,0,1,0,4,0,1200,1200,0
8,8,broad,PACER-A,5020,0,1924,10,0.9,0,0,0,0,0,0,1200,992,1200
8,8,broad,PACER-X,5020,0,1924,10,1.0,1,0,0,0,0,1,6016,5020,6016
8,9,medium,PostFilter-IVF,331,0,1924,10,1.0,1,0,0,0,0,0,1200,44,1200
8,9,medium,StaleNoRecheck,331,0,1924,10,1.0,1,0,0,0,0,0,1200,45,1200
8,9,medium,NaiveNoPolicy,331,0,1924,10,0.1,0,0,0,7,8,0,1200,1200,0
8,9,medium,PACER-A,331,0,1924,10,1.0,1,0,0,0,0,1,368,331,368
8,9,medium,PACER-X,331,0,1924,10,1.0,1,0,0,0,0,1,368,331,368
8,10,narrow,PostFilter-IVF,4,0,1924,0,0.0,0,0,0,0,0,0,1134,0,1134
8,10,narrow,StaleNoRecheck,4,0,1924,0,0.0,0,0,0,0,0,0,1134,0,1134
8,10,narrow,NaiveNoPolicy,4,0,1924,10,0.0,0,0,1,10,10,0,1134,1134,0
8,10,narrow,PACER-A,4,0,1924,4,1.0,1,0,0,0,0,1,4,4,4
8,10,narrow,PACER-X,4,0,1924,4,1.0,1,0,0,0,0,1,4,4,4
8,11,cold,PostFilter-IVF,3,0,1924,1,0.3333333333333333,0,0,0,0,0,0,1200,1,1200
8,11,cold,StaleNoRecheck,3,0,1924,1,0.3333333333333333,0,0,0,0,0,0,1200,1,1200
8,11,cold,NaiveNoPolicy,3,0,1924,10,0.3333333333333333,0,0,1,9,8,0,1200,1200,0
8,11,cold,PACER-A,3,0,1924,3,1.0,1,0,0,0,0,1,5,3,5
8,11,cold,PACER-X,3,0,1924,3,1.0,1,0,0,0,0,1,5,3,5
8,12,broad,PostFilter-IVF,5388,0,1924,10,0.7,0,0,0,0,0,0,1019,509,1019
8,12,broad,StaleNoRecheck,5388,0,1924,10,0.7,0,0,0,0,0,0,1019,607,1019
8,12,broad,NaiveNoPolicy,5388,0,1924,10,0.7,0,0,1,0,3,0,1019,1019,0
8,12,broad,PACER-A,5388,0,1924,10,0.8,0,0,0,0,0,0,1200,1014,1200
8,12,broad,PACER-X,5388,0,1924,10,1.0,1,0,0,0,0,1,6377,5388,6377
8,13,medium,PostFilter-IVF,303,0,1924,10,0.9,0,0,0,0,0,0,1200,45,1200
8,13,medium,StaleNoRecheck,303,0,1924,10,0.8,0,0,2,0,0,0,1200,55,1200
8,13,medium,NaiveNoPolicy,303,0,1924,10,0.3,0,0,1,7,4,0,1200,1200,0
8,13,medium,PACER-A,303,0,1924,10,1.0,1,0,0,0,0,1,358,303,358
8,13,medium,PACER-X,303,0,1924,10,1.0,1,0,0,0,0,1,358,303,358
8,14,narrow,PostFilter-IVF,4,0,1924,0,0.0,0,0,0,0,0,0,1200,0,1200
8,14,narrow,StaleNoRecheck,4,0,1924,1,0.0,0,0,1,0,0,0,1200,1,1200
8,14,narrow,NaiveNoPolicy,4,0,1924,10,0.0,0,0,2,9,7,0,1200,1200,0
8,14,narrow,PACER-A,4,0,1924,4,1.0,1,0,0,0,0,1,5,4,5
8,14,narrow,PACER-X,4,0,1924,4,1.0,1,0,0,0,0,1,5,4,5
8,15,cold,PostFilter-IVF,2,0,1924,1,0.5,0,0,0,0,0,0,1200,1,1200
8,15,cold,StaleNoRecheck,2,0,1924,1,0.5,0,0,0,0,0,0,1200,1,1200
8,15,cold,NaiveNoPolicy,2,0,1924,10,0.5,0,0,3,9,7,0,1200,1200,0
8,15,cold,PACER-A,2,0,1924,2,1.0,1,0,0,0,0,1,2,2,2
8,15,cold,PACER-X,2,0,1924,2,1.0,1,0,0,0,0,1,2,2,2
8,16,broad,PostFilter-IVF,5232,0,1924,10,0.1,0,0,0,0,0,0,1200,563,1200
8,16,broad,StaleNoRecheck,5232,0,1924,10,0.1,0,0,0,0,0,0,1200,662,1200
8,16,broad,NaiveNoPolicy,5232,0,1924,10,0.1,0,0,0,0,4,0,1200,1200,0
8,16,broad,PACER-A,5232,0,1924,10,0.1,0,0,0,0,0,0,1200,1000,1200
8,16,broad,PACER-X,5232,0,1924,10,1.0,1,0,0,0,0,1,6201,5232,6201
8,17,medium,PostFilter-IVF,270,0,1924,10,0.7,0,0,0,0,0,0,1200,34,1200
8,17,medium,StaleNoRecheck,270,0,1924,10,0.7,0,0,1,0,0,0,1200,46,1200
8,17,medium,NaiveNoPolicy,270,0,1924,10,0.1,0,0,1,8,6,0,1200,1200,0
8,17,medium,PACER-A,270,0,1924,10,1.0,1,0,0,0,0,1,330,270,330
8,17,medium,PACER-X,270,0,1924,10,1.0,1,0,0,0,0,1,330,270,330
8,18,narrow,PostFilter-IVF,6,0,1924,0,0.0,0,0,0,0,0,0,1200,0,1200
8,18,narrow,StaleNoRecheck,6,0,1924,0,0.0,0,0,0,0,0,0,1200,0,1200
8,18,narrow,NaiveNoPolicy,6,0,1924,10,0.0,0,0,1,10,10,0,1200,1200,0
8,18,narrow,PACER-A,6,0,1924,6,1.0,1,0,0,0,0,1,6,6,6
8,18,narrow,PACER-X,6,0,1924,6,1.0,1,0,0,0,0,1,6,6,6
8,19,cold,PostFilter-IVF,5,0,1924,1,0.2,0,0,0,0,0,0,1200,1,1200
8,19,cold,StaleNoRecheck,5,0,1924,1,0.2,0,0,0,0,0,0,1200,1,1200
8,19,cold,NaiveNoPolicy,5,0,1924,10,0.2,0,0,1,9,9,0,1200,1200,0
8,19,cold,PACER-A,5,0,1924,5,1.0,1,0,0,0,0,1,5,5,5
8,19,cold,PACER-X,5,0,1924,5,1.0,1,0,0,0,0,1,5,5,5
8,20,broad,PostFilter-IVF,5135,0,1924,10,1.0,1,0,0,0,0,0,1200,651,1200
8,20,broad,StaleNoRecheck,5135,0,1924,10,1.0,1,0,0,0,0,0,1200,764,1200
8,20,broad,NaiveNoPolicy,5135,0,1924,10,0.8,0,0,1,0,2,0,1200,1200,0
8,20,broad,PACER-A,5135,0,1924,10,1.0,1,0,0,0,0,0,1200,1012,1200
8,20,broad,PACER-X,5135,0,1924,10,1.0,1,0,0,0,0,1,6116,5135,6116
8,21,medium,PostFilter-IVF,287,0,1924,10,0.7,0,0,0,0,0,0,1200,37,1200
8,21,medium,StaleNoRecheck,287,0,1924,10,0.7,0,0,3,0,0,0,1200,42,1200
8,21,medium,NaiveNoPolicy,287,0,1924,10,0.1,0,0,2,6,8,0,1200,1200,0
8,21,medium,PACER-A,287,0,1924,10,1.0,1,0,0,0,0,1,337,287,337
8,21,medium,PACER-X,287,0,1924,10,1.0,1,0,0,0,0,1,337,287,337
8,22,narrow,PostFilter-IVF,11,0,1924,2,0.2,0,0,0,0,0,0,1200,2,1200
8,22,narrow,StaleNoRecheck,11,0,1924,2,0.2,0,0,0,0,0,0,1200,2,1200
8,22,narrow,NaiveNoPolicy,11,0,1924,10,0.1,0,0,1,9,8,0,1200,1200,0
8,22,narrow,PACER-A,11,0,1924,10,1.0,1,0,0,0,0,1,13,11,13
8,22,narrow,PACER-X,11,0,1924,10,1.0,1,0,0,0,0,1,13,11,13
8,23,cold,PostFilter-IVF,3,0,1924,3,1.0,1,0,0,0,0,0,1200,3,1200
8,23,cold,StaleNoRecheck,3,0,1924,3,1.0,1,0,0,0,0,0,1200,3,1200
8,23,cold,NaiveNoPolicy,3,0,1924,10,0.3333333333333333,0,0,0,9,9,0,1200,1200,0
8,23,cold,PACER-A,3,0,1924,3,1.0,1,0,0,0,0,1,3,3,3
8,23,cold,PACER-X,3,0,1924,3,1.0,1,0,0,0,0,1,3,3,3
8,24,broad,PostFilter-IVF,5175,0,1924,10,0.5,0,0,0,0,0,0,1200,562,1200
8,24,broad,StaleNoRecheck,5175,0,1924,10,0.5,0,0,2,0,0,0,1200,674,1200
8,24,broad,NaiveNoPolicy,5175,0,1924,10,0.3,0,0,1,0,6,0,1200,1200,0
8,24,broad,PACER-A,5175,0,1924,10,0.6,0,0,0,0,0,0,1200,1002,1200
8,24,broad,PACER-X,5175,0,1924,10,1.0,1,0,0,0,0,1,6146,5175,6146
8,25,medium,PostFilter-IVF,273,0,1924,10,1.0,1,0,0,0,0,0,1200,43,1200
8,25,medium,StaleNoRecheck,273,0,1924,10,0.9,0,0,1,0,0,0,1200,54,1200
8,25,medium,NaiveNoPolicy,273,0,1924,10,0.1,0,0,2,8,8,0,1200,1200,0
8,25,medium,PACER-A,273,0,1924,10,1.0,1,0,0,0,0,1,338,273,338
8,25,medium,PACER-X,273,0,1924,10,1.0,1,0,0,0,0,1,338,273,338
8,26,narrow,PostFilter-IVF,8,0,1924,0,0.0,0,0,0,0,0,0,1200,0,1200
8,26,narrow,StaleNoRecheck,8,0,1924,1,0.0,0,0,1,0,0,0,1200,1,1200
8,26,narrow,NaiveNoPolicy,8,0,1924,10,0.0,0,0,2,9,9,0,1200,1200,0
8,26,narrow,PACER-A,8,0,1924,8,1.0,1,0,0,0,0,1,13,8,13
8,26,narrow,PACER-X,8,0,1924,8,1.0,1,0,0,0,0,1,13,8,13
8,27,cold,PostFilter-IVF,7,0,1924,3,0.42857142857142855,0,0,0,0,0,0,1200,3,1200
8,27,cold,StaleNoRecheck,7,0,1924,3,0.42857142857142855,0,0,0,0,0,0,1200,3,1200
8,27,cold,NaiveNoPolicy,7,0,1924,10,0.14285714285714285,0,0,3,9,9,0,1200,1200,0
8,27,cold,PACER-A,7,0,1924,7,1.0,1,0,0,0,0,1,8,7,8
8,27,cold,PACER-X,7,0,1924,7,1.0,1,0,0,0,0,1,8,7,8
8,28,broad,PostFilter-IVF,5198,0,1924,10,0.6,0,0,0,0,0,0,1200,476,1200
8,28,broad,StaleNoRecheck,5198,0,1924,10,0.6,0,0,1,0,0,0,1200,562,1200
8,28,broad,NaiveNoPolicy,5198,0,1924,10,0.3,0,0,3,0,6,0,1200,1200,0
8,28,broad,PACER-A,5198,0,1924,10,0.8,0,0,0,0,0,0,1200,1018,1200
8,28,broad,PACER-X,5198,0,1924,10,1.0,1,0,0,0,0,1,6159,5198,6159
8,29,medium,PostFilter-IVF,269,0,1924,10,0.4,0,0,0,0,0,0,1200,29,1200
8,29,medium,StaleNoRecheck,269,0,1924,10,0.4,0,0,2,0,0,0,1200,33,1200
8,29,medium,NaiveNoPolicy,269,0,1924,10,0.0,0,0,2,7,7,0,1200,1200,0
8,29,medium,PACER-A,269,0,1924,10,1.0,1,0,0,0,0,1,325,269,325
8,29,medium,PACER-X,269,0,1924,10,1.0,1,0,0,0,0,1,325,269,325
8,30,narrow,PostFilter-IVF,10,0,1924,6,0.6,0,0,0,0,0,0,1097,6,1097
8,30,narrow,StaleNoRecheck,10,0,1924,8,0.6,0,0,2,0,0,0,1097,8,1097
8,30,narrow,NaiveNoPolicy,10,0,1924,10,0.1,0,0,0,9,7,0,1097,1097,0
8,30,narrow,PACER-A,10,0,1924,10,1.0,1,0,0,0,0,1,13,10,13
8,30,narrow,PACER-X,10,0,1924,10,1.0,1,0,0,0,0,1,13,10,13
8,31,cold,PostFilter-IVF,1,0,1924,1,1.0,1,0,0,0,0,0,1173,1,1173
8,31,cold,StaleNoRecheck,1,0,1924,1,1.0,1,0,0,0,0,0,1173,1,1173
8,31,cold,NaiveNoPolicy,1,0,1924,10,1.0,0,0,1,9,9,0,1173,1173,0
8,31,cold,PACER-A,1,0,1924,1,1.0,1,0,0,0,0,1,1,1,1
8,31,cold,PACER-X,1,0,1924,1,1.0,1,0,0,0,0,1,1,1,1
9,0,broad,PostFilter-IVF,5055,0,2034,10,0.6,0,0,0,0,0,0,1200,479,1200
9,0,broad,StaleNoRecheck,5055,0,2034,10,0.6,0,0,0,0,0,0,1200,587,1200
9,0,broad,NaiveNoPolicy,5055,0,2034,10,0.4,0,0,1,0,6,0,1200,1200,0
9,0,broad,PACER-A,5055,0,2034,10,0.8,0,0,0,0,0,0,1200,989,1200
9,0,broad,PACER-X,5055,0,2034,10,1.0,1,0,0,0,0,1,6086,5055,6086
9,1,medium,PostFilter-IVF,303,0,2034,10,1.0,1,0,0,0,0,0,1200,44,1200
9,1,medium,StaleNoRecheck,303,0,2034,10,1.0,1,0,0,0,0,0,1200,52,1200
9,1,medium,NaiveNoPolicy,303,0,2034,10,0.1,0,0,2,8,7,0,1200,1200,0
9,1,medium,PACER-A,303,0,2034,10,1.0,1,0,0,0,0,1,367,303,367
9,1,medium,PACER-X,303,0,2034,10,1.0,1,0,0,0,0,1,367,303,367
9,2,narrow,PostFilter-IVF,4,0,2034,3,0.75,0,0,0,0,0,0,1200,3,1200
9,2,narrow,StaleNoRecheck,4,0,2034,4,0.75,0,0,1,0,0,0,1200,4,1200
9,2,narrow,NaiveNoPolicy,4,0,2034,10,0.0,0,0,3,9,5,0,1200,1200,0
9,2,narrow,PACER-A,4,0,2034,4,1.0,1,0,0,0,0,1,6,4,6
9,2,narrow,PACER-X,4,0,2034,4,1.0,1,0,0,0,0,1,6,4,6
9,3,cold,PostFilter-IVF,2,0,2034,1,0.5,0,0,0,0,0,0,1200,1,1200
9,3,cold,StaleNoRecheck,2,0,2034,1,0.5,0,0,0,0,0,0,1200,1,1200
9,3,cold,NaiveNoPolicy,2,0,2034,10,0.5,0,0,2,9,7,0,1200,1200,0
9,3,cold,PACER-A,2,0,2034,2,1.0,1,0,0,0,0,1,2,2,2
9,3,cold,PACER-X,2,0,2034,2,1.0,1,0,0,0,0,1,2,2,2
9,4,broad,PostFilter-IVF,4725,0,2034,10,0.9,0,0,0,0,0,0,1045,524,1045
9,4,broad,StaleNoRecheck,4725,0,2034,10,0.8,0,0,2,0,0,0,1045,627,1045
9,4,broad,NaiveNoPolicy,4725,0,2034,10,0.6,0,0,1,0,3,0,1045,1045,0
9,4,broad,PACER-A,4725,0,2034,10,0.9,0,0,0,0,0,0,1200,983,1200
9,4,broad,PACER-X,4725,0,2034,10,1.0,1,0,0,0,0,1,5681,4725,5681
9,5,medium,PostFilter-IVF,285,0,2034,10,0.8,0,0,0,0,0,0,1200,38,1200
9,5,medium,StaleNoRecheck,285,0,2034,10,0.8,0,0,1,0,0,0,1200,44,1200
9,5,medium,NaiveNoPolicy,285,0,2034,10,0.1,0,0,3,7,5,0,1200,1200,0
9,5,medium,PACER-A,285,0,2034,10,1.0,1,0,0,0,0,1,340,285,340
9,5,medium,PACER-X,285,0,2034,10,1.0,1,0,0,0,0,1,340,285,340
9,6,narrow,PostFilter-IVF,3,0,2034,1,0.3333333333333333,0,0,0,0,0,0,1200,1,1200
9,6,narrow,StaleNoRecheck,3,0,2034,1,0.3333333333333333,0,0,0,0,0,0,1200,1,1200
9,6,narrow,NaiveNoPolicy,3,0,2034,10,0.3333333333333333,0,0,0,9,8,0,1200,1200,0
9,6,narrow,PACER-A,3,0,2034,3,1.0,1,0,0,0,0,1,3,3,3
9,6,narrow,PACER-X,3,0,2034,3,1.0,1,0,0,0,0,1,3,3,3
9,7,cold,PostFilter-IVF,1,0,2034,0,0.0,0,0,0,0,0,0,1200,0,1200
9,7,cold,StaleNoRecheck,1,0,2034,1,0.0,0,0,1,0,0,0,1200,1,1200
9,7,cold,NaiveNoPolicy,1,0,2034,10,0.0,0,0,3,9,7,0,1200,1200,0
9,7,cold,PACER-A,1,0,2034,1,1.0,1,0,0,0,0,1,2,1,2
9,7,cold,PACER-X,1,0,2034,1,1.0,1,0,0,0,0,1,2,1,2
9,8,broad,PostFilter-IVF,4962,0,2034,10,0.8,0,0,0,0,0,0,1200,604,1200
9,8,broad,StaleNoRecheck,4962,0,2034,10,0.8,0,0,0,0,0,0,1200,728,1200
9,8,broad,NaiveNoPolicy,4962,0,2034,10,0.6,0,0,1,0,4,0,1200,1200,0
9,8,broad,PACER-A,4962,0,2034,10,0.9,0,0,0,0,0,0,1200,982,1200
9,8,broad,PACER-X,4962,0,2034,10,1.0,1,0,0,0,0,1,6016,4962,6016
9,9,medium,PostFilter-IVF,329,0,2034,10,1.0,1,0,0,0,0,0,1200,44,1200
9,9,medium,StaleNoRecheck,329,0,2034,10,1.0,1,0,0,0,0,0,1200,45,1200
9,9,medium,NaiveNoPolicy,329,0,2034,10,0.1,0,0,0,7,8,0,1200,1200,0
9,9,medium,PACER-A,329,0,2034,10,1.0,1,0,0,0,0,1,368,329,368
9,9,medium,PACER-X,329,0,2034,10,1.0,1,0,0,0,0,1,368,329,368
9,10,narrow,PostFilter-IVF,4,0,2034,0,0.0,0,0,0,0,0,0,1134,0,1134
9,10,narrow,StaleNoRecheck,4,0,2034,0,0.0,0,0,0,0,0,0,1134,0,1134
9,10,narrow,NaiveNoPolicy,4,0,2034,10,0.0,0,0,1,10,10,0,1134,1134,0
9,10,narrow,PACER-A,4,0,2034,4,1.0,1,0,0,0,0,1,4,4,4
9,10,narrow,PACER-X,4,0,2034,4,1.0,1,0,0,0,0,1,4,4,4
9,11,cold,PostFilter-IVF,3,0,2034,1,0.3333333333333333,0,0,0,0,0,0,1200,1,1200
9,11,cold,StaleNoRecheck,3,0,2034,1,0.3333333333333333,0,0,0,0,0,0,1200,1,1200
9,11,cold,NaiveNoPolicy,3,0,2034,10,0.3333333333333333,0,0,1,9,8,0,1200,1200,0
9,11,cold,PACER-A,3,0,2034,3,1.0,1,0,0,0,0,1,5,3,5
9,11,cold,PACER-X,3,0,2034,3,1.0,1,0,0,0,0,1,5,3,5
9,12,broad,PostFilter-IVF,5329,0,2034,10,0.7,0,0,0,0,0,0,1019,505,1019
9,12,broad,StaleNoRecheck,5329,0,2034,10,0.7,0,0,0,0,0,0,1019,607,1019
9,12,broad,NaiveNoPolicy,5329,0,2034,10,0.7,0,0,1,0,3,0,1019,1019,0
9,12,broad,PACER-A,5329,0,2034,10,0.8,0,0,0,0,0,0,1200,1006,1200
9,12,broad,PACER-X,5329,0,2034,10,1.0,1,0,0,0,0,1,6377,5329,6377
9,13,medium,PostFilter-IVF,303,0,2034,10,0.9,0,0,0,0,0,0,1200,45,1200
9,13,medium,StaleNoRecheck,303,0,2034,10,0.8,0,0,2,0,0,0,1200,55,1200
9,13,medium,NaiveNoPolicy,303,0,2034,10,0.3,0,0,1,7,4,0,1200,1200,0
9,13,medium,PACER-A,303,0,2034,10,1.0,1,0,0,0,0,1,358,303,358
9,13,medium,PACER-X,303,0,2034,10,1.0,1,0,0,0,0,1,358,303,358
9,14,narrow,PostFilter-IVF,4,0,2034,0,0.0,0,0,0,0,0,0,1200,0,1200
9,14,narrow,StaleNoRecheck,4,0,2034,1,0.0,0,0,1,0,0,0,1200,1,1200
9,14,narrow,NaiveNoPolicy,4,0,2034,10,0.0,0,0,2,9,7,0,1200,1200,0
9,14,narrow,PACER-A,4,0,2034,4,1.0,1,0,0,0,0,1,5,4,5
9,14,narrow,PACER-X,4,0,2034,4,1.0,1,0,0,0,0,1,5,4,5
9,15,cold,PostFilter-IVF,2,0,2034,1,0.5,0,0,0,0,0,0,1200,1,1200
9,15,cold,StaleNoRecheck,2,0,2034,1,0.5,0,0,0,0,0,0,1200,1,1200
9,15,cold,NaiveNoPolicy,2,0,2034,10,0.5,0,0,3,9,7,0,1200,1200,0
9,15,cold,PACER-A,2,0,2034,2,1.0,1,0,0,0,0,1,2,2,2
9,15,cold,PACER-X,2,0,2034,2,1.0,1,0,0,0,0,1,2,2,2
9,16,broad,PostFilter-IVF,5172,0,2034,10,0.1,0,0,0,0,0,0,1200,556,1200
9,16,broad,StaleNoRecheck,5172,0,2034,10,0.1,0,0,0,0,0,0,1200,662,1200
9,16,broad,NaiveNoPolicy,5172,0,2034,10,0.1,0,0,0,0,4,0,1200,1200,0
9,16,broad,PACER-A,5172,0,2034,10,0.1,0,0,0,0,0,0,1200,990,1200
9,16,broad,PACER-X,5172,0,2034,10,1.0,1,0,0,0,0,1,6201,5172,6201
9,17,medium,PostFilter-IVF,267,0,2034,10,0.7,0,0,0,0,0,0,1200,34,1200
9,17,medium,StaleNoRecheck,267,0,2034,10,0.7,0,0,1,0,0,0,1200,46,1200
9,17,medium,NaiveNoPolicy,267,0,2034,10,0.1,0,0,1,8,6,0,1200,1200,0
9,17,medium,PACER-A,267,0,2034,10,1.0,1,0,0,0,0,1,330,267,330
9,17,medium,PACER-X,267,0,2034,10,1.0,1,0,0,0,0,1,330,267,330
9,18,narrow,PostFilter-IVF,6,0,2034,0,0.0,0,0,0,0,0,0,1200,0,1200
9,18,narrow,StaleNoRecheck,6,0,2034,0,0.0,0,0,0,0,0,0,1200,0,1200
9,18,narrow,NaiveNoPolicy,6,0,2034,10,0.0,0,0,1,10,10,0,1200,1200,0
9,18,narrow,PACER-A,6,0,2034,6,1.0,1,0,0,0,0,1,6,6,6
9,18,narrow,PACER-X,6,0,2034,6,1.0,1,0,0,0,0,1,6,6,6
9,19,cold,PostFilter-IVF,5,0,2034,1,0.2,0,0,0,0,0,0,1200,1,1200
9,19,cold,StaleNoRecheck,5,0,2034,1,0.2,0,0,0,0,0,0,1200,1,1200
9,19,cold,NaiveNoPolicy,5,0,2034,10,0.2,0,0,1,9,9,0,1200,1200,0
9,19,cold,PACER-A,5,0,2034,5,1.0,1,0,0,0,0,1,5,5,5
9,19,cold,PACER-X,5,0,2034,5,1.0,1,0,0,0,0,1,5,5,5
9,20,broad,PostFilter-IVF,5074,0,2034,10,1.0,1,0,0,0,0,0,1200,647,1200
9,20,broad,StaleNoRecheck,5074,0,2034,10,1.0,1,0,0,0,0,0,1200,764,1200
9,20,broad,NaiveNoPolicy,5074,0,2034,10,0.8,0,0,1,0,2,0,1200,1200,0
9,20,broad,PACER-A,5074,0,2034,10,1.0,1,0,0,0,0,0,1200,1003,1200
9,20,broad,PACER-X,5074,0,2034,10,1.0,1,0,0,0,0,1,6116,5074,6116
9,21,medium,PostFilter-IVF,283,0,2034,10,0.7,0,0,0,0,0,0,1200,36,1200
9,21,medium,StaleNoRecheck,283,0,2034,10,0.6,0,0,4,0,0,0,1200,42,1200
9,21,medium,NaiveNoPolicy,283,0,2034,10,0.1,0,0,2,6,8,0,1200,1200,0
9,21,medium,PACER-A,283,0,2034,10,1.0,1,0,0,0,0,1,337,283,337
9,21,medium,PACER-X,283,0,2034,10,1.0,1,0,0,0,0,1,337,283,337
9,22,narrow,PostFilter-IVF,11,0,2034,2,0.2,0,0,0,0,0,0,1200,2,1200
9,22,narrow,StaleNoRecheck,11,0,2034,2,0.2,0,0,0,0,0,0,1200,2,1200
9,22,narrow,NaiveNoPolicy,11,0,2034,10,0.1,0,0,1,9,8,0,1200,1200,0
9,22,narrow,PACER-A,11,0,2034,10,1.0,1,0,0,0,0,1,13,11,13
9,22,narrow,PACER-X,11,0,2034,10,1.0,1,0,0,0,0,1,13,11,13
9,23,cold,PostFilter-IVF,3,0,2034,3,1.0,1,0,0,0,0,0,1200,3,1200
9,23,cold,StaleNoRecheck,3,0,2034,3,1.0,1,0,0,0,0,0,1200,3,1200
9,23,cold,NaiveNoPolicy,3,0,2034,10,0.3333333333333333,0,0,1,9,9,0,1200,1200,0
9,23,cold,PACER-A,3,0,2034,3,1.0,1,0,0,0,0,1,3,3,3
9,23,cold,PACER-X,3,0,2034,3,1.0,1,0,0,0,0,1,3,3,3
9,24,broad,PostFilter-IVF,5116,0,2034,10,0.5,0,0,0,0,0,0,1200,554,1200
9,24,broad,StaleNoRecheck,5116,0,2034,10,0.5,0,0,2,0,0,0,1200,674,1200
9,24,broad,NaiveNoPolicy,5116,0,2034,10,0.3,0,0,1,0,6,0,1200,1200,0
9,24,broad,PACER-A,5116,0,2034,10,0.6,0,0,0,0,0,0,1200,990,1200
9,24,broad,PACER-X,5116,0,2034,10,1.0,1,0,0,0,0,1,6146,5116,6146
9,25,medium,PostFilter-IVF,269,0,2034,10,1.0,1,0,0,0,0,0,1200,43,1200
9,25,medium,StaleNoRecheck,269,0,2034,10,0.9,0,0,1,0,0,0,1200,54,1200
9,25,medium,NaiveNoPolicy,269,0,2034,10,0.1,0,0,2,8,8,0,1200,1200,0
9,25,medium,PACER-A,269,0,2034,10,1.0,1,0,0,0,0,1,338,269,338
9,25,medium,PACER-X,269,0,2034,10,1.0,1,0,0,0,0,1,338,269,338
9,26,narrow,PostFilter-IVF,8,0,2034,0,0.0,0,0,0,0,0,0,1200,0,1200
9,26,narrow,StaleNoRecheck,8,0,2034,1,0.0,0,0,1,0,0,0,1200,1,1200
9,26,narrow,NaiveNoPolicy,8,0,2034,10,0.0,0,0,2,9,9,0,1200,1200,0
9,26,narrow,PACER-A,8,0,2034,8,1.0,1,0,0,0,0,1,13,8,13
9,26,narrow,PACER-X,8,0,2034,8,1.0,1,0,0,0,0,1,13,8,13
9,27,cold,PostFilter-IVF,7,0,2034,3,0.42857142857142855,0,0,0,0,0,0,1200,3,1200
9,27,cold,StaleNoRecheck,7,0,2034,3,0.42857142857142855,0,0,0,0,0,0,1200,3,1200
9,27,cold,NaiveNoPolicy,7,0,2034,10,0.14285714285714285,0,0,3,9,9,0,1200,1200,0
9,27,cold,PACER-A,7,0,2034,7,1.0,1,0,0,0,0,1,8,7,8
9,27,cold,PACER-X,7,0,2034,7,1.0,1,0,0,0,0,1,8,7,8
9,28,broad,PostFilter-IVF,5147,0,2034,10,0.6,0,0,0,0,0,0,1200,471,1200
9,28,broad,StaleNoRecheck,5147,0,2034,10,0.6,0,0,1,0,0,0,1200,562,1200
9,28,broad,NaiveNoPolicy,5147,0,2034,10,0.3,0,0,4,0,6,0,1200,1200,0
9,28,broad,PACER-A,5147,0,2034,10,0.8,0,0,0,0,0,0,1200,1008,1200
9,28,broad,PACER-X,5147,0,2034,10,1.0,1,0,0,0,0,1,6159,5147,6159
9,29,medium,PostFilter-IVF,268,0,2034,10,0.4,0,0,0,0,0,0,1200,29,1200
9,29,medium,StaleNoRecheck,268,0,2034,10,0.4,0,0,2,0,0,0,1200,33,1200
9,29,medium,NaiveNoPolicy,268,0,2034,10,0.0,0,0,3,7,7,0,1200,1200,0
9,29,medium,PACER-A,268,0,2034,10,1.0,1,0,0,0,0,1,325,268,325
9,29,medium,PACER-X,268,0,2034,10,1.0,1,0,0,0,0,1,325,268,325
9,30,narrow,PostFilter-IVF,10,0,2034,6,0.6,0,0,0,0,0,0,1097,6,1097
9,30,narrow,StaleNoRecheck,10,0,2034,8,0.6,0,0,2,0,0,0,1097,8,1097
9,30,narrow,NaiveNoPolicy,10,0,2034,10,0.1,0,0,0,9,7,0,1097,1097,0
9,30,narrow,PACER-A,10,0,2034,10,1.0,1,0,0,0,0,1,13,10,13
9,30,narrow,PACER-X,10,0,2034,10,1.0,1,0,0,0,0,1,13,10,13
9,31,cold,PostFilter-IVF,1,0,2034,1,1.0,1,0,0,0,0,0,1173,1,1173
9,31,cold,StaleNoRecheck,1,0,2034,1,1.0,1,0,0,0,0,0,1173,1,1173
9,31,cold,NaiveNoPolicy,1,0,2034,10,1.0,0,0,1,9,9,0,1173,1173,0
9,31,cold,PACER-A,1,0,2034,1,1.0,1,0,0,0,0,1,1,1,1
9,31,cold,PACER-X,1,0,2034,1,1.0,1,0,0,0,0,1,1,1,1
10,0,broad,PostFilter-IVF,5021,0,2103,10,0.6,0,0,0,0,0,0,1200,477,1200
10,0,broad,StaleNoRecheck,5021,0,2103,10,0.6,0,0,0,0,0,0,1200,587,1200
10,0,broad,NaiveNoPolicy,5021,0,2103,10,0.4,0,0,1,0,6,0,1200,1200,0
10,0,broad,PACER-A,5021,0,2103,10,0.8,0,0,0,0,0,0,1200,983,1200
10,0,broad,PACER-X,5021,0,2103,10,1.0,1,0,0,0,0,1,6086,5021,6086
10,1,medium,PostFilter-IVF,302,0,2103,10,1.0,1,0,0,0,0,0,1200,44,1200
10,1,medium,StaleNoRecheck,302,0,2103,10,1.0,1,0,0,0,0,0,1200,52,1200
10,1,medium,NaiveNoPolicy,302,0,2103,10,0.1,0,0,2,8,7,0,1200,1200,0
10,1,medium,PACER-A,302,0,2103,10,1.0,1,0,0,0,0,1,367,302,367
10,1,medium,PACER-X,302,0,2103,10,1.0,1,0,0,0,0,1,367,302,367
10,2,narrow,PostFilter-IVF,4,0,2103,3,0.75,0,0,0,0,0,0,1200,3,1200
10,2,narrow,StaleNoRecheck,4,0,2103,4,0.75,0,0,1,0,0,0,1200,4,1200
10,2,narrow,NaiveNoPolicy,4,0,2103,10,0.0,0,0,3,9,5,0,1200,1200,0
10,2,narrow,PACER-A,4,0,2103,4,1.0,1,0,0,0,0,1,6,4,6
10,2,narrow,PACER-X,4,0,2103,4,1.0,1,0,0,0,0,1,6,4,6
10,3,cold,PostFilter-IVF,2,0,2103,1,0.5,0,0,0,0,0,0,1200,1,1200
10,3,cold,StaleNoRecheck,2,0,2103,1,0.5,0,0,0,0,0,0,1200,1,1200
10,3,cold,NaiveNoPolicy,2,0,2103,10,0.5,0,0,2,9,7,0,1200,1200,0
10,3,cold,PACER-A,2,0,2103,2,1.0,1,0,0,0,0,1,2,2,2
10,3,cold,PACER-X,2,0,2103,2,1.0,1,0,0,0,0,1,2,2,2
10,4,broad,PostFilter-IVF,4693,0,2103,10,0.9,0,0,0,0,0,0,1045,520,1045
10,4,broad,StaleNoRecheck,4693,0,2103,10,0.8,0,0,2,0,0,0,1045,627,1045
10,4,broad,NaiveNoPolicy,4693,0,2103,10,0.6,0,0,1,0,3,0,1045,1045,0
10,4,broad,PACER-A,4693,0,2103,10,0.9,0,0,0,0,0,0,1200,974,1200
10,4,broad,PACER-X,4693,0,2103,10,1.0,1,0,0,0,0,1,5681,4693,5681
10,5,medium,PostFilter-IVF,282,0,2103,10,0.8,0,0,0,0,0,0,1200,38,1200
10,5,medium,StaleNoRecheck,282,0,2103,10,0.8,0,0,1,0,0,0,1200,44,1200
10,5,medium,NaiveNoPolicy,282,0,2103,10,0.1,0,0,3,7,5,0,1200,1200,0
10,5,medium,PACER-A,282,0,2103,10,1.0,1,0,0,0,0,1,340,282,340
10,5,medium,PACER-X,282,0,2103,10,1.0,1,0,0,0,0,1,340,282,340
10,6,narrow,PostFilter-IVF,3,0,2103,1,0.3333333333333333,0,0,0,0,0,0,1200,1,1200
10,6,narrow,StaleNoRecheck,3,0,2103,1,0.3333333333333333,0,0,0,0,0,0,1200,1,1200
10,6,narrow,NaiveNoPolicy,3,0,2103,10,0.3333333333333333,0,0,0,9,8,0,1200,1200,0
10,6,narrow,PACER-A,3,0,2103,3,1.0,1,0,0,0,0,1,3,3,3
10,6,narrow,PACER-X,3,0,2103,3,1.0,1,0,0,0,0,1,3,3,3
10,7,cold,PostFilter-IVF,1,0,2103,0,0.0,0,0,0,0,0,0,1200,0,1200
10,7,cold,StaleNoRecheck,1,0,2103,1,0.0,0,0,1,0,0,0,1200,1,1200
10,7,cold,NaiveNoPolicy,1,0,2103,10,0.0,0,0,3,9,7,0,1200,1200,0
10,7,cold,PACER-A,1,0,2103,1,1.0,1,0,0,0,0,1,2,1,2
10,7,cold,PACER-X,1,0,2103,1,1.0,1,0,0,0,0,1,2,1,2
10,8,broad,PostFilter-IVF,4926,0,2103,10,0.8,0,0,0,0,0,0,1200,599,1200
10,8,broad,StaleNoRecheck,4926,0,2103,10,0.8,0,0,0,0,0,0,1200,728,1200
10,8,broad,NaiveNoPolicy,4926,0,2103,10,0.6,0,0,1,0,4,0,1200,1200,0
10,8,broad,PACER-A,4926,0,2103,10,0.9,0,0,0,0,0,0,1200,976,1200
10,8,broad,PACER-X,4926,0,2103,10,1.0,1,0,0,0,0,1,6016,4926,6016
10,9,medium,PostFilter-IVF,327,0,2103,10,1.0,1,0,0,0,0,0,1200,44,1200
10,9,medium,StaleNoRecheck,327,0,2103,10,1.0,1,0,0,0,0,0,1200,45,1200
10,9,medium,NaiveNoPolicy,327,0,2103,10,0.1,0,0,0,7,8,0,1200,1200,0
10,9,medium,PACER-A,327,0,2103,10,1.0,1,0,0,0,0,1,368,327,368
10,9,medium,PACER-X,327,0,2103,10,1.0,1,0,0,0,0,1,368,327,368
10,10,narrow,PostFilter-IVF,4,0,2103,0,0.0,0,0,0,0,0,0,1134,0,1134
10,10,narrow,StaleNoRecheck,4,0,2103,0,0.0,0,0,0,0,0,0,1134,0,1134
10,10,narrow,NaiveNoPolicy,4,0,2103,10,0.0,0,0,1,10,10,0,1134,1134,0
10,10,narrow,PACER-A,4,0,2103,4,1.0,1,0,0,0,0,1,4,4,4
10,10,narrow,PACER-X,4,0,2103,4,1.0,1,0,0,0,0,1,4,4,4
10,11,cold,PostFilter-IVF,3,0,2103,1,0.3333333333333333,0,0,0,0,0,0,1200,1,1200
10,11,cold,StaleNoRecheck,3,0,2103,1,0.3333333333333333,0,0,0,0,0,0,1200,1,1200
10,11,cold,NaiveNoPolicy,3,0,2103,10,0.3333333333333333,0,0,1,9,8,0,1200,1200,0
10,11,cold,PACER-A,3,0,2103,3,1.0,1,0,0,0,0,1,5,3,5
10,11,cold,PACER-X,3,0,2103,3,1.0,1,0,0,0,0,1,5,3,5
10,12,broad,PostFilter-IVF,5293,0,2103,10,0.7,0,0,0,0,0,0,1019,501,1019
10,12,broad,StaleNoRecheck,5293,0,2103,10,0.7,0,0,0,0,0,0,1019,607,1019
10,12,broad,NaiveNoPolicy,5293,0,2103,10,0.7,0,0,1,0,3,0,1019,1019,0
10,12,broad,PACER-A,5293,0,2103,10,0.8,0,0,0,0,0,0,1200,1001,1200
10,12,broad,PACER-X,5293,0,2103,10,1.0,1,0,0,0,0,1,6377,5293,6377
10,13,medium,PostFilter-IVF,300,0,2103,10,0.9,0,0,0,0,0,0,1200,43,1200
10,13,medium,StaleNoRecheck,300,0,2103,10,0.6,0,0,4,0,0,0,1200,55,1200
10,13,medium,NaiveNoPolicy,300,0,2103,10,0.2,0,0,2,7,4,0,1200,1200,0
10,13,medium,PACER-A,300,0,2103,10,1.0,1,0,0,0,0,1,358,300,358
10,13,medium,PACER-X,300,0,2103,10,1.0,1,0,0,0,0,1,358,300,358
10,14,narrow,PostFilter-IVF,4,0,2103,0,0.0,0,0,0,0,0,0,1200,0,1200
10,14,narrow,StaleNoRecheck,4,0,2103,1,0.0,0,0,1,0,0,0,1200,1,1200
10,14,narrow,NaiveNoPolicy,4,0,2103,10,0.0,0,0,2,9,7,0,1200,1200,0
10,14,narrow,PACER-A,4,0,2103,4,1.0,1,0,0,0,0,1,5,4,5
10,14,narrow,PACER-X,4,0,2103,4,1.0,1,0,0,0,0,1,5,4,5
10,15,cold,PostFilter-IVF,2,0,2103,1,0.5,0,0,0,0,0,0,1200,1,1200
10,15,cold,StaleNoRecheck,2,0,2103,1,0.5,0,0,0,0,0,0,1200,1,1200
10,15,cold,NaiveNoPolicy,2,0,2103,10,0.5,0,0,3,9,7,0,1200,1200,0
10,15,cold,PACER-A,2,0,2103,2,1.0,1,0,0,0,0,1,2,2,2
10,15,cold,PACER-X,2,0,2103,2,1.0,1,0,0,0,0,1,2,2,2
10,16,broad,PostFilter-IVF,5138,0,2103,10,0.1,0,0,0,0,0,0,1200,552,1200
10,16,broad,StaleNoRecheck,5138,0,2103,10,0.1,0,0,0,0,0,0,1200,662,1200
10,16,broad,NaiveNoPolicy,5138,0,2103,10,0.1,0,0,0,0,4,0,1200,1200,0
10,16,broad,PACER-A,5138,0,2103,10,0.1,0,0,0,0,0,0,1200,984,1200
10,16,broad,PACER-X,5138,0,2103,10,1.0,1,0,0,0,0,1,6201,5138,6201
10,17,medium,PostFilter-IVF,265,0,2103,10,0.7,0,0,0,0,0,0,1200,33,1200
10,17,medium,StaleNoRecheck,265,0,2103,10,0.7,0,0,2,0,0,0,1200,46,1200
10,17,medium,NaiveNoPolicy,265,0,2103,10,0.1,0,0,1,8,6,0,1200,1200,0
10,17,medium,PACER-A,265,0,2103,10,1.0,1,0,0,0,0,1,330,265,330
10,17,medium,PACER-X,265,0,2103,10,1.0,1,0,0,0,0,1,330,265,330
10,18,narrow,PostFilter-IVF,6,0,2103,0,0.0,0,0,0,0,0,0,1200,0,1200
10,18,narrow,StaleNoRecheck,6,0,2103,0,0.0,0,0,0,0,0,0,1200,0,1200
10,18,narrow,NaiveNoPolicy,6,0,2103,10,0.0,0,0,1,10,10,0,1200,1200,0
10,18,narrow,PACER-A,6,0,2103,6,1.0,1,0,0,0,0,1,6,6,6
10,18,narrow,PACER-X,6,0,2103,6,1.0,1,0,0,0,0,1,6,6,6
10,19,cold,PostFilter-IVF,5,0,2103,1,0.2,0,0,0,0,0,0,1200,1,1200
10,19,cold,StaleNoRecheck,5,0,2103,1,0.2,0,0,0,0,0,0,1200,1,1200
10,19,cold,NaiveNoPolicy,5,0,2103,10,0.2,0,0,1,9,9,0,1200,1200,0
10,19,cold,PACER-A,5,0,2103,5,1.0,1,0,0,0,0,1,5,5,5
10,19,cold,PACER-X,5,0,2103,5,1.0,1,0,0,0,0,1,5,5,5
10,20,broad,PostFilter-IVF,5036,0,2103,10,1.0,1,0,0,0,0,0,1200,642,1200
10,20,broad,StaleNoRecheck,5036,0,2103,10,1.0,1,0,0,0,0,0,1200,764,1200
10,20,broad,NaiveNoPolicy,5036,0,2103,10,0.8,0,0,1,0,2,0,1200,1200,0
10,20,broad,PACER-A,5036,0,2103,10,1.0,1,0,0,0,0,0,1200,996,1200
10,20,broad,PACER-X,5036,0,2103,10,1.0,1,0,0,0,0,1,6116,5036,6116
10,21,medium,PostFilter-IVF,281,0,2103,10,0.7,0,0,0,0,0,0,1200,36,1200
10,21,medium,StaleNoRecheck,281,0,2103,10,0.6,0,0,4,0,0,0,1200,42,1200
10,21,medium,NaiveNoPolicy,281,0,2103,10,0.1,0,0,2,6,8,0,1200,1200,0
10,21,medium,PACER-A,281,0,2103,10,1.0,1,0,0,0,0,1,337,281,337
10,21,medium,PACER-X,281,0,2103,10,1.0,1,0,0,0,0,1,337,281,337
10,22,narrow,PostFilter-IVF,11,0,2103,2,0.2,0,0,0,0,0,0,1200,2,1200
10,22,narrow,StaleNoRecheck,11,0,2103,2,0.2,0,0,0,0,0,0,1200,2,1200
10,22,narrow,NaiveNoPolicy,11,0,2103,10,0.1,0,0,1,9,8,0,1200,1200,0
10,22,narrow,PACER-A,11,0,2103,10,1.0,1,0,0,0,0,1,13,11,13
10,22,narrow,PACER-X,11,0,2103,10,1.0,1,0,0,0,0,1,13,11,13
10,23,cold,PostFilter-IVF,3,0,2103,3,1.0,1,0,0,0,0,0,1200,3,1200
10,23,cold,StaleNoRecheck,3,0,2103,3,1.0,1,0,0,0,0,0,1200,3,1200
10,23,cold,NaiveNoPolicy,3,0,2103,10,0.3333333333333333,0,0,1,9,9,0,1200,1200,0
10,23,cold,PACER-A,3,0,2103,3,1.0,1,0,0,0,0,1,3,3,3
10,23,cold,PACER-X,3,0,2103,3,1.0,1,0,0,0,0,1,3,3,3
10,24,broad,PostFilter-IVF,5077,0,2103,10,0.6,0,0,0,0,0,0,1200,550,1200
10,24,broad,StaleNoRecheck,5077,0,2103,10,0.6,0,0,2,0,0,0,1200,674,1200
10,24,broad,NaiveNoPolicy,5077,0,2103,10,0.3,0,0,1,0,6,0,1200,1200,0
10,24,broad,PACER-A,5077,0,2103,10,0.7,0,0,0,0,0,0,1200,982,1200
10,24,broad,PACER-X,5077,0,2103,10,1.0,1,0,0,0,0,1,6146,5077,6146
10,25,medium,PostFilter-IVF,266,0,2103,10,0.9,0,0,0,0,0,0,1200,42,1200
10,25,medium,StaleNoRecheck,266,0,2103,10,0.9,0,0,1,0,0,0,1200,54,1200
10,25,medium,NaiveNoPolicy,266,0,2103,10,0.1,0,0,2,8,8,0,1200,1200,0
10,25,medium,PACER-A,266,0,2103,10,1.0,1,0,0,0,0,1,338,266,338
10,25,medium,PACER-X,266,0,2103,10,1.0,1,0,0,0,0,1,338,266,338
10,26,narrow,PostFilter-IVF,8,0,2103,0,0.0,0,0,0,0,0,0,1200,0,1200
10,26,narrow,StaleNoRecheck,8,0,2103,1,0.0,0,0,1,0,0,0,1200,1,1200
10,26,narrow,NaiveNoPolicy,8,0,2103,10,0.0,0,0,2,9,9,0,1200,1200,0
10,26,narrow,PACER-A,8,0,2103,8,1.0,1,0,0,0,0,1,13,8,13
10,26,narrow,PACER-X,8,0,2103,8,1.0,1,0,0,0,0,1,13,8,13
10,27,cold,PostFilter-IVF,7,0,2103,3,0.42857142857142855,0,0,0,0,0,0,1200,3,1200
10,27,cold,StaleNoRecheck,7,0,2103,3,0.42857142857142855,0,0,0,0,0,0,1200,3,1200
10,27,cold,NaiveNoPolicy,7,0,2103,10,0.14285714285714285,0,0,3,9,9,0,1200,1200,0
10,27,cold,PACER-A,7,0,2103,7,1.0,1,0,0,0,0,1,8,7,8
10,27,cold,PACER-X,7,0,2103,7,1.0,1,0,0,0,0,1,8,7,8
10,28,broad,PostFilter-IVF,5115,0,2103,10,0.6,0,0,0,0,0,0,1200,468,1200
10,28,broad,StaleNoRecheck,5115,0,2103,10,0.6,0,0,1,0,0,0,1200,562,1200
10,28,broad,NaiveNoPolicy,5115,0,2103,10,0.3,0,0,4,0,6,0,1200,1200,0
10,28,broad,PACER-A,5115,0,2103,10,0.8,0,0,0,0,0,0,1200,1003,1200
10,28,broad,PACER-X,5115,0,2103,10,1.0,1,0,0,0,0,1,6159,5115,6159
10,29,medium,PostFilter-IVF,267,0,2103,10,0.4,0,0,0,0,0,0,1200,28,1200
10,29,medium,StaleNoRecheck,267,0,2103,10,0.4,0,0,2,0,0,0,1200,33,1200
10,29,medium,NaiveNoPolicy,267,0,2103,10,0.0,0,0,4,7,7,0,1200,1200,0
10,29,medium,PACER-A,267,0,2103,10,1.0,1,0,0,0,0,1,325,267,325
10,29,medium,PACER-X,267,0,2103,10,1.0,1,0,0,0,0,1,325,267,325
10,30,narrow,PostFilter-IVF,10,0,2103,6,0.6,0,0,0,0,0,0,1097,6,1097
10,30,narrow,StaleNoRecheck,10,0,2103,8,0.6,0,0,2,0,0,0,1097,8,1097
10,30,narrow,NaiveNoPolicy,10,0,2103,10,0.1,0,0,0,9,7,0,1097,1097,0
10,30,narrow,PACER-A,10,0,2103,10,1.0,1,0,0,0,0,1,13,10,13
10,30,narrow,PACER-X,10,0,2103,10,1.0,1,0,0,0,0,1,13,10,13
10,31,cold,PostFilter-IVF,1,0,2103,1,1.0,1,0,0,0,0,0,1173,1,1173
10,31,cold,StaleNoRecheck,1,0,2103,1,1.0,1,0,0,0,0,0,1173,1,1173
10,31,cold,NaiveNoPolicy,1,0,2103,10,1.0,0,0,2,9,9,0,1173,1173,0
10,31,cold,PACER-A,1,0,2103,1,1.0,1,0,0,0,0,1,1,1,1
10,31,cold,PACER-X,1,0,2103,1,1.0,1,0,0,0,0,1,1,1,1
11,0,broad,PostFilter-IVF,4995,0,2149,10,0.6,0,0,0,0,0,0,1200,473,1200
11,0,broad,StaleNoRecheck,4995,0,2149,10,0.6,0,0,0,0,0,0,1200,587,1200
11,0,broad,NaiveNoPolicy,4995,0,2149,10,0.4,0,0,1,0,6,0,1200,1200,0
11,0,broad,PACER-A,4995,0,2149,10,0.8,0,0,0,0,0,0,1200,976,1200
11,0,broad,PACER-X,4995,0,2149,10,1.0,1,0,0,0,0,1,6086,4995,6086
11,1,medium,PostFilter-IVF,300,0,2149,10,1.0,1,0,0,0,0,0,1200,44,1200
11,1,medium,StaleNoRecheck,300,0,2149,10,1.0,1,0,0,0,0,0,1200,52,1200
11,1,medium,NaiveNoPolicy,300,0,2149,10,0.1,0,0,2,8,7,0,1200,1200,0
11,1,medium,PACER-A,300,0,2149,10,1.0,1,0,0,0,0,1,367,300,367
11,1,medium,PACER-X,300,0,2149,10,1.0,1,0,0,0,0,1,367,300,367
11,2,narrow,PostFilter-IVF,4,0,2149,3,0.75,0,0,0,0,0,0,1200,3,1200
11,2,narrow,StaleNoRecheck,4,0,2149,4,0.75,0,0,1,0,0,0,1200,4,1200
11,2,narrow,NaiveNoPolicy,4,0,2149,10,0.0,0,0,3,9,5,0,1200,1200,0
11,2,narrow,PACER-A,4,0,2149,4,1.0,1,0,0,0,0,1,6,4,6
11,2,narrow,PACER-X,4,0,2149,4,1.0,1,0,0,0,0,1,6,4,6
11,3,cold,PostFilter-IVF,2,0,2149,1,0.5,0,0,0,0,0,0,1200,1,1200
11,3,cold,StaleNoRecheck,2,0,2149,1,0.5,0,0,0,0,0,0,1200,1,1200
11,3,cold,NaiveNoPolicy,2,0,2149,10,0.5,0,0,2,9,7,0,1200,1200,0
11,3,cold,PACER-A,2,0,2149,2,1.0,1,0,0,0,0,1,2,2,2
11,3,cold,PACER-X,2,0,2149,2,1.0,1,0,0,0,0,1,2,2,2
11,4,broad,PostFilter-IVF,4668,0,2149,10,0.9,0,0,0,0,0,0,1045,518,1045
11,4,broad,StaleNoRecheck,4668,0,2149,10,0.8,0,0,2,0,0,0,1045,627,1045
11,4,broad,NaiveNoPolicy,4668,0,2149,10,0.6,0,0,1,0,3,0,1045,1045,0
11,4,broad,PACER-A,4668,0,2149,10,0.9,0,0,0,0,0,0,1200,970,1200
11,4,broad,PACER-X,4668,0,2149,10,1.0,1,0,0,0,0,1,5681,4668,5681
11,5,medium,PostFilter-IVF,281,0,2149,10,0.8,0,0,0,0,0,0,1200,38,1200
11,5,medium,StaleNoRecheck,281,0,2149,10,0.8,0,0,1,0,0,0,1200,44,1200
11,5,medium,NaiveNoPolicy,281,0,2149,10,0.1,0,0,3,7,5,0,1200,1200,0
11,5,medium,PACER-A,281,0,2149,10,1.0,1,0,0,0,0,1,340,281,340
11,5,medium,PACER-X,281,0,2149,10,1.0,1,0,0,0,0,1,340,281,340
11,6,narrow,PostFilter-IVF,3,0,2149,1,0.3333333333333333,0,0,0,0,0,0,1200,1,1200
11,6,narrow,StaleNoRecheck,3,0,2149,1,0.3333333333333333,0,0,0,0,0,0,1200,1,1200
11,6,narrow,NaiveNoPolicy,3,0,2149,10,0.3333333333333333,0,0,0,9,8,0,1200,1200,0
11,6,narrow,PACER-A,3,0,2149,3,1.0,1,0,0,0,0,1,3,3,3
11,6,narrow,PACER-X,3,0,2149,3,1.0,1,0,0,0,0,1,3,3,3
11,7,cold,PostFilter-IVF,1,0,2149,0,0.0,0,0,0,0,0,0,1200,0,1200
11,7,cold,StaleNoRecheck,1,0,2149,1,0.0,0,0,1,0,0,0,1200,1,1200
11,7,cold,NaiveNoPolicy,1,0,2149,10,0.0,0,0,3,9,7,0,1200,1200,0
11,7,cold,PACER-A,1,0,2149,1,1.0,1,0,0,0,0,1,2,1,2
11,7,cold,PACER-X,1,0,2149,1,1.0,1,0,0,0,0,1,2,1,2
11,8,broad,PostFilter-IVF,4907,0,2149,10,0.8,0,0,0,0,0,0,1200,597,1200
11,8,broad,StaleNoRecheck,4907,0,2149,10,0.8,0,0,0,0,0,0,1200,728,1200
11,8,broad,NaiveNoPolicy,4907,0,2149,10,0.6,0,0,1,0,4,0,1200,1200,0
11,8,broad,PACER-A,4907,0,2149,10,0.9,0,0,0,0,0,0,1200,974,1200
11,8,broad,PACER-X,4907,0,2149,10,1.0,1,0,0,0,0,1,6016,4907,6016
11,9,medium,PostFilter-IVF,326,0,2149,10,1.0,1,0,0,0,0,0,1200,44,1200
11,9,medium,StaleNoRecheck,326,0,2149,10,1.0,1,0,0,0,0,0,1200,45,1200
11,9,medium,NaiveNoPolicy,326,0,2149,10,0.1,0,0,0,7,8,0,1200,1200,0
11,9,medium,PACER-A,326,0,2149,10,1.0,1,0,0,0,0,1,368,326,368
11,9,medium,PACER-X,326,0,2149,10,1.0,1,0,0,0,0,1,368,326,368
11,10,narrow,PostFilter-IVF,4,0,2149,0,0.0,0,0,0,0,0,0,1134,0,1134
11,10,narrow,StaleNoRecheck,4,0,2149,0,0.0,0,0,0,0,0,0,1134,0,1134
11,10,narrow,NaiveNoPolicy,4,0,2149,10,0.0,0,0,1,10,10,0,1134,1134,0
11,10,narrow,PACER-A,4,0,2149,4,1.0,1,0,0,0,0,1,4,4,4
11,10,narrow,PACER-X,4,0,2149,4,1.0,1,0,0,0,0,1,4,4,4
11,11,cold,PostFilter-IVF,3,0,2149,1,0.3333333333333333,0,0,0,0,0,0,1200,1,1200
11,11,cold,StaleNoRecheck,3,0,2149,1,0.3333333333333333,0,0,0,0,0,0,1200,1,1200
11,11,cold,NaiveNoPolicy,3,0,2149,10,0.3333333333333333,0,0,1,9,8,0,1200,1200,0
11,11,cold,PACER-A,3,0,2149,3,1.0,1,0,0,0,0,1,5,3,5
11,11,cold,PACER-X,3,0,2149,3,1.0,1,0,0,0,0,1,5,3,5
11,12,broad,PostFilter-IVF,5270,0,2149,10,0.7,0,0,0,0,0,0,1019,496,1019
11,12,broad,StaleNoRecheck,5270,0,2149,10,0.7,0,0,0,0,0,0,1019,607,1019
11,12,broad,NaiveNoPolicy,5270,0,2149,10,0.7,0,0,1,0,3,0,1019,1019,0
11,12,broad,PACER-A,5270,0,2149,10,0.8,0,0,0,0,0,0,1200,994,1200
11,12,broad,PACER-X,5270,0,2149,10,1.0,1,0,0,0,0,1,6377,5270,6377
11,13,medium,PostFilter-IVF,297,0,2149,10,0.9,0,0,0,0,0,0,1200,43,1200
11,13,medium,StaleNoRecheck,297,0,2149,10,0.6,0,0,4,0,0,0,1200,55,1200
11,13,medium,NaiveNoPolicy,297,0,2149,10,0.2,0,0,2,7,4,0,1200,1200,0
11,13,medium,PACER-A,297,0,2149,10,1.0,1,0,0,0,0,1,358,297,358
11,13,medium,PACER-X,297,0,2149,10,1.0,1,0,0,0,0,1,358,297,358
11,14,narrow,PostFilter-IVF,4,0,2149,0,0.0,0,0,0,0,0,0,1200,0,1200
11,14,narrow,StaleNoRecheck,4,0,2149,1,0.0,0,0,1,0,0,0,1200,1,1200
11,14,narrow,NaiveNoPolicy,4,0,2149,10,0.0,0,0,2,9,7,0,1200,1200,0
11,14,narrow,PACER-A,4,0,2149,4,1.0,1,0,0,0,0,1,5,4,5
11,14,narrow,PACER-X,4,0,2149,4,1.0,1,0,0,0,0,1,5,4,5
11,15,cold,PostFilter-IVF,2,0,2149,1,0.5,0,0,0,0,0,0,1200,1,1200
11,15,cold,StaleNoRecheck,2,0,2149,1,0.5,0,0,0,0,0,0,1200,1,1200
11,15,cold,NaiveNoPolicy,2,0,2149,10,0.5,0,0,3,9,7,0,1200,1200,0
11,15,cold,PACER-A,2,0,2149,2,1.0,1,0,0,0,0,1,2,2,2
11,15,cold,PACER-X,2,0,2149,2,1.0,1,0,0,0,0,1,2,2,2
11,16,broad,PostFilter-IVF,5115,0,2149,10,0.1,0,0,0,0,0,0,1200,551,1200
11,16,broad,StaleNoRecheck,5115,0,2149,10,0.1,0,0,0,0,0,0,1200,662,1200
11,16,broad,NaiveNoPolicy,5115,0,2149,10,0.1,0,0,0,0,4,0,1200,1200,0
11,16,broad,PACER-A,5115,0,2149,10,0.1,0,0,0,0,0,0,1200,979,1200
11,16,broad,PACER-X,5115,0,2149,10,1.0,1,0,0,0,0,1,6201,5115,6201
11,17,medium,PostFilter-IVF,262,0,2149,10,0.7,0,0,0,0,0,0,1200,33,1200
11,17,medium,StaleNoRecheck,262,0,2149,10,0.7,0,0,2,0,0,0,1200,46,1200
11,17,medium,NaiveNoPolicy,262,0,2149,10,0.1,0,0,1,8,6,0,1200,1200,0
11,17,medium,PACER-A,262,0,2149,10,1.0,1,0,0,0,0,1,330,262,330
11,17,medium,PACER-X,262,0,2149,10,1.0,1,0,0,0,0,1,330,262,330
11,18,narrow,PostFilter-IVF,6,0,2149,0,0.0,0,0,0,0,0,0,1200,0,1200
11,18,narrow,StaleNoRecheck,6,0,2149,0,0.0,0,0,0,0,0,0,1200,0,1200
11,18,narrow,NaiveNoPolicy,6,0,2149,10,0.0,0,0,1,10,10,0,1200,1200,0
11,18,narrow,PACER-A,6,0,2149,6,1.0,1,0,0,0,0,1,6,6,6
11,18,narrow,PACER-X,6,0,2149,6,1.0,1,0,0,0,0,1,6,6,6
11,19,cold,PostFilter-IVF,5,0,2149,1,0.2,0,0,0,0,0,0,1200,1,1200
11,19,cold,StaleNoRecheck,5,0,2149,1,0.2,0,0,0,0,0,0,1200,1,1200
11,19,cold,NaiveNoPolicy,5,0,2149,10,0.2,0,0,1,9,9,0,1200,1200,0
11,19,cold,PACER-A,5,0,2149,5,1.0,1,0,0,0,0,1,5,5,5
11,19,cold,PACER-X,5,0,2149,5,1.0,1,0,0,0,0,1,5,5,5
11,20,broad,PostFilter-IVF,5012,0,2149,10,1.0,1,0,0,0,0,0,1200,640,1200
11,20,broad,StaleNoRecheck,5012,0,2149,10,1.0,1,0,0,0,0,0,1200,764,1200
11,20,broad,NaiveNoPolicy,5012,0,2149,10,0.8,0,0,1,0,2,0,1200,1200,0
11,20,broad,PACER-A,5012,0,2149,10,1.0,1,0,0,0,0,0,1200,992,1200
11,20,broad,PACER-X,5012,0,2149,10,1.0,1,0,0,0,0,1,6116,5012,6116
11,21,medium,PostFilter-IVF,280,0,2149,10,0.7,0,0,0,0,0,0,1200,36,1200
11,21,medium,StaleNoRecheck,280,0,2149,10,0.6,0,0,4,0,0,0,1200,42,1200
11,21,medium,NaiveNoPolicy,280,0,2149,10,0.1,0,0,2,6,8,0,1200,1200,0
11,21,medium,PACER-A,280,0,2149,10,1.0,1,0,0,0,0,1,337,280,337
11,21,medium,PACER-X,280,0,2149,10,1.0,1,0,0,0,0,1,337,280,337
11,22,narrow,PostFilter-IVF,11,0,2149,2,0.2,0,0,0,0,0,0,1200,2,1200
11,22,narrow,StaleNoRecheck,11,0,2149,2,0.2,0,0,0,0,0,0,1200,2,1200
11,22,narrow,NaiveNoPolicy,11,0,2149,10,0.1,0,0,1,9,8,0,1200,1200,0
11,22,narrow,PACER-A,11,0,2149,10,1.0,1,0,0,0,0,1,13,11,13
11,22,narrow,PACER-X,11,0,2149,10,1.0,1,0,0,0,0,1,13,11,13
11,23,cold,PostFilter-IVF,3,0,2149,3,1.0,1,0,0,0,0,0,1200,3,1200
11,23,cold,StaleNoRecheck,3,0,2149,3,1.0,1,0,0,0,0,0,1200,3,1200
11,23,cold,NaiveNoPolicy,3,0,2149,10,0.3333333333333333,0,0,1,9,9,0,1200,1200,0
11,23,cold,PACER-A,3,0,2149,3,1.0,1,0,0,0,0,1,3,3,3
11,23,cold,PACER-X,3,0,2149,3,1.0,1,0,0,0,0,1,3,3,3
11,24,broad,PostFilter-IVF,5052,0,2149,10,0.6,0,0,0,0,0,0,1200,545,1200
11,24,broad,StaleNoRecheck,5052,0,2149,10,0.6,0,0,2,0,0,0,1200,674,1200
11,24,broad,NaiveNoPolicy,5052,0,2149,10,0.3,0,0,1,0,6,0,1200,1200,0
11,24,broad,PACER-A,5052,0,2149,10,0.7,0,0,0,0,0,0,1200,976,1200
11,24,broad,PACER-X,5052,0,2149,10,1.0,1,0,0,0,0,1,6146,5052,6146
11,25,medium,PostFilter-IVF,265,0,2149,10,0.9,0,0,0,0,0,0,1200,42,1200
11,25,medium,StaleNoRecheck,265,0,2149,10,0.9,0,0,1,0,0,0,1200,54,1200
11,25,medium,NaiveNoPolicy,265,0,2149,10,0.1,0,0,2,8,8,0,1200,1200,0
11,25,medium,PACER-A,265,0,2149,10,1.0,1,0,0,0,0,1,338,265,338
11,25,medium,PACER-X,265,0,2149,10,1.0,1,0,0,0,0,1,338,265,338
11,26,narrow,PostFilter-IVF,8,0,2149,0,0.0,0,0,0,0,0,0,1200,0,1200
11,26,narrow,StaleNoRecheck,8,0,2149,1,0.0,0,0,1,0,0,0,1200,1,1200
11,26,narrow,NaiveNoPolicy,8,0,2149,10,0.0,0,0,2,9,9,0,1200,1200,0
11,26,narrow,PACER-A,8,0,2149,8,1.0,1,0,0,0,0,1,13,8,13
11,26,narrow,PACER-X,8,0,2149,8,1.0,1,0,0,0,0,1,13,8,13
11,27,cold,PostFilter-IVF,7,0,2149,3,0.42857142857142855,0,0,0,0,0,0,1200,3,1200
11,27,cold,StaleNoRecheck,7,0,2149,3,0.42857142857142855,0,0,0,0,0,0,1200,3,1200
11,27,cold,NaiveNoPolicy,7,0,2149,10,0.14285714285714285,0,0,3,9,9,0,1200,1200,0
11,27,cold,PACER-A,7,0,2149,7,1.0,1,0,0,0,0,1,8,7,8
11,27,cold,PACER-X,7,0,2149,7,1.0,1,0,0,0,0,1,8,7,8
11,28,broad,PostFilter-IVF,5096,0,2149,10,0.6,0,0,0,0,0,0,1200,467,1200
11,28,broad,StaleNoRecheck,5096,0,2149,10,0.6,0,0,1,0,0,0,1200,562,1200
11,28,broad,NaiveNoPolicy,5096,0,2149,10,0.3,0,0,4,0,6,0,1200,1200,0
11,28,broad,PACER-A,5096,0,2149,10,0.8,0,0,0,0,0,0,1200,1002,1200
11,28,broad,PACER-X,5096,0,2149,10,1.0,1,0,0,0,0,1,6159,5096,6159
11,29,medium,PostFilter-IVF,266,0,2149,10,0.4,0,0,0,0,0,0,1200,28,1200
11,29,medium,StaleNoRecheck,266,0,2149,10,0.4,0,0,2,0,0,0,1200,33,1200
11,29,medium,NaiveNoPolicy,266,0,2149,10,0.0,0,0,4,7,7,0,1200,1200,0
11,29,medium,PACER-A,266,0,2149,10,1.0,1,0,0,0,0,1,325,266,325
11,29,medium,PACER-X,266,0,2149,10,1.0,1,0,0,0,0,1,325,266,325
11,30,narrow,PostFilter-IVF,10,0,2149,6,0.6,0,0,0,0,0,0,1097,6,1097
11,30,narrow,StaleNoRecheck,10,0,2149,8,0.6,0,0,2,0,0,0,1097,8,1097
11,30,narrow,NaiveNoPolicy,10,0,2149,10,0.1,0,0,0,9,7,0,1097,1097,0
11,30,narrow,PACER-A,10,0,2149,10,1.0,1,0,0,0,0,1,13,10,13
11,30,narrow,PACER-X,10,0,2149,10,1.0,1,0,0,0,0,1,13,10,13
11,31,cold,PostFilter-IVF,1,0,2149,1,1.0,1,0,0,0,0,0,1173,1,1173
11,31,cold,StaleNoRecheck,1,0,2149,1,1.0,1,0,0,0,0,0,1173,1,1173
11,31,cold,NaiveNoPolicy,1,0,2149,10,1.0,0,0,2,9,9,0,1173,1173,0
11,31,cold,PACER-A,1,0,2149,1,1.0,1,0,0,0,0,1,1,1,1
11,31,cold,PACER-X,1,0,2149,1,1.0,1,0,0,0,0,1,1,1,1
