query_id,regime,correlation,method,n,dim,k,allowed_count,selectivity,returned,recall_at_k,secure_topk_exact,failure_mode,policy_violations,deleted_violations,tenant_violations,explanation_valid,explanation_total,explanation_accuracy,latency_ms,raw_candidates,candidates,distance_evals,policy_checks,summary_checks,visited_cluster_count,certified,certified_and_exact,certificate_false_positive,certificate_gap,truncated_visible_slice
0,broad,positive,ExactSecure,8000,64,10,3702,0.46275,10,1.0,1,none,0,0,0,10,10,1.0,4.48812500007989,8000,3702,3702,8000,0,0,1,1,0,0.0,0
0,broad,positive,PreFilter-Exact,8000,64,10,3702,0.46275,10,1.0,1,none,0,0,0,10,10,1.0,4.401724999752332,8000,3702,3702,8000,0,0,1,1,0,0.0,0
0,broad,positive,BitmapSlice-Exact,8000,64,10,3702,0.46275,10,1.0,1,none,0,0,0,10,10,1.0,7.237442000132432,4012,3702,3702,4012,0,0,1,1,0,0.0,0
0,broad,positive,ScalarOnly,8000,64,10,3702,0.46275,10,0.0,0,ranking_truncation,0,0,0,10,10,1.0,4.0969409997160255,8000,3702,0,8000,0,0,0,1,0,0.0,0
0,broad,positive,PostFilter-IVF,8000,64,10,3702,0.46275,10,0.7,0,ranking_truncation,0,0,0,10,10,1.0,1.1772650000239082,1329,536,1329,1329,0,8,0,1,0,0.0,0
0,broad,positive,AdaptivePostFilter-IVF,8000,64,10,3702,0.46275,10,1.0,1,none,0,0,0,10,10,1.0,4.4621930001085275,4800,2174,4800,4800,0,30,0,1,0,0.0,0
0,broad,positive,ExactPrefix-PostFilter,8000,64,10,3702,0.46275,10,1.0,1,none,0,0,0,10,10,1.0,1.8930139999611129,1600,725,8000,1600,0,0,0,1,0,0.0,0
0,broad,positive,TenantPartition-IVF,8000,64,10,3702,0.46275,10,0.7,0,ranking_truncation,0,0,0,10,10,1.0,0.9727530000418483,1329,536,1329,1329,0,8,0,1,0,0.0,0
0,broad,positive,PreFilter-IVF,8000,64,10,3702,0.46275,10,0.7,0,ranking_truncation,0,0,0,10,10,1.0,1.7189279997182894,1329,536,536,1329,8,8,0,1,0,0.0,0
0,broad,positive,PACER-A,8000,64,10,3702,0.46275,10,1.0,1,none,0,0,0,10,10,1.0,4.4674229998236115,1600,1482,1600,1600,19,19,0,1,0,0.6425594091415405,1
0,broad,positive,PACER-C,8000,64,10,3702,0.46275,10,1.0,1,none,0,0,0,10,10,1.0,11.25194999985979,4012,3702,4012,4012,48,48,1,1,0,0.0,0
0,broad,positive,PACER-X,8000,64,10,3702,0.46275,10,1.0,1,none,0,0,0,10,10,1.0,11.346505999881629,4012,3702,4012,4012,48,48,1,1,0,0.0,0
0,broad,positive,PACER-A-NoSlices,8000,64,10,3702,0.46275,10,1.0,1,none,0,0,0,10,10,1.0,1.9562649999897985,1600,753,1600,1600,10,10,0,1,0,0.6685469150543213,1
0,broad,positive,PACER-A-NoBounds,8000,64,10,3702,0.46275,10,1.0,1,none,0,0,0,10,10,1.0,5.516594999789959,1600,1488,1600,1600,18,18,0,1,0,0.0,1
0,broad,positive,StaleNoRecheck,8000,64,10,3702,0.46275,10,0.7,0,ranking_truncation,0,1,0,9,10,0.9,1.1258900003667804,1329,584,1329,1329,0,8,0,1,0,0.0,0
0,broad,positive,NaiveNoPolicy,8000,64,10,3702,0.46275,10,0.5,0,ranking_truncation,0,0,5,5,10,0.5,0.3336509998916881,1329,1329,1329,0,0,8,0,1,0,0.0,0
1,medium,positive,ExactSecure,8000,64,10,204,0.0255,10,1.0,1,none,0,0,0,10,10,1.0,4.2547230000309355,8000,204,204,8000,0,0,1,1,0,0.0,0
1,medium,positive,PreFilter-Exact,8000,64,10,204,0.0255,10,1.0,1,none,0,0,0,10,10,1.0,4.177241999968828,8000,204,204,8000,0,0,1,1,0,0.0,0
1,medium,positive,BitmapSlice-Exact,8000,64,10,204,0.0255,10,1.0,1,none,0,0,0,10,10,1.0,0.48326000023735105,228,204,204,228,0,0,1,1,0,0.0,0
1,medium,positive,ScalarOnly,8000,64,10,204,0.0255,10,0.0,0,ranking_truncation,0,0,0,10,10,1.0,4.038779999973485,8000,204,0,8000,0,0,0,1,0,0.0,0
1,medium,positive,PostFilter-IVF,8000,64,10,204,0.0255,10,0.7,0,ranking_truncation,0,0,0,10,10,1.0,0.9821240000746911,1222,38,1222,1222,0,8,0,1,0,0.0,0
1,medium,positive,AdaptivePostFilter-IVF,8000,64,10,204,0.0255,10,1.0,1,none,0,0,0,10,10,1.0,4.375837000225147,4800,141,4800,4800,0,30,0,1,0,0.0,0
1,medium,positive,ExactPrefix-PostFilter,8000,64,10,204,0.0255,10,1.0,1,none,0,0,0,10,10,1.0,1.9051959998250823,1600,36,8000,1600,0,0,0,1,0,0.0,0
1,medium,positive,TenantPartition-IVF,8000,64,10,204,0.0255,10,0.7,0,ranking_truncation,0,0,0,10,10,1.0,0.7659709999643383,1222,38,1222,1222,0,8,0,1,0,0.0,0
1,medium,positive,PreFilter-IVF,8000,64,10,204,0.0255,10,0.7,0,ranking_truncation,0,0,0,10,10,1.0,1.2890640000478015,1203,39,39,1203,9,8,0,1,0,0.0,0
1,medium,positive,PACER-A,8000,64,10,204,0.0255,10,1.0,1,none,0,0,0,10,10,1.0,2.9318780002540734,228,204,228,228,48,36,1,1,0,0.0,0
1,medium,positive,PACER-C,8000,64,10,204,0.0255,10,1.0,1,none,0,0,0,10,10,1.0,3.0124179997983447,228,204,228,228,48,36,1,1,0,0.0,0
1,medium,positive,PACER-X,8000,64,10,204,0.0255,10,1.0,1,none,0,0,0,10,10,1.0,2.920457000072929,228,204,228,228,48,36,1,1,0,0.0,0
1,medium,positive,PACER-A-NoSlices,8000,64,10,204,0.0255,10,0.8,0,ranking_truncation,0,0,0,10,10,1.0,1.7668020000201068,1600,41,1600,1600,11,11,0,1,0,0.836451455950737,1
1,medium,positive,PACER-A-NoBounds,8000,64,10,204,0.0255,10,1.0,1,none,0,0,0,10,10,1.0,3.054081000300357,228,204,228,228,48,36,1,1,0,0.0,0
1,medium,positive,StaleNoRecheck,8000,64,10,204,0.0255,10,0.7,0,ranking_truncation,0,2,0,8,10,0.8,1.028232999942702,1222,44,1222,1222,0,8,0,1,0,0.0,0
1,medium,positive,NaiveNoPolicy,8000,64,10,204,0.0255,10,0.2,0,ranking_truncation,7,0,7,2,10,0.2,0.31388799970955006,1222,1222,1222,0,0,8,0,1,0,0.0,0
2,narrow,positive,ExactSecure,8000,64,10,5,0.000625,5,1.0,1,none,0,0,0,5,5,1.0,3.875326000070345,8000,5,5,8000,0,0,1,1,0,0.0,0
2,narrow,positive,PreFilter-Exact,8000,64,10,5,0.000625,5,1.0,1,none,0,0,0,5,5,1.0,4.357425999842235,8000,5,5,8000,0,0,1,1,0,0.0,0
2,narrow,positive,BitmapSlice-Exact,8000,64,10,5,0.000625,5,1.0,1,none,0,0,0,5,5,1.0,0.08299199998873519,5,5,5,5,0,0,1,1,0,0.0,0
2,narrow,positive,ScalarOnly,8000,64,10,5,0.000625,5,1.0,0,ranking_truncation,0,0,0,5,5,1.0,4.1942009997910645,8000,5,0,8000,0,0,0,1,0,0.0,0
2,narrow,positive,PostFilter-IVF,8000,64,10,5,0.000625,2,0.4,0,candidate_starvation,0,0,0,2,2,1.0,1.0527190001994313,1254,2,1254,1254,0,8,0,1,0,0.0,0
2,narrow,positive,AdaptivePostFilter-IVF,8000,64,10,5,0.000625,4,0.8,0,candidate_starvation,0,0,0,4,4,1.0,4.01474699992832,4800,4,4800,4800,0,29,0,1,0,0.0,0
2,narrow,positive,ExactPrefix-PostFilter,8000,64,10,5,0.000625,2,0.4,0,candidate_starvation,0,0,0,2,2,1.0,1.8207210000582563,1600,2,8000,1600,0,0,0,1,0,0.0,0
2,narrow,positive,TenantPartition-IVF,8000,64,10,5,0.000625,2,0.4,0,candidate_starvation,0,0,0,2,2,1.0,0.5593669998233963,1254,2,1254,1254,0,8,0,1,0,0.0,0
2,narrow,positive,PreFilter-IVF,8000,64,10,5,0.000625,5,1.0,1,none,0,0,0,5,5,1.0,0.9308639996561396,904,5,5,904,48,4,0,1,0,0.0,0
2,narrow,positive,PACER-A,8000,64,10,5,0.000625,5,1.0,1,none,0,0,0,5,5,1.0,0.42214999984935275,5,5,5,5,38,4,1,1,0,0.0,0
2,narrow,positive,PACER-C,8000,64,10,5,0.000625,5,1.0,1,none,0,0,0,5,5,1.0,0.39935499989951495,5,5,5,5,38,4,1,1,0,0.0,0
2,narrow,positive,PACER-X,8000,64,10,5,0.000625,5,1.0,1,none,0,0,0,5,5,1.0,0.4475599998841062,5,5,5,5,38,4,1,1,0,0.0,0
2,narrow,positive,PACER-A-NoSlices,8000,64,10,5,0.000625,2,0.4,0,candidate_starvation,0,0,0,2,2,1.0,1.252243000180897,1600,2,1600,1600,10,10,0,1,0,0.0,1
2,narrow,positive,PACER-A-NoBounds,8000,64,10,5,0.000625,5,1.0,1,none,0,0,0,5,5,1.0,0.3243360001761175,5,5,5,5,38,4,1,1,0,0.0,0
2,narrow,positive,StaleNoRecheck,8000,64,10,5,0.000625,2,0.4,0,candidate_starvation,0,0,0,2,2,1.0,0.9096840003621764,1254,2,1254,1254,0,8,0,1,0,0.0,0
2,narrow,positive,NaiveNoPolicy,8000,64,10,5,0.000625,10,0.2,0,ranking_truncation,9,1,8,1,10,0.1,0.5003740002393897,1254,1254,1254,0,0,8,0,1,0,0.0,0
3,cold,positive,ExactSecure,8000,64,10,1,0.000125,1,1.0,1,none,0,0,0,1,1,1.0,3.9401889998771367,8000,1,1,8000,0,0,1,1,0,0.0,0
3,cold,positive,PreFilter-Exact,8000,64,10,1,0.000125,1,1.0,1,none,0,0,0,1,1,1.0,4.141457999594422,8000,1,1,8000,0,0,1,1,0,0.0,0
3,cold,positive,BitmapSlice-Exact,8000,64,10,1,0.000125,1,1.0,1,none,0,0,0,1,1,1.0,0.0693929996486986,1,1,1,1,0,0,1,1,0,0.0,0
3,cold,positive,ScalarOnly,8000,64,10,1,0.000125,1,1.0,1,none,0,0,0,1,1,1.0,3.9193059997160162,8000,1,0,8000,0,0,0,1,0,0.0,0
3,cold,positive,PostFilter-IVF,8000,64,10,1,0.000125,1,1.0,1,none,0,0,0,1,1,1.0,1.0688319998735096,1381,1,1381,1381,0,8,0,1,0,0.0,0
3,cold,positive,AdaptivePostFilter-IVF,8000,64,10,1,0.000125,1,1.0,1,none,0,0,0,1,1,1.0,4.150547000335791,4800,1,4800,4800,0,31,0,1,0,0.0,0
3,cold,positive,ExactPrefix-PostFilter,8000,64,10,1,0.000125,1,1.0,1,none,0,0,0,1,1,1.0,1.80665100015176,1600,1,8000,1600,0,0,0,1,0,0.0,0
3,cold,positive,TenantPartition-IVF,8000,64,10,1,0.000125,1,1.0,1,none,0,0,0,1,1,1.0,0.6352129998958844,1381,1,1381,1381,0,8,0,1,0,0.0,0
3,cold,positive,PreFilter-IVF,8000,64,10,1,0.000125,1,1.0,1,none,0,0,0,1,1,1.0,0.4930270001750614,185,1,1,185,48,1,0,1,0,0.0,0
3,cold,positive,PACER-A,8000,64,10,1,0.000125,1,1.0,1,none,0,0,0,1,1,1.0,0.18584000008559087,1,1,1,1,2,1,1,1,0,0.0,0
3,cold,positive,PACER-C,8000,64,10,1,0.000125,1,1.0,1,none,0,0,0,1,1,1.0,0.14624400000684545,1,1,1,1,2,1,1,1,0,0.0,0
3,cold,positive,PACER-X,8000,64,10,1,0.000125,1,1.0,1,none,0,0,0,1,1,1.0,0.11787299990828615,1,1,1,1,2,1,1,1,0,0.0,0
3,cold,positive,PACER-A-NoSlices,8000,64,10,1,0.000125,1,1.0,1,none,0,0,0,1,1,1.0,1.44755500014071,1600,1,1600,1600,10,10,0,1,0,0.0,1
3,cold,positive,PACER-A-NoBounds,8000,64,10,1,0.000125,1,1.0,1,none,0,0,0,1,1,1.0,0.1488769999014039,1,1,1,1,1,1,1,1,0,0.0,0
3,cold,positive,StaleNoRecheck,8000,64,10,1,0.000125,1,1.0,1,none,0,0,0,1,1,1.0,1.1633859999164997,1381,1,1381,1381,0,8,0,1,0,0.0,0
3,cold,positive,NaiveNoPolicy,8000,64,10,1,0.000125,10,1.0,0,ranking_truncation,9,1,7,1,10,0.1,0.5506380002771039,1381,1381,1381,0,0,8,0,1,0,0.0,0
4,broad,positive,ExactSecure,8000,64,10,3578,0.44725,10,1.0,1,none,0,0,0,10,10,1.0,4.459870000118826,8000,3578,3578,8000,0,0,1,1,0,0.0,0
4,broad,positive,PreFilter-Exact,8000,64,10,3578,0.44725,10,1.0,1,none,0,0,0,10,10,1.0,4.443203999926482,8000,3578,3578,8000,0,0,1,1,0,0.0,0
4,broad,positive,BitmapSlice-Exact,8000,64,10,3578,0.44725,10,1.0,1,none,0,0,0,10,10,1.0,7.38120699998035,3998,3578,3578,3998,0,0,1,1,0,0.0,0
4,broad,positive,ScalarOnly,8000,64,10,3578,0.44725,10,0.0,0,ranking_truncation,0,0,0,10,10,1.0,4.088817000138079,8000,3578,0,8000,0,0,0,1,0,0.0,0
4,broad,positive,PostFilter-IVF,8000,64,10,3578,0.44725,10,0.9,0,ranking_truncation,0,0,0,10,10,1.0,1.005113000246638,1204,630,1204,1204,0,8,0,1,0,0.0,0
4,broad,positive,AdaptivePostFilter-IVF,8000,64,10,3578,0.44725,10,1.0,1,none,0,0,0,10,10,1.0,4.579878999720677,4800,2142,4800,4800,0,30,0,1,0,0.0,0
4,broad,positive,ExactPrefix-PostFilter,8000,64,10,3578,0.44725,10,1.0,1,none,0,0,0,10,10,1.0,1.9018269999833137,1600,773,8000,1600,0,0,0,1,0,0.0,0
4,broad,positive,TenantPartition-IVF,8000,64,10,3578,0.44725,10,0.9,0,ranking_truncation,0,0,0,10,10,1.0,0.9206099998664286,1204,630,1204,1204,0,8,0,1,0,0.0,0
4,broad,positive,PreFilter-IVF,8000,64,10,3578,0.44725,10,0.9,0,ranking_truncation,0,0,0,10,10,1.0,1.3432539999485016,1204,630,630,1204,8,8,0,1,0,0.0,0
4,broad,positive,PACER-A,8000,64,10,3578,0.44725,10,1.0,1,none,0,0,0,10,10,1.0,4.492357999879459,1600,1423,1600,1600,19,19,0,1,0,0.5794249773025513,1
4,broad,positive,PACER-C,8000,64,10,3578,0.44725,10,1.0,1,none,0,0,0,10,10,1.0,11.069087000123545,3998,3578,3998,3998,48,48,1,1,0,0.0,0
4,broad,positive,PACER-X,8000,64,10,3578,0.44725,10,1.0,1,none,0,0,0,10,10,1.0,11.496024999814836,3998,3578,3998,3998,48,48,1,1,0,0.0,0
4,broad,positive,PACER-A-NoSlices,8000,64,10,3578,0.44725,10,1.0,1,none,0,0,0,10,10,1.0,1.8218580003122042,1600,787,1600,1600,11,11,0,1,0,0.5886865258216858,1
4,broad,positive,PACER-A-NoBounds,8000,64,10,3578,0.44725,10,1.0,1,none,0,0,0,10,10,1.0,4.266142000233231,1600,1424,1600,1600,19,19,0,1,0,0.0,1
4,broad,positive,StaleNoRecheck,8000,64,10,3578,0.44725,10,0.9,0,ranking_truncation,0,1,0,9,10,0.9,0.9445360001336667,1204,709,1204,1204,0,8,0,1,0,0.0,0
4,broad,positive,NaiveNoPolicy,8000,64,10,3578,0.44725,10,0.9,0,ranking_truncation,0,1,0,9,10,0.9,0.28481900017141015,1204,1204,1204,0,0,8,0,1,0,0.0,0
5,medium,positive,ExactSecure,8000,64,10,204,0.0255,10,1.0,1,none,0,0,0,10,10,1.0,3.8775259999965783,8000,204,204,8000,0,0,1,1,0,0.0,0
5,medium,positive,PreFilter-Exact,8000,64,10,204,0.0255,10,1.0,1,none,0,0,0,10,10,1.0,4.026631999749952,8000,204,204,8000,0,0,1,1,0,0.0,0
5,medium,positive,BitmapSlice-Exact,8000,64,10,204,0.0255,10,1.0,1,none,0,0,0,10,10,1.0,0.48874999993131496,218,204,204,218,0,0,1,1,0,0.0,0
5,medium,positive,ScalarOnly,8000,64,10,204,0.0255,10,0.3,0,ranking_truncation,0,0,0,10,10,1.0,3.9998779998313694,8000,204,0,8000,0,0,0,1,0,0.0,0
5,medium,positive,PostFilter-IVF,8000,64,10,204,0.0255,10,0.6,0,ranking_truncation,0,0,0,10,10,1.0,1.2164019999545417,1461,23,1461,1461,0,8,0,1,0,0.0,0
5,medium,positive,AdaptivePostFilter-IVF,8000,64,10,204,0.0255,10,1.0,1,none,0,0,0,10,10,1.0,4.364783999790234,4800,104,4800,4800,0,29,0,1,0,0.0,0
5,medium,positive,ExactPrefix-PostFilter,8000,64,10,204,0.0255,10,1.0,1,none,0,0,0,10,10,1.0,2.0461819999582076,1600,38,8000,1600,0,0,0,1,0,0.0,0
5,medium,positive,TenantPartition-IVF,8000,64,10,204,0.0255,10,0.6,0,ranking_truncation,0,0,0,10,10,1.0,0.9413169996150828,1461,23,1461,1461,0,8,0,1,0,0.0,0
5,medium,positive,PreFilter-IVF,8000,64,10,204,0.0255,10,0.6,0,ranking_truncation,0,0,0,10,10,1.0,1.3810380000904843,1269,29,29,1269,10,8,0,1,0,0.0,0
5,medium,positive,PACER-A,8000,64,10,204,0.0255,10,1.0,1,none,0,0,0,10,10,1.0,3.729525000380818,218,204,218,218,48,41,1,1,0,0.0,0
5,medium,positive,PACER-C,8000,64,10,204,0.0255,10,1.0,1,none,0,0,0,10,10,1.0,3.3639009998296387,218,204,218,218,48,41,1,1,0,0.0,0
5,medium,positive,PACER-X,8000,64,10,204,0.0255,10,1.0,1,none,0,0,0,10,10,1.0,3.381108000212407,218,204,218,218,48,41,1,1,0,0.0,0
5,medium,positive,PACER-A-NoSlices,8000,64,10,204,0.0255,10,0.6,0,ranking_truncation,0,0,0,10,10,1.0,1.4895080003043404,1600,29,1600,1600,10,10,0,1,0,0.8604322671890259,1
5,medium,positive,PACER-A-NoBounds,8000,64,10,204,0.0255,10,1.0,1,none,0,0,0,10,10,1.0,3.285725999830902,218,204,218,218,48,41,1,1,0,0.0,0
5,medium,positive,StaleNoRecheck,8000,64,10,204,0.0255,10,0.6,0,ranking_truncation,0,0,0,10,10,1.0,1.212410999869462,1461,23,1461,1461,0,8,0,1,0,0.0,0
5,medium,positive,NaiveNoPolicy,8000,64,10,204,0.0255,10,0.1,0,ranking_truncation,8,0,8,1,10,0.1,0.5415079999693262,1461,1461,1461,0,0,8,0,1,0,0.0,0
6,narrow,positive,ExactSecure,8000,64,10,4,0.0005,4,1.0,1,none,0,0,0,4,4,1.0,4.09278600000107,8000,4,4,8000,0,0,1,1,0,0.0,0
6,narrow,positive,PreFilter-Exact,8000,64,10,4,0.0005,4,1.0,1,none,0,0,0,4,4,1.0,3.948832999867591,8000,4,4,8000,0,0,1,1,0,0.0,0
6,narrow,positive,BitmapSlice-Exact,8000,64,10,4,0.0005,4,1.0,1,none,0,0,0,4,4,1.0,0.0762340000619588,4,4,4,4,0,0,1,1,0,0.0,0
6,narrow,positive,ScalarOnly,8000,64,10,4,0.0005,4,1.0,0,ranking_truncation,0,0,0,4,4,1.0,4.001675999916188,8000,4,0,8000,0,0,0,1,0,0.0,0
6,narrow,positive,PostFilter-IVF,8000,64,10,4,0.0005,1,0.25,0,candidate_starvation,0,0,0,1,1,1.0,1.131738000367477,1341,1,1341,1341,0,8,0,1,0,0.0,0
6,narrow,positive,AdaptivePostFilter-IVF,8000,64,10,4,0.0005,3,0.75,0,candidate_starvation,0,0,0,3,3,1.0,4.2080590001205564,4800,3,4800,4800,0,29,0,1,0,0.0,0
6,narrow,positive,ExactPrefix-PostFilter,8000,64,10,4,0.0005,2,0.5,0,candidate_starvation,0,0,0,2,2,1.0,1.7835839998951997,1600,2,8000,1600,0,0,0,1,0,0.0,0
6,narrow,positive,TenantPartition-IVF,8000,64,10,4,0.0005,1,0.25,0,candidate_starvation,0,0,0,1,1,1.0,0.6244830001378432,1341,1,1341,1341,0,8,0,1,0,0.0,0
6,narrow,positive,PreFilter-IVF,8000,64,10,4,0.0005,4,1.0,1,none,0,0,0,4,4,1.0,0.8999609999591485,505,4,4,505,48,3,0,1,0,0.0,0
6,narrow,positive,PACER-A,8000,64,10,4,0.0005,4,1.0,1,none,0,0,0,4,4,1.0,0.32108800041896757,4,4,4,4,44,3,1,1,0,0.0,0
6,narrow,positive,PACER-C,8000,64,10,4,0.0005,4,1.0,1,none,0,0,0,4,4,1.0,0.30689000004713307,4,4,4,4,44,3,1,1,0,0.0,0
6,narrow,positive,PACER-X,8000,64,10,4,0.0005,4,1.0,1,none,0,0,0,4,4,1.0,0.26598999966154224,4,4,4,4,44,3,1,1,0,0.0,0
6,narrow,positive,PACER-A-NoSlices,8000,64,10,4,0.0005,1,0.25,0,candidate_starvation,0,0,0,1,1,1.0,1.30855999987034,1600,1,1600,1600,10,10,0,1,0,0.0,1
6,narrow,positive,PACER-A-NoBounds,8000,64,10,4,0.0005,4,1.0,1,none,0,0,0,4,4,1.0,0.3066309996029304,4,4,4,4,40,3,1,1,0,0.0,0
6,narrow,positive,StaleNoRecheck,8000,64,10,4,0.0005,1,0.25,0,candidate_starvation,0,0,0,1,1,1.0,1.0065810001833597,1341,1,1341,1341,0,8,0,1,0,0.0,0
6,narrow,positive,NaiveNoPolicy,8000,64,10,4,0.0005,10,0.25,0,ranking_truncation,9,4,8,1,10,0.1,0.5295890000525105,1341,1341,1341,0,0,8,0,1,0,0.0,0
7,cold,positive,ExactSecure,8000,64,10,3,0.000375,3,1.0,1,none,0,0,0,3,3,1.0,4.026142999919102,8000,3,3,8000,0,0,1,1,0,0.0,0
7,cold,positive,PreFilter-Exact,8000,64,10,3,0.000375,3,1.0,1,none,0,0,0,3,3,1.0,4.159868000442657,8000,3,3,8000,0,0,1,1,0,0.0,0
7,cold,positive,BitmapSlice-Exact,8000,64,10,3,0.000375,3,1.0,1,none,0,0,0,3,3,1.0,0.07414899982904899,3,3,3,3,0,0,1,1,0,0.0,0
7,cold,positive,ScalarOnly,8000,64,10,3,0.000375,3,1.0,0,ranking_truncation,0,0,0,3,3,1.0,3.8004440002623596,8000,3,0,8000,0,0,0,1,0,0.0,0
7,cold,positive,PostFilter-IVF,8000,64,10,3,0.000375,3,1.0,1,none,0,0,0,3,3,1.0,1.003862000288791,1388,3,1388,1388,0,8,0,1,0,0.0,0
7,cold,positive,AdaptivePostFilter-IVF,8000,64,10,3,0.000375,3,1.0,1,none,0,0,0,3,3,1.0,3.953038999952696,4800,3,4800,4800,0,29,0,1,0,0.0,0
7,cold,positive,ExactPrefix-PostFilter,8000,64,10,3,0.000375,1,0.3333333333333333,0,candidate_starvation,0,0,0,1,1,1.0,1.7521449999549077,1600,1,8000,1600,0,0,0,1,0,0.0,0
7,cold,positive,TenantPartition-IVF,8000,64,10,3,0.000375,3,1.0,1,none,0,0,0,3,3,1.0,0.5800919998364407,1388,3,1388,1388,0,8,0,1,0,0.0,0
7,cold,positive,PreFilter-IVF,8000,64,10,3,0.000375,3,1.0,1,none,0,0,0,3,3,1.0,0.48293700001522666,170,3,3,170,48,1,0,1,0,0.0,0
7,cold,positive,PACER-A,8000,64,10,3,0.000375,3,1.0,1,none,0,0,0,3,3,1.0,0.16543599986107438,3,3,3,3,3,1,1,1,0,0.0,0
7,cold,positive,PACER-C,8000,64,10,3,0.000375,3,1.0,1,none,0,0,0,3,3,1.0,0.11981999978161184,3,3,3,3,3,1,1,1,0,0.0,0
7,cold,positive,PACER-X,8000,64,10,3,0.000375,3,1.0,1,none,0,0,0,3,3,1.0,0.1150050002252101,3,3,3,3,3,1,1,1,0,0.0,0
7,cold,positive,PACER-A-NoSlices,8000,64,10,3,0.000375,3,1.0,1,none,0,0,0,3,3,1.0,1.2428929999259708,1600,3,1600,1600,9,9,0,1,0,0.0,1
7,cold,positive,PACER-A-NoBounds,8000,64,10,3,0.000375,3,1.0,1,none,0,0,0,3,3,1.0,0.1250949999302975,3,3,3,3,1,1,1,1,0,0.0,0
7,cold,positive,StaleNoRecheck,8000,64,10,3,0.000375,3,1.0,1,none,0,0,0,3,3,1.0,1.0046040001725487,1388,3,1388,1388,0,8,0,1,0,0.0,0
7,cold,positive,NaiveNoPolicy,8000,64,10,3,0.000375,10,0.3333333333333333,0,ranking_truncation,8,1,9,1,10,0.1,0.46529200017175754,1388,1388,1388,0,0,8,0,1,0,0.0,0
8,broad,positive,ExactSecure,8000,64,10,3615,0.451875,10,1.0,1,none,0,0,0,10,10,1.0,4.816323999875749,8000,3615,3615,8000,0,0,1,1,0,0.0,0
8,broad,positive,PreFilter-Exact,8000,64,10,3615,0.451875,10,1.0,1,none,0,0,0,10,10,1.0,4.5596820000355365,8000,3615,3615,8000,0,0,1,1,0,0.0,0
8,broad,positive,BitmapSlice-Exact,8000,64,10,3615,0.451875,10,1.0,1,none,0,0,0,10,10,1.0,8.175754000149027,3993,3615,3615,3993,0,0,1,1,0,0.0,0
8,broad,positive,ScalarOnly,8000,64,10,3615,0.451875,10,0.0,0,ranking_truncation,0,0,0,10,10,1.0,4.1626380002526275,8000,3615,0,8000,0,0,0,1,0,0.0,0
8,broad,positive,PostFilter-IVF,8000,64,10,3615,0.451875,10,0.9,0,ranking_truncation,0,0,0,10,10,1.0,1.1484950000522076,1259,612,1259,1259,0,8,0,1,0,0.0,0
8,broad,positive,AdaptivePostFilter-IVF,8000,64,10,3615,0.451875,10,1.0,1,none,0,0,0,10,10,1.0,4.665822999868396,4800,2235,4800,4800,0,31,0,1,0,0.0,0
8,broad,positive,ExactPrefix-PostFilter,8000,64,10,3615,0.451875,10,1.0,1,none,0,0,0,10,10,1.0,1.8505320003896486,1600,732,8000,1600,0,0,0,1,0,0.0,0
8,broad,positive,TenantPartition-IVF,8000,64,10,3615,0.451875,10,0.9,0,ranking_truncation,0,0,0,10,10,1.0,0.9376100001645682,1259,612,1259,1259,0,8,0,1,0,0.0,0
8,broad,positive,PreFilter-IVF,8000,64,10,3615,0.451875,10,0.9,0,ranking_truncation,0,0,0,10,10,1.0,1.7936030003511405,1258,570,570,1258,8,8,0,1,0,0.0,0
8,broad,positive,PACER-A,8000,64,10,3615,0.451875,10,1.0,1,none,0,0,0,10,10,1.0,5.501167000147689,1600,1451,1600,1600,20,20,0,1,0,0.5917089283466339,1
8,broad,positive,PACER-C,8000,64,10,3615,0.451875,10,1.0,1,none,0,0,0,10,10,1.0,10.746536000169726,3993,3615,3993,3993,48,48,1,1,0,0.0,0
8,broad,positive,PACER-X,8000,64,10,3615,0.451875,10,1.0,1,none,0,0,0,10,10,1.0,10.761573000309,3993,3615,3993,3993,48,48,1,1,0,0.0,0
8,broad,positive,PACER-A-NoSlices,8000,64,10,3615,0.451875,10,1.0,1,none,0,0,0,10,10,1.0,1.5697970002293005,1600,751,1600,1600,10,10,0,1,0,0.6032602488994598,1
8,broad,positive,PACER-A-NoBounds,8000,64,10,3615,0.451875,10,1.0,1,none,0,0,0,10,10,1.0,4.79407699958756,1600,1449,1600,1600,21,21,0,1,0,0.0,1
8,broad,positive,StaleNoRecheck,8000,64,10,3615,0.451875,10,0.8,0,ranking_truncation,0,2,0,8,10,0.8,1.0510359998079366,1259,677,1259,1259,0,8,0,1,0,0.0,0
8,broad,positive,NaiveNoPolicy,8000,64,10,3615,0.451875,10,0.3,0,ranking_truncation,0,2,6,3,10,0.3,0.3010030000041297,1259,1259,1259,0,0,8,0,1,0,0.0,0
9,medium,positive,ExactSecure,8000,64,10,212,0.0265,10,1.0,1,none,0,0,0,10,10,1.0,4.2467989997021505,8000,212,212,8000,0,0,1,1,0,0.0,0
9,medium,positive,PreFilter-Exact,8000,64,10,212,0.0265,10,1.0,1,none,0,0,0,10,10,1.0,4.275767999843083,8000,212,212,8000,0,0,1,1,0,0.0,0
9,medium,positive,BitmapSlice-Exact,8000,64,10,212,0.0265,10,1.0,1,none,0,0,0,10,10,1.0,0.4903369999738061,237,212,212,237,0,0,1,1,0,0.0,0
9,medium,positive,ScalarOnly,8000,64,10,212,0.0265,10,0.0,0,ranking_truncation,0,0,0,10,10,1.0,4.320637000091665,8000,212,0,8000,0,0,0,1,0,0.0,0
9,medium,positive,PostFilter-IVF,8000,64,10,212,0.0265,10,0.8,0,ranking_truncation,0,0,0,10,10,1.0,1.4025089999449847,1545,40,1545,1545,0,8,0,1,0,0.0,0
9,medium,positive,AdaptivePostFilter-IVF,8000,64,10,212,0.0265,10,0.9,0,ranking_truncation,0,0,0,10,10,1.0,5.232539000189718,4800,107,4800,4800,0,28,0,1,0,0.0,0
9,medium,positive,ExactPrefix-PostFilter,8000,64,10,212,0.0265,10,1.0,1,none,0,0,0,10,10,1.0,2.3408850001942483,1600,40,8000,1600,0,0,0,1,0,0.0,0
9,medium,positive,TenantPartition-IVF,8000,64,10,212,0.0265,10,0.8,0,ranking_truncation,0,0,0,10,10,1.0,0.8024819999263855,1545,40,1545,1545,0,8,0,1,0,0.0,0
9,medium,positive,PreFilter-IVF,8000,64,10,212,0.0265,10,0.8,0,ranking_truncation,0,0,0,10,10,1.0,1.3275919995976437,1518,45,45,1518,8,8,0,1,0,0.0,0
9,medium,positive,PACER-A,8000,64,10,212,0.0265,10,1.0,1,none,0,0,0,10,10,1.0,3.895952000220859,237,212,237,237,48,44,1,1,0,0.0,0
9,medium,positive,PACER-C,8000,64,10,212,0.0265,10,1.0,1,none,0,0,0,10,10,1.0,4.232701000091765,237,212,237,237,48,44,1,1,0,0.0,0
9,medium,positive,PACER-X,8000,64,10,212,0.0265,10,1.0,1,none,0,0,0,10,10,1.0,3.8213879997783806,237,212,237,237,48,44,1,1,0,0.0,0
9,medium,positive,PACER-A-NoSlices,8000,64,10,212,0.0265,10,0.9,0,ranking_truncation,0,0,0,10,10,1.0,1.5217469999697641,1600,47,1600,1600,9,9,0,1,0,0.8147160410881042,1
9,medium,positive,PACER-A-NoBounds,8000,64,10,212,0.0265,10,1.0,1,none,0,0,0,10,10,1.0,4.033445999994001,237,212,237,237,48,44,1,1,0,0.0,0
9,medium,positive,StaleNoRecheck,8000,64,10,212,0.0265,10,0.7,0,ranking_truncation,0,3,0,7,10,0.7,1.6870969998308283,1545,45,1545,1545,0,8,0,1,0,0.0,0
9,medium,positive,NaiveNoPolicy,8000,64,10,212,0.0265,10,0.0,0,ranking_truncation,7,2,9,0,10,0.0,0.5884950001018296,1545,1545,1545,0,0,8,0,1,0,0.0,0
10,narrow,positive,ExactSecure,8000,64,10,6,0.00075,6,1.0,1,none,0,0,0,6,6,1.0,3.9598970001861744,8000,6,6,8000,0,0,1,1,0,0.0,0
10,narrow,positive,PreFilter-Exact,8000,64,10,6,0.00075,6,1.0,1,none,0,0,0,6,6,1.0,3.991862000020774,8000,6,6,8000,0,0,1,1,0,0.0,0
10,narrow,positive,BitmapSlice-Exact,8000,64,10,6,0.00075,6,1.0,1,none,0,0,0,6,6,1.0,0.08287299988296581,8,6,6,8,0,0,1,1,0,0.0,0
10,narrow,positive,ScalarOnly,8000,64,10,6,0.00075,6,1.0,0,ranking_truncation,0,0,0,6,6,1.0,4.450171999906161,8000,6,0,8000,0,0,0,1,0,0.0,0
10,narrow,positive,PostFilter-IVF,8000,64,10,6,0.00075,3,0.5,0,candidate_starvation,0,0,0,3,3,1.0,1.2895469999421039,1600,3,1600,1600,0,8,0,1,0,0.0,0
10,narrow,positive,AdaptivePostFilter-IVF,8000,64,10,6,0.00075,6,1.0,1,none,0,0,0,6,6,1.0,4.091815000265342,4800,6,4800,4800,0,27,0,1,0,0.0,0
10,narrow,positive,ExactPrefix-PostFilter,8000,64,10,6,0.00075,1,0.16666666666666666,0,candidate_starvation,0,0,0,1,1,1.0,1.719343000331719,1600,1,8000,1600,0,0,0,1,0,0.0,0
10,narrow,positive,TenantPartition-IVF,8000,64,10,6,0.00075,3,0.5,0,candidate_starvation,0,0,0,3,3,1.0,0.7027540000308363,1600,3,1600,1600,0,8,0,1,0,0.0,0
10,narrow,positive,PreFilter-IVF,8000,64,10,6,0.00075,6,1.0,1,none,0,0,0,6,6,1.0,1.0171479998462019,705,6,6,705,48,4,0,1,0,0.0,0
10,narrow,positive,PACER-A,8000,64,10,6,0.00075,6,1.0,1,none,0,0,0,6,6,1.0,0.457739000012225,8,6,8,8,23,4,1,1,0,0.0,0
10,narrow,positive,PACER-C,8000,64,10,6,0.00075,6,1.0,1,none,0,0,0,6,6,1.0,0.31838600034461706,8,6,8,8,23,4,1,1,0,0.0,0
10,narrow,positive,PACER-X,8000,64,10,6,0.00075,6,1.0,1,none,0,0,0,6,6,1.0,0.2911139999923762,8,6,8,8,23,4,1,1,0,0.0,0
10,narrow,positive,PACER-A-NoSlices,8000,64,10,6,0.00075,1,0.16666666666666666,0,candidate_starvation,0,0,0,1,1,1.0,1.0885490000873688,1600,1,1600,1600,8,8,0,1,0,0.0,1
10,narrow,positive,PACER-A-NoBounds,8000,64,10,6,0.00075,6,1.0,1,none,0,0,0,6,6,1.0,0.40746600006968947,8,6,8,8,14,4,1,1,0,0.0,0
10,narrow,positive,StaleNoRecheck,8000,64,10,6,0.00075,4,0.5,0,candidate_starvation,0,1,0,3,4,0.75,1.4134850002847088,1600,4,1600,1600,0,8,0,1,0,0.0,0
10,narrow,positive,NaiveNoPolicy,8000,64,10,6,0.00075,10,0.0,0,ranking_truncation,9,2,9,0,10,0.0,0.47589400037395535,1600,1600,1600,0,0,8,0,1,0,0.0,0
11,cold,positive,ExactSecure,8000,64,10,3,0.000375,3,1.0,1,none,0,0,0,3,3,1.0,4.331782000008388,8000,3,3,8000,0,0,1,1,0,0.0,0
11,cold,positive,PreFilter-Exact,8000,64,10,3,0.000375,3,1.0,1,none,0,0,0,3,3,1.0,3.8679190001857933,8000,3,3,8000,0,0,1,1,0,0.0,0
11,cold,positive,BitmapSlice-Exact,8000,64,10,3,0.000375,3,1.0,1,none,0,0,0,3,3,1.0,0.07622199973411625,4,3,3,4,0,0,1,1,0,0.0,0
11,cold,positive,ScalarOnly,8000,64,10,3,0.000375,3,1.0,0,ranking_truncation,0,0,0,3,3,1.0,3.9254010002878204,8000,3,0,8000,0,0,0,1,0,0.0,0
11,cold,positive,PostFilter-IVF,8000,64,10,3,0.000375,2,0.6666666666666666,0,candidate_starvation,0,0,0,2,2,1.0,1.174206000086997,1474,2,1474,1474,0,8,0,1,0,0.0,0
11,cold,positive,AdaptivePostFilter-IVF,8000,64,10,3,0.000375,2,0.6666666666666666,0,candidate_starvation,0,0,0,2,2,1.0,4.310540999995283,4800,2,4800,4800,0,31,0,1,0,0.0,0
11,cold,positive,ExactPrefix-PostFilter,8000,64,10,3,0.000375,2,0.6666666666666666,0,candidate_starvation,0,0,0,2,2,1.0,1.8155320003643283,1600,2,8000,1600,0,0,0,1,0,0.0,0
11,cold,positive,TenantPartition-IVF,8000,64,10,3,0.000375,2,0.6666666666666666,0,candidate_starvation,0,0,0,2,2,1.0,0.7921349997559446,1474,2,1474,1474,0,8,0,1,0,0.0,0
11,cold,positive,PreFilter-IVF,8000,64,10,3,0.000375,3,1.0,1,none,0,0,0,3,3,1.0,0.8817749999252555,772,3,3,772,48,3,0,1,0,0.0,0
11,cold,positive,PACER-A,8000,64,10,3,0.000375,3,1.0,1,none,0,0,0,3,3,1.0,0.2982930000143824,4,3,4,4,45,3,1,1,0,0.0,0
11,cold,positive,PACER-C,8000,64,10,3,0.000375,3,1.0,1,none,0,0,0,3,3,1.0,0.24036000013438752,4,3,4,4,45,3,1,1,0,0.0,0
11,cold,positive,PACER-X,8000,64,10,3,0.000375,3,1.0,1,none,0,0,0,3,3,1.0,0.26414700005261693,4,3,4,4,45,3,1,1,0,0.0,0
11,cold,positive,PACER-A-NoSlices,8000,64,10,3,0.000375,2,0.6666666666666666,0,candidate_starvation,0,0,0,2,2,1.0,1.3225640000200656,1600,2,1600,1600,10,10,0,1,0,0.0,1
11,cold,positive,PACER-A-NoBounds,8000,64,10,3,0.000375,3,1.0,1,none,0,0,0,3,3,1.0,0.2397080002083385,4,3,4,4,47,3,1,1,0,0.0,0
11,cold,positive,StaleNoRecheck,8000,64,10,3,0.000375,2,0.6666666666666666,0,candidate_starvation,0,0,0,2,2,1.0,1.0453750001033768,1474,2,1474,1474,0,8,0,1,0,0.0,0
11,cold,positive,NaiveNoPolicy,8000,64,10,3,0.000375,10,0.3333333333333333,0,ranking_truncation,9,1,7,1,10,0.1,0.3823329998340341,1474,1474,1474,0,0,8,0,1,0,0.0,0
12,broad,positive,ExactSecure,8000,64,10,3578,0.44725,10,1.0,1,none,0,0,0,10,10,1.0,4.436592999809363,8000,3578,3578,8000,0,0,1,1,0,0.0,0
12,broad,positive,PreFilter-Exact,8000,64,10,3578,0.44725,10,1.0,1,none,0,0,0,10,10,1.0,4.947721999997157,8000,3578,3578,8000,0,0,1,1,0,0.0,0
12,broad,positive,BitmapSlice-Exact,8000,64,10,3578,0.44725,10,1.0,1,none,0,0,0,10,10,1.0,6.907766000040283,3992,3578,3578,3992,0,0,1,1,0,0.0,0
12,broad,positive,ScalarOnly,8000,64,10,3578,0.44725,10,0.0,0,ranking_truncation,0,0,0,10,10,1.0,4.390433000025951,8000,3578,0,8000,0,0,0,1,0,0.0,0
12,broad,positive,PostFilter-IVF,8000,64,10,3578,0.44725,10,1.0,1,none,0,0,0,10,10,1.0,1.219301000219275,1472,830,1472,1472,0,8,0,1,0,0.0,0
12,broad,positive,AdaptivePostFilter-IVF,8000,64,10,3578,0.44725,10,1.0,1,none,0,0,0,10,10,1.0,4.4179540000186535,4800,2121,4800,4800,0,31,0,1,0,0.0,0
12,broad,positive,ExactPrefix-PostFilter,8000,64,10,3578,0.44725,10,1.0,1,none,0,0,0,10,10,1.0,1.8944339999507065,1600,810,8000,1600,0,0,0,1,0,0.0,0
12,broad,positive,TenantPartition-IVF,8000,64,10,3578,0.44725,10,1.0,1,none,0,0,0,10,10,1.0,1.204069999857893,1472,830,1472,1472,0,8,0,1,0,0.0,0
12,broad,positive,PreFilter-IVF,8000,64,10,3578,0.44725,10,1.0,1,none,0,0,0,10,10,1.0,1.4173489998938749,1515,732,732,1515,8,8,0,1,0,0.0,0
12,broad,positive,PACER-A,8000,64,10,3578,0.44725,10,1.0,1,none,0,0,0,10,10,1.0,4.746209000131785,1600,1443,1600,1600,18,18,0,1,0,0.5688103139400482,1
12,broad,positive,PACER-C,8000,64,10,3578,0.44725,10,1.0,1,none,0,0,0,10,10,1.0,11.515285999848857,3992,3578,3992,3992,48,48,1,1,0,0.0,0
12,broad,positive,PACER-X,8000,64,10,3578,0.44725,10,1.0,1,none,0,0,0,10,10,1.0,11.725021000074776,3992,3578,3992,3992,48,48,1,1,0,0.0,0
12,broad,positive,PACER-A-NoSlices,8000,64,10,3578,0.44725,10,1.0,1,none,0,0,0,10,10,1.0,1.8171809997511446,1600,776,1600,1600,10,10,0,1,0,0.5803086459636688,1
12,broad,positive,PACER-A-NoBounds,8000,64,10,3578,0.44725,10,1.0,1,none,0,0,0,10,10,1.0,4.868733999956021,1600,1444,1600,1600,19,19,0,1,0,0.0,1
12,broad,positive,StaleNoRecheck,8000,64,10,3578,0.44725,10,1.0,1,none,0,0,0,10,10,1.0,1.4447630001086509,1472,916,1472,1472,0,8,0,1,0,0.0,0
12,broad,positive,NaiveNoPolicy,8000,64,10,3578,0.44725,10,0.8,0,ranking_truncation,0,0,2,8,10,0.8,0.6118659998719522,1472,1472,1472,0,0,8,0,1,0,0.0,0
13,medium,positive,ExactSecure,8000,64,10,220,0.0275,10,1.0,1,none,0,0,0,10,10,1.0,4.20512399978179,8000,220,220,8000,0,0,1,1,0,0.0,0
13,medium,positive,PreFilter-Exact,8000,64,10,220,0.0275,10,1.0,1,none,0,0,0,10,10,1.0,4.342149999956746,8000,220,220,8000,0,0,1,1,0,0.0,0
13,medium,positive,BitmapSlice-Exact,8000,64,10,220,0.0275,10,1.0,1,none,0,0,0,10,10,1.0,0.511532000018633,229,220,220,229,0,0,1,1,0,0.0,0
13,medium,positive,ScalarOnly,8000,64,10,220,0.0275,10,0.1,0,ranking_truncation,0,0,0,10,10,1.0,4.175091999968572,8000,220,0,8000,0,0,0,1,0,0.0,0
13,medium,positive,PostFilter-IVF,8000,64,10,220,0.0275,10,0.5,0,ranking_truncation,0,0,0,10,10,1.0,1.0881570001401997,1421,54,1421,1421,0,8,0,1,0,0.0,0
13,medium,positive,AdaptivePostFilter-IVF,8000,64,10,220,0.0275,10,0.9,0,ranking_truncation,0,0,0,10,10,1.0,4.761647000123048,4800,160,4800,4800,0,31,0,1,0,0.0,0
13,medium,positive,ExactPrefix-PostFilter,8000,64,10,220,0.0275,10,1.0,1,none,0,0,0,10,10,1.0,1.711866999812628,1600,56,8000,1600,0,0,0,1,0,0.0,0
13,medium,positive,TenantPartition-IVF,8000,64,10,220,0.0275,10,0.5,0,ranking_truncation,0,0,0,10,10,1.0,0.7290590001503006,1421,54,1421,1421,0,8,0,1,0,0.0,0
13,medium,positive,PreFilter-IVF,8000,64,10,220,0.0275,10,0.6,0,ranking_truncation,0,0,0,10,10,1.0,1.5423929999087704,1512,56,56,1512,10,8,0,1,0,0.0,0
13,medium,positive,PACER-A,8000,64,10,220,0.0275,10,1.0,1,none,0,0,0,10,10,1.0,2.7552430001378525,229,220,229,229,48,34,1,1,0,0.0,0
13,medium,positive,PACER-C,8000,64,10,220,0.0275,10,1.0,1,none,0,0,0,10,10,1.0,2.744606999840471,229,220,229,229,48,34,1,1,0,0.0,0
13,medium,positive,PACER-X,8000,64,10,220,0.0275,10,1.0,1,none,0,0,0,10,10,1.0,2.8982869998799288,229,220,229,229,48,34,1,1,0,0.0,0
13,medium,positive,PACER-A-NoSlices,8000,64,10,220,0.0275,10,0.6,0,ranking_truncation,0,0,0,10,10,1.0,1.441155000065919,1600,56,1600,1600,10,10,0,1,0,0.792863517999649,1
13,medium,positive,PACER-A-NoBounds,8000,64,10,220,0.0275,10,1.0,1,none,0,0,0,10,10,1.0,2.727454000250873,229,220,229,229,48,34,1,1,0,0.0,0
13,medium,positive,StaleNoRecheck,8000,64,10,220,0.0275,10,0.5,0,ranking_truncation,0,1,0,9,10,0.9,1.0907710002356907,1421,56,1421,1421,0,8,0,1,0,0.0,0
13,medium,positive,NaiveNoPolicy,8000,64,10,220,0.0275,10,0.1,0,ranking_truncation,9,0,8,1,10,0.1,0.4022400003123039,1421,1421,1421,0,0,8,0,1,0,0.0,0
14,narrow,positive,ExactSecure,8000,64,10,4,0.0005,4,1.0,1,none,0,0,0,4,4,1.0,4.135060999942652,8000,4,4,8000,0,0,1,1,0,0.0,0
14,narrow,positive,PreFilter-Exact,8000,64,10,4,0.0005,4,1.0,1,none,0,0,0,4,4,1.0,4.410883999753423,8000,4,4,8000,0,0,1,1,0,0.0,0
14,narrow,positive,BitmapSlice-Exact,8000,64,10,4,0.0005,4,1.0,1,none,0,0,0,4,4,1.0,0.10236500020255335,4,4,4,4,0,0,1,1,0,0.0,0
14,narrow,positive,ScalarOnly,8000,64,10,4,0.0005,4,1.0,0,ranking_truncation,0,0,0,4,4,1.0,4.4622980003623525,8000,4,0,8000,0,0,0,1,0,0.0,0
14,narrow,positive,PostFilter-IVF,8000,64,10,4,0.0005,3,0.75,0,candidate_starvation,0,0,0,3,3,1.0,1.0372810002081678,1309,3,1309,1309,0,8,0,1,0,0.0,0
14,narrow,positive,AdaptivePostFilter-IVF,8000,64,10,4,0.0005,4,1.0,1,none,0,0,0,4,4,1.0,5.045738999797322,4800,4,4800,4800,0,29,0,1,0,0.0,0
14,narrow,positive,ExactPrefix-PostFilter,8000,64,10,4,0.0005,2,0.5,0,candidate_starvation,0,0,0,2,2,1.0,1.8331969999962894,1600,2,8000,1600,0,0,0,1,0,0.0,0
14,narrow,positive,TenantPartition-IVF,8000,64,10,4,0.0005,3,0.75,0,candidate_starvation,0,0,0,3,3,1.0,0.7302560002244718,1309,3,1309,1309,0,8,0,1,0,0.0,0
14,narrow,positive,PreFilter-IVF,8000,64,10,4,0.0005,4,1.0,1,none,0,0,0,4,4,1.0,0.9709700002531463,531,4,4,531,48,4,0,1,0,0.0,0
14,narrow,positive,PACER-A,8000,64,10,4,0.0005,4,1.0,1,none,0,0,0,4,4,1.0,0.5269379998935619,4,4,4,4,20,4,1,1,0,0.0,0
14,narrow,positive,PACER-C,8000,64,10,4,0.0005,4,1.0,1,none,0,0,0,4,4,1.0,0.5555379998440912,4,4,4,4,20,4,1,1,0,0.0,0
14,narrow,positive,PACER-X,8000,64,10,4,0.0005,4,1.0,1,none,0,0,0,4,4,1.0,0.3702060002979124,4,4,4,4,20,4,1,1,0,0.0,0
14,narrow,positive,PACER-A-NoSlices,8000,64,10,4,0.0005,3,0.75,0,candidate_starvation,0,0,0,3,3,1.0,1.6061090000221157,1600,3,1600,1600,10,10,0,1,0,0.0,1
14,narrow,positive,PACER-A-NoBounds,8000,64,10,4,0.0005,4,1.0,1,none,0,0,0,4,4,1.0,0.34932400012621656,4,4,4,4,21,4,1,1,0,0.0,0
14,narrow,positive,StaleNoRecheck,8000,64,10,4,0.0005,3,0.75,0,candidate_starvation,0,0,0,3,3,1.0,0.9197690001201408,1309,3,1309,1309,0,8,0,1,0,0.0,0
14,narrow,positive,NaiveNoPolicy,8000,64,10,4,0.0005,10,0.25,0,ranking_truncation,9,2,9,1,10,0.1,0.4929169999741134,1309,1309,1309,0,0,8,0,1,0,0.0,0
15,cold,positive,ExactSecure,8000,64,10,3,0.000375,3,1.0,1,none,0,0,0,3,3,1.0,3.876456999932998,8000,3,3,8000,0,0,1,1,0,0.0,0
15,cold,positive,PreFilter-Exact,8000,64,10,3,0.000375,3,1.0,1,none,0,0,0,3,3,1.0,3.9132200004132756,8000,3,3,8000,0,0,1,1,0,0.0,0
15,cold,positive,BitmapSlice-Exact,8000,64,10,3,0.000375,3,1.0,1,none,0,0,0,3,3,1.0,0.07173899984991294,3,3,3,3,0,0,1,1,0,0.0,0
15,cold,positive,ScalarOnly,8000,64,10,3,0.000375,3,1.0,0,ranking_truncation,0,0,0,3,3,1.0,3.817405000063445,8000,3,0,8000,0,0,0,1,0,0.0,0
15,cold,positive,PostFilter-IVF,8000,64,10,3,0.000375,3,1.0,1,none,0,0,0,3,3,1.0,1.2354020000202581,1333,3,1333,1333,0,8,0,1,0,0.0,0
15,cold,positive,AdaptivePostFilter-IVF,8000,64,10,3,0.000375,3,1.0,1,none,0,0,0,3,3,1.0,3.803689000051236,4800,3,4800,4800,0,27,0,1,0,0.0,0
15,cold,positive,ExactPrefix-PostFilter,8000,64,10,3,0.000375,3,1.0,1,none,0,0,0,3,3,1.0,1.9179590003659541,1600,3,8000,1600,0,0,0,1,0,0.0,0
15,cold,positive,TenantPartition-IVF,8000,64,10,3,0.000375,3,1.0,1,none,0,0,0,3,3,1.0,0.5704619998141425,1333,3,1333,1333,0,8,0,1,0,0.0,0
15,cold,positive,PreFilter-IVF,8000,64,10,3,0.000375,3,1.0,1,none,0,0,0,3,3,1.0,0.46364399986487115,222,3,3,222,48,1,0,1,0,0.0,0
15,cold,positive,PACER-A,8000,64,10,3,0.000375,3,1.0,1,none,0,0,0,3,3,1.0,0.1910540004246286,3,3,3,3,1,1,1,1,0,0.0,0
15,cold,positive,PACER-C,8000,64,10,3,0.000375,3,1.0,1,none,0,0,0,3,3,1.0,0.12978399990970502,3,3,3,3,1,1,1,1,0,0.0,0
15,cold,positive,PACER-X,8000,64,10,3,0.000375,3,1.0,1,none,0,0,0,3,3,1.0,0.12389300036375062,3,3,3,3,1,1,1,1,0,0.0,0
15,cold,positive,PACER-A-NoSlices,8000,64,10,3,0.000375,3,1.0,1,none,0,0,0,3,3,1.0,1.2544040000648238,1600,3,1600,1600,10,10,0,1,0,0.0,1
15,cold,positive,PACER-A-NoBounds,8000,64,10,3,0.000375,3,1.0,1,none,0,0,0,3,3,1.0,0.1328369999100687,3,3,3,3,1,1,1,1,0,0.0,0
15,cold,positive,StaleNoRecheck,8000,64,10,3,0.000375,3,1.0,1,none,0,0,0,3,3,1.0,1.2141980000706099,1333,3,1333,1333,0,8,0,1,0,0.0,0
15,cold,positive,NaiveNoPolicy,8000,64,10,3,0.000375,10,0.3333333333333333,0,ranking_truncation,8,1,7,1,10,0.1,0.3679370001918869,1333,1333,1333,0,0,8,0,1,0,0.0,0
16,broad,positive,ExactSecure,8000,64,10,3643,0.455375,10,1.0,1,none,0,0,0,10,10,1.0,4.691821000051277,8000,3643,3643,8000,0,0,1,1,0,0.0,0
16,broad,positive,PreFilter-Exact,8000,64,10,3643,0.455375,10,1.0,1,none,0,0,0,10,10,1.0,4.205161999834672,8000,3643,3643,8000,0,0,1,1,0,0.0,0
16,broad,positive,BitmapSlice-Exact,8000,64,10,3643,0.455375,10,1.0,1,none,0,0,0,10,10,1.0,7.2160590002567915,4019,3643,3643,4019,0,0,1,1,0,0.0,0
16,broad,positive,ScalarOnly,8000,64,10,3643,0.455375,10,0.0,0,ranking_truncation,0,0,0,10,10,1.0,4.170122999767045,8000,3643,0,8000,0,0,0,1,0,0.0,0
16,broad,positive,PostFilter-IVF,8000,64,10,3643,0.455375,10,0.9,0,ranking_truncation,0,0,0,10,10,1.0,0.8423879999099881,1020,516,1020,1020,0,8,0,1,0,0.0,0
16,broad,positive,AdaptivePostFilter-IVF,8000,64,10,3643,0.455375,10,1.0,1,none,0,0,0,10,10,1.0,4.175291999672481,4800,2196,4800,4800,0,28,0,1,0,0.0,0
16,broad,positive,ExactPrefix-PostFilter,8000,64,10,3643,0.455375,10,1.0,1,none,0,0,0,10,10,1.0,1.935129999765195,1600,762,8000,1600,0,0,0,1,0,0.0,0
16,broad,positive,TenantPartition-IVF,8000,64,10,3643,0.455375,10,0.9,0,ranking_truncation,0,0,0,10,10,1.0,0.8959809997577395,1020,516,1020,1020,0,8,0,1,0,0.0,0
16,broad,positive,PreFilter-IVF,8000,64,10,3643,0.455375,10,1.0,1,none,0,0,0,10,10,1.0,1.2590610003826441,1080,536,536,1080,8,8,0,1,0,0.0,0
16,broad,positive,PACER-A,8000,64,10,3643,0.455375,10,1.0,1,none,0,0,0,10,10,1.0,5.471901999953843,1600,1444,1600,1600,17,17,0,1,0,0.6091917157173157,1
16,broad,positive,PACER-C,8000,64,10,3643,0.455375,10,1.0,1,none,0,0,0,10,10,1.0,12.082319000001007,4019,3643,4019,4019,48,48,1,1,0,0.0,0
16,broad,positive,PACER-X,8000,64,10,3643,0.455375,10,1.0,1,none,0,0,0,10,10,1.0,11.262146999797551,4019,3643,4019,4019,48,48,1,1,0,0.0,0
16,broad,positive,PACER-A-NoSlices,8000,64,10,3643,0.455375,10,1.0,1,none,0,0,0,10,10,1.0,2.0023459996991733,1600,831,1600,1600,12,12,0,1,0,0.6144878268241882,1
16,broad,positive,PACER-A-NoBounds,8000,64,10,3643,0.455375,10,1.0,1,none,0,0,0,10,10,1.0,4.438189000211423,1600,1445,1600,1600,19,19,0,1,0,0.0,1
16,broad,positive,StaleNoRecheck,8000,64,10,3643,0.455375,10,0.9,0,ranking_truncation,0,0,0,10,10,1.0,0.8598720000918547,1020,573,1020,1020,0,8,0,1,0,0.0,0
16,broad,positive,NaiveNoPolicy,8000,64,10,3643,0.455375,10,0.7,0,ranking_truncation,0,1,3,7,10,0.7,0.24863799990271218,1020,1020,1020,0,0,8,0,1,0,0.0,0
17,medium,positive,ExactSecure,8000,64,10,209,0.026125,10,1.0,1,none,0,0,0,10,10,1.0,4.377259999728267,8000,209,209,8000,0,0,1,1,0,0.0,0
17,medium,positive,PreFilter-Exact,8000,64,10,209,0.026125,10,1.0,1,none,0,0,0,10,10,1.0,4.048921000048722,8000,209,209,8000,0,0,1,1,0,0.0,0
17,medium,positive,BitmapSlice-Exact,8000,64,10,209,0.026125,10,1.0,1,none,0,0,0,10,10,1.0,0.509525000325084,229,209,209,229,0,0,1,1,0,0.0,0
17,medium,positive,ScalarOnly,8000,64,10,209,0.026125,10,0.2,0,ranking_truncation,0,0,0,10,10,1.0,4.570687000068574,8000,209,0,8000,0,0,0,1,0,0.0,0
17,medium,positive,PostFilter-IVF,8000,64,10,209,0.026125,10,0.6,0,ranking_truncation,0,0,0,10,10,1.0,1.1659639999379579,1482,56,1482,1482,0,8,0,1,0,0.0,0
17,medium,positive,AdaptivePostFilter-IVF,8000,64,10,209,0.026125,10,1.0,1,none,0,0,0,10,10,1.0,4.477602999941155,4800,117,4800,4800,0,30,0,1,0,0.0,0
17,medium,positive,ExactPrefix-PostFilter,8000,64,10,209,0.026125,10,1.0,1,none,0,0,0,10,10,1.0,1.9458799997664755,1600,47,8000,1600,0,0,0,1,0,0.0,0
17,medium,positive,TenantPartition-IVF,8000,64,10,209,0.026125,10,0.6,0,ranking_truncation,0,0,0,10,10,1.0,0.9101789996748266,1482,56,1482,1482,0,8,0,1,0,0.0,0
17,medium,positive,PreFilter-IVF,8000,64,10,209,0.026125,10,0.6,0,ranking_truncation,0,0,0,10,10,1.0,1.3723860001846333,1482,56,56,1482,8,8,0,1,0,0.0,0
17,medium,positive,PACER-A,8000,64,10,209,0.026125,10,1.0,1,none,0,0,0,10,10,1.0,4.374756999823148,229,209,229,229,48,43,1,1,0,0.0,0
17,medium,positive,PACER-C,8000,64,10,209,0.026125,10,1.0,1,none,0,0,0,10,10,1.0,3.6944069997844053,229,209,229,229,48,43,1,1,0,0.0,0
17,medium,positive,PACER-X,8000,64,10,209,0.026125,10,1.0,1,none,0,0,0,10,10,1.0,3.436429999965185,229,209,229,229,48,43,1,1,0,0.0,0
17,medium,positive,PACER-A-NoSlices,8000,64,10,209,0.026125,10,0.7,0,ranking_truncation,0,0,0,10,10,1.0,1.6686709996065474,1600,58,1600,1600,9,9,0,1,0,0.8148999214172363,1
17,medium,positive,PACER-A-NoBounds,8000,64,10,209,0.026125,10,1.0,1,none,0,0,0,10,10,1.0,3.5030550002375094,229,209,229,229,48,43,1,1,0,0.0,0
17,medium,positive,StaleNoRecheck,8000,64,10,209,0.026125,10,0.6,0,ranking_truncation,0,2,0,8,10,0.8,1.3595219998023822,1482,60,1482,1482,0,8,0,1,0,0.0,0
17,medium,positive,NaiveNoPolicy,8000,64,10,209,0.026125,10,0.1,0,ranking_truncation,8,1,9,1,10,0.1,0.4225839998071024,1482,1482,1482,0,0,8,0,1,0,0.0,0
18,narrow,positive,ExactSecure,8000,64,10,4,0.0005,4,1.0,1,none,0,0,0,4,4,1.0,4.356381999969017,8000,4,4,8000,0,0,1,1,0,0.0,0
18,narrow,positive,PreFilter-Exact,8000,64,10,4,0.0005,4,1.0,1,none,0,0,0,4,4,1.0,3.811166000105004,8000,4,4,8000,0,0,1,1,0,0.0,0
18,narrow,positive,BitmapSlice-Exact,8000,64,10,4,0.0005,4,1.0,1,none,0,0,0,4,4,1.0,0.07874000039009843,5,4,4,5,0,0,1,1,0,0.0,0
18,narrow,positive,ScalarOnly,8000,64,10,4,0.0005,4,1.0,1,none,0,0,0,4,4,1.0,3.9053719997355074,8000,4,0,8000,0,0,0,1,0,0.0,0
18,narrow,positive,PostFilter-IVF,8000,64,10,4,0.0005,3,0.75,0,candidate_starvation,0,0,0,3,3,1.0,1.1397970001780777,1358,3,1358,1358,0,8,0,1,0,0.0,0
18,narrow,positive,AdaptivePostFilter-IVF,8000,64,10,4,0.0005,3,0.75,0,candidate_starvation,0,0,0,3,3,1.0,4.695769000136352,4800,3,4800,4800,0,30,0,1,0,0.0,0
18,narrow,positive,ExactPrefix-PostFilter,8000,64,10,4,0.0005,3,0.75,0,candidate_starvation,0,0,0,3,3,1.0,1.8587579997983994,1600,3,8000,1600,0,0,0,1,0,0.0,0
18,narrow,positive,TenantPartition-IVF,8000,64,10,4,0.0005,3,0.75,0,candidate_starvation,0,0,0,3,3,1.0,0.706021000041801,1358,3,1358,1358,0,8,0,1,0,0.0,0
18,narrow,positive,PreFilter-IVF,8000,64,10,4,0.0005,4,1.0,1,none,0,0,0,4,4,1.0,0.6813489999331068,404,4,4,404,48,2,0,1,0,0.0,0
18,narrow,positive,PACER-A,8000,64,10,4,0.0005,4,1.0,1,none,0,0,0,4,4,1.0,0.28876199985461426,5,4,5,5,32,2,1,1,0,0.0,0
18,narrow,positive,PACER-C,8000,64,10,4,0.0005,4,1.0,1,none,0,0,0,4,4,1.0,0.250179999966349,5,4,5,5,32,2,1,1,0,0.0,0
18,narrow,positive,PACER-X,8000,64,10,4,0.0005,4,1.0,1,none,0,0,0,4,4,1.0,0.2007650000450667,5,4,5,5,32,2,1,1,0,0.0,0
18,narrow,positive,PACER-A-NoSlices,8000,64,10,4,0.0005,3,0.75,0,candidate_starvation,0,0,0,3,3,1.0,1.338074000159395,1600,3,1600,1600,10,10,0,1,0,0.0,1
18,narrow,positive,PACER-A-NoBounds,8000,64,10,4,0.0005,4,1.0,1,none,0,0,0,4,4,1.0,0.22961600006965455,5,4,5,5,34,2,1,1,0,0.0,0
18,narrow,positive,StaleNoRecheck,8000,64,10,4,0.0005,4,0.75,0,ranking_truncation,0,1,0,3,4,0.75,1.056149000305595,1358,4,1358,1358,0,8,0,1,0,0.0,0
18,narrow,positive,NaiveNoPolicy,8000,64,10,4,0.0005,10,0.0,0,ranking_truncation,9,2,9,0,10,0.0,0.3819439998551388,1358,1358,1358,0,0,8,0,1,0,0.0,0
19,cold,positive,ExactSecure,8000,64,10,3,0.000375,3,1.0,1,none,0,0,0,3,3,1.0,4.0445940003337455,8000,3,3,8000,0,0,1,1,0,0.0,0
19,cold,positive,PreFilter-Exact,8000,64,10,3,0.000375,3,1.0,1,none,0,0,0,3,3,1.0,4.143581999869639,8000,3,3,8000,0,0,1,1,0,0.0,0
19,cold,positive,BitmapSlice-Exact,8000,64,10,3,0.000375,3,1.0,1,none,0,0,0,3,3,1.0,0.07223000011435943,3,3,3,3,0,0,1,1,0,0.0,0
19,cold,positive,ScalarOnly,8000,64,10,3,0.000375,3,1.0,0,ranking_truncation,0,0,0,3,3,1.0,4.072300000188989,8000,3,0,8000,0,0,0,1,0,0.0,0
19,cold,positive,PostFilter-IVF,8000,64,10,3,0.000375,2,0.6666666666666666,0,candidate_starvation,0,0,0,2,2,1.0,1.0963310000988713,1375,2,1375,1375,0,8,0,1,0,0.0,0
19,cold,positive,AdaptivePostFilter-IVF,8000,64,10,3,0.000375,2,0.6666666666666666,0,candidate_starvation,0,0,0,2,2,1.0,4.438738999851921,4800,2,4800,4800,0,29,0,1,0,0.0,0
19,cold,positive,ExactPrefix-PostFilter,8000,64,10,3,0.000375,1,0.3333333333333333,0,candidate_starvation,0,0,0,1,1,1.0,2.04526099969371,1600,1,8000,1600,0,0,0,1,0,0.0,0
19,cold,positive,TenantPartition-IVF,8000,64,10,3,0.000375,2,0.6666666666666666,0,candidate_starvation,0,0,0,2,2,1.0,0.660216999676777,1375,2,1375,1375,0,8,0,1,0,0.0,0
19,cold,positive,PreFilter-IVF,8000,64,10,3,0.000375,3,1.0,1,none,0,0,0,3,3,1.0,0.7942970000840432,486,3,3,486,48,2,0,1,0,0.0,0
19,cold,positive,PACER-A,8000,64,10,3,0.000375,3,1.0,1,none,0,0,0,3,3,1.0,0.253612000051362,3,3,3,3,31,2,1,1,0,0.0,0
19,cold,positive,PACER-C,8000,64,10,3,0.000375,3,1.0,1,none,0,0,0,3,3,1.0,0.2102210000884952,3,3,3,3,31,2,1,1,0,0.0,0
19,cold,positive,PACER-X,8000,64,10,3,0.000375,3,1.0,1,none,0,0,0,3,3,1.0,0.2098230002047785,3,3,3,3,31,2,1,1,0,0.0,0
19,cold,positive,PACER-A-NoSlices,8000,64,10,3,0.000375,2,0.6666666666666666,0,candidate_starvation,0,0,0,2,2,1.0,1.3557590000345954,1600,2,1600,1600,9,9,0,1,0,0.0,1
19,cold,positive,PACER-A-NoBounds,8000,64,10,3,0.000375,3,1.0,1,none,0,0,0,3,3,1.0,0.19755499988605152,3,3,3,3,38,2,1,1,0,0.0,0
19,cold,positive,StaleNoRecheck,8000,64,10,3,0.000375,2,0.6666666666666666,0,candidate_starvation,0,0,0,2,2,1.0,1.1637729999165458,1375,2,1375,1375,0,8,0,1,0,0.0,0
19,cold,positive,NaiveNoPolicy,8000,64,10,3,0.000375,10,0.3333333333333333,0,ranking_truncation,9,1,8,1,10,0.1,0.5731530000048224,1375,1375,1375,0,0,8,0,1,0,0.0,0
20,broad,positive,ExactSecure,8000,64,10,3674,0.45925,10,1.0,1,none,0,0,0,10,10,1.0,4.916872999729094,8000,3674,3674,8000,0,0,1,1,0,0.0,0
20,broad,positive,PreFilter-Exact,8000,64,10,3674,0.45925,10,1.0,1,none,0,0,0,10,10,1.0,4.9322499999107094,8000,3674,3674,8000,0,0,1,1,0,0.0,0
20,broad,positive,BitmapSlice-Exact,8000,64,10,3674,0.45925,10,1.0,1,none,0,0,0,10,10,1.0,8.457507000002806,4007,3674,3674,4007,0,0,1,1,0,0.0,0
20,broad,positive,ScalarOnly,8000,64,10,3674,0.45925,10,0.0,0,ranking_truncation,0,0,0,10,10,1.0,4.476565000004484,8000,3674,0,8000,0,0,0,1,0,0.0,0
20,broad,positive,PostFilter-IVF,8000,64,10,3674,0.45925,10,0.6,0,ranking_truncation,0,0,0,10,10,1.0,1.2047499999425781,1133,527,1133,1133,0,8,0,1,0,0.0,0
20,broad,positive,AdaptivePostFilter-IVF,8000,64,10,3674,0.45925,10,1.0,1,none,0,0,0,10,10,1.0,4.959496000083163,4800,2324,4800,4800,0,29,0,1,0,0.0,0
20,broad,positive,ExactPrefix-PostFilter,8000,64,10,3674,0.45925,10,1.0,1,none,0,0,0,10,10,1.0,2.2264750000431377,1600,779,8000,1600,0,0,0,1,0,0.0,0
20,broad,positive,TenantPartition-IVF,8000,64,10,3674,0.45925,10,0.6,0,ranking_truncation,0,0,0,10,10,1.0,1.0454309999659017,1133,527,1133,1133,0,8,0,1,0,0.0,0
20,broad,positive,PreFilter-IVF,8000,64,10,3674,0.45925,10,0.7,0,ranking_truncation,0,0,0,10,10,1.0,2.268953000111651,1256,634,634,1256,8,8,0,1,0,0.0,0
20,broad,positive,PACER-A,8000,64,10,3674,0.45925,10,0.8,0,ranking_truncation,0,0,0,10,10,1.0,5.427830000371614,1600,1471,1600,1600,20,20,0,1,0,0.6484906077384949,1
20,broad,positive,PACER-C,8000,64,10,3674,0.45925,10,1.0,1,none,0,0,0,10,10,1.0,12.011469999833935,4007,3674,4007,4007,48,48,1,1,0,0.0,0
20,broad,positive,PACER-X,8000,64,10,3674,0.45925,10,1.0,1,none,0,0,0,10,10,1.0,12.148358999638731,4007,3674,4007,4007,48,48,1,1,0,0.0,0
20,broad,positive,PACER-A-NoSlices,8000,64,10,3674,0.45925,10,0.8,0,ranking_truncation,0,0,0,10,10,1.0,1.8975140001202817,1600,789,1600,1600,11,11,0,1,0,0.6599750816822052,1
20,broad,positive,PACER-A-NoBounds,8000,64,10,3674,0.45925,10,0.8,0,ranking_truncation,0,0,0,10,10,1.0,5.020906999561703,1600,1475,1600,1600,21,21,0,1,0,0.0,1
20,broad,positive,StaleNoRecheck,8000,64,10,3674,0.45925,10,0.6,0,ranking_truncation,0,1,0,9,10,0.9,1.0477769997123687,1133,571,1133,1133,0,8,0,1,0,0.0,0
20,broad,positive,NaiveNoPolicy,8000,64,10,3674,0.45925,10,0.6,0,ranking_truncation,0,1,2,7,10,0.7,0.3903520000676508,1133,1133,1133,0,0,8,0,1,0,0.0,0
21,medium,positive,ExactSecure,8000,64,10,221,0.027625,10,1.0,1,none,0,0,0,10,10,1.0,4.340689999935421,8000,221,221,8000,0,0,1,1,0,0.0,0
21,medium,positive,PreFilter-Exact,8000,64,10,221,0.027625,10,1.0,1,none,0,0,0,10,10,1.0,4.3539999996937695,8000,221,221,8000,0,0,1,1,0,0.0,0
21,medium,positive,BitmapSlice-Exact,8000,64,10,221,0.027625,10,1.0,1,none,0,0,0,10,10,1.0,0.5630099999507365,237,221,221,237,0,0,1,1,0,0.0,0
21,medium,positive,ScalarOnly,8000,64,10,221,0.027625,10,0.0,0,ranking_truncation,0,0,0,10,10,1.0,4.375014999823179,8000,221,0,8000,0,0,0,1,0,0.0,0
21,medium,positive,PostFilter-IVF,8000,64,10,221,0.027625,10,0.4,0,ranking_truncation,0,0,0,10,10,1.0,1.2279490001674276,1412,24,1412,1412,0,8,0,1,0,0.0,0
21,medium,positive,AdaptivePostFilter-IVF,8000,64,10,221,0.027625,10,0.8,0,ranking_truncation,0,0,0,10,10,1.0,4.610553999555123,4800,107,4800,4800,0,28,0,1,0,0.0,0
21,medium,positive,ExactPrefix-PostFilter,8000,64,10,221,0.027625,10,1.0,1,none,0,0,0,10,10,1.0,1.9760089999181218,1600,45,8000,1600,0,0,0,1,0,0.0,0
21,medium,positive,TenantPartition-IVF,8000,64,10,221,0.027625,10,0.4,0,ranking_truncation,0,0,0,10,10,1.0,0.7873139998082479,1412,24,1412,1412,0,8,0,1,0,0.0,0
21,medium,positive,PreFilter-IVF,8000,64,10,221,0.027625,10,0.5,0,ranking_truncation,0,0,0,10,10,1.0,1.4226480002434982,1451,38,38,1451,10,8,0,1,0,0.0,0
21,medium,positive,PACER-A,8000,64,10,221,0.027625,10,1.0,1,none,0,0,0,10,10,1.0,3.334599000027083,237,221,237,237,48,37,1,1,0,0.0,0
21,medium,positive,PACER-C,8000,64,10,221,0.027625,10,1.0,1,none,0,0,0,10,10,1.0,3.4019499998976244,237,221,237,237,48,37,1,1,0,0.0,0
21,medium,positive,PACER-X,8000,64,10,221,0.027625,10,1.0,1,none,0,0,0,10,10,1.0,3.1211579998853267,237,221,237,237,48,37,1,1,0,0.0,0
21,medium,positive,PACER-A-NoSlices,8000,64,10,221,0.027625,10,0.5,0,ranking_truncation,0,0,0,10,10,1.0,1.6162800002348376,1600,35,1600,1600,10,10,0,1,0,0.8522336781024933,1
21,medium,positive,PACER-A-NoBounds,8000,64,10,221,0.027625,10,1.0,1,none,0,0,0,10,10,1.0,3.212875999906828,237,221,237,237,48,37,1,1,0,0.0,0
21,medium,positive,StaleNoRecheck,8000,64,10,221,0.027625,10,0.4,0,ranking_truncation,0,0,0,10,10,1.0,1.128554999922926,1412,24,1412,1412,0,8,0,1,0,0.0,0
21,medium,positive,NaiveNoPolicy,8000,64,10,221,0.027625,10,0.1,0,ranking_truncation,7,2,8,1,10,0.1,0.47828800006755046,1412,1412,1412,0,0,8,0,1,0,0.0,0
22,narrow,positive,ExactSecure,8000,64,10,5,0.000625,5,1.0,1,none,0,0,0,5,5,1.0,4.694634999850678,8000,5,5,8000,0,0,1,1,0,0.0,0
22,narrow,positive,PreFilter-Exact,8000,64,10,5,0.000625,5,1.0,1,none,0,0,0,5,5,1.0,4.44072700020115,8000,5,5,8000,0,0,1,1,0,0.0,0
22,narrow,positive,BitmapSlice-Exact,8000,64,10,5,0.000625,5,1.0,1,none,0,0,0,5,5,1.0,0.0822050001261232,5,5,5,5,0,0,1,1,0,0.0,0
22,narrow,positive,ScalarOnly,8000,64,10,5,0.000625,5,1.0,0,ranking_truncation,0,0,0,5,5,1.0,4.388718999962293,8000,5,0,8000,0,0,0,1,0,0.0,0
22,narrow,positive,PostFilter-IVF,8000,64,10,5,0.000625,1,0.2,0,candidate_starvation,0,0,0,1,1,1.0,1.0996790001627232,1296,1,1296,1296,0,8,0,1,0,0.0,0
22,narrow,positive,AdaptivePostFilter-IVF,8000,64,10,5,0.000625,1,0.2,0,candidate_starvation,0,0,0,1,1,1.0,4.664072999730706,4800,1,4800,4800,0,29,0,1,0,0.0,0
22,narrow,positive,ExactPrefix-PostFilter,8000,64,10,5,0.000625,1,0.2,0,candidate_starvation,0,0,0,1,1,1.0,1.9038820000787382,1600,1,8000,1600,0,0,0,1,0,0.0,0
22,narrow,positive,TenantPartition-IVF,8000,64,10,5,0.000625,1,0.2,0,candidate_starvation,0,0,0,1,1,1.0,0.6381670000337181,1296,1,1296,1296,0,8,0,1,0,0.0,0
22,narrow,positive,PreFilter-IVF,8000,64,10,5,0.000625,5,1.0,1,none,0,0,0,5,5,1.0,0.8821779997560952,731,5,5,731,48,4,0,1,0,0.0,0
22,narrow,positive,PACER-A,8000,64,10,5,0.000625,5,1.0,1,none,0,0,0,5,5,1.0,0.41334100023959763,5,5,5,5,38,4,1,1,0,0.0,0
22,narrow,positive,PACER-C,8000,64,10,5,0.000625,5,1.0,1,none,0,0,0,5,5,1.0,0.35586100011641975,5,5,5,5,38,4,1,1,0,0.0,0
22,narrow,positive,PACER-X,8000,64,10,5,0.000625,5,1.0,1,none,0,0,0,5,5,1.0,0.3386240000509133,5,5,5,5,38,4,1,1,0,0.0,0
22,narrow,positive,PACER-A-NoSlices,8000,64,10,5,0.000625,1,0.2,0,candidate_starvation,0,0,0,1,1,1.0,1.4210270001058234,1600,1,1600,1600,10,10,0,1,0,0.0,1
22,narrow,positive,PACER-A-NoBounds,8000,64,10,5,0.000625,5,1.0,1,none,0,0,0,5,5,1.0,0.31133299989960506,5,5,5,5,36,4,1,1,0,0.0,0
22,narrow,positive,StaleNoRecheck,8000,64,10,5,0.000625,1,0.2,0,candidate_starvation,0,0,0,1,1,1.0,1.0396420002507512,1296,1,1296,1296,0,8,0,1,0,0.0,0
22,narrow,positive,NaiveNoPolicy,8000,64,10,5,0.000625,10,0.2,0,ranking_truncation,9,2,9,1,10,0.1,0.4623390000233485,1296,1296,1296,0,0,8,0,1,0,0.0,0
23,cold,positive,ExactSecure,8000,64,10,2,0.00025,2,1.0,1,none,0,0,0,2,2,1.0,4.266236999683315,8000,2,2,8000,0,0,1,1,0,0.0,0
23,cold,positive,PreFilter-Exact,8000,64,10,2,0.00025,2,1.0,1,none,0,0,0,2,2,1.0,4.534112000328605,8000,2,2,8000,0,0,1,1,0,0.0,0
23,cold,positive,BitmapSlice-Exact,8000,64,10,2,0.00025,2,1.0,1,none,0,0,0,2,2,1.0,0.07116599999790196,2,2,2,2,0,0,1,1,0,0.0,0
23,cold,positive,ScalarOnly,8000,64,10,2,0.00025,2,1.0,0,ranking_truncation,0,0,0,2,2,1.0,4.072654000083276,8000,2,0,8000,0,0,0,1,0,0.0,0
23,cold,positive,PostFilter-IVF,8000,64,10,2,0.00025,1,0.5,0,candidate_starvation,0,0,0,1,1,1.0,1.0386190001554496,1221,1,1221,1221,0,8,0,1,0,0.0,0
23,cold,positive,AdaptivePostFilter-IVF,8000,64,10,2,0.00025,1,0.5,0,candidate_starvation,0,0,0,1,1,1.0,4.283749000023818,4800,1,4800,4800,0,29,0,1,0,0.0,0
23,cold,positive,ExactPrefix-PostFilter,8000,64,10,2,0.00025,1,0.5,0,candidate_starvation,0,0,0,1,1,1.0,1.8329519998587784,1600,1,8000,1600,0,0,0,1,0,0.0,0
23,cold,positive,TenantPartition-IVF,8000,64,10,2,0.00025,1,0.5,0,candidate_starvation,0,0,0,1,1,1.0,0.5525040000975423,1221,1,1221,1221,0,8,0,1,0,0.0,0
23,cold,positive,PreFilter-IVF,8000,64,10,2,0.00025,2,1.0,1,none,0,0,0,2,2,1.0,0.8178240000233927,332,2,2,332,48,2,0,1,0,0.0,0
23,cold,positive,PACER-A,8000,64,10,2,0.00025,2,1.0,1,none,0,0,0,2,2,1.0,0.24592999989181408,2,2,2,2,37,2,1,1,0,0.0,0
23,cold,positive,PACER-C,8000,64,10,2,0.00025,2,1.0,1,none,0,0,0,2,2,1.0,0.189991999832273,2,2,2,2,37,2,1,1,0,0.0,0
23,cold,positive,PACER-X,8000,64,10,2,0.00025,2,1.0,1,none,0,0,0,2,2,1.0,0.17821500023273984,2,2,2,2,37,2,1,1,0,0.0,0
23,cold,positive,PACER-A-NoSlices,8000,64,10,2,0.00025,1,0.5,0,candidate_starvation,0,0,0,1,1,1.0,1.5410510000037903,1600,1,1600,1600,10,10,0,1,0,0.0,1
23,cold,positive,PACER-A-NoBounds,8000,64,10,2,0.00025,2,1.0,1,none,0,0,0,2,2,1.0,0.2042739997705212,2,2,2,2,29,2,1,1,0,0.0,0
23,cold,positive,StaleNoRecheck,8000,64,10,2,0.00025,1,0.5,0,candidate_starvation,0,0,0,1,1,1.0,1.009967999834771,1221,1,1221,1221,0,8,0,1,0,0.0,0
23,cold,positive,NaiveNoPolicy,8000,64,10,2,0.00025,10,0.5,0,ranking_truncation,9,1,8,1,10,0.1,0.4738479997286049,1221,1221,1221,0,0,8,0,1,0,0.0,0
24,broad,positive,ExactSecure,8000,64,10,3582,0.44775,10,1.0,1,none,0,0,0,10,10,1.0,4.563715999665874,8000,3582,3582,8000,0,0,1,1,0,0.0,0
24,broad,positive,PreFilter-Exact,8000,64,10,3582,0.44775,10,1.0,1,none,0,0,0,10,10,1.0,4.608976999861625,8000,3582,3582,8000,0,0,1,1,0,0.0,0
24,broad,positive,BitmapSlice-Exact,8000,64,10,3582,0.44775,10,1.0,1,none,0,0,0,10,10,1.0,7.0284479998008464,3961,3582,3582,3961,0,0,1,1,0,0.0,0
24,broad,positive,ScalarOnly,8000,64,10,3582,0.44775,10,0.0,0,ranking_truncation,0,0,0,10,10,1.0,4.213923999941471,8000,3582,0,8000,0,0,0,1,0,0.0,0
24,broad,positive,PostFilter-IVF,8000,64,10,3582,0.44775,10,1.0,1,none,0,0,0,10,10,1.0,1.5671309997742355,1600,772,1600,1600,0,8,0,1,0,0.0,0
24,broad,positive,AdaptivePostFilter-IVF,8000,64,10,3582,0.44775,10,1.0,1,none,0,0,0,10,10,1.0,4.467942999781371,4800,2143,4800,4800,0,28,0,1,0,0.0,0
24,broad,positive,ExactPrefix-PostFilter,8000,64,10,3582,0.44775,10,1.0,1,none,0,0,0,10,10,1.0,1.923016000091593,1600,776,8000,1600,0,0,0,1,0,0.0,0
24,broad,positive,TenantPartition-IVF,8000,64,10,3582,0.44775,10,1.0,1,none,0,0,0,10,10,1.0,1.2896119997094502,1600,772,1600,1600,0,8,0,1,0,0.0,0
24,broad,positive,PreFilter-IVF,8000,64,10,3582,0.44775,10,0.9,0,ranking_truncation,0,0,0,10,10,1.0,1.8789390001074935,1534,725,725,1534,8,8,0,1,0,0.0,0
24,broad,positive,PACER-A,8000,64,10,3582,0.44775,10,1.0,1,none,0,0,0,10,10,1.0,4.560837000099127,1600,1449,1600,1600,16,16,0,1,0,0.5938249826431274,1
24,broad,positive,PACER-C,8000,64,10,3582,0.44775,10,1.0,1,none,0,0,0,10,10,1.0,11.841011999877082,3961,3582,3961,3961,48,48,1,1,0,0.0,0
24,broad,positive,PACER-X,8000,64,10,3582,0.44775,10,1.0,1,none,0,0,0,10,10,1.0,11.732912000297802,3961,3582,3961,3961,48,48,1,1,0,0.0,0
24,broad,positive,PACER-A-NoSlices,8000,64,10,3582,0.44775,10,0.9,0,ranking_truncation,0,0,0,10,10,1.0,2.0072480001545046,1600,760,1600,1600,9,9,0,1,0,0.6064350605010986,1
24,broad,positive,PACER-A-NoBounds,8000,64,10,3582,0.44775,10,1.0,1,none,0,0,0,10,10,1.0,4.628159999811032,1600,1449,1600,1600,17,17,0,1,0,0.0,1
24,broad,positive,StaleNoRecheck,8000,64,10,3582,0.44775,10,1.0,1,none,0,0,0,10,10,1.0,1.4676749997306615,1600,850,1600,1600,0,8,0,1,0,0.0,0
24,broad,positive,NaiveNoPolicy,8000,64,10,3582,0.44775,10,0.6,0,ranking_truncation,0,0,4,6,10,0.6,0.5689159997928073,1600,1600,1600,0,0,8,0,1,0,0.0,0
25,medium,positive,ExactSecure,8000,64,10,202,0.02525,10,1.0,1,none,0,0,0,10,10,1.0,4.582839999784483,8000,202,202,8000,0,0,1,1,0,0.0,0
25,medium,positive,PreFilter-Exact,8000,64,10,202,0.02525,10,1.0,1,none,0,0,0,10,10,1.0,4.586055999880045,8000,202,202,8000,0,0,1,1,0,0.0,0
25,medium,positive,BitmapSlice-Exact,8000,64,10,202,0.02525,10,1.0,1,none,0,0,0,10,10,1.0,0.5473659998642688,239,202,202,239,0,0,1,1,0,0.0,0
25,medium,positive,ScalarOnly,8000,64,10,202,0.02525,10,0.2,0,ranking_truncation,0,0,0,10,10,1.0,4.22567399982654,8000,202,0,8000,0,0,0,1,0,0.0,0
25,medium,positive,PostFilter-IVF,8000,64,10,202,0.02525,10,0.9,0,ranking_truncation,0,0,0,10,10,1.0,1.148888999978226,1380,53,1380,1380,0,8,0,1,0,0.0,0
25,medium,positive,AdaptivePostFilter-IVF,8000,64,10,202,0.02525,10,1.0,1,none,0,0,0,10,10,1.0,4.246214999966469,4800,139,4800,4800,0,29,0,1,0,0.0,0
25,medium,positive,ExactPrefix-PostFilter,8000,64,10,202,0.02525,10,1.0,1,none,0,0,0,10,10,1.0,2.143676999821764,1600,56,8000,1600,0,0,0,1,0,0.0,0
25,medium,positive,TenantPartition-IVF,8000,64,10,202,0.02525,10,0.9,0,ranking_truncation,0,0,0,10,10,1.0,1.1382770003365295,1380,53,1380,1380,0,8,0,1,0,0.0,0
25,medium,positive,PreFilter-IVF,8000,64,10,202,0.02525,10,0.6,0,ranking_truncation,0,0,0,10,10,1.0,1.519741999800317,1275,42,42,1275,8,8,0,1,0,0.0,0
25,medium,positive,PACER-A,8000,64,10,202,0.02525,10,1.0,1,none,0,0,0,10,10,1.0,3.2091410002976772,239,202,239,239,48,40,1,1,0,0.0,0
25,medium,positive,PACER-C,8000,64,10,202,0.02525,10,1.0,1,none,0,0,0,10,10,1.0,3.599358000428765,239,202,239,239,48,40,1,1,0,0.0,0
25,medium,positive,PACER-X,8000,64,10,202,0.02525,10,1.0,1,none,0,0,0,10,10,1.0,3.232605999983207,239,202,239,239,48,40,1,1,0,0.0,0
25,medium,positive,PACER-A-NoSlices,8000,64,10,202,0.02525,10,0.6,0,ranking_truncation,0,0,0,10,10,1.0,1.6367520001949742,1600,47,1600,1600,10,10,0,1,0,0.8013757914304733,1
25,medium,positive,PACER-A-NoBounds,8000,64,10,202,0.02525,10,1.0,1,none,0,0,0,10,10,1.0,3.550081999946997,239,202,239,239,48,40,1,1,0,0.0,0
25,medium,positive,StaleNoRecheck,8000,64,10,202,0.02525,10,0.8,0,ranking_truncation,0,2,0,8,10,0.8,1.27500099961253,1380,69,1380,1380,0,8,0,1,0,0.0,0
25,medium,positive,NaiveNoPolicy,8000,64,10,202,0.02525,10,0.1,0,ranking_truncation,7,1,8,1,10,0.1,0.5359430001590226,1380,1380,1380,0,0,8,0,1,0,0.0,0
26,narrow,positive,ExactSecure,8000,64,10,4,0.0005,4,1.0,1,none,0,0,0,4,4,1.0,4.310041999815439,8000,4,4,8000,0,0,1,1,0,0.0,0
26,narrow,positive,PreFilter-Exact,8000,64,10,4,0.0005,4,1.0,1,none,0,0,0,4,4,1.0,3.950606000216794,8000,4,4,8000,0,0,1,1,0,0.0,0
26,narrow,positive,BitmapSlice-Exact,8000,64,10,4,0.0005,4,1.0,1,none,0,0,0,4,4,1.0,0.07565500027340022,4,4,4,4,0,0,1,1,0,0.0,0
26,narrow,positive,ScalarOnly,8000,64,10,4,0.0005,4,1.0,0,ranking_truncation,0,0,0,4,4,1.0,4.019069000150921,8000,4,0,8000,0,0,0,1,0,0.0,0
26,narrow,positive,PostFilter-IVF,8000,64,10,4,0.0005,3,0.75,0,candidate_starvation,0,0,0,3,3,1.0,1.2759679998453066,1496,3,1496,1496,0,8,0,1,0,0.0,0
26,narrow,positive,AdaptivePostFilter-IVF,8000,64,10,4,0.0005,3,0.75,0,candidate_starvation,0,0,0,3,3,1.0,4.4388340002115,4800,3,4800,4800,0,29,0,1,0,0.0,0
26,narrow,positive,ExactPrefix-PostFilter,8000,64,10,4,0.0005,3,0.75,0,candidate_starvation,0,0,0,3,3,1.0,1.7775799997252761,1600,3,8000,1600,0,0,0,1,0,0.0,0
26,narrow,positive,TenantPartition-IVF,8000,64,10,4,0.0005,3,0.75,0,candidate_starvation,0,0,0,3,3,1.0,0.6979919999139383,1496,3,1496,1496,0,8,0,1,0,0.0,0
26,narrow,positive,PreFilter-IVF,8000,64,10,4,0.0005,4,1.0,1,none,0,0,0,4,4,1.0,0.8033690000956994,615,4,4,615,48,3,0,1,0,0.0,0
26,narrow,positive,PACER-A,8000,64,10,4,0.0005,4,1.0,1,none,0,0,0,4,4,1.0,0.3471559998615703,4,4,4,4,46,3,1,1,0,0.0,0
26,narrow,positive,PACER-C,8000,64,10,4,0.0005,4,1.0,1,none,0,0,0,4,4,1.0,0.33978900000875,4,4,4,4,46,3,1,1,0,0.0,0
26,narrow,positive,PACER-X,8000,64,10,4,0.0005,4,1.0,1,none,0,0,0,4,4,1.0,0.30666800012113526,4,4,4,4,46,3,1,1,0,0.0,0
26,narrow,positive,PACER-A-NoSlices,8000,64,10,4,0.0005,3,0.75,0,candidate_starvation,0,0,0,3,3,1.0,1.463947000047483,1600,3,1600,1600,9,9,0,1,0,0.0,1
26,narrow,positive,PACER-A-NoBounds,8000,64,10,4,0.0005,4,1.0,1,none,0,0,0,4,4,1.0,0.2956109997285239,4,4,4,4,46,3,1,1,0,0.0,0
26,narrow,positive,StaleNoRecheck,8000,64,10,4,0.0005,3,0.75,0,candidate_starvation,0,0,0,3,3,1.0,1.1672800001178985,1496,3,1496,1496,0,8,0,1,0,0.0,0
26,narrow,positive,NaiveNoPolicy,8000,64,10,4,0.0005,10,0.5,0,ranking_truncation,8,1,6,2,10,0.2,0.5175109999981942,1496,1496,1496,0,0,8,0,1,0,0.0,0
27,cold,positive,ExactSecure,8000,64,10,2,0.00025,2,1.0,1,none,0,0,0,2,2,1.0,4.186611000022822,8000,2,2,8000,0,0,1,1,0,0.0,0
27,cold,positive,PreFilter-Exact,8000,64,10,2,0.00025,2,1.0,1,none,0,0,0,2,2,1.0,3.9040690003275813,8000,2,2,8000,0,0,1,1,0,0.0,0
27,cold,positive,BitmapSlice-Exact,8000,64,10,2,0.00025,2,1.0,1,none,0,0,0,2,2,1.0,0.06888899997647968,2,2,2,2,0,0,1,1,0,0.0,0
27,cold,positive,ScalarOnly,8000,64,10,2,0.00025,2,1.0,0,ranking_truncation,0,0,0,2,2,1.0,3.771835999941686,8000,2,0,8000,0,0,0,1,0,0.0,0
27,cold,positive,PostFilter-IVF,8000,64,10,2,0.00025,2,1.0,1,none,0,0,0,2,2,1.0,1.1082949999945413,1358,2,1358,1358,0,8,0,1,0,0.0,0
27,cold,positive,AdaptivePostFilter-IVF,8000,64,10,2,0.00025,2,1.0,1,none,0,0,0,2,2,1.0,4.164678000051936,4800,2,4800,4800,0,28,0,1,0,0.0,0
27,cold,positive,ExactPrefix-PostFilter,8000,64,10,2,0.00025,1,0.5,0,candidate_starvation,0,0,0,1,1,1.0,1.762132000294514,1600,1,8000,1600,0,0,0,1,0,0.0,0
27,cold,positive,TenantPartition-IVF,8000,64,10,2,0.00025,2,1.0,1,none,0,0,0,2,2,1.0,0.5914009998377878,1358,2,1358,1358,0,8,0,1,0,0.0,0
27,cold,positive,PreFilter-IVF,8000,64,10,2,0.00025,2,1.0,1,none,0,0,0,2,2,1.0,0.6873090001136006,455,2,2,455,48,2,0,1,0,0.0,0
27,cold,positive,PACER-A,8000,64,10,2,0.00025,2,1.0,1,none,0,0,0,2,2,1.0,0.2792039999803819,2,2,2,2,8,2,1,1,0,0.0,0
27,cold,positive,PACER-C,8000,64,10,2,0.00025,2,1.0,1,none,0,0,0,2,2,1.0,0.1890439998533111,2,2,2,2,8,2,1,1,0,0.0,0
27,cold,positive,PACER-X,8000,64,10,2,0.00025,2,1.0,1,none,0,0,0,2,2,1.0,0.19466999992800993,2,2,2,2,8,2,1,1,0,0.0,0
27,cold,positive,PACER-A-NoSlices,8000,64,10,2,0.00025,2,1.0,1,none,0,0,0,2,2,1.0,1.280510000015056,1600,2,1600,1600,11,11,0,1,0,0.0,1
27,cold,positive,PACER-A-NoBounds,8000,64,10,2,0.00025,2,1.0,1,none,0,0,0,2,2,1.0,0.2023090000875527,2,2,2,2,8,2,1,1,0,0.0,0
27,cold,positive,StaleNoRecheck,8000,64,10,2,0.00025,2,1.0,1,none,0,0,0,2,2,1.0,0.9807810001802864,1358,2,1358,1358,0,8,0,1,0,0.0,0
27,cold,positive,NaiveNoPolicy,8000,64,10,2,0.00025,10,0.5,0,ranking_truncation,9,0,9,1,10,0.1,0.37616600002365885,1358,1358,1358,0,0,8,0,1,0,0.0,0
28,broad,positive,ExactSecure,8000,64,10,3687,0.460875,10,1.0,1,none,0,0,0,10,10,1.0,4.3334150000191585,8000,3687,3687,8000,0,0,1,1,0,0.0,0
28,broad,positive,PreFilter-Exact,8000,64,10,3687,0.460875,10,1.0,1,none,0,0,0,10,10,1.0,4.3545250000534,8000,3687,3687,8000,0,0,1,1,0,0.0,0
28,broad,positive,BitmapSlice-Exact,8000,64,10,3687,0.460875,10,1.0,1,none,0,0,0,10,10,1.0,7.026184000096691,3994,3687,3687,3994,0,0,1,1,0,0.0,0
28,broad,positive,ScalarOnly,8000,64,10,3687,0.460875,10,0.0,0,ranking_truncation,0,0,0,10,10,1.0,4.268257000148878,8000,3687,0,8000,0,0,0,1,0,0.0,0
28,broad,positive,PostFilter-IVF,8000,64,10,3687,0.460875,10,0.6,0,ranking_truncation,0,0,0,10,10,1.0,1.3383390000853979,1539,816,1539,1539,0,8,0,1,0,0.0,0
28,broad,positive,AdaptivePostFilter-IVF,8000,64,10,3687,0.460875,10,0.9,0,ranking_truncation,0,0,0,10,10,1.0,4.598618000272836,4800,2310,4800,4800,0,28,0,1,0,0.0,0
28,broad,positive,ExactPrefix-PostFilter,8000,64,10,3687,0.460875,10,1.0,1,none,0,0,0,10,10,1.0,1.8058109999401495,1600,797,8000,1600,0,0,0,1,0,0.0,0
28,broad,positive,TenantPartition-IVF,8000,64,10,3687,0.460875,10,0.6,0,ranking_truncation,0,0,0,10,10,1.0,1.2783649999619229,1539,816,1539,1539,0,8,0,1,0,0.0,0
28,broad,positive,PreFilter-IVF,8000,64,10,3687,0.460875,10,0.6,0,ranking_truncation,0,0,0,10,10,1.0,1.9928090000576049,1491,696,696,1491,8,8,0,1,0,0.0,0
28,broad,positive,PACER-A,8000,64,10,3687,0.460875,10,0.8,0,ranking_truncation,0,0,0,10,10,1.0,5.202000999815937,1600,1488,1600,1600,17,17,0,1,0,0.6376790106296539,1
28,broad,positive,PACER-C,8000,64,10,3687,0.460875,10,1.0,1,none,0,0,0,10,10,1.0,10.47989900007451,3994,3687,3994,3994,48,48,1,1,0,0.0,0
28,broad,positive,PACER-X,8000,64,10,3687,0.460875,10,1.0,1,none,0,0,0,10,10,1.0,11.541168999883666,3994,3687,3994,3994,48,48,1,1,0,0.0,0
28,broad,positive,PACER-A-NoSlices,8000,64,10,3687,0.460875,10,0.6,0,ranking_truncation,0,0,0,10,10,1.0,1.5848640000513115,1600,750,1600,1600,9,9,0,1,0,0.6533117890357971,1
28,broad,positive,PACER-A-NoBounds,8000,64,10,3687,0.460875,10,0.8,0,ranking_truncation,0,0,0,10,10,1.0,4.811795000023267,1600,1485,1600,1600,17,17,0,1,0,0.0,1
28,broad,positive,StaleNoRecheck,8000,64,10,3687,0.460875,10,0.6,0,ranking_truncation,0,2,0,8,10,0.8,1.1717180000232474,1539,884,1539,1539,0,8,0,1,0,0.0,0
28,broad,positive,NaiveNoPolicy,8000,64,10,3687,0.460875,10,0.6,0,ranking_truncation,0,1,3,6,10,0.6,0.42226599998684833,1539,1539,1539,0,0,8,0,1,0,0.0,0
29,medium,positive,ExactSecure,8000,64,10,191,0.023875,10,1.0,1,none,0,0,0,10,10,1.0,5.980747000194242,8000,191,191,8000,0,0,1,1,0,0.0,0
29,medium,positive,PreFilter-Exact,8000,64,10,191,0.023875,10,1.0,1,none,0,0,0,10,10,1.0,4.112089999580348,8000,191,191,8000,0,0,1,1,0,0.0,0
29,medium,positive,BitmapSlice-Exact,8000,64,10,191,0.023875,10,1.0,1,none,0,0,0,10,10,1.0,0.5618210002467094,215,191,191,215,0,0,1,1,0,0.0,0
29,medium,positive,ScalarOnly,8000,64,10,191,0.023875,10,0.0,0,ranking_truncation,0,0,0,10,10,1.0,4.071242000009079,8000,191,0,8000,0,0,0,1,0,0.0,0
29,medium,positive,PostFilter-IVF,8000,64,10,191,0.023875,10,0.4,0,ranking_truncation,0,0,0,10,10,1.0,1.1170000002493907,1516,29,1516,1516,0,8,0,1,0,0.0,0
29,medium,positive,AdaptivePostFilter-IVF,8000,64,10,191,0.023875,10,1.0,1,none,0,0,0,10,10,1.0,4.142203999890626,4800,118,4800,4800,0,29,0,1,0,0.0,0
29,medium,positive,ExactPrefix-PostFilter,8000,64,10,191,0.023875,10,1.0,1,none,0,0,0,10,10,1.0,1.8424719996801286,1600,37,8000,1600,0,0,0,1,0,0.0,0
29,medium,positive,TenantPartition-IVF,8000,64,10,191,0.023875,10,0.4,0,ranking_truncation,0,0,0,10,10,1.0,0.7482219998564688,1516,29,1516,1516,0,8,0,1,0,0.0,0
29,medium,positive,PreFilter-IVF,8000,64,10,191,0.023875,10,0.8,0,ranking_truncation,0,0,0,10,10,1.0,1.4120499999989988,1688,64,64,1688,9,8,0,1,0,0.0,0
29,medium,positive,PACER-A,8000,64,10,191,0.023875,10,1.0,1,none,0,0,0,10,10,1.0,3.337930999805394,215,191,215,215,48,38,1,1,0,0.0,0
29,medium,positive,PACER-C,8000,64,10,191,0.023875,10,1.0,1,none,0,0,0,10,10,1.0,3.6148190001767944,215,191,215,215,48,38,1,1,0,0.0,0
29,medium,positive,PACER-X,8000,64,10,191,0.023875,10,1.0,1,none,0,0,0,10,10,1.0,3.2521529997211474,215,191,215,215,48,38,1,1,0,0.0,0
29,medium,positive,PACER-A-NoSlices,8000,64,10,191,0.023875,10,0.8,0,ranking_truncation,0,0,0,10,10,1.0,1.5055999997457548,1600,60,1600,1600,9,9,0,1,0,0.7941286712884903,1
29,medium,positive,PACER-A-NoBounds,8000,64,10,191,0.023875,10,1.0,1,none,0,0,0,10,10,1.0,3.2351340000786877,215,191,215,215,48,38,1,1,0,0.0,0
29,medium,positive,StaleNoRecheck,8000,64,10,191,0.023875,10,0.4,0,ranking_truncation,0,2,0,8,10,0.8,1.1730530000022554,1516,32,1516,1516,0,8,0,1,0,0.0,0
29,medium,positive,NaiveNoPolicy,8000,64,10,191,0.023875,10,0.1,0,ranking_truncation,7,1,6,1,10,0.1,0.5795209999632789,1516,1516,1516,0,0,8,0,1,0,0.0,0
30,narrow,positive,ExactSecure,8000,64,10,12,0.0015,10,1.0,1,none,0,0,0,10,10,1.0,4.255494000062754,8000,12,12,8000,0,0,1,1,0,0.0,0
30,narrow,positive,PreFilter-Exact,8000,64,10,12,0.0015,10,1.0,1,none,0,0,0,10,10,1.0,4.1631469998719695,8000,12,12,8000,0,0,1,1,0,0.0,0
30,narrow,positive,BitmapSlice-Exact,8000,64,10,12,0.0015,10,1.0,1,none,0,0,0,10,10,1.0,0.13225800012151012,12,12,12,12,0,0,1,1,0,0.0,0
30,narrow,positive,ScalarOnly,8000,64,10,12,0.0015,10,0.8,0,ranking_truncation,0,0,0,10,10,1.0,4.104435000044759,8000,12,0,8000,0,0,0,1,0,0.0,0
30,narrow,positive,PostFilter-IVF,8000,64,10,12,0.0015,7,0.7,0,candidate_starvation,0,0,0,7,7,1.0,1.1347579998073343,1309,7,1309,1309,0,8,0,1,0,0.0,0
30,narrow,positive,AdaptivePostFilter-IVF,8000,64,10,12,0.0015,8,0.8,0,candidate_starvation,0,0,0,8,8,1.0,4.655003000152647,4800,8,4800,4800,0,30,0,1,0,0.0,0
30,narrow,positive,ExactPrefix-PostFilter,8000,64,10,12,0.0015,5,0.5,0,candidate_starvation,0,0,0,5,5,1.0,1.831285000207572,1600,5,8000,1600,0,0,0,1,0,0.0,0
30,narrow,positive,TenantPartition-IVF,8000,64,10,12,0.0015,7,0.7,0,candidate_starvation,0,0,0,7,7,1.0,0.6760219998795947,1309,7,1309,1309,0,8,0,1,0,0.0,0
30,narrow,positive,PreFilter-IVF,8000,64,10,12,0.0015,10,1.0,1,none,0,0,0,10,10,1.0,1.2352610001471476,983,12,12,983,48,5,0,1,0,0.0,0
30,narrow,positive,PACER-A,8000,64,10,12,0.0015,10,1.0,1,none,0,0,0,10,10,1.0,0.5533680000553431,12,12,12,12,46,5,1,1,0,0.0,0
30,narrow,positive,PACER-C,8000,64,10,12,0.0015,10,1.0,1,none,0,0,0,10,10,1.0,0.4613549999703537,12,12,12,12,46,5,1,1,0,0.0,0
30,narrow,positive,PACER-X,8000,64,10,12,0.0015,10,1.0,1,none,0,0,0,10,10,1.0,0.4957480000484793,12,12,12,12,46,5,1,1,0,0.0,0
30,narrow,positive,PACER-A-NoSlices,8000,64,10,12,0.0015,8,0.8,0,candidate_starvation,0,0,0,8,8,1.0,1.3195530000302824,1600,8,1600,1600,10,10,0,1,0,0.0,1
30,narrow,positive,PACER-A-NoBounds,8000,64,10,12,0.0015,10,1.0,1,none,0,0,0,10,10,1.0,0.4448779995982477,12,12,12,12,48,5,1,1,0,0.0,0
30,narrow,positive,StaleNoRecheck,8000,64,10,12,0.0015,7,0.7,0,candidate_starvation,0,0,0,7,7,1.0,1.006670999686321,1309,7,1309,1309,0,8,0,1,0,0.0,0
30,narrow,positive,NaiveNoPolicy,8000,64,10,12,0.0015,10,0.1,0,ranking_truncation,9,1,8,1,10,0.1,0.4424849998940772,1309,1309,1309,0,0,8,0,1,0,0.0,0
31,cold,positive,ExactSecure,8000,64,10,2,0.00025,2,1.0,1,none,0,0,0,2,2,1.0,4.262003999883746,8000,2,2,8000,0,0,1,1,0,0.0,0
31,cold,positive,PreFilter-Exact,8000,64,10,2,0.00025,2,1.0,1,none,0,0,0,2,2,1.0,4.390792999856785,8000,2,2,8000,0,0,1,1,0,0.0,0
31,cold,positive,BitmapSlice-Exact,8000,64,10,2,0.00025,2,1.0,1,none,0,0,0,2,2,1.0,0.09494699997958378,2,2,2,2,0,0,1,1,0,0.0,0
31,cold,positive,ScalarOnly,8000,64,10,2,0.00025,2,1.0,1,none,0,0,0,2,2,1.0,4.068234999976994,8000,2,0,8000,0,0,0,1,0,0.0,0
31,cold,positive,PostFilter-IVF,8000,64,10,2,0.00025,2,1.0,1,none,0,0,0,2,2,1.0,0.9323330000370333,1189,2,1189,1189,0,8,0,1,0,0.0,0
31,cold,positive,AdaptivePostFilter-IVF,8000,64,10,2,0.00025,2,1.0,1,none,0,0,0,2,2,1.0,4.2204210003546905,4800,2,4800,4800,0,31,0,1,0,0.0,0
31,cold,positive,ExactPrefix-PostFilter,8000,64,10,2,0.00025,2,1.0,1,none,0,0,0,2,2,1.0,1.7946680000022752,1600,2,8000,1600,0,0,0,1,0,0.0,0
31,cold,positive,TenantPartition-IVF,8000,64,10,2,0.00025,2,1.0,1,none,0,0,0,2,2,1.0,0.5963630001133424,1189,2,1189,1189,0,8,0,1,0,0.0,0
31,cold,positive,PreFilter-IVF,8000,64,10,2,0.00025,2,1.0,1,none,0,0,0,2,2,1.0,0.6477659999291063,339,2,2,339,48,2,0,1,0,0.0,0
31,cold,positive,PACER-A,8000,64,10,2,0.00025,2,1.0,1,none,0,0,0,2,2,1.0,0.23564399998576846,2,2,2,2,3,2,1,1,0,0.0,0
31,cold,positive,PACER-C,8000,64,10,2,0.00025,2,1.0,1,none,0,0,0,2,2,1.0,0.17886299974634312,2,2,2,2,3,2,1,1,0,0.0,0
31,cold,positive,PACER-X,8000,64,10,2,0.00025,2,1.0,1,none,0,0,0,2,2,1.0,0.18032800016953843,2,2,2,2,3,2,1,1,0,0.0,0
31,cold,positive,PACER-A-NoSlices,8000,64,10,2,0.00025,2,1.0,1,none,0,0,0,2,2,1.0,1.838503000271885,1600,2,1600,1600,10,10,0,1,0,0.0,1
31,cold,positive,PACER-A-NoBounds,8000,64,10,2,0.00025,2,1.0,1,none,0,0,0,2,2,1.0,0.3293619997748465,2,2,2,2,6,2,1,1,0,0.0,0
31,cold,positive,StaleNoRecheck,8000,64,10,2,0.00025,2,1.0,1,none,0,0,0,2,2,1.0,1.2154270002611156,1189,2,1189,1189,0,8,0,1,0,0.0,0
31,cold,positive,NaiveNoPolicy,8000,64,10,2,0.00025,10,0.5,0,ranking_truncation,9,1,9,1,10,0.1,0.33273000008193776,1189,1189,1189,0,0,8,0,1,0,0.0,0
32,broad,positive,ExactSecure,8000,64,10,3735,0.466875,10,1.0,1,none,0,0,0,10,10,1.0,4.318162000345183,8000,3735,3735,8000,0,0,1,1,0,0.0,0
32,broad,positive,PreFilter-Exact,8000,64,10,3735,0.466875,10,1.0,1,none,0,0,0,10,10,1.0,4.898204999790323,8000,3735,3735,8000,0,0,1,1,0,0.0,0
32,broad,positive,BitmapSlice-Exact,8000,64,10,3735,0.466875,10,1.0,1,none,0,0,0,10,10,1.0,7.744766000087111,3967,3735,3735,3967,0,0,1,1,0,0.0,0
32,broad,positive,ScalarOnly,8000,64,10,3735,0.466875,10,0.0,0,ranking_truncation,0,0,0,10,10,1.0,4.403402000207279,8000,3735,0,8000,0,0,0,1,0,0.0,0
32,broad,positive,PostFilter-IVF,8000,64,10,3735,0.466875,10,1.0,1,none,0,0,0,10,10,1.0,1.4835330002824776,1600,781,1600,1600,0,8,0,1,0,0.0,0
32,broad,positive,AdaptivePostFilter-IVF,8000,64,10,3735,0.466875,10,1.0,1,none,0,0,0,10,10,1.0,5.798290000257111,4800,2152,4800,4800,0,29,0,1,0,0.0,0
32,broad,positive,ExactPrefix-PostFilter,8000,64,10,3735,0.466875,10,1.0,1,none,0,0,0,10,10,1.0,1.8007000003308349,1600,703,8000,1600,0,0,0,1,0,0.0,0
32,broad,positive,TenantPartition-IVF,8000,64,10,3735,0.466875,10,1.0,1,none,0,0,0,10,10,1.0,1.2416989998200734,1600,781,1600,1600,0,8,0,1,0,0.0,0
32,broad,positive,PreFilter-IVF,8000,64,10,3735,0.466875,10,1.0,1,none,0,0,0,10,10,1.0,2.2920830001567083,1555,742,742,1555,8,8,0,1,0,0.0,0
32,broad,positive,PACER-A,8000,64,10,3735,0.466875,10,1.0,1,none,0,0,0,10,10,1.0,4.478742000173952,1600,1501,1600,1600,18,18,0,1,0,0.5992778539657593,1
32,broad,positive,PACER-C,8000,64,10,3735,0.466875,10,1.0,1,none,0,0,0,10,10,1.0,11.855608000132634,3967,3735,3967,3967,48,48,1,1,0,0.0,0
32,broad,positive,PACER-X,8000,64,10,3735,0.466875,10,1.0,1,none,0,0,0,10,10,1.0,13.928754999597004,3967,3735,3967,3967,48,48,1,1,0,0.0,0
32,broad,positive,PACER-A-NoSlices,8000,64,10,3735,0.466875,10,1.0,1,none,0,0,0,10,10,1.0,2.7905400002055103,1600,755,1600,1600,9,9,0,1,0,0.6073216795921326,1
32,broad,positive,PACER-A-NoBounds,8000,64,10,3735,0.466875,10,1.0,1,none,0,0,0,10,10,1.0,5.0268400000277325,1600,1501,1600,1600,19,19,0,1,0,0.0,1
32,broad,positive,StaleNoRecheck,8000,64,10,3735,0.466875,10,0.9,0,ranking_truncation,0,1,0,9,10,0.9,1.5450220003003778,1600,828,1600,1600,0,8,0,1,0,0.0,0
32,broad,positive,NaiveNoPolicy,8000,64,10,3735,0.466875,10,0.4,0,ranking_truncation,0,1,6,4,10,0.4,0.6894160001138516,1600,1600,1600,0,0,8,0,1,0,0.0,0
33,medium,positive,ExactSecure,8000,64,10,196,0.0245,10,1.0,1,none,0,0,0,10,10,1.0,5.270451000342291,8000,196,196,8000,0,0,1,1,0,0.0,0
33,medium,positive,PreFilter-Exact,8000,64,10,196,0.0245,10,1.0,1,none,0,0,0,10,10,1.0,4.4316499997876235,8000,196,196,8000,0,0,1,1,0,0.0,0
33,medium,positive,BitmapSlice-Exact,8000,64,10,196,0.0245,10,1.0,1,none,0,0,0,10,10,1.0,0.44182300007378217,210,196,196,210,0,0,1,1,0,0.0,0
33,medium,positive,ScalarOnly,8000,64,10,196,0.0245,10,0.0,0,ranking_truncation,0,0,0,10,10,1.0,4.400193000037689,8000,196,0,8000,0,0,0,1,0,0.0,0
33,medium,positive,PostFilter-IVF,8000,64,10,196,0.0245,10,1.0,1,none,0,0,0,10,10,1.0,1.4408229999389732,1600,60,1600,1600,0,8,0,1,0,0.0,0
33,medium,positive,AdaptivePostFilter-IVF,8000,64,10,196,0.0245,10,1.0,1,none,0,0,0,10,10,1.0,4.301585000121122,4800,106,4800,4800,0,27,0,1,0,0.0,0
33,medium,positive,ExactPrefix-PostFilter,8000,64,10,196,0.0245,10,1.0,1,none,0,0,0,10,10,1.0,2.021721999881265,1600,41,8000,1600,0,0,0,1,0,0.0,0
33,medium,positive,TenantPartition-IVF,8000,64,10,196,0.0245,10,1.0,1,none,0,0,0,10,10,1.0,1.1472440000943607,1600,60,1600,1600,0,8,0,1,0,0.0,0
33,medium,positive,PreFilter-IVF,8000,64,10,196,0.0245,10,0.8,0,ranking_truncation,0,0,0,10,10,1.0,1.543454000056954,1741,59,59,1741,8,8,0,1,0,0.0,0
33,medium,positive,PACER-A,8000,64,10,196,0.0245,10,1.0,1,none,0,0,0,10,10,1.0,3.7837029999536753,210,196,210,210,47,39,1,1,0,0.0,0
33,medium,positive,PACER-C,8000,64,10,196,0.0245,10,1.0,1,none,0,0,0,10,10,1.0,3.264419000061025,210,196,210,210,47,39,1,1,0,0.0,0
33,medium,positive,PACER-X,8000,64,10,196,0.0245,10,1.0,1,none,0,0,0,10,10,1.0,3.2982500001708104,210,196,210,210,47,39,1,1,0,0.0,0
33,medium,positive,PACER-A-NoSlices,8000,64,10,196,0.0245,10,0.8,0,ranking_truncation,0,0,0,10,10,1.0,1.5714950000074168,1600,57,1600,1600,8,8,0,1,0,0.7723561823368073,1
33,medium,positive,PACER-A-NoBounds,8000,64,10,196,0.0245,10,1.0,1,none,0,0,0,10,10,1.0,3.2334349998563994,210,196,210,210,48,39,1,1,0,0.0,0
33,medium,positive,StaleNoRecheck,8000,64,10,196,0.0245,10,1.0,1,none,0,0,0,10,10,1.0,1.578147000145691,1600,62,1600,1600,0,8,0,1,0,0.0,0
33,medium,positive,NaiveNoPolicy,8000,64,10,196,0.0245,10,0.2,0,ranking_truncation,8,1,8,2,10,0.2,0.7539990001532715,1600,1600,1600,0,0,8,0,1,0,0.0,0
34,narrow,positive,ExactSecure,8000,64,10,3,0.000375,3,1.0,1,none,0,0,0,3,3,1.0,4.1279170000052545,8000,3,3,8000,0,0,1,1,0,0.0,0
34,narrow,positive,PreFilter-Exact,8000,64,10,3,0.000375,3,1.0,1,none,0,0,0,3,3,1.0,3.773630000068806,8000,3,3,8000,0,0,1,1,0,0.0,0
34,narrow,positive,BitmapSlice-Exact,8000,64,10,3,0.000375,3,1.0,1,none,0,0,0,3,3,1.0,0.1052269999490818,3,3,3,3,0,0,1,1,0,0.0,0
34,narrow,positive,ScalarOnly,8000,64,10,3,0.000375,3,1.0,1,none,0,0,0,3,3,1.0,4.297571999813954,8000,3,0,8000,0,0,0,1,0,0.0,0
34,narrow,positive,PostFilter-IVF,8000,64,10,3,0.000375,2,0.6666666666666666,0,candidate_starvation,0,0,0,2,2,1.0,1.0892119998970884,1448,2,1448,1448,0,8,0,1,0,0.0,0
34,narrow,positive,AdaptivePostFilter-IVF,8000,64,10,3,0.000375,2,0.6666666666666666,0,candidate_starvation,0,0,0,2,2,1.0,4.232399000102305,4800,2,4800,4800,0,28,0,1,0,0.0,0
34,narrow,positive,ExactPrefix-PostFilter,8000,64,10,3,0.000375,1,0.3333333333333333,0,candidate_starvation,0,0,0,1,1,1.0,1.8856040001082874,1600,1,8000,1600,0,0,0,1,0,0.0,0
34,narrow,positive,TenantPartition-IVF,8000,64,10,3,0.000375,2,0.6666666666666666,0,candidate_starvation,0,0,0,2,2,1.0,0.5876840000382799,1448,2,1448,1448,0,8,0,1,0,0.0,0
34,narrow,positive,PreFilter-IVF,8000,64,10,3,0.000375,3,1.0,1,none,0,0,0,3,3,1.0,0.7320650001929607,574,3,3,574,48,3,0,1,0,0.0,0
34,narrow,positive,PACER-A,8000,64,10,3,0.000375,3,1.0,1,none,0,0,0,3,3,1.0,0.30133399968690355,3,3,3,3,35,3,1,1,0,0.0,0
34,narrow,positive,PACER-C,8000,64,10,3,0.000375,3,1.0,1,none,0,0,0,3,3,1.0,0.2948239998659119,3,3,3,3,35,3,1,1,0,0.0,0
34,narrow,positive,PACER-X,8000,64,10,3,0.000375,3,1.0,1,none,0,0,0,3,3,1.0,0.26123199995709,3,3,3,3,35,3,1,1,0,0.0,0
34,narrow,positive,PACER-A-NoSlices,8000,64,10,3,0.000375,2,0.6666666666666666,0,candidate_starvation,0,0,0,2,2,1.0,1.237810000020545,1600,2,1600,1600,9,9,0,1,0,0.0,1
34,narrow,positive,PACER-A-NoBounds,8000,64,10,3,0.000375,3,1.0,1,none,0,0,0,3,3,1.0,0.2789579998534464,3,3,3,3,32,3,1,1,0,0.0,0
34,narrow,positive,StaleNoRecheck,8000,64,10,3,0.000375,2,0.6666666666666666,0,candidate_starvation,0,0,0,2,2,1.0,1.0345039995627303,1448,2,1448,1448,0,8,0,1,0,0.0,0
34,narrow,positive,NaiveNoPolicy,8000,64,10,3,0.000375,10,0.3333333333333333,0,ranking_truncation,8,4,9,1,10,0.1,0.3307050001239986,1448,1448,1448,0,0,8,0,1,0,0.0,0
35,cold,positive,ExactSecure,8000,64,10,4,0.0005,4,1.0,1,none,0,0,0,4,4,1.0,3.8043630001993733,8000,4,4,8000,0,0,1,1,0,0.0,0
35,cold,positive,PreFilter-Exact,8000,64,10,4,0.0005,4,1.0,1,none,0,0,0,4,4,1.0,3.937124000003678,8000,4,4,8000,0,0,1,1,0,0.0,0
35,cold,positive,BitmapSlice-Exact,8000,64,10,4,0.0005,4,1.0,1,none,0,0,0,4,4,1.0,0.0694860000294284,4,4,4,4,0,0,1,1,0,0.0,0
35,cold,positive,ScalarOnly,8000,64,10,4,0.0005,4,1.0,0,ranking_truncation,0,0,0,4,4,1.0,4.023370000140858,8000,4,0,8000,0,0,0,1,0,0.0,0
35,cold,positive,PostFilter-IVF,8000,64,10,4,0.0005,1,0.25,0,candidate_starvation,0,0,0,1,1,1.0,1.0920139998233935,1326,1,1326,1326,0,8,0,1,0,0.0,0
35,cold,positive,AdaptivePostFilter-IVF,8000,64,10,4,0.0005,2,0.5,0,candidate_starvation,0,0,0,2,2,1.0,4.148239999722136,4800,2,4800,4800,0,30,0,1,0,0.0,0
35,cold,positive,ExactPrefix-PostFilter,8000,64,10,4,0.0005,1,0.25,0,candidate_starvation,0,0,0,1,1,1.0,1.7210460000569583,1600,1,8000,1600,0,0,0,1,0,0.0,0
35,cold,positive,TenantPartition-IVF,8000,64,10,4,0.0005,1,0.25,0,candidate_starvation,0,0,0,1,1,1.0,0.5272059997878387,1326,1,1326,1326,0,8,0,1,0,0.0,0
35,cold,positive,PreFilter-IVF,8000,64,10,4,0.0005,4,1.0,1,none,0,0,0,4,4,1.0,0.7821550002518052,568,4,4,568,48,3,0,1,0,0.0,0
35,cold,positive,PACER-A,8000,64,10,4,0.0005,4,1.0,1,none,0,0,0,4,4,1.0,0.32964899992293795,4,4,4,4,38,3,1,1,0,0.0,0
35,cold,positive,PACER-C,8000,64,10,4,0.0005,4,1.0,1,none,0,0,0,4,4,1.0,0.25649400004112977,4,4,4,4,38,3,1,1,0,0.0,0
35,cold,positive,PACER-X,8000,64,10,4,0.0005,4,1.0,1,none,0,0,0,4,4,1.0,0.30822000007901806,4,4,4,4,38,3,1,1,0,0.0,0
35,cold,positive,PACER-A-NoSlices,8000,64,10,4,0.0005,1,0.25,0,candidate_starvation,0,0,0,1,1,1.0,1.2684039998021035,1600,1,1600,1600,10,10,0,1,0,0.0,1
35,cold,positive,PACER-A-NoBounds,8000,64,10,4,0.0005,4,1.0,1,none,0,0,0,4,4,1.0,0.2784459998110833,4,4,4,4,36,3,1,1,0,0.0,0
35,cold,positive,StaleNoRecheck,8000,64,10,4,0.0005,1,0.25,0,candidate_starvation,0,0,0,1,1,1.0,0.9251909996237373,1326,1,1326,1326,0,8,0,1,0,0.0,0
35,cold,positive,NaiveNoPolicy,8000,64,10,4,0.0005,10,0.25,0,ranking_truncation,8,2,8,1,10,0.1,0.35701600018001045,1326,1326,1326,0,0,8,0,1,0,0.0,0
36,broad,positive,ExactSecure,8000,64,10,3661,0.457625,10,1.0,1,none,0,0,0,10,10,1.0,4.617851000148221,8000,3661,3661,8000,0,0,1,1,0,0.0,0
36,broad,positive,PreFilter-Exact,8000,64,10,3661,0.457625,10,1.0,1,none,0,0,0,10,10,1.0,4.592500999933691,8000,3661,3661,8000,0,0,1,1,0,0.0,0
36,broad,positive,BitmapSlice-Exact,8000,64,10,3661,0.457625,10,1.0,1,none,0,0,0,10,10,1.0,7.276828000158275,3991,3661,3661,3991,0,0,1,1,0,0.0,0
36,broad,positive,ScalarOnly,8000,64,10,3661,0.457625,10,0.0,0,ranking_truncation,0,0,0,10,10,1.0,4.006187999948452,8000,3661,0,8000,0,0,0,1,0,0.0,0
36,broad,positive,PostFilter-IVF,8000,64,10,3661,0.457625,10,0.4,0,ranking_truncation,0,0,0,10,10,1.0,1.1175089998687326,1292,549,1292,1292,0,8,0,1,0,0.0,0
36,broad,positive,AdaptivePostFilter-IVF,8000,64,10,3661,0.457625,10,0.9,0,ranking_truncation,0,0,0,10,10,1.0,4.779573999712738,4800,2189,4800,4800,0,32,0,1,0,0.0,0
36,broad,positive,ExactPrefix-PostFilter,8000,64,10,3661,0.457625,10,1.0,1,none,0,0,0,10,10,1.0,1.993629000025976,1600,701,8000,1600,0,0,0,1,0,0.0,0
36,broad,positive,TenantPartition-IVF,8000,64,10,3661,0.457625,10,0.4,0,ranking_truncation,0,0,0,10,10,1.0,0.887589999820193,1292,549,1292,1292,0,8,0,1,0,0.0,0
36,broad,positive,PreFilter-IVF,8000,64,10,3661,0.457625,10,0.7,0,ranking_truncation,0,0,0,10,10,1.0,1.6622990001451399,1343,570,570,1343,8,8,0,1,0,0.0,0
36,broad,positive,PACER-A,8000,64,10,3661,0.457625,10,0.8,0,ranking_truncation,0,0,0,10,10,1.0,5.1533059995563235,1600,1476,1600,1600,21,21,0,1,0,0.6404138803482056,1
36,broad,positive,PACER-C,8000,64,10,3661,0.457625,10,1.0,1,none,0,0,0,10,10,1.0,12.022894999972777,3991,3661,3991,3991,48,48,1,1,0,0.0,0
36,broad,positive,PACER-X,8000,64,10,3661,0.457625,10,1.0,1,none,0,0,0,10,10,1.0,16.368835999855946,3991,3661,3991,3991,48,48,1,1,0,0.0,0
36,broad,positive,PACER-A-NoSlices,8000,64,10,3661,0.457625,10,0.7,0,ranking_truncation,0,0,0,10,10,1.0,2.4620310000500467,1600,627,1600,1600,9,9,0,1,0,0.6769408583641052,1
36,broad,positive,PACER-A-NoBounds,8000,64,10,3661,0.457625,10,0.8,0,ranking_truncation,0,0,0,10,10,1.0,8.015655999770388,1600,1479,1600,1600,23,23,0,1,0,0.0,1
36,broad,positive,StaleNoRecheck,8000,64,10,3661,0.457625,10,0.4,0,ranking_truncation,0,0,0,10,10,1.0,1.2741730001835094,1292,597,1292,1292,0,8,0,1,0,0.0,0
36,broad,positive,NaiveNoPolicy,8000,64,10,3661,0.457625,10,0.4,0,ranking_truncation,0,2,6,4,10,0.4,0.36017699994772556,1292,1292,1292,0,0,8,0,1,0,0.0,0
37,medium,positive,ExactSecure,8000,64,10,217,0.027125,10,1.0,1,none,0,0,0,10,10,1.0,4.479296999761573,8000,217,217,8000,0,0,1,1,0,0.0,0
37,medium,positive,PreFilter-Exact,8000,64,10,217,0.027125,10,1.0,1,none,0,0,0,10,10,1.0,4.071332999956212,8000,217,217,8000,0,0,1,1,0,0.0,0
37,medium,positive,BitmapSlice-Exact,8000,64,10,217,0.027125,10,1.0,1,none,0,0,0,10,10,1.0,0.5040290002398251,232,217,217,232,0,0,1,1,0,0.0,0
37,medium,positive,ScalarOnly,8000,64,10,217,0.027125,10,0.0,0,ranking_truncation,0,0,0,10,10,1.0,3.957428999910917,8000,217,0,8000,0,0,0,1,0,0.0,0
37,medium,positive,PostFilter-IVF,8000,64,10,217,0.027125,10,0.9,0,ranking_truncation,0,0,0,10,10,1.0,1.1643240000012156,1420,46,1420,1420,0,8,0,1,0,0.0,0
37,medium,positive,AdaptivePostFilter-IVF,8000,64,10,217,0.027125,10,1.0,1,none,0,0,0,10,10,1.0,4.367232999811677,4800,132,4800,4800,0,29,0,1,0,0.0,0
37,medium,positive,ExactPrefix-PostFilter,8000,64,10,217,0.027125,10,1.0,1,none,0,0,0,10,10,1.0,2.036376999967615,1600,59,8000,1600,0,0,0,1,0,0.0,0
37,medium,positive,TenantPartition-IVF,8000,64,10,217,0.027125,10,0.9,0,ranking_truncation,0,0,0,10,10,1.0,0.8388840001316566,1420,46,1420,1420,0,8,0,1,0,0.0,0
37,medium,positive,PreFilter-IVF,8000,64,10,217,0.027125,10,0.9,0,ranking_truncation,0,0,0,10,10,1.0,1.4254230000005919,1423,48,48,1423,9,8,0,1,0,0.0,0
37,medium,positive,PACER-A,8000,64,10,217,0.027125,10,1.0,1,none,0,0,0,10,10,1.0,3.6117169997851306,232,217,232,232,48,40,1,1,0,0.0,0
37,medium,positive,PACER-C,8000,64,10,217,0.027125,10,1.0,1,none,0,0,0,10,10,1.0,3.2105989998854056,232,217,232,232,48,40,1,1,0,0.0,0
37,medium,positive,PACER-X,8000,64,10,217,0.027125,10,1.0,1,none,0,0,0,10,10,1.0,4.576859999815497,232,217,232,232,48,40,1,1,0,0.0,0
37,medium,positive,PACER-A-NoSlices,8000,64,10,217,0.027125,10,0.9,0,ranking_truncation,0,0,0,10,10,1.0,2.2238359997572843,1600,49,1600,1600,10,10,0,1,0,0.7283637225627899,1
37,medium,positive,PACER-A-NoBounds,8000,64,10,217,0.027125,10,1.0,1,none,0,0,0,10,10,1.0,3.614358000049833,232,217,232,232,48,40,1,1,0,0.0,0
37,medium,positive,StaleNoRecheck,8000,64,10,217,0.027125,10,0.9,0,ranking_truncation,0,1,0,9,10,0.9,1.6361339999093616,1420,49,1420,1420,0,8,0,1,0,0.0,0
37,medium,positive,NaiveNoPolicy,8000,64,10,217,0.027125,10,0.2,0,ranking_truncation,6,0,7,2,10,0.2,0.5827970003338123,1420,1420,1420,0,0,8,0,1,0,0.0,0
38,narrow,positive,ExactSecure,8000,64,10,3,0.000375,3,1.0,1,none,0,0,0,3,3,1.0,6.682396000087465,8000,3,3,8000,0,0,1,1,0,0.0,0
38,narrow,positive,PreFilter-Exact,8000,64,10,3,0.000375,3,1.0,1,none,0,0,0,3,3,1.0,9.153509000043414,8000,3,3,8000,0,0,1,1,0,0.0,0
38,narrow,positive,BitmapSlice-Exact,8000,64,10,3,0.000375,3,1.0,1,none,0,0,0,3,3,1.0,0.09115200009546243,3,3,3,3,0,0,1,1,0,0.0,0
38,narrow,positive,ScalarOnly,8000,64,10,3,0.000375,3,1.0,0,ranking_truncation,0,0,0,3,3,1.0,4.398462000153813,8000,3,0,8000,0,0,0,1,0,0.0,0
38,narrow,positive,PostFilter-IVF,8000,64,10,3,0.000375,2,0.6666666666666666,0,candidate_starvation,0,0,0,2,2,1.0,1.0865439999179216,1311,2,1311,1311,0,8,0,1,0,0.0,0
38,narrow,positive,AdaptivePostFilter-IVF,8000,64,10,3,0.000375,3,1.0,1,none,0,0,0,3,3,1.0,4.584996000176034,4800,3,4800,4800,0,29,0,1,0,0.0,0
38,narrow,positive,ExactPrefix-PostFilter,8000,64,10,3,0.000375,3,1.0,1,none,0,0,0,3,3,1.0,1.911671000016213,1600,3,8000,1600,0,0,0,1,0,0.0,0
38,narrow,positive,TenantPartition-IVF,8000,64,10,3,0.000375,2,0.6666666666666666,0,candidate_starvation,0,0,0,2,2,1.0,0.5950989998382283,1311,2,1311,1311,0,8,0,1,0,0.0,0
38,narrow,positive,PreFilter-IVF,8000,64,10,3,0.000375,3,1.0,1,none,0,0,0,3,3,1.0,0.5364980002013908,283,3,3,283,48,2,0,1,0,0.0,0
38,narrow,positive,PACER-A,8000,64,10,3,0.000375,3,1.0,1,none,0,0,0,3,3,1.0,0.2758880000328645,3,3,3,3,9,2,1,1,0,0.0,0
38,narrow,positive,PACER-C,8000,64,10,3,0.000375,3,1.0,1,none,0,0,0,3,3,1.0,0.20179100010864204,3,3,3,3,9,2,1,1,0,0.0,0
38,narrow,positive,PACER-X,8000,64,10,3,0.000375,3,1.0,1,none,0,0,0,3,3,1.0,0.16999099989334354,3,3,3,3,9,2,1,1,0,0.0,0
38,narrow,positive,PACER-A-NoSlices,8000,64,10,3,0.000375,3,1.0,1,none,0,0,0,3,3,1.0,1.3463209998008097,1600,3,1600,1600,10,10,0,1,0,0.0,1
38,narrow,positive,PACER-A-NoBounds,8000,64,10,3,0.000375,3,1.0,1,none,0,0,0,3,3,1.0,0.19110900029772893,3,3,3,3,10,2,1,1,0,0.0,0
38,narrow,positive,StaleNoRecheck,8000,64,10,3,0.000375,2,0.6666666666666666,0,candidate_starvation,0,0,0,2,2,1.0,0.9915770001498458,1311,2,1311,1311,0,8,0,1,0,0.0,0
38,narrow,positive,NaiveNoPolicy,8000,64,10,3,0.000375,10,0.3333333333333333,0,ranking_truncation,9,1,9,1,10,0.1,0.37634499994965154,1311,1311,1311,0,0,8,0,1,0,0.0,0
39,cold,positive,ExactSecure,8000,64,10,1,0.000125,1,1.0,1,none,0,0,0,1,1,1.0,4.48868900002708,8000,1,1,8000,0,0,1,1,0,0.0,0
39,cold,positive,PreFilter-Exact,8000,64,10,1,0.000125,1,1.0,1,none,0,0,0,1,1,1.0,4.205750999972224,8000,1,1,8000,0,0,1,1,0,0.0,0
39,cold,positive,BitmapSlice-Exact,8000,64,10,1,0.000125,1,1.0,1,none,0,0,0,1,1,1.0,0.08529999968232005,1,1,1,1,0,0,1,1,0,0.0,0
39,cold,positive,ScalarOnly,8000,64,10,1,0.000125,1,1.0,1,none,0,0,0,1,1,1.0,4.32274700006019,8000,1,0,8000,0,0,0,1,0,0.0,0
39,cold,positive,PostFilter-IVF,8000,64,10,1,0.000125,1,1.0,1,none,0,0,0,1,1,1.0,1.0075810000671481,1183,1,1183,1183,0,8,0,1,0,0.0,0
39,cold,positive,AdaptivePostFilter-IVF,8000,64,10,1,0.000125,1,1.0,1,none,0,0,0,1,1,1.0,4.332346999945003,4800,1,4800,4800,0,30,0,1,0,0.0,0
39,cold,positive,ExactPrefix-PostFilter,8000,64,10,1,0.000125,1,1.0,1,none,0,0,0,1,1,1.0,1.978493000024173,1600,1,8000,1600,0,0,0,1,0,0.0,0
39,cold,positive,TenantPartition-IVF,8000,64,10,1,0.000125,1,1.0,1,none,0,0,0,1,1,1.0,0.5943740002294362,1183,1,1183,1183,0,8,0,1,0,0.0,0
39,cold,positive,PreFilter-IVF,8000,64,10,1,0.000125,1,1.0,1,none,0,0,0,1,1,1.0,0.6483249999291729,226,1,1,226,48,1,0,1,0,0.0,0
39,cold,positive,PACER-A,8000,64,10,1,0.000125,1,1.0,1,none,0,0,0,1,1,1.0,0.2221620002273994,1,1,1,1,3,1,1,1,0,0.0,0
39,cold,positive,PACER-C,8000,64,10,1,0.000125,1,1.0,1,none,0,0,0,1,1,1.0,0.1505780001025414,1,1,1,1,3,1,1,1,0,0.0,0
39,cold,positive,PACER-X,8000,64,10,1,0.000125,1,1.0,1,none,0,0,0,1,1,1.0,0.1878250000117987,1,1,1,1,3,1,1,1,0,0.0,0
39,cold,positive,PACER-A-NoSlices,8000,64,10,1,0.000125,1,1.0,1,none,0,0,0,1,1,1.0,2.297154999723716,1600,1,1600,1600,11,11,0,1,0,0.0,1
39,cold,positive,PACER-A-NoBounds,8000,64,10,1,0.000125,1,1.0,1,none,0,0,0,1,1,1.0,0.254288999713026,1,1,1,1,3,1,1,1,0,0.0,0
39,cold,positive,StaleNoRecheck,8000,64,10,1,0.000125,1,1.0,1,none,0,0,0,1,1,1.0,2.4107889998958854,1183,1,1183,1183,0,8,0,1,0,0.0,0
39,cold,positive,NaiveNoPolicy,8000,64,10,1,0.000125,10,1.0,0,ranking_truncation,9,0,9,1,10,0.1,0.4967689997101843,1183,1183,1183,0,0,8,0,1,0,0.0,0
40,broad,positive,ExactSecure,8000,64,10,3770,0.47125,10,1.0,1,none,0,0,0,10,10,1.0,4.780479000146443,8000,3770,3770,8000,0,0,1,1,0,0.0,0
40,broad,positive,PreFilter-Exact,8000,64,10,3770,0.47125,10,1.0,1,none,0,0,0,10,10,1.0,4.495898000186571,8000,3770,3770,8000,0,0,1,1,0,0.0,0
40,broad,positive,BitmapSlice-Exact,8000,64,10,3770,0.47125,10,1.0,1,none,0,0,0,10,10,1.0,7.202045999747497,3996,3770,3770,3996,0,0,1,1,0,0.0,0
40,broad,positive,ScalarOnly,8000,64,10,3770,0.47125,10,0.0,0,ranking_truncation,0,0,0,10,10,1.0,4.4466129997999815,8000,3770,0,8000,0,0,0,1,0,0.0,0
40,broad,positive,PostFilter-IVF,8000,64,10,3770,0.47125,10,0.9,0,ranking_truncation,0,0,0,10,10,1.0,1.0784460000650142,1168,543,1168,1168,0,8,0,1,0,0.0,0
40,broad,positive,AdaptivePostFilter-IVF,8000,64,10,3770,0.47125,10,1.0,1,none,0,0,0,10,10,1.0,5.200220000006084,4800,2172,4800,4800,0,29,0,1,0,0.0,0
40,broad,positive,ExactPrefix-PostFilter,8000,64,10,3770,0.47125,10,1.0,1,none,0,0,0,10,10,1.0,2.044961000137846,1600,719,8000,1600,0,0,0,1,0,0.0,0
40,broad,positive,TenantPartition-IVF,8000,64,10,3770,0.47125,10,0.9,0,ranking_truncation,0,0,0,10,10,1.0,0.8253579999291105,1168,543,1168,1168,0,8,0,1,0,0.0,0
40,broad,positive,PreFilter-IVF,8000,64,10,3770,0.47125,10,0.8,0,ranking_truncation,0,0,0,10,10,1.0,2.1076620000712865,1323,555,555,1323,8,8,0,1,0,0.0,0
40,broad,positive,PACER-A,8000,64,10,3770,0.47125,10,1.0,1,none,0,0,0,10,10,1.0,4.828908000035881,1600,1514,1600,1600,21,21,0,1,0,0.6026113033294678,1
40,broad,positive,PACER-C,8000,64,10,3770,0.47125,10,1.0,1,none,0,0,0,10,10,1.0,11.218083000130719,3996,3770,3996,3996,48,48,1,1,0,0.0,0
40,broad,positive,PACER-X,8000,64,10,3770,0.47125,10,1.0,1,none,0,0,0,10,10,1.0,11.21726800010947,3996,3770,3996,3996,48,48,1,1,0,0.0,0
40,broad,positive,PACER-A-NoSlices,8000,64,10,3770,0.47125,10,0.9,0,ranking_truncation,0,0,0,10,10,1.0,1.8474679995961196,1600,699,1600,1600,11,11,0,1,0,0.6244344711303711,1
40,broad,positive,PACER-A-NoBounds,8000,64,10,3770,0.47125,10,1.0,1,none,0,0,0,10,10,1.0,4.839418999836198,1600,1518,1600,1600,21,21,0,1,0,0.0,1
40,broad,positive,StaleNoRecheck,8000,64,10,3770,0.47125,10,0.9,0,ranking_truncation,0,1,0,9,10,0.9,1.031080999837286,1168,570,1168,1168,0,8,0,1,0,0.0,0
40,broad,positive,NaiveNoPolicy,8000,64,10,3770,0.47125,10,0.6,0,ranking_truncation,0,0,4,6,10,0.6,0.3792499996961851,1168,1168,1168,0,0,8,0,1,0,0.0,0
41,medium,positive,ExactSecure,8000,64,10,183,0.022875,10,1.0,1,none,0,0,0,10,10,1.0,4.411763999996765,8000,183,183,8000,0,0,1,1,0,0.0,0
41,medium,positive,PreFilter-Exact,8000,64,10,183,0.022875,10,1.0,1,none,0,0,0,10,10,1.0,4.5305889998417115,8000,183,183,8000,0,0,1,1,0,0.0,0
41,medium,positive,BitmapSlice-Exact,8000,64,10,183,0.022875,10,1.0,1,none,0,0,0,10,10,1.0,0.4890239997621393,201,183,183,201,0,0,1,1,0,0.0,0
41,medium,positive,ScalarOnly,8000,64,10,183,0.022875,10,0.0,0,ranking_truncation,0,0,0,10,10,1.0,4.1582560002098035,8000,183,0,8000,0,0,0,1,0,0.0,0
41,medium,positive,PostFilter-IVF,8000,64,10,183,0.022875,10,0.4,0,ranking_truncation,0,0,0,10,10,1.0,1.3126989997545024,1600,34,1600,1600,0,8,0,1,0,0.0,0
41,medium,positive,AdaptivePostFilter-IVF,8000,64,10,183,0.022875,10,0.9,0,ranking_truncation,0,0,0,10,10,1.0,4.340468000009423,4800,106,4800,4800,0,28,0,1,0,0.0,0
41,medium,positive,ExactPrefix-PostFilter,8000,64,10,183,0.022875,10,1.0,1,none,0,0,0,10,10,1.0,1.9295629999760422,1600,40,8000,1600,0,0,0,1,0,0.0,0
41,medium,positive,TenantPartition-IVF,8000,64,10,183,0.022875,10,0.4,0,ranking_truncation,0,0,0,10,10,1.0,0.8870880001268233,1600,34,1600,1600,0,8,0,1,0,0.0,0
41,medium,positive,PreFilter-IVF,8000,64,10,183,0.022875,10,0.6,0,ranking_truncation,0,0,0,10,10,1.0,1.5956529996401514,1406,52,52,1406,12,8,0,1,0,0.0,0
41,medium,positive,PACER-A,8000,64,10,183,0.022875,10,1.0,1,none,0,0,0,10,10,1.0,2.9469259998222697,201,183,201,201,46,35,1,1,0,0.0,0
41,medium,positive,PACER-C,8000,64,10,183,0.022875,10,1.0,1,none,0,0,0,10,10,1.0,2.9392910000751726,201,183,201,201,46,35,1,1,0,0.0,0
41,medium,positive,PACER-X,8000,64,10,183,0.022875,10,1.0,1,none,0,0,0,10,10,1.0,2.9073519999656128,201,183,201,201,46,35,1,1,0,0.0,0
41,medium,positive,PACER-A-NoSlices,8000,64,10,183,0.022875,10,0.4,0,ranking_truncation,0,0,0,10,10,1.0,1.3717580000047747,1600,27,1600,1600,9,9,0,1,0,0.8347388803958893,1
41,medium,positive,PACER-A-NoBounds,8000,64,10,183,0.022875,10,1.0,1,none,0,0,0,10,10,1.0,3.293520000170247,201,183,201,201,48,35,1,1,0,0.0,0
41,medium,positive,StaleNoRecheck,8000,64,10,183,0.022875,10,0.4,0,ranking_truncation,0,1,0,9,10,0.9,1.5750009997645975,1600,37,1600,1600,0,8,0,1,0,0.0,0
41,medium,positive,NaiveNoPolicy,8000,64,10,183,0.022875,10,0.1,0,ranking_truncation,8,2,9,1,10,0.1,0.8735020001040539,1600,1600,1600,0,0,8,0,1,0,0.0,0
42,narrow,positive,ExactSecure,8000,64,10,11,0.001375,10,1.0,1,none,0,0,0,10,10,1.0,4.155954999987443,8000,11,11,8000,0,0,1,1,0,0.0,0
42,narrow,positive,PreFilter-Exact,8000,64,10,11,0.001375,10,1.0,1,none,0,0,0,10,10,1.0,3.9211329999488953,8000,11,11,8000,0,0,1,1,0,0.0,0
42,narrow,positive,BitmapSlice-Exact,8000,64,10,11,0.001375,10,1.0,1,none,0,0,0,10,10,1.0,0.12746800030072336,12,11,11,12,0,0,1,1,0,0.0,0
42,narrow,positive,ScalarOnly,8000,64,10,11,0.001375,10,0.9,0,ranking_truncation,0,0,0,10,10,1.0,4.141647999858833,8000,11,0,8000,0,0,0,1,0,0.0,0
42,narrow,positive,PostFilter-IVF,8000,64,10,11,0.001375,0,0.0,0,candidate_starvation,0,0,0,0,0,1.0,1.1133369998788112,1269,0,1269,1269,0,8,0,1,0,0.0,0
42,narrow,positive,AdaptivePostFilter-IVF,8000,64,10,11,0.001375,10,0.9,0,ranking_truncation,0,0,0,10,10,1.0,4.365280999991228,4800,10,4800,4800,0,30,0,1,0,0.0,0
42,narrow,positive,ExactPrefix-PostFilter,8000,64,10,11,0.001375,2,0.2,0,candidate_starvation,0,0,0,2,2,1.0,1.7825800000537129,1600,2,8000,1600,0,0,0,1,0,0.0,0
42,narrow,positive,TenantPartition-IVF,8000,64,10,11,0.001375,0,0.0,0,candidate_starvation,0,0,0,0,0,1.0,0.5374249999476888,1269,0,1269,1269,0,8,0,1,0,0.0,0
42,narrow,positive,PreFilter-IVF,8000,64,10,11,0.001375,10,1.0,1,none,0,0,0,10,10,1.0,0.9719330000734772,602,11,11,602,48,4,0,1,0,0.0,0
42,narrow,positive,PACER-A,8000,64,10,11,0.001375,10,1.0,1,none,0,0,0,10,10,1.0,0.4488340000534663,12,11,12,12,35,4,1,1,0,0.0,0
42,narrow,positive,PACER-C,8000,64,10,11,0.001375,10,1.0,1,none,0,0,0,10,10,1.0,0.4026830001748749,12,11,12,12,35,4,1,1,0,0.0,0
42,narrow,positive,PACER-X,8000,64,10,11,0.001375,10,1.0,1,none,0,0,0,10,10,1.0,0.34793600025295746,12,11,12,12,35,4,1,1,0,0.0,0
42,narrow,positive,PACER-A-NoSlices,8000,64,10,11,0.001375,0,0.0,0,candidate_starvation,0,0,0,0,0,1.0,1.3644830000885122,1600,0,1600,1600,10,10,0,1,0,0.0,1
42,narrow,positive,PACER-A-NoBounds,8000,64,10,11,0.001375,10,1.0,1,none,0,0,0,10,10,1.0,0.43635300016831025,12,11,12,12,48,4,1,1,0,0.0,0
42,narrow,positive,StaleNoRecheck,8000,64,10,11,0.001375,0,0.0,0,candidate_starvation,0,0,0,0,0,1.0,0.9427800000594289,1269,0,1269,1269,0,8,0,1,0,0.0,0
42,narrow,positive,NaiveNoPolicy,8000,64,10,11,0.001375,10,0.0,0,ranking_truncation,10,1,9,0,10,0.0,0.4471239999475074,1269,1269,1269,0,0,8,0,1,0,0.0,0
43,cold,positive,ExactSecure,8000,64,10,6,0.00075,6,1.0,1,none,0,0,0,6,6,1.0,4.12844699985726,8000,6,6,8000,0,0,1,1,0,0.0,0
43,cold,positive,PreFilter-Exact,8000,64,10,6,0.00075,6,1.0,1,none,0,0,0,6,6,1.0,4.020546999981889,8000,6,6,8000,0,0,1,1,0,0.0,0
43,cold,positive,BitmapSlice-Exact,8000,64,10,6,0.00075,6,1.0,1,none,0,0,0,6,6,1.0,0.07561199981864775,6,6,6,6,0,0,1,1,0,0.0,0
43,cold,positive,ScalarOnly,8000,64,10,6,0.00075,6,1.0,0,ranking_truncation,0,0,0,6,6,1.0,4.029876000004151,8000,6,0,8000,0,0,0,1,0,0.0,0
43,cold,positive,PostFilter-IVF,8000,64,10,6,0.00075,2,0.3333333333333333,0,candidate_starvation,0,0,0,2,2,1.0,1.5161679998527688,1571,2,1571,1571,0,8,0,1,0,0.0,0
43,cold,positive,AdaptivePostFilter-IVF,8000,64,10,6,0.00075,3,0.5,0,candidate_starvation,0,0,0,3,3,1.0,4.639745999611478,4800,3,4800,4800,0,28,0,1,0,0.0,0
43,cold,positive,ExactPrefix-PostFilter,8000,64,10,6,0.00075,1,0.16666666666666666,0,candidate_starvation,0,0,0,1,1,1.0,1.884684999822639,1600,1,8000,1600,0,0,0,1,0,0.0,0
43,cold,positive,TenantPartition-IVF,8000,64,10,6,0.00075,2,0.3333333333333333,0,candidate_starvation,0,0,0,2,2,1.0,0.7777920000080485,1571,2,1571,1571,0,8,0,1,0,0.0,0
43,cold,positive,PreFilter-IVF,8000,64,10,6,0.00075,6,1.0,1,none,0,0,0,6,6,1.0,1.0501930000827997,609,6,6,609,48,3,0,1,0,0.0,0
43,cold,positive,PACER-A,8000,64,10,6,0.00075,6,1.0,1,none,0,0,0,6,6,1.0,0.3763019999496464,6,6,6,6,38,3,1,1,0,0.0,0
43,cold,positive,PACER-C,8000,64,10,6,0.00075,6,1.0,1,none,0,0,0,6,6,1.0,0.32305600007020985,6,6,6,6,38,3,1,1,0,0.0,0
43,cold,positive,PACER-X,8000,64,10,6,0.00075,6,1.0,1,none,0,0,0,6,6,1.0,0.376322999727563,6,6,6,6,38,3,1,1,0,0.0,0
43,cold,positive,PACER-A-NoSlices,8000,64,10,6,0.00075,2,0.3333333333333333,0,candidate_starvation,0,0,0,2,2,1.0,1.3636939997923037,1600,2,1600,1600,10,10,0,1,0,0.0,1
43,cold,positive,PACER-A-NoBounds,8000,64,10,6,0.00075,6,1.0,1,none,0,0,0,6,6,1.0,0.3049430001738074,6,6,6,6,41,3,1,1,0,0.0,0
43,cold,positive,StaleNoRecheck,8000,64,10,6,0.00075,2,0.3333333333333333,0,candidate_starvation,0,0,0,2,2,1.0,1.2596860001394816,1571,2,1571,1571,0,8,0,1,0,0.0,0
43,cold,positive,NaiveNoPolicy,8000,64,10,6,0.00075,10,0.16666666666666666,0,ranking_truncation,9,0,8,1,10,0.1,0.4355020000730292,1571,1571,1571,0,0,8,0,1,0,0.0,0
44,broad,positive,ExactSecure,8000,64,10,3568,0.446,10,1.0,1,none,0,0,0,10,10,1.0,4.426711000178329,8000,3568,3568,8000,0,0,1,1,0,0.0,0
44,broad,positive,PreFilter-Exact,8000,64,10,3568,0.446,10,1.0,1,none,0,0,0,10,10,1.0,4.359977999683906,8000,3568,3568,8000,0,0,1,1,0,0.0,0
44,broad,positive,BitmapSlice-Exact,8000,64,10,3568,0.446,10,1.0,1,none,0,0,0,10,10,1.0,6.894879999890691,3991,3568,3568,3991,0,0,1,1,0,0.0,0
44,broad,positive,ScalarOnly,8000,64,10,3568,0.446,10,0.0,0,ranking_truncation,0,0,0,10,10,1.0,4.267959000117116,8000,3568,0,8000,0,0,0,1,0,0.0,0
44,broad,positive,PostFilter-IVF,8000,64,10,3568,0.446,10,0.9,0,ranking_truncation,0,0,0,10,10,1.0,1.1368030000085128,1230,671,1230,1230,0,8,0,1,0,0.0,0
44,broad,positive,AdaptivePostFilter-IVF,8000,64,10,3568,0.446,10,1.0,1,none,0,0,0,10,10,1.0,4.40230000003794,4800,2221,4800,4800,0,30,0,1,0,0.0,0
44,broad,positive,ExactPrefix-PostFilter,8000,64,10,3568,0.446,10,1.0,1,none,0,0,0,10,10,1.0,1.8892409998443327,1600,800,8000,1600,0,0,0,1,0,0.0,0
44,broad,positive,TenantPartition-IVF,8000,64,10,3568,0.446,10,0.9,0,ranking_truncation,0,0,0,10,10,1.0,0.9913680000863678,1230,671,1230,1230,0,8,0,1,0,0.0,0
44,broad,positive,PreFilter-IVF,8000,64,10,3568,0.446,10,0.9,0,ranking_truncation,0,0,0,10,10,1.0,1.9429180001679924,1318,743,743,1318,8,8,0,1,0,0.0,0
44,broad,positive,PACER-A,8000,64,10,3568,0.446,10,1.0,1,none,0,0,0,10,10,1.0,4.6266439999271824,1600,1441,1600,1600,20,20,0,1,0,0.5766705274581909,1
44,broad,positive,PACER-C,8000,64,10,3568,0.446,10,1.0,1,none,0,0,0,10,10,1.0,12.748735000059241,3991,3568,3991,3991,48,48,1,1,0,0.0,0
44,broad,positive,PACER-X,8000,64,10,3568,0.446,10,1.0,1,none,0,0,0,10,10,1.0,11.688607999985834,3991,3568,3991,3991,48,48,1,1,0,0.0,0
44,broad,positive,PACER-A-NoSlices,8000,64,10,3568,0.446,10,0.9,0,ranking_truncation,0,0,0,10,10,1.0,1.7560109999976703,1600,800,1600,1600,10,10,0,1,0,0.5934638977050781,1
44,broad,positive,PACER-A-NoBounds,8000,64,10,3568,0.446,10,1.0,1,none,0,0,0,10,10,1.0,4.845392999868636,1600,1443,1600,1600,20,20,0,1,0,0.0,1
44,broad,positive,StaleNoRecheck,8000,64,10,3568,0.446,10,0.9,0,ranking_truncation,0,0,0,10,10,1.0,1.1002939995705674,1230,739,1230,1230,0,8,0,1,0,0.0,0
44,broad,positive,NaiveNoPolicy,8000,64,10,3568,0.446,10,0.7,0,ranking_truncation,0,0,3,7,10,0.7,0.33807200043156627,1230,1230,1230,0,0,8,0,1,0,0.0,0
45,medium,positive,ExactSecure,8000,64,10,231,0.028875,10,1.0,1,none,0,0,0,10,10,1.0,4.373000000214233,8000,231,231,8000,0,0,1,1,0,0.0,0
45,medium,positive,PreFilter-Exact,8000,64,10,231,0.028875,10,1.0,1,none,0,0,0,10,10,1.0,4.05696200004968,8000,231,231,8000,0,0,1,1,0,0.0,0
45,medium,positive,BitmapSlice-Exact,8000,64,10,231,0.028875,10,1.0,1,none,0,0,0,10,10,1.0,0.508992000050057,256,231,231,256,0,0,1,1,0,0.0,0
45,medium,positive,ScalarOnly,8000,64,10,231,0.028875,10,0.1,0,ranking_truncation,0,0,0,10,10,1.0,4.128657999899588,8000,231,0,8000,0,0,0,1,0,0.0,0
45,medium,positive,PostFilter-IVF,8000,64,10,231,0.028875,10,0.2,0,ranking_truncation,0,0,0,10,10,1.0,1.3912660001551558,1600,20,1600,1600,0,8,0,1,0,0.0,0
45,medium,positive,AdaptivePostFilter-IVF,8000,64,10,231,0.028875,10,0.9,0,ranking_truncation,0,0,0,10,10,1.0,4.095339000286913,4800,158,4800,4800,0,27,0,1,0,0.0,0
45,medium,positive,ExactPrefix-PostFilter,8000,64,10,231,0.028875,10,1.0,1,none,0,0,0,10,10,1.0,1.868306000233133,1600,44,8000,1600,0,0,0,1,0,0.0,0
45,medium,positive,TenantPartition-IVF,8000,64,10,231,0.028875,10,0.2,0,ranking_truncation,0,0,0,10,10,1.0,0.8611110001766065,1600,20,1600,1600,0,8,0,1,0,0.0,0
45,medium,positive,PreFilter-IVF,8000,64,10,231,0.028875,10,0.3,0,ranking_truncation,0,0,0,10,10,1.0,1.5750940001453273,1531,24,24,1531,8,8,0,1,0,0.0,0
45,medium,positive,PACER-A,8000,64,10,231,0.028875,10,1.0,1,none,0,0,0,10,10,1.0,3.209279000202514,256,231,256,256,48,37,1,1,0,0.0,0
45,medium,positive,PACER-C,8000,64,10,231,0.028875,10,1.0,1,none,0,0,0,10,10,1.0,3.2955659999061027,256,231,256,256,48,37,1,1,0,0.0,0
45,medium,positive,PACER-X,8000,64,10,231,0.028875,10,1.0,1,none,0,0,0,10,10,1.0,3.050299999813433,256,231,256,256,48,37,1,1,0,0.0,0
45,medium,positive,PACER-A-NoSlices,8000,64,10,231,0.028875,10,0.3,0,ranking_truncation,0,0,0,10,10,1.0,1.5323509996960638,1600,24,1600,1600,9,9,0,1,0,0.8863144218921661,1
45,medium,positive,PACER-A-NoBounds,8000,64,10,231,0.028875,10,1.0,1,none,0,0,0,10,10,1.0,3.417857000385993,256,231,256,256,48,37,1,1,0,0.0,0
45,medium,positive,StaleNoRecheck,8000,64,10,231,0.028875,10,0.2,0,ranking_truncation,0,0,0,10,10,1.0,1.3572650000241993,1600,21,1600,1600,0,8,0,1,0,0.0,0
45,medium,positive,NaiveNoPolicy,8000,64,10,231,0.028875,10,0.0,0,ranking_truncation,9,2,9,0,10,0.0,0.6732970000484784,1600,1600,1600,0,0,8,0,1,0,0.0,0
46,narrow,positive,ExactSecure,8000,64,10,4,0.0005,4,1.0,1,none,0,0,0,4,4,1.0,3.9057980002326076,8000,4,4,8000,0,0,1,1,0,0.0,0
46,narrow,positive,PreFilter-Exact,8000,64,10,4,0.0005,4,1.0,1,none,0,0,0,4,4,1.0,4.467459000352392,8000,4,4,8000,0,0,1,1,0,0.0,0
46,narrow,positive,BitmapSlice-Exact,8000,64,10,4,0.0005,4,1.0,1,none,0,0,0,4,4,1.0,0.1042300000335672,4,4,4,4,0,0,1,1,0,0.0,0
46,narrow,positive,ScalarOnly,8000,64,10,4,0.0005,4,1.0,0,ranking_truncation,0,0,0,4,4,1.0,4.836613999941619,8000,4,0,8000,0,0,0,1,0,0.0,0
46,narrow,positive,PostFilter-IVF,8000,64,10,4,0.0005,0,0.0,0,candidate_starvation,0,0,0,0,0,1.0,0.8800509999673523,1142,0,1142,1142,0,8,0,1,0,0.0,0
46,narrow,positive,AdaptivePostFilter-IVF,8000,64,10,4,0.0005,1,0.25,0,candidate_starvation,0,0,0,1,1,1.0,4.191485999854194,4800,1,4800,4800,0,30,0,1,0,0.0,0
46,narrow,positive,ExactPrefix-PostFilter,8000,64,10,4,0.0005,1,0.25,0,candidate_starvation,0,0,0,1,1,1.0,1.7815730002439523,1600,1,8000,1600,0,0,0,1,0,0.0,0
46,narrow,positive,TenantPartition-IVF,8000,64,10,4,0.0005,0,0.0,0,candidate_starvation,0,0,0,0,0,1.0,0.4467779999686172,1142,0,1142,1142,0,8,0,1,0,0.0,0
46,narrow,positive,PreFilter-IVF,8000,64,10,4,0.0005,4,1.0,1,none,0,0,0,4,4,1.0,0.8574749999752385,661,4,4,661,48,3,0,1,0,0.0,0
46,narrow,positive,PACER-A,8000,64,10,4,0.0005,4,1.0,1,none,0,0,0,4,4,1.0,0.3537190000315604,4,4,4,4,32,3,1,1,0,0.0,0
46,narrow,positive,PACER-C,8000,64,10,4,0.0005,4,1.0,1,none,0,0,0,4,4,1.0,0.3609880000112753,4,4,4,4,32,3,1,1,0,0.0,0
46,narrow,positive,PACER-X,8000,64,10,4,0.0005,4,1.0,1,none,0,0,0,4,4,1.0,0.29666099999303697,4,4,4,4,32,3,1,1,0,0.0,0
46,narrow,positive,PACER-A-NoSlices,8000,64,10,4,0.0005,1,0.25,0,candidate_starvation,0,0,0,1,1,1.0,1.4190049996614107,1600,1,1600,1600,11,11,0,1,0,0.0,1
46,narrow,positive,PACER-A-NoBounds,8000,64,10,4,0.0005,4,1.0,1,none,0,0,0,4,4,1.0,0.25720700023157406,4,4,4,4,37,3,1,1,0,0.0,0
46,narrow,positive,StaleNoRecheck,8000,64,10,4,0.0005,0,0.0,0,candidate_starvation,0,0,0,0,0,1.0,0.836018999962107,1142,0,1142,1142,0,8,0,1,0,0.0,0
46,narrow,positive,NaiveNoPolicy,8000,64,10,4,0.0005,10,0.0,0,ranking_truncation,10,1,10,0,10,0.0,0.41695199979585595,1142,1142,1142,0,0,8,0,1,0,0.0,0
47,cold,positive,ExactSecure,8000,64,10,1,0.000125,1,1.0,1,none,0,0,0,1,1,1.0,4.157115999987582,8000,1,1,8000,0,0,1,1,0,0.0,0
47,cold,positive,PreFilter-Exact,8000,64,10,1,0.000125,1,1.0,1,none,0,0,0,1,1,1.0,4.367412000192417,8000,1,1,8000,0,0,1,1,0,0.0,0
47,cold,positive,BitmapSlice-Exact,8000,64,10,1,0.000125,1,1.0,1,none,0,0,0,1,1,1.0,0.06345299971144414,1,1,1,1,0,0,1,1,0,0.0,0
47,cold,positive,ScalarOnly,8000,64,10,1,0.000125,1,1.0,1,none,0,0,0,1,1,1.0,4.283420000319893,8000,1,0,8000,0,0,0,1,0,0.0,0
47,cold,positive,PostFilter-IVF,8000,64,10,1,0.000125,1,1.0,1,none,0,0,0,1,1,1.0,1.3046079998275673,1565,1,1565,1565,0,8,0,1,0,0.0,0
47,cold,positive,AdaptivePostFilter-IVF,8000,64,10,1,0.000125,1,1.0,1,none,0,0,0,1,1,1.0,3.8123310000628408,4800,1,4800,4800,0,29,0,1,0,0.0,0
47,cold,positive,ExactPrefix-PostFilter,8000,64,10,1,0.000125,1,1.0,1,none,0,0,0,1,1,1.0,1.806603999739309,1600,1,8000,1600,0,0,0,1,0,0.0,0
47,cold,positive,TenantPartition-IVF,8000,64,10,1,0.000125,1,1.0,1,none,0,0,0,1,1,1.0,0.657916999898589,1565,1,1565,1565,0,8,0,1,0,0.0,0
47,cold,positive,PreFilter-IVF,8000,64,10,1,0.000125,1,1.0,1,none,0,0,0,1,1,1.0,0.48084399986692006,226,1,1,226,48,1,0,1,0,0.0,0
47,cold,positive,PACER-A,8000,64,10,1,0.000125,1,1.0,1,none,0,0,0,1,1,1.0,0.1502930003880465,1,1,1,1,1,1,1,1,0,0.0,0
47,cold,positive,PACER-C,8000,64,10,1,0.000125,1,1.0,1,none,0,0,0,1,1,1.0,0.10407899981146329,1,1,1,1,1,1,1,1,0,0.0,0
47,cold,positive,PACER-X,8000,64,10,1,0.000125,1,1.0,1,none,0,0,0,1,1,1.0,0.12130400000387453,1,1,1,1,1,1,1,1,0,0.0,0
47,cold,positive,PACER-A-NoSlices,8000,64,10,1,0.000125,1,1.0,1,none,0,0,0,1,1,1.0,1.2683439999818802,1600,1,1600,1600,9,9,0,1,0,0.0,1
47,cold,positive,PACER-A-NoBounds,8000,64,10,1,0.000125,1,1.0,1,none,0,0,0,1,1,1.0,0.10549199987508473,1,1,1,1,1,1,1,1,0,0.0,0
47,cold,positive,StaleNoRecheck,8000,64,10,1,0.000125,1,1.0,1,none,0,0,0,1,1,1.0,1.1512170003697975,1565,1,1565,1565,0,8,0,1,0,0.0,0
47,cold,positive,NaiveNoPolicy,8000,64,10,1,0.000125,10,1.0,0,ranking_truncation,7,1,9,1,10,0.1,0.6096110000726185,1565,1565,1565,0,0,8,0,1,0,0.0,0
48,broad,positive,ExactSecure,8000,64,10,3619,0.452375,10,1.0,1,none,0,0,0,10,10,1.0,4.40991400000712,8000,3619,3619,8000,0,0,1,1,0,0.0,0
48,broad,positive,PreFilter-Exact,8000,64,10,3619,0.452375,10,1.0,1,none,0,0,0,10,10,1.0,4.440433000127086,8000,3619,3619,8000,0,0,1,1,0,0.0,0
48,broad,positive,BitmapSlice-Exact,8000,64,10,3619,0.452375,10,1.0,1,none,0,0,0,10,10,1.0,6.8516249998538115,3996,3619,3619,3996,0,0,1,1,0,0.0,0
48,broad,positive,ScalarOnly,8000,64,10,3619,0.452375,10,0.0,0,ranking_truncation,0,0,0,10,10,1.0,4.067548999955761,8000,3619,0,8000,0,0,0,1,0,0.0,0
48,broad,positive,PostFilter-IVF,8000,64,10,3619,0.452375,10,0.7,0,ranking_truncation,0,0,0,10,10,1.0,1.1301680001452041,1362,554,1362,1362,0,8,0,1,0,0.0,0
48,broad,positive,AdaptivePostFilter-IVF,8000,64,10,3619,0.452375,10,0.9,0,ranking_truncation,0,0,0,10,10,1.0,4.92488100007904,4800,1998,4800,4800,0,28,0,1,0,0.0,0
48,broad,positive,ExactPrefix-PostFilter,8000,64,10,3619,0.452375,10,1.0,1,none,0,0,0,10,10,1.0,1.9542270001693396,1600,676,8000,1600,0,0,0,1,0,0.0,0
48,broad,positive,TenantPartition-IVF,8000,64,10,3619,0.452375,10,0.7,0,ranking_truncation,0,0,0,10,10,1.0,1.0503789999347646,1362,554,1362,1362,0,8,0,1,0,0.0,0
48,broad,positive,PreFilter-IVF,8000,64,10,3619,0.452375,10,0.7,0,ranking_truncation,0,0,0,10,10,1.0,1.493492999998125,1331,574,574,1331,8,8,0,1,0,0.0,0
48,broad,positive,PACER-A,8000,64,10,3619,0.452375,10,0.8,0,ranking_truncation,0,0,0,10,10,1.0,4.548887000055402,1600,1443,1600,1600,18,18,0,1,0,0.6466238498687744,1
48,broad,positive,PACER-C,8000,64,10,3619,0.452375,10,1.0,1,none,0,0,0,10,10,1.0,11.133173999951396,3996,3619,3996,3996,48,48,1,1,0,0.0,0
48,broad,positive,PACER-X,8000,64,10,3619,0.452375,10,1.0,1,none,0,0,0,10,10,1.0,11.424991999774647,3996,3619,3996,3996,48,48,1,1,0,0.0,0
48,broad,positive,PACER-A-NoSlices,8000,64,10,3619,0.452375,10,0.7,0,ranking_truncation,0,0,0,10,10,1.0,1.6915370001697738,1600,681,1600,1600,10,10,0,1,0,0.6616805493831635,1
48,broad,positive,PACER-A-NoBounds,8000,64,10,3619,0.452375,10,0.8,0,ranking_truncation,0,0,0,10,10,1.0,4.8642890001247,1600,1447,1600,1600,20,20,0,1,0,0.0,1
48,broad,positive,StaleNoRecheck,8000,64,10,3619,0.452375,10,0.7,0,ranking_truncation,0,0,0,10,10,1.0,1.0878739999498066,1362,621,1362,1362,0,8,0,1,0,0.0,0
48,broad,positive,NaiveNoPolicy,8000,64,10,3619,0.452375,10,0.5,0,ranking_truncation,0,0,5,5,10,0.5,0.33789700000852463,1362,1362,1362,0,0,8,0,1,0,0.0,0
49,medium,positive,ExactSecure,8000,64,10,243,0.030375,10,1.0,1,none,0,0,0,10,10,1.0,4.268911000053777,8000,243,243,8000,0,0,1,1,0,0.0,0
49,medium,positive,PreFilter-Exact,8000,64,10,243,0.030375,10,1.0,1,none,0,0,0,10,10,1.0,4.345017000105145,8000,243,243,8000,0,0,1,1,0,0.0,0
49,medium,positive,BitmapSlice-Exact,8000,64,10,243,0.030375,10,1.0,1,none,0,0,0,10,10,1.0,0.5749639999521605,274,243,243,274,0,0,1,1,0,0.0,0
49,medium,positive,ScalarOnly,8000,64,10,243,0.030375,10,0.1,0,ranking_truncation,0,0,0,10,10,1.0,4.3043020000368415,8000,243,0,8000,0,0,0,1,0,0.0,0
49,medium,positive,PostFilter-IVF,8000,64,10,243,0.030375,10,0.9,0,ranking_truncation,0,0,0,10,10,1.0,1.4502149997497327,1600,69,1600,1600,0,8,0,1,0,0.0,0
49,medium,positive,AdaptivePostFilter-IVF,8000,64,10,243,0.030375,10,1.0,1,none,0,0,0,10,10,1.0,4.058091999922908,4800,153,4800,4800,0,26,0,1,0,0.0,0
49,medium,positive,ExactPrefix-PostFilter,8000,64,10,243,0.030375,10,1.0,1,none,0,0,0,10,10,1.0,1.75943299973369,1600,47,8000,1600,0,0,0,1,0,0.0,0
49,medium,positive,TenantPartition-IVF,8000,64,10,243,0.030375,10,0.9,0,ranking_truncation,0,0,0,10,10,1.0,1.0067799998978444,1600,69,1600,1600,0,8,0,1,0,0.0,0
49,medium,positive,PreFilter-IVF,8000,64,10,243,0.030375,10,0.8,0,ranking_truncation,0,0,0,10,10,1.0,1.468928000122105,1634,67,67,1634,8,8,0,1,0,0.0,0
49,medium,positive,PACER-A,8000,64,10,243,0.030375,10,1.0,1,none,0,0,0,10,10,1.0,3.718836000189185,274,243,274,274,47,43,1,1,0,0.0,0
49,medium,positive,PACER-C,8000,64,10,243,0.030375,10,1.0,1,none,0,0,0,10,10,1.0,3.8475509995805623,274,243,274,274,47,43,1,1,0,0.0,0
49,medium,positive,PACER-X,8000,64,10,243,0.030375,10,1.0,1,none,0,0,0,10,10,1.0,3.963951000059751,274,243,274,274,47,43,1,1,0,0.0,0
49,medium,positive,PACER-A-NoSlices,8000,64,10,243,0.030375,10,0.8,0,ranking_truncation,0,0,0,10,10,1.0,1.4496740000140562,1600,67,1600,1600,8,8,0,1,0,0.7476368844509125,1
49,medium,positive,PACER-A-NoBounds,8000,64,10,243,0.030375,10,1.0,1,none,0,0,0,10,10,1.0,3.5926310001741513,274,243,274,274,48,43,1,1,0,0.0,0
49,medium,positive,StaleNoRecheck,8000,64,10,243,0.030375,10,0.9,0,ranking_truncation,0,0,0,10,10,1.0,1.543139999739651,1600,80,1600,1600,0,8,0,1,0,0.0,0
49,medium,positive,NaiveNoPolicy,8000,64,10,243,0.030375,10,0.1,0,ranking_truncation,7,2,8,1,10,0.1,0.5805270002383622,1600,1600,1600,0,0,8,0,1,0,0.0,0
50,narrow,positive,ExactSecure,8000,64,10,6,0.00075,6,1.0,1,none,0,0,0,6,6,1.0,4.126114999962738,8000,6,6,8000,0,0,1,1,0,0.0,0
50,narrow,positive,PreFilter-Exact,8000,64,10,6,0.00075,6,1.0,1,none,0,0,0,6,6,1.0,6.9142130000727775,8000,6,6,8000,0,0,1,1,0,0.0,0
50,narrow,positive,BitmapSlice-Exact,8000,64,10,6,0.00075,6,1.0,1,none,0,0,0,6,6,1.0,0.127234000046883,6,6,6,6,0,0,1,1,0,0.0,0
50,narrow,positive,ScalarOnly,8000,64,10,6,0.00075,6,1.0,0,ranking_truncation,0,0,0,6,6,1.0,4.309116000058566,8000,6,0,8000,0,0,0,1,0,0.0,0
50,narrow,positive,PostFilter-IVF,8000,64,10,6,0.00075,2,0.3333333333333333,0,candidate_starvation,0,0,0,2,2,1.0,1.0604359999888402,1353,2,1353,1353,0,8,0,1,0,0.0,0
50,narrow,positive,AdaptivePostFilter-IVF,8000,64,10,6,0.00075,5,0.8333333333333334,0,candidate_starvation,0,0,0,5,5,1.0,3.971727000134706,4800,5,4800,4800,0,28,0,1,0,0.0,0
50,narrow,positive,ExactPrefix-PostFilter,8000,64,10,6,0.00075,3,0.5,0,candidate_starvation,0,0,0,3,3,1.0,1.817178000237618,1600,3,8000,1600,0,0,0,1,0,0.0,0
50,narrow,positive,TenantPartition-IVF,8000,64,10,6,0.00075,2,0.3333333333333333,0,candidate_starvation,0,0,0,2,2,1.0,0.6268700003602135,1353,2,1353,1353,0,8,0,1,0,0.0,0
50,narrow,positive,PreFilter-IVF,8000,64,10,6,0.00075,6,1.0,1,none,0,0,0,6,6,1.0,0.9481009997216461,706,6,6,706,48,4,0,1,0,0.0,0
50,narrow,positive,PACER-A,8000,64,10,6,0.00075,6,1.0,1,none,0,0,0,6,6,1.0,0.5029339999964577,6,6,6,6,48,4,1,1,0,0.0,0
50,narrow,positive,PACER-C,8000,64,10,6,0.00075,6,1.0,1,none,0,0,0,6,6,1.0,0.4415160001371987,6,6,6,6,48,4,1,1,0,0.0,0
50,narrow,positive,PACER-X,8000,64,10,6,0.00075,6,1.0,1,none,0,0,0,6,6,1.0,0.4343200002949743,6,6,6,6,48,4,1,1,0,0.0,0
50,narrow,positive,PACER-A-NoSlices,8000,64,10,6,0.00075,2,0.3333333333333333,0,candidate_starvation,0,0,0,2,2,1.0,1.3445439999486553,1600,2,1600,1600,10,10,0,1,0,0.0,1
50,narrow,positive,PACER-A-NoBounds,8000,64,10,6,0.00075,6,1.0,1,none,0,0,0,6,6,1.0,0.4353869999249582,6,6,6,6,48,4,1,1,0,0.0,0
50,narrow,positive,StaleNoRecheck,8000,64,10,6,0.00075,2,0.3333333333333333,0,candidate_starvation,0,0,0,2,2,1.0,1.0489659998711431,1353,2,1353,1353,0,8,0,1,0,0.0,0
50,narrow,positive,NaiveNoPolicy,8000,64,10,6,0.00075,10,0.16666666666666666,0,ranking_truncation,8,0,9,1,10,0.1,0.5916600002819905,1353,1353,1353,0,0,8,0,1,0,0.0,0
51,cold,positive,ExactSecure,8000,64,10,5,0.000625,5,1.0,1,none,0,0,0,5,5,1.0,4.41410800021913,8000,5,5,8000,0,0,1,1,0,0.0,0
51,cold,positive,PreFilter-Exact,8000,64,10,5,0.000625,5,1.0,1,none,0,0,0,5,5,1.0,4.001827999672969,8000,5,5,8000,0,0,1,1,0,0.0,0
51,cold,positive,BitmapSlice-Exact,8000,64,10,5,0.000625,5,1.0,1,none,0,0,0,5,5,1.0,0.08078700011537876,6,5,5,6,0,0,1,1,0,0.0,0
51,cold,positive,ScalarOnly,8000,64,10,5,0.000625,5,1.0,0,ranking_truncation,0,0,0,5,5,1.0,4.10379599998123,8000,5,0,8000,0,0,0,1,0,0.0,0
51,cold,positive,PostFilter-IVF,8000,64,10,5,0.000625,1,0.2,0,candidate_starvation,0,0,0,1,1,1.0,0.9175170002890809,1138,1,1138,1138,0,8,0,1,0,0.0,0
51,cold,positive,AdaptivePostFilter-IVF,8000,64,10,5,0.000625,2,0.4,0,candidate_starvation,0,0,0,2,2,1.0,4.481644999941636,4800,2,4800,4800,0,30,0,1,0,0.0,0
51,cold,positive,ExactPrefix-PostFilter,8000,64,10,5,0.000625,1,0.2,0,candidate_starvation,0,0,0,1,1,1.0,1.8354740000177117,1600,1,8000,1600,0,0,0,1,0,0.0,0
51,cold,positive,TenantPartition-IVF,8000,64,10,5,0.000625,1,0.2,0,candidate_starvation,0,0,0,1,1,1.0,0.5004569998163788,1138,1,1138,1138,0,8,0,1,0,0.0,0
51,cold,positive,PreFilter-IVF,8000,64,10,5,0.000625,5,1.0,1,none,0,0,0,5,5,1.0,0.7244190001074458,621,5,5,621,48,3,0,1,0,0.0,0
51,cold,positive,PACER-A,8000,64,10,5,0.000625,5,1.0,1,none,0,0,0,5,5,1.0,0.3748849999283266,6,5,6,6,35,3,1,1,0,0.0,0
51,cold,positive,PACER-C,8000,64,10,5,0.000625,5,1.0,1,none,0,0,0,5,5,1.0,0.336691000029532,6,5,6,6,35,3,1,1,0,0.0,0
51,cold,positive,PACER-X,8000,64,10,5,0.000625,5,1.0,1,none,0,0,0,5,5,1.0,0.26999700003216276,6,5,6,6,35,3,1,1,0,0.0,0
51,cold,positive,PACER-A-NoSlices,8000,64,10,5,0.000625,1,0.2,0,candidate_starvation,0,0,0,1,1,1.0,1.284962999761774,1600,1,1600,1600,11,11,0,1,0,0.0,1
51,cold,positive,PACER-A-NoBounds,8000,64,10,5,0.000625,5,1.0,1,none,0,0,0,5,5,1.0,0.26430800016896683,6,5,6,6,38,3,1,1,0,0.0,0
51,cold,positive,StaleNoRecheck,8000,64,10,5,0.000625,2,0.2,0,candidate_starvation,0,1,0,1,2,0.5,0.9067639998647792,1138,2,1138,1138,0,8,0,1,0,0.0,0
51,cold,positive,NaiveNoPolicy,8000,64,10,5,0.000625,10,0.0,0,ranking_truncation,9,1,9,0,10,0.0,0.4693060000136029,1138,1138,1138,0,0,8,0,1,0,0.0,0
52,broad,positive,ExactSecure,8000,64,10,3781,0.472625,10,1.0,1,none,0,0,0,10,10,1.0,4.509088000304473,8000,3781,3781,8000,0,0,1,1,0,0.0,0
52,broad,positive,PreFilter-Exact,8000,64,10,3781,0.472625,10,1.0,1,none,0,0,0,10,10,1.0,4.625398000371206,8000,3781,3781,8000,0,0,1,1,0,0.0,0
52,broad,positive,BitmapSlice-Exact,8000,64,10,3781,0.472625,10,1.0,1,none,0,0,0,10,10,1.0,7.39178499998161,4011,3781,3781,4011,0,0,1,1,0,0.0,0
52,broad,positive,ScalarOnly,8000,64,10,3781,0.472625,10,0.0,0,ranking_truncation,0,0,0,10,10,1.0,4.250421000051574,8000,3781,0,8000,0,0,0,1,0,0.0,0
52,broad,positive,PostFilter-IVF,8000,64,10,3781,0.472625,10,0.9,0,ranking_truncation,0,0,0,10,10,1.0,1.3300660002641962,1340,579,1340,1340,0,8,0,1,0,0.0,0
52,broad,positive,AdaptivePostFilter-IVF,8000,64,10,3781,0.472625,10,1.0,1,none,0,0,0,10,10,1.0,5.00323300002492,4800,2184,4800,4800,0,29,0,1,0,0.0,0
52,broad,positive,ExactPrefix-PostFilter,8000,64,10,3781,0.472625,10,1.0,1,none,0,0,0,10,10,1.0,1.9720690002031915,1600,742,8000,1600,0,0,0,1,0,0.0,0
52,broad,positive,TenantPartition-IVF,8000,64,10,3781,0.472625,10,0.9,0,ranking_truncation,0,0,0,10,10,1.0,1.1111640001217893,1340,579,1340,1340,0,8,0,1,0,0.0,0
52,broad,positive,PreFilter-IVF,8000,64,10,3781,0.472625,10,0.8,0,ranking_truncation,0,0,0,10,10,1.0,2.0574590002979676,1399,714,714,1399,8,8,0,1,0,0.0,0
52,broad,positive,PACER-A,8000,64,10,3781,0.472625,10,0.9,0,ranking_truncation,0,0,0,10,10,1.0,4.890382000212412,1600,1498,1600,1600,20,20,0,1,0,0.6362195909023285,1
52,broad,positive,PACER-C,8000,64,10,3781,0.472625,10,1.0,1,none,0,0,0,10,10,1.0,12.100703999749385,4011,3781,4011,4011,48,48,1,1,0,0.0,0
52,broad,positive,PACER-X,8000,64,10,3781,0.472625,10,1.0,1,none,0,0,0,10,10,1.0,11.861130999932357,4011,3781,4011,4011,48,48,1,1,0,0.0,0
52,broad,positive,PACER-A-NoSlices,8000,64,10,3781,0.472625,10,0.8,0,ranking_truncation,0,0,0,10,10,1.0,1.7310799998995208,1600,782,1600,1600,10,10,0,1,0,0.6550314426422119,1
52,broad,positive,PACER-A-NoBounds,8000,64,10,3781,0.472625,10,0.9,0,ranking_truncation,0,0,0,10,10,1.0,4.716197000107059,1600,1496,1600,1600,20,20,0,1,0,0.0,1
52,broad,positive,StaleNoRecheck,8000,64,10,3781,0.472625,10,0.9,0,ranking_truncation,0,0,0,10,10,1.0,1.0958919997392513,1340,615,1340,1340,0,8,0,1,0,0.0,0
52,broad,positive,NaiveNoPolicy,8000,64,10,3781,0.472625,10,0.8,0,ranking_truncation,0,0,2,8,10,0.8,0.37920600016150274,1340,1340,1340,0,0,8,0,1,0,0.0,0
53,medium,positive,ExactSecure,8000,64,10,212,0.0265,10,1.0,1,none,0,0,0,10,10,1.0,4.729419999875972,8000,212,212,8000,0,0,1,1,0,0.0,0
53,medium,positive,PreFilter-Exact,8000,64,10,212,0.0265,10,1.0,1,none,0,0,0,10,10,1.0,3.920698000001721,8000,212,212,8000,0,0,1,1,0,0.0,0
53,medium,positive,BitmapSlice-Exact,8000,64,10,212,0.0265,10,1.0,1,none,0,0,0,10,10,1.0,0.4787210000358755,230,212,212,230,0,0,1,1,0,0.0,0
53,medium,positive,ScalarOnly,8000,64,10,212,0.0265,10,0.0,0,ranking_truncation,0,0,0,10,10,1.0,4.205232999993314,8000,212,0,8000,0,0,0,1,0,0.0,0
53,medium,positive,PostFilter-IVF,8000,64,10,212,0.0265,10,0.9,0,ranking_truncation,0,0,0,10,10,1.0,1.2804790003428934,1572,45,1572,1572,0,8,0,1,0,0.0,0
53,medium,positive,AdaptivePostFilter-IVF,8000,64,10,212,0.0265,10,1.0,1,none,0,0,0,10,10,1.0,4.430251000030694,4800,111,4800,4800,0,30,0,1,0,0.0,0
53,medium,positive,ExactPrefix-PostFilter,8000,64,10,212,0.0265,10,1.0,1,none,0,0,0,10,10,1.0,1.7874639997899067,1600,43,8000,1600,0,0,0,1,0,0.0,0
53,medium,positive,TenantPartition-IVF,8000,64,10,212,0.0265,10,0.9,0,ranking_truncation,0,0,0,10,10,1.0,0.8719089996702678,1572,45,1572,1572,0,8,0,1,0,0.0,0
53,medium,positive,PreFilter-IVF,8000,64,10,212,0.0265,10,1.0,1,none,0,0,0,10,10,1.0,1.5769760002513067,1655,53,53,1655,11,8,0,1,0,0.0,0
53,medium,positive,PACER-A,8000,64,10,212,0.0265,10,1.0,1,none,0,0,0,10,10,1.0,3.509774000121979,230,212,230,230,48,40,1,1,0,0.0,0
53,medium,positive,PACER-C,8000,64,10,212,0.0265,10,1.0,1,none,0,0,0,10,10,1.0,3.472998999768606,230,212,230,230,48,40,1,1,0,0.0,0
53,medium,positive,PACER-X,8000,64,10,212,0.0265,10,1.0,1,none,0,0,0,10,10,1.0,3.5301950001667137,230,212,230,230,48,40,1,1,0,0.0,0
53,medium,positive,PACER-A-NoSlices,8000,64,10,212,0.0265,10,1.0,1,none,0,0,0,10,10,1.0,1.4121069998509483,1600,48,1600,1600,8,8,0,1,0,0.7500728964805603,1
53,medium,positive,PACER-A-NoBounds,8000,64,10,212,0.0265,10,1.0,1,none,0,0,0,10,10,1.0,3.5338210000190884,230,212,230,230,48,40,1,1,0,0.0,0
53,medium,positive,StaleNoRecheck,8000,64,10,212,0.0265,10,0.8,0,ranking_truncation,0,2,0,8,10,0.8,1.252572000339569,1572,52,1572,1572,0,8,0,1,0,0.0,0
53,medium,positive,NaiveNoPolicy,8000,64,10,212,0.0265,10,0.1,0,ranking_truncation,8,1,5,1,10,0.1,0.47331899986602366,1572,1572,1572,0,0,8,0,1,0,0.0,0
54,narrow,positive,ExactSecure,8000,64,10,8,0.001,8,1.0,1,none,0,0,0,8,8,1.0,3.9276110001082998,8000,8,8,8000,0,0,1,1,0,0.0,0
54,narrow,positive,PreFilter-Exact,8000,64,10,8,0.001,8,1.0,1,none,0,0,0,8,8,1.0,4.1399699998692086,8000,8,8,8000,0,0,1,1,0,0.0,0
54,narrow,positive,BitmapSlice-Exact,8000,64,10,8,0.001,8,1.0,1,none,0,0,0,8,8,1.0,0.09249300001101801,8,8,8,8,0,0,1,1,0,0.0,0
54,narrow,positive,ScalarOnly,8000,64,10,8,0.001,8,1.0,0,ranking_truncation,0,0,0,8,8,1.0,4.511297000135528,8000,8,0,8000,0,0,0,1,0,0.0,0
54,narrow,positive,PostFilter-IVF,8000,64,10,8,0.001,5,0.625,0,candidate_starvation,0,0,0,5,5,1.0,1.0670709998521488,1289,5,1289,1289,0,8,0,1,0,0.0,0
54,narrow,positive,AdaptivePostFilter-IVF,8000,64,10,8,0.001,8,1.0,1,none,0,0,0,8,8,1.0,5.208948000017699,4800,8,4800,4800,0,31,0,1,0,0.0,0
54,narrow,positive,ExactPrefix-PostFilter,8000,64,10,8,0.001,7,0.875,0,candidate_starvation,0,0,0,7,7,1.0,1.7850509998424968,1600,7,8000,1600,0,0,0,1,0,0.0,0
54,narrow,positive,TenantPartition-IVF,8000,64,10,8,0.001,5,0.625,0,candidate_starvation,0,0,0,5,5,1.0,0.5905560001338017,1289,5,1289,1289,0,8,0,1,0,0.0,0
54,narrow,positive,PreFilter-IVF,8000,64,10,8,0.001,8,1.0,1,none,0,0,0,8,8,1.0,0.915692000035051,639,8,8,639,48,3,0,1,0,0.0,0
54,narrow,positive,PACER-A,8000,64,10,8,0.001,8,1.0,1,none,0,0,0,8,8,1.0,0.4071449998264143,8,8,8,8,11,3,1,1,0,0.0,0
54,narrow,positive,PACER-C,8000,64,10,8,0.001,8,1.0,1,none,0,0,0,8,8,1.0,0.3140740000162623,8,8,8,8,11,3,1,1,0,0.0,0
54,narrow,positive,PACER-X,8000,64,10,8,0.001,8,1.0,1,none,0,0,0,8,8,1.0,0.295859000289056,8,8,8,8,11,3,1,1,0,0.0,0
54,narrow,positive,PACER-A-NoSlices,8000,64,10,8,0.001,8,1.0,1,none,0,0,0,8,8,1.0,1.7977669999709178,1600,8,1600,1600,11,11,0,1,0,0.0,1
54,narrow,positive,PACER-A-NoBounds,8000,64,10,8,0.001,8,1.0,1,none,0,0,0,8,8,1.0,0.2676980002433993,8,8,8,8,20,3,1,1,0,0.0,0
54,narrow,positive,StaleNoRecheck,8000,64,10,8,0.001,5,0.625,0,candidate_starvation,0,0,0,5,5,1.0,1.0691329998735455,1289,5,1289,1289,0,8,0,1,0,0.0,0
54,narrow,positive,NaiveNoPolicy,8000,64,10,8,0.001,10,0.125,0,ranking_truncation,9,0,7,1,10,0.1,0.44139800002085394,1289,1289,1289,0,0,8,0,1,0,0.0,0
55,cold,positive,ExactSecure,8000,64,10,3,0.000375,3,1.0,1,none,0,0,0,3,3,1.0,4.500161000123626,8000,3,3,8000,0,0,1,1,0,0.0,0
55,cold,positive,PreFilter-Exact,8000,64,10,3,0.000375,3,1.0,1,none,0,0,0,3,3,1.0,4.08370900004229,8000,3,3,8000,0,0,1,1,0,0.0,0
55,cold,positive,BitmapSlice-Exact,8000,64,10,3,0.000375,3,1.0,1,none,0,0,0,3,3,1.0,0.14011899975230335,4,3,3,4,0,0,1,1,0,0.0,0
55,cold,positive,ScalarOnly,8000,64,10,3,0.000375,3,1.0,1,none,0,0,0,3,3,1.0,4.459171000235074,8000,3,0,8000,0,0,0,1,0,0.0,0
55,cold,positive,PostFilter-IVF,8000,64,10,3,0.000375,3,1.0,1,none,0,0,0,3,3,1.0,1.1255989998062432,1403,3,1403,1403,0,8,0,1,0,0.0,0
55,cold,positive,AdaptivePostFilter-IVF,8000,64,10,3,0.000375,3,1.0,1,none,0,0,0,3,3,1.0,4.243741999744088,4800,3,4800,4800,0,29,0,1,0,0.0,0
55,cold,positive,ExactPrefix-PostFilter,8000,64,10,3,0.000375,3,1.0,1,none,0,0,0,3,3,1.0,1.8236519999845768,1600,3,8000,1600,0,0,0,1,0,0.0,0
55,cold,positive,TenantPartition-IVF,8000,64,10,3,0.000375,3,1.0,1,none,0,0,0,3,3,1.0,0.6271980000747135,1403,3,1403,1403,0,8,0,1,0,0.0,0
55,cold,positive,PreFilter-IVF,8000,64,10,3,0.000375,3,1.0,1,none,0,0,0,3,3,1.0,0.6227210001270578,230,3,3,230,48,2,0,1,0,0.0,0
55,cold,positive,PACER-A,8000,64,10,3,0.000375,3,1.0,1,none,0,0,0,3,3,1.0,0.2446649996272754,4,3,4,4,6,2,1,1,0,0.0,0
55,cold,positive,PACER-C,8000,64,10,3,0.000375,3,1.0,1,none,0,0,0,3,3,1.0,0.2187529998991522,4,3,4,4,6,2,1,1,0,0.0,0
55,cold,positive,PACER-X,8000,64,10,3,0.000375,3,1.0,1,none,0,0,0,3,3,1.0,0.1851769998211239,4,3,4,4,6,2,1,1,0,0.0,0
55,cold,positive,PACER-A-NoSlices,8000,64,10,3,0.000375,3,1.0,1,none,0,0,0,3,3,1.0,1.8625980001161224,1600,3,1600,1600,10,10,0,1,0,0.0,1
55,cold,positive,PACER-A-NoBounds,8000,64,10,3,0.000375,3,1.0,1,none,0,0,0,3,3,1.0,0.3332769997541618,4,3,4,4,2,2,1,1,0,0.0,0
55,cold,positive,StaleNoRecheck,8000,64,10,3,0.000375,4,1.0,0,ranking_truncation,0,1,0,3,4,0.75,1.100817999940773,1403,4,1403,1403,0,8,0,1,0,0.0,0
55,cold,positive,NaiveNoPolicy,8000,64,10,3,0.000375,10,0.3333333333333333,0,ranking_truncation,9,1,6,1,10,0.1,0.34496499984015827,1403,1403,1403,0,0,8,0,1,0,0.0,0
56,broad,positive,ExactSecure,8000,64,10,3647,0.455875,10,1.0,1,none,0,0,0,10,10,1.0,5.942429000242555,8000,3647,3647,8000,0,0,1,1,0,0.0,0
56,broad,positive,PreFilter-Exact,8000,64,10,3647,0.455875,10,1.0,1,none,0,0,0,10,10,1.0,5.167308000181947,8000,3647,3647,8000,0,0,1,1,0,0.0,0
56,broad,positive,BitmapSlice-Exact,8000,64,10,3647,0.455875,10,1.0,1,none,0,0,0,10,10,1.0,7.027235000350629,4027,3647,3647,4027,0,0,1,1,0,0.0,0
56,broad,positive,ScalarOnly,8000,64,10,3647,0.455875,10,0.0,0,ranking_truncation,0,0,0,10,10,1.0,4.070933999628323,8000,3647,0,8000,0,0,0,1,0,0.0,0
56,broad,positive,PostFilter-IVF,8000,64,10,3647,0.455875,10,0.7,0,ranking_truncation,0,0,0,10,10,1.0,1.2242730003890756,1316,736,1316,1316,0,8,0,1,0,0.0,0
56,broad,positive,AdaptivePostFilter-IVF,8000,64,10,3647,0.455875,10,1.0,1,none,0,0,0,10,10,1.0,4.431450000083714,4800,2133,4800,4800,0,32,0,1,0,0.0,0
56,broad,positive,ExactPrefix-PostFilter,8000,64,10,3647,0.455875,10,1.0,1,none,0,0,0,10,10,1.0,1.881990000129008,1600,733,8000,1600,0,0,0,1,0,0.0,0
56,broad,positive,TenantPartition-IVF,8000,64,10,3647,0.455875,10,0.7,0,ranking_truncation,0,0,0,10,10,1.0,1.1762150002141425,1316,736,1316,1316,0,8,0,1,0,0.0,0
56,broad,positive,PreFilter-IVF,8000,64,10,3647,0.455875,10,0.7,0,ranking_truncation,0,0,0,10,10,1.0,1.620621999791183,1316,736,736,1316,8,8,0,1,0,0.0,0
56,broad,positive,PACER-A,8000,64,10,3647,0.455875,10,0.8,0,ranking_truncation,0,0,0,10,10,1.0,4.640683000161516,1600,1441,1600,1600,20,20,0,1,0,0.6298771798610687,1
56,broad,positive,PACER-C,8000,64,10,3647,0.455875,10,1.0,1,none,0,0,0,10,10,1.0,11.879246000262356,4027,3647,4027,4027,48,48,1,1,0,0.0,0
56,broad,positive,PACER-X,8000,64,10,3647,0.455875,10,1.0,1,none,0,0,0,10,10,1.0,12.743959000090399,4027,3647,4027,4027,48,48,1,1,0,0.0,0
56,broad,positive,PACER-A-NoSlices,8000,64,10,3647,0.455875,10,0.8,0,ranking_truncation,0,0,0,10,10,1.0,3.110179000032076,1600,861,1600,1600,11,11,0,1,0,0.638276606798172,1
56,broad,positive,PACER-A-NoBounds,8000,64,10,3647,0.455875,10,0.8,0,ranking_truncation,0,0,0,10,10,1.0,5.884812999738642,1600,1445,1600,1600,21,21,0,1,0,0.0,1
56,broad,positive,StaleNoRecheck,8000,64,10,3647,0.455875,10,0.7,0,ranking_truncation,0,1,0,9,10,0.9,1.2222810000821482,1316,816,1316,1316,0,8,0,1,0,0.0,0
56,broad,positive,NaiveNoPolicy,8000,64,10,3647,0.455875,10,0.7,0,ranking_truncation,0,0,3,7,10,0.7,0.32494400011273683,1316,1316,1316,0,0,8,0,1,0,0.0,0
57,medium,positive,ExactSecure,8000,64,10,176,0.022,10,1.0,1,none,0,0,0,10,10,1.0,3.979595000146219,8000,176,176,8000,0,0,1,1,0,0.0,0
57,medium,positive,PreFilter-Exact,8000,64,10,176,0.022,10,1.0,1,none,0,0,0,10,10,1.0,4.156776999934664,8000,176,176,8000,0,0,1,1,0,0.0,0
57,medium,positive,BitmapSlice-Exact,8000,64,10,176,0.022,10,1.0,1,none,0,0,0,10,10,1.0,0.4138740000598773,189,176,176,189,0,0,1,1,0,0.0,0
57,medium,positive,ScalarOnly,8000,64,10,176,0.022,10,0.0,0,ranking_truncation,0,0,0,10,10,1.0,4.12208300031125,8000,176,0,8000,0,0,0,1,0,0.0,0
57,medium,positive,PostFilter-IVF,8000,64,10,176,0.022,10,0.6,0,ranking_truncation,0,0,0,10,10,1.0,1.4434949998758384,1160,42,1160,1160,0,8,0,1,0,0.0,0
57,medium,positive,AdaptivePostFilter-IVF,8000,64,10,176,0.022,10,1.0,1,none,0,0,0,10,10,1.0,4.3225770000390185,4800,119,4800,4800,0,30,0,1,0,0.0,0
57,medium,positive,ExactPrefix-PostFilter,8000,64,10,176,0.022,10,1.0,1,none,0,0,0,10,10,1.0,1.8494640003154927,1600,45,8000,1600,0,0,0,1,0,0.0,0
57,medium,positive,TenantPartition-IVF,8000,64,10,176,0.022,10,0.6,0,ranking_truncation,0,0,0,10,10,1.0,0.8570029999646067,1160,42,1160,1160,0,8,0,1,0,0.0,0
57,medium,positive,PreFilter-IVF,8000,64,10,176,0.022,10,0.6,0,ranking_truncation,0,0,0,10,10,1.0,2.022037000187993,1160,42,42,1160,8,8,0,1,0,0.0,0
57,medium,positive,PACER-A,8000,64,10,176,0.022,10,1.0,1,none,0,0,0,10,10,1.0,3.8202350001483865,189,176,189,189,48,41,1,1,0,0.0,0
57,medium,positive,PACER-C,8000,64,10,176,0.022,10,1.0,1,none,0,0,0,10,10,1.0,3.1687910000073316,189,176,189,189,48,41,1,1,0,0.0,0
57,medium,positive,PACER-X,8000,64,10,176,0.022,10,1.0,1,none,0,0,0,10,10,1.0,2.942395999980363,189,176,189,189,48,41,1,1,0,0.0,0
57,medium,positive,PACER-A-NoSlices,8000,64,10,176,0.022,10,0.7,0,ranking_truncation,0,0,0,10,10,1.0,1.5020830001049035,1600,58,1600,1600,11,11,0,1,0,0.7780982106924057,1
57,medium,positive,PACER-A-NoBounds,8000,64,10,176,0.022,10,1.0,1,none,0,0,0,10,10,1.0,3.157129000101122,189,176,189,189,48,41,1,1,0,0.0,0
57,medium,positive,StaleNoRecheck,8000,64,10,176,0.022,10,0.6,0,ranking_truncation,0,1,0,9,10,0.9,0.8754739997129946,1160,44,1160,1160,0,8,0,1,0,0.0,0
57,medium,positive,NaiveNoPolicy,8000,64,10,176,0.022,10,0.2,0,ranking_truncation,6,2,6,2,10,0.2,0.30039099965506466,1160,1160,1160,0,0,8,0,1,0,0.0,0
58,narrow,positive,ExactSecure,8000,64,10,5,0.000625,5,1.0,1,none,0,0,0,5,5,1.0,4.196480000246083,8000,5,5,8000,0,0,1,1,0,0.0,0
58,narrow,positive,PreFilter-Exact,8000,64,10,5,0.000625,5,1.0,1,none,0,0,0,5,5,1.0,3.8497979999192466,8000,5,5,8000,0,0,1,1,0,0.0,0
58,narrow,positive,BitmapSlice-Exact,8000,64,10,5,0.000625,5,1.0,1,none,0,0,0,5,5,1.0,0.08707100005267421,5,5,5,5,0,0,1,1,0,0.0,0
58,narrow,positive,ScalarOnly,8000,64,10,5,0.000625,5,1.0,0,ranking_truncation,0,0,0,5,5,1.0,4.620116999831225,8000,5,0,8000,0,0,0,1,0,0.0,0
58,narrow,positive,PostFilter-IVF,8000,64,10,5,0.000625,5,1.0,1,none,0,0,0,5,5,1.0,1.4091470002313145,1468,5,1468,1468,0,8,0,1,0,0.0,0
58,narrow,positive,AdaptivePostFilter-IVF,8000,64,10,5,0.000625,5,1.0,1,none,0,0,0,5,5,1.0,5.219721000230493,4800,5,4800,4800,0,29,0,1,0,0.0,0
58,narrow,positive,ExactPrefix-PostFilter,8000,64,10,5,0.000625,4,0.8,0,candidate_starvation,0,0,0,4,4,1.0,1.8090869998559356,1600,4,8000,1600,0,0,0,1,0,0.0,0
58,narrow,positive,TenantPartition-IVF,8000,64,10,5,0.000625,5,1.0,1,none,0,0,0,5,5,1.0,0.6573040000148467,1468,5,1468,1468,0,8,0,1,0,0.0,0
58,narrow,positive,PreFilter-IVF,8000,64,10,5,0.000625,5,1.0,1,none,0,0,0,5,5,1.0,0.4699030000665516,243,5,5,243,48,1,0,1,0,0.0,0
58,narrow,positive,PACER-A,8000,64,10,5,0.000625,5,1.0,1,none,0,0,0,5,5,1.0,0.16658799995639129,5,5,5,5,1,1,1,1,0,0.0,0
58,narrow,positive,PACER-C,8000,64,10,5,0.000625,5,1.0,1,none,0,0,0,5,5,1.0,0.12834099970859825,5,5,5,5,1,1,1,1,0,0.0,0
58,narrow,positive,PACER-X,8000,64,10,5,0.000625,5,1.0,1,none,0,0,0,5,5,1.0,0.1233749999300926,5,5,5,5,1,1,1,1,0,0.0,0
58,narrow,positive,PACER-A-NoSlices,8000,64,10,5,0.000625,5,1.0,1,none,0,0,0,5,5,1.0,1.1263520000284188,1600,5,1600,1600,8,8,0,1,0,0.0,1
58,narrow,positive,PACER-A-NoBounds,8000,64,10,5,0.000625,5,1.0,1,none,0,0,0,5,5,1.0,0.12670000023717876,5,5,5,5,1,1,1,1,0,0.0,0
58,narrow,positive,StaleNoRecheck,8000,64,10,5,0.000625,5,1.0,1,none,0,0,0,5,5,1.0,1.1116159998891817,1468,5,1468,1468,0,8,0,1,0,0.0,0
58,narrow,positive,NaiveNoPolicy,8000,64,10,5,0.000625,10,0.2,0,ranking_truncation,9,0,9,1,10,0.1,0.3770710000026156,1468,1468,1468,0,0,8,0,1,0,0.0,0
59,cold,positive,ExactSecure,8000,64,10,1,0.000125,1,1.0,1,none,0,0,0,1,1,1.0,4.484254000090004,8000,1,1,8000,0,0,1,1,0,0.0,0
59,cold,positive,PreFilter-Exact,8000,64,10,1,0.000125,1,1.0,1,none,0,0,0,1,1,1.0,3.966135000155191,8000,1,1,8000,0,0,1,1,0,0.0,0
59,cold,positive,BitmapSlice-Exact,8000,64,10,1,0.000125,1,1.0,1,none,0,0,0,1,1,1.0,0.06337500008157804,1,1,1,1,0,0,1,1,0,0.0,0
59,cold,positive,ScalarOnly,8000,64,10,1,0.000125,1,1.0,1,none,0,0,0,1,1,1.0,4.110751000098389,8000,1,0,8000,0,0,0,1,0,0.0,0
59,cold,positive,PostFilter-IVF,8000,64,10,1,0.000125,0,0.0,0,candidate_starvation,0,0,0,0,0,1.0,1.218943999901967,1279,0,1279,1279,0,8,0,1,0,0.0,0
59,cold,positive,AdaptivePostFilter-IVF,8000,64,10,1,0.000125,0,0.0,0,candidate_starvation,0,0,0,0,0,1.0,4.645394000363012,4800,0,4800,4800,0,28,0,1,0,0.0,0
59,cold,positive,ExactPrefix-PostFilter,8000,64,10,1,0.000125,1,1.0,1,none,0,0,0,1,1,1.0,1.7426070003239147,1600,1,8000,1600,0,0,0,1,0,0.0,0
59,cold,positive,TenantPartition-IVF,8000,64,10,1,0.000125,0,0.0,0,candidate_starvation,0,0,0,0,0,1.0,0.578019999920798,1279,0,1279,1279,0,8,0,1,0,0.0,0
59,cold,positive,PreFilter-IVF,8000,64,10,1,0.000125,1,1.0,1,none,0,0,0,1,1,1.0,0.4694020003626065,216,1,1,216,48,1,0,1,0,0.0,0
59,cold,positive,PACER-A,8000,64,10,1,0.000125,1,1.0,1,none,0,0,0,1,1,1.0,0.15165099966907292,1,1,1,1,26,1,1,1,0,0.0,0
59,cold,positive,PACER-C,8000,64,10,1,0.000125,1,1.0,1,none,0,0,0,1,1,1.0,0.11515400001371745,1,1,1,1,26,1,1,1,0,0.0,0
59,cold,positive,PACER-X,8000,64,10,1,0.000125,1,1.0,1,none,0,0,0,1,1,1.0,0.13428400006887387,1,1,1,1,26,1,1,1,0,0.0,0
59,cold,positive,PACER-A-NoSlices,8000,64,10,1,0.000125,0,0.0,0,candidate_starvation,0,0,0,0,0,1.0,1.1332340000080876,1600,0,1600,1600,9,9,0,1,0,0.0,1
59,cold,positive,PACER-A-NoBounds,8000,64,10,1,0.000125,1,1.0,1,none,0,0,0,1,1,1.0,0.1170239997918543,1,1,1,1,39,1,1,1,0,0.0,0
59,cold,positive,StaleNoRecheck,8000,64,10,1,0.000125,0,0.0,0,candidate_starvation,0,0,0,0,0,1.0,0.8673010001984949,1279,0,1279,1279,0,8,0,1,0,0.0,0
59,cold,positive,NaiveNoPolicy,8000,64,10,1,0.000125,10,0.0,0,ranking_truncation,10,1,10,0,10,0.0,0.5146920002516708,1279,1279,1279,0,0,8,0,1,0,0.0,0
60,broad,positive,ExactSecure,8000,64,10,3626,0.45325,10,1.0,1,none,0,0,0,10,10,1.0,4.4631790001403715,8000,3626,3626,8000,0,0,1,1,0,0.0,0
60,broad,positive,PreFilter-Exact,8000,64,10,3626,0.45325,10,1.0,1,none,0,0,0,10,10,1.0,4.294030999972165,8000,3626,3626,8000,0,0,1,1,0,0.0,0
60,broad,positive,BitmapSlice-Exact,8000,64,10,3626,0.45325,10,1.0,1,none,0,0,0,10,10,1.0,7.089887999882194,4049,3626,3626,4049,0,0,1,1,0,0.0,0
60,broad,positive,ScalarOnly,8000,64,10,3626,0.45325,10,0.0,0,ranking_truncation,0,0,0,10,10,1.0,4.476571000395779,8000,3626,0,8000,0,0,0,1,0,0.0,0
60,broad,positive,PostFilter-IVF,8000,64,10,3626,0.45325,10,0.9,0,ranking_truncation,0,0,0,10,10,1.0,1.0600939999676484,1259,642,1259,1259,0,8,0,1,0,0.0,0
60,broad,positive,AdaptivePostFilter-IVF,8000,64,10,3626,0.45325,10,0.9,0,ranking_truncation,0,0,0,10,10,1.0,4.180135999831691,4800,2169,4800,4800,0,29,0,1,0,0.0,0
60,broad,positive,ExactPrefix-PostFilter,8000,64,10,3626,0.45325,10,1.0,1,none,0,0,0,10,10,1.0,1.7932329997165652,1600,757,8000,1600,0,0,0,1,0,0.0,0
60,broad,positive,TenantPartition-IVF,8000,64,10,3626,0.45325,10,0.9,0,ranking_truncation,0,0,0,10,10,1.0,0.9262680000574619,1259,642,1259,1259,0,8,0,1,0,0.0,0
60,broad,positive,PreFilter-IVF,8000,64,10,3626,0.45325,10,0.9,0,ranking_truncation,0,0,0,10,10,1.0,1.5364769997177063,1384,724,724,1384,8,8,0,1,0,0.0,0
60,broad,positive,PACER-A,8000,64,10,3626,0.45325,10,0.9,0,ranking_truncation,0,0,0,10,10,1.0,4.423787000177981,1600,1434,1600,1600,19,19,0,1,0,0.6335509121417999,1
60,broad,positive,PACER-C,8000,64,10,3626,0.45325,10,1.0,1,none,0,0,0,10,10,1.0,10.804949999965174,4049,3626,4049,4049,48,48,1,1,0,0.0,0
60,broad,positive,PACER-X,8000,64,10,3626,0.45325,10,1.0,1,none,0,0,0,10,10,1.0,11.678638999910618,4049,3626,4049,4049,48,48,1,1,0,0.0,0
60,broad,positive,PACER-A-NoSlices,8000,64,10,3626,0.45325,10,0.9,0,ranking_truncation,0,0,0,10,10,1.0,1.9483010000840295,1600,782,1600,1600,9,9,0,1,0,0.6426385343074799,1
60,broad,positive,PACER-A-NoBounds,8000,64,10,3626,0.45325,10,0.9,0,ranking_truncation,0,0,0,10,10,1.0,5.175974999929167,1600,1434,1600,1600,21,21,0,1,0,0.0,1
60,broad,positive,StaleNoRecheck,8000,64,10,3626,0.45325,10,0.9,0,ranking_truncation,0,0,0,10,10,1.0,1.2023360000057437,1259,717,1259,1259,0,8,0,1,0,0.0,0
60,broad,positive,NaiveNoPolicy,8000,64,10,3626,0.45325,10,0.6,0,ranking_truncation,0,0,4,6,10,0.6,0.3521829999044712,1259,1259,1259,0,0,8,0,1,0,0.0,0
61,medium,positive,ExactSecure,8000,64,10,223,0.027875,10,1.0,1,none,0,0,0,10,10,1.0,4.0855399997781205,8000,223,223,8000,0,0,1,1,0,0.0,0
61,medium,positive,PreFilter-Exact,8000,64,10,223,0.027875,10,1.0,1,none,0,0,0,10,10,1.0,4.357268000148906,8000,223,223,8000,0,0,1,1,0,0.0,0
61,medium,positive,BitmapSlice-Exact,8000,64,10,223,0.027875,10,1.0,1,none,0,0,0,10,10,1.0,0.576600999920629,245,223,223,245,0,0,1,1,0,0.0,0
61,medium,positive,ScalarOnly,8000,64,10,223,0.027875,10,0.0,0,ranking_truncation,0,0,0,10,10,1.0,4.055979999975534,8000,223,0,8000,0,0,0,1,0,0.0,0
61,medium,positive,PostFilter-IVF,8000,64,10,223,0.027875,10,0.3,0,ranking_truncation,0,0,0,10,10,1.0,1.1144810000587313,1539,23,1539,1539,0,8,0,1,0,0.0,0
61,medium,positive,AdaptivePostFilter-IVF,8000,64,10,223,0.027875,10,0.8,0,ranking_truncation,0,0,0,10,10,1.0,4.007661999821721,4800,130,4800,4800,0,30,0,1,0,0.0,0
61,medium,positive,ExactPrefix-PostFilter,8000,64,10,223,0.027875,10,1.0,1,none,0,0,0,10,10,1.0,1.9077590000051714,1600,31,8000,1600,0,0,0,1,0,0.0,0
61,medium,positive,TenantPartition-IVF,8000,64,10,223,0.027875,10,0.3,0,ranking_truncation,0,0,0,10,10,1.0,0.7378619998235081,1539,23,1539,1539,0,8,0,1,0,0.0,0
61,medium,positive,PreFilter-IVF,8000,64,10,223,0.027875,10,0.2,0,ranking_truncation,0,0,0,10,10,1.0,1.2858840000262717,1382,24,24,1382,8,8,0,1,0,0.0,0
61,medium,positive,PACER-A,8000,64,10,223,0.027875,10,1.0,1,none,0,0,0,10,10,1.0,3.310347000024194,245,223,245,245,48,40,1,1,0,0.0,0
61,medium,positive,PACER-C,8000,64,10,223,0.027875,10,1.0,1,none,0,0,0,10,10,1.0,3.1992340000215336,245,223,245,245,48,40,1,1,0,0.0,0
61,medium,positive,PACER-X,8000,64,10,223,0.027875,10,1.0,1,none,0,0,0,10,10,1.0,3.1766750003043853,245,223,245,245,48,40,1,1,0,0.0,0
61,medium,positive,PACER-A-NoSlices,8000,64,10,223,0.027875,10,0.3,0,ranking_truncation,0,0,0,10,10,1.0,1.5007399997557513,1600,27,1600,1600,10,10,0,1,0,0.8973843082785606,1
61,medium,positive,PACER-A-NoBounds,8000,64,10,223,0.027875,10,1.0,1,none,0,0,0,10,10,1.0,3.1721109999125474,245,223,245,245,48,40,1,1,0,0.0,0
61,medium,positive,StaleNoRecheck,8000,64,10,223,0.027875,10,0.3,0,ranking_truncation,0,1,0,9,10,0.9,1.1187150003024726,1539,25,1539,1539,0,8,0,1,0,0.0,0
61,medium,positive,NaiveNoPolicy,8000,64,10,223,0.027875,10,0.1,0,ranking_truncation,8,1,9,1,10,0.1,0.4360460002317268,1539,1539,1539,0,0,8,0,1,0,0.0,0
62,narrow,positive,ExactSecure,8000,64,10,6,0.00075,6,1.0,1,none,0,0,0,6,6,1.0,3.97721699982867,8000,6,6,8000,0,0,1,1,0,0.0,0
62,narrow,positive,PreFilter-Exact,8000,64,10,6,0.00075,6,1.0,1,none,0,0,0,6,6,1.0,3.9271840000765224,8000,6,6,8000,0,0,1,1,0,0.0,0
62,narrow,positive,BitmapSlice-Exact,8000,64,10,6,0.00075,6,1.0,1,none,0,0,0,6,6,1.0,0.11782799992943183,7,6,6,7,0,0,1,1,0,0.0,0
62,narrow,positive,ScalarOnly,8000,64,10,6,0.00075,6,1.0,0,ranking_truncation,0,0,0,6,6,1.0,3.9068270002644567,8000,6,0,8000,0,0,0,1,0,0.0,0
62,narrow,positive,PostFilter-IVF,8000,64,10,6,0.00075,3,0.5,0,candidate_starvation,0,0,0,3,3,1.0,0.9176150001621863,1195,3,1195,1195,0,8,0,1,0,0.0,0
62,narrow,positive,AdaptivePostFilter-IVF,8000,64,10,6,0.00075,6,1.0,1,none,0,0,0,6,6,1.0,4.177049000190891,4800,6,4800,4800,0,30,0,1,0,0.0,0
62,narrow,positive,ExactPrefix-PostFilter,8000,64,10,6,0.00075,4,0.6666666666666666,0,candidate_starvation,0,0,0,4,4,1.0,1.8482639998183004,1600,4,8000,1600,0,0,0,1,0,0.0,0
62,narrow,positive,TenantPartition-IVF,8000,64,10,6,0.00075,3,0.5,0,candidate_starvation,0,0,0,3,3,1.0,0.5479689998537651,1195,3,1195,1195,0,8,0,1,0,0.0,0
62,narrow,positive,PreFilter-IVF,8000,64,10,6,0.00075,6,1.0,1,none,0,0,0,6,6,1.0,0.72860899990701,443,6,6,443,48,3,0,1,0,0.0,0
62,narrow,positive,PACER-A,8000,64,10,6,0.00075,6,1.0,1,none,0,0,0,6,6,1.0,0.30317600021589897,7,6,7,7,8,3,1,1,0,0.0,0
62,narrow,positive,PACER-C,8000,64,10,6,0.00075,6,1.0,1,none,0,0,0,6,6,1.0,0.26460899971425533,7,6,7,7,8,3,1,1,0,0.0,0
62,narrow,positive,PACER-X,8000,64,10,6,0.00075,6,1.0,1,none,0,0,0,6,6,1.0,0.2539179999985208,7,6,7,7,8,3,1,1,0,0.0,0
62,narrow,positive,PACER-A-NoSlices,8000,64,10,6,0.00075,6,1.0,1,none,0,0,0,6,6,1.0,1.3728610001635388,1600,6,1600,1600,11,11,0,1,0,0.0,1
62,narrow,positive,PACER-A-NoBounds,8000,64,10,6,0.00075,6,1.0,1,none,0,0,0,6,6,1.0,0.28201199984323466,7,6,7,7,12,3,1,1,0,0.0,0
62,narrow,positive,StaleNoRecheck,8000,64,10,6,0.00075,3,0.5,0,candidate_starvation,0,0,0,3,3,1.0,0.8655420001559833,1195,3,1195,1195,0,8,0,1,0,0.0,0
62,narrow,positive,NaiveNoPolicy,8000,64,10,6,0.00075,10,0.16666666666666666,0,ranking_truncation,9,0,9,1,10,0.1,0.2820300001076248,1195,1195,1195,0,0,8,0,1,0,0.0,0
63,cold,positive,ExactSecure,8000,64,10,3,0.000375,3,1.0,1,none,0,0,0,3,3,1.0,4.4077419997847755,8000,3,3,8000,0,0,1,1,0,0.0,0
63,cold,positive,PreFilter-Exact,8000,64,10,3,0.000375,3,1.0,1,none,0,0,0,3,3,1.0,4.04191699999501,8000,3,3,8000,0,0,1,1,0,0.0,0
63,cold,positive,BitmapSlice-Exact,8000,64,10,3,0.000375,3,1.0,1,none,0,0,0,3,3,1.0,0.07246999985000002,3,3,3,3,0,0,1,1,0,0.0,0
63,cold,positive,ScalarOnly,8000,64,10,3,0.000375,3,1.0,0,ranking_truncation,0,0,0,3,3,1.0,3.9043910001055337,8000,3,0,8000,0,0,0,1,0,0.0,0
63,cold,positive,PostFilter-IVF,8000,64,10,3,0.000375,3,1.0,1,none,0,0,0,3,3,1.0,1.1012449999725504,1417,3,1417,1417,0,8,0,1,0,0.0,0
63,cold,positive,AdaptivePostFilter-IVF,8000,64,10,3,0.000375,3,1.0,1,none,0,0,0,3,3,1.0,4.1486169998279365,4800,3,4800,4800,0,28,0,1,0,0.0,0
63,cold,positive,ExactPrefix-PostFilter,8000,64,10,3,0.000375,2,0.6666666666666666,0,candidate_starvation,0,0,0,2,2,1.0,1.7451439998694696,1600,2,8000,1600,0,0,0,1,0,0.0,0
63,cold,positive,TenantPartition-IVF,8000,64,10,3,0.000375,3,1.0,1,none,0,0,0,3,3,1.0,0.568591000046581,1417,3,1417,1417,0,8,0,1,0,0.0,0
63,cold,positive,PreFilter-IVF,8000,64,10,3,0.000375,3,1.0,1,none,0,0,0,3,3,1.0,0.449460999789153,128,3,3,128,48,1,0,1,0,0.0,0
63,cold,positive,PACER-A,8000,64,10,3,0.000375,3,1.0,1,none,0,0,0,3,3,1.0,0.16172799996638787,3,3,3,3,5,1,1,1,0,0.0,0
63,cold,positive,PACER-C,8000,64,10,3,0.000375,3,1.0,1,none,0,0,0,3,3,1.0,0.12574099991979892,3,3,3,3,5,1,1,1,0,0.0,0
63,cold,positive,PACER-X,8000,64,10,3,0.000375,3,1.0,1,none,0,0,0,3,3,1.0,0.12692200016317656,3,3,3,3,5,1,1,1,0,0.0,0
63,cold,positive,PACER-A-NoSlices,8000,64,10,3,0.000375,3,1.0,1,none,0,0,0,3,3,1.0,1.1825279998447513,1600,3,1600,1600,9,9,0,1,0,0.0,1
63,cold,positive,PACER-A-NoBounds,8000,64,10,3,0.000375,3,1.0,1,none,0,0,0,3,3,1.0,0.11657000004561269,3,3,3,3,1,1,1,1,0,0.0,0
63,cold,positive,StaleNoRecheck,8000,64,10,3,0.000375,3,1.0,1,none,0,0,0,3,3,1.0,0.9945430001607747,1417,3,1417,1417,0,8,0,1,0,0.0,0
63,cold,positive,NaiveNoPolicy,8000,64,10,3,0.000375,10,0.3333333333333333,0,ranking_truncation,8,1,8,1,10,0.1,0.3895929999089276,1417,1417,1417,0,0,8,0,1,0,0.0,0
64,broad,positive,ExactSecure,8000,64,10,3801,0.475125,10,1.0,1,none,0,0,0,10,10,1.0,4.7128209998845705,8000,3801,3801,8000,0,0,1,1,0,0.0,0
64,broad,positive,PreFilter-Exact,8000,64,10,3801,0.475125,10,1.0,1,none,0,0,0,10,10,1.0,4.490869999699498,8000,3801,3801,8000,0,0,1,1,0,0.0,0
64,broad,positive,BitmapSlice-Exact,8000,64,10,3801,0.475125,10,1.0,1,none,0,0,0,10,10,1.0,6.832929000211152,4052,3801,3801,4052,0,0,1,1,0,0.0,0
64,broad,positive,ScalarOnly,8000,64,10,3801,0.475125,10,0.0,0,ranking_truncation,0,0,0,10,10,1.0,4.274256000371679,8000,3801,0,8000,0,0,0,1,0,0.0,0
64,broad,positive,PostFilter-IVF,8000,64,10,3801,0.475125,10,0.6,0,ranking_truncation,0,0,0,10,10,1.0,1.1763849997805664,1398,623,1398,1398,0,8,0,1,0,0.0,0
64,broad,positive,AdaptivePostFilter-IVF,8000,64,10,3801,0.475125,10,0.9,0,ranking_truncation,0,0,0,10,10,1.0,5.243393000000651,4800,2178,4800,4800,0,31,0,1,0,0.0,0
64,broad,positive,ExactPrefix-PostFilter,8000,64,10,3801,0.475125,10,1.0,1,none,0,0,0,10,10,1.0,2.318055000159802,1600,739,8000,1600,0,0,0,1,0,0.0,0
64,broad,positive,TenantPartition-IVF,8000,64,10,3801,0.475125,10,0.6,0,ranking_truncation,0,0,0,10,10,1.0,1.3211830000727787,1398,623,1398,1398,0,8,0,1,0,0.0,0
64,broad,positive,PreFilter-IVF,8000,64,10,3801,0.475125,10,0.6,0,ranking_truncation,0,0,0,10,10,1.0,1.5595249997204519,1289,636,636,1289,8,8,0,1,0,0.0,0
64,broad,positive,PACER-A,8000,64,10,3801,0.475125,10,0.9,0,ranking_truncation,0,0,0,10,10,1.0,5.262524000045232,1600,1505,1600,1600,19,19,0,1,0,0.6352397501468658,1
64,broad,positive,PACER-C,8000,64,10,3801,0.475125,10,1.0,1,none,0,0,0,10,10,1.0,11.500940999667364,4052,3801,4052,4052,48,48,1,1,0,0.0,0
64,broad,positive,PACER-X,8000,64,10,3801,0.475125,10,1.0,1,none,0,0,0,10,10,1.0,10.914218999914738,4052,3801,4052,4052,48,48,1,1,0,0.0,0
64,broad,positive,PACER-A-NoSlices,8000,64,10,3801,0.475125,10,0.6,0,ranking_truncation,0,0,0,10,10,1.0,2.424773999791796,1600,714,1600,1600,10,10,0,1,0,0.6579318046569824,1
64,broad,positive,PACER-A-NoBounds,8000,64,10,3801,0.475125,10,0.8,0,ranking_truncation,0,0,0,10,10,1.0,5.957206999937625,1600,1504,1600,1600,20,20,0,1,0,0.0,1
64,broad,positive,StaleNoRecheck,8000,64,10,3801,0.475125,10,0.6,0,ranking_truncation,0,0,0,10,10,1.0,1.3862480000170763,1398,665,1398,1398,0,8,0,1,0,0.0,0
64,broad,positive,NaiveNoPolicy,8000,64,10,3801,0.475125,10,0.5,0,ranking_truncation,0,0,5,5,10,0.5,0.5766350000158127,1398,1398,1398,0,0,8,0,1,0,0.0,0
65,medium,positive,ExactSecure,8000,64,10,230,0.02875,10,1.0,1,none,0,0,0,10,10,1.0,3.884990000187827,8000,230,230,8000,0,0,1,1,0,0.0,0
65,medium,positive,PreFilter-Exact,8000,64,10,230,0.02875,10,1.0,1,none,0,0,0,10,10,1.0,4.071771000326407,8000,230,230,8000,0,0,1,1,0,0.0,0
65,medium,positive,BitmapSlice-Exact,8000,64,10,230,0.02875,10,1.0,1,none,0,0,0,10,10,1.0,0.6732070000907697,251,230,230,251,0,0,1,1,0,0.0,0
65,medium,positive,ScalarOnly,8000,64,10,230,0.02875,10,0.0,0,ranking_truncation,0,0,0,10,10,1.0,4.0027700001701305,8000,230,0,8000,0,0,0,1,0,0.0,0
65,medium,positive,PostFilter-IVF,8000,64,10,230,0.02875,10,0.8,0,ranking_truncation,0,0,0,10,10,1.0,0.9878749997369596,1340,43,1340,1340,0,8,0,1,0,0.0,0
65,medium,positive,AdaptivePostFilter-IVF,8000,64,10,230,0.02875,10,1.0,1,none,0,0,0,10,10,1.0,4.0711960000408,4800,146,4800,4800,0,31,0,1,0,0.0,0
65,medium,positive,ExactPrefix-PostFilter,8000,64,10,230,0.02875,10,1.0,1,none,0,0,0,10,10,1.0,1.761687999987771,1600,43,8000,1600,0,0,0,1,0,0.0,0
65,medium,positive,TenantPartition-IVF,8000,64,10,230,0.02875,10,0.8,0,ranking_truncation,0,0,0,10,10,1.0,0.6467890002568311,1340,43,1340,1340,0,8,0,1,0,0.0,0
65,medium,positive,PreFilter-IVF,8000,64,10,230,0.02875,10,0.8,0,ranking_truncation,0,0,0,10,10,1.0,1.249194999672909,1340,43,43,1340,8,8,0,1,0,0.0,0
65,medium,positive,PACER-A,8000,64,10,230,0.02875,10,1.0,1,none,0,0,0,10,10,1.0,3.302773000086745,251,230,251,251,48,38,1,1,0,0.0,0
65,medium,positive,PACER-C,8000,64,10,230,0.02875,10,1.0,1,none,0,0,0,10,10,1.0,3.080063000197697,251,230,251,251,48,38,1,1,0,0.0,0
65,medium,positive,PACER-X,8000,64,10,230,0.02875,10,1.0,1,none,0,0,0,10,10,1.0,3.9322640000136744,251,230,251,251,48,38,1,1,0,0.0,0
65,medium,positive,PACER-A-NoSlices,8000,64,10,230,0.02875,10,0.8,0,ranking_truncation,0,0,0,10,10,1.0,2.2097040000517154,1600,54,1600,1600,10,10,0,1,0,0.7809789180755615,1
65,medium,positive,PACER-A-NoBounds,8000,64,10,230,0.02875,10,1.0,1,none,0,0,0,10,10,1.0,4.049877999932505,251,230,251,251,48,38,1,1,0,0.0,0
65,medium,positive,StaleNoRecheck,8000,64,10,230,0.02875,10,0.8,0,ranking_truncation,0,0,0,10,10,1.0,1.1739830001715745,1340,47,1340,1340,0,8,0,1,0,0.0,0
65,medium,positive,NaiveNoPolicy,8000,64,10,230,0.02875,10,0.1,0,ranking_truncation,8,1,8,1,10,0.1,0.5279799997879309,1340,1340,1340,0,0,8,0,1,0,0.0,0
66,narrow,positive,ExactSecure,8000,64,10,5,0.000625,5,1.0,1,none,0,0,0,5,5,1.0,4.218999999920925,8000,5,5,8000,0,0,1,1,0,0.0,0
66,narrow,positive,PreFilter-Exact,8000,64,10,5,0.000625,5,1.0,1,none,0,0,0,5,5,1.0,4.680204000123922,8000,5,5,8000,0,0,1,1,0,0.0,0
66,narrow,positive,BitmapSlice-Exact,8000,64,10,5,0.000625,5,1.0,1,none,0,0,0,5,5,1.0,0.09800199995879666,5,5,5,5,0,0,1,1,0,0.0,0
66,narrow,positive,ScalarOnly,8000,64,10,5,0.000625,5,1.0,0,ranking_truncation,0,0,0,5,5,1.0,4.601750000347238,8000,5,0,8000,0,0,0,1,0,0.0,0
66,narrow,positive,PostFilter-IVF,8000,64,10,5,0.000625,4,0.8,0,candidate_starvation,0,0,0,4,4,1.0,1.075945000138745,1307,4,1307,1307,0,8,0,1,0,0.0,0
66,narrow,positive,AdaptivePostFilter-IVF,8000,64,10,5,0.000625,4,0.8,0,candidate_starvation,0,0,0,4,4,1.0,5.33056399990528,4800,4,4800,4800,0,30,0,1,0,0.0,0
66,narrow,positive,ExactPrefix-PostFilter,8000,64,10,5,0.000625,4,0.8,0,candidate_starvation,0,0,0,4,4,1.0,2.269835000333842,1600,4,8000,1600,0,0,0,1,0,0.0,0
66,narrow,positive,TenantPartition-IVF,8000,64,10,5,0.000625,4,0.8,0,candidate_starvation,0,0,0,4,4,1.0,0.5447460002869775,1307,4,1307,1307,0,8,0,1,0,0.0,0
66,narrow,positive,PreFilter-IVF,8000,64,10,5,0.000625,5,1.0,1,none,0,0,0,5,5,1.0,0.6939609997971274,381,5,5,381,48,2,0,1,0,0.0,0
66,narrow,positive,PACER-A,8000,64,10,5,0.000625,5,1.0,1,none,0,0,0,5,5,1.0,0.26534100015851436,5,5,5,5,48,2,1,1,0,0.0,0
66,narrow,positive,PACER-C,8000,64,10,5,0.000625,5,1.0,1,none,0,0,0,5,5,1.0,0.2285410000695265,5,5,5,5,48,2,1,1,0,0.0,0
66,narrow,positive,PACER-X,8000,64,10,5,0.000625,5,1.0,1,none,0,0,0,5,5,1.0,0.2061220002360642,5,5,5,5,48,2,1,1,0,0.0,0
66,narrow,positive,PACER-A-NoSlices,8000,64,10,5,0.000625,4,0.8,0,candidate_starvation,0,0,0,4,4,1.0,1.4036409997970622,1600,4,1600,1600,9,9,0,1,0,0.0,1
66,narrow,positive,PACER-A-NoBounds,8000,64,10,5,0.000625,5,1.0,1,none,0,0,0,5,5,1.0,0.32886200006032595,5,5,5,5,48,2,1,1,0,0.0,0
66,narrow,positive,StaleNoRecheck,8000,64,10,5,0.000625,4,0.8,0,candidate_starvation,0,0,0,4,4,1.0,0.9541550002722943,1307,4,1307,1307,0,8,0,1,0,0.0,0
66,narrow,positive,NaiveNoPolicy,8000,64,10,5,0.000625,10,0.2,0,ranking_truncation,8,2,8,1,10,0.1,0.31548500010103453,1307,1307,1307,0,0,8,0,1,0,0.0,0
67,cold,positive,ExactSecure,8000,64,10,1,0.000125,1,1.0,1,none,0,0,0,1,1,1.0,4.411930000060238,8000,1,1,8000,0,0,1,1,0,0.0,0
67,cold,positive,PreFilter-Exact,8000,64,10,1,0.000125,1,1.0,1,none,0,0,0,1,1,1.0,4.228660000080708,8000,1,1,8000,0,0,1,1,0,0.0,0
67,cold,positive,BitmapSlice-Exact,8000,64,10,1,0.000125,1,1.0,1,none,0,0,0,1,1,1.0,0.09570300017003319,1,1,1,1,0,0,1,1,0,0.0,0
67,cold,positive,ScalarOnly,8000,64,10,1,0.000125,1,1.0,1,none,0,0,0,1,1,1.0,4.539551000107167,8000,1,0,8000,0,0,0,1,0,0.0,0
67,cold,positive,PostFilter-IVF,8000,64,10,1,0.000125,1,1.0,1,none,0,0,0,1,1,1.0,1.2471479999476287,1416,1,1416,1416,0,8,0,1,0,0.0,0
67,cold,positive,AdaptivePostFilter-IVF,8000,64,10,1,0.000125,1,1.0,1,none,0,0,0,1,1,1.0,4.3764789998022025,4800,1,4800,4800,0,29,0,1,0,0.0,0
67,cold,positive,ExactPrefix-PostFilter,8000,64,10,1,0.000125,1,1.0,1,none,0,0,0,1,1,1.0,1.796693999949639,1600,1,8000,1600,0,0,0,1,0,0.0,0
67,cold,positive,TenantPartition-IVF,8000,64,10,1,0.000125,1,1.0,1,none,0,0,0,1,1,1.0,0.7150200003707141,1416,1,1416,1416,0,8,0,1,0,0.0,0
67,cold,positive,PreFilter-IVF,8000,64,10,1,0.000125,1,1.0,1,none,0,0,0,1,1,1.0,0.47780799968677456,88,1,1,88,48,1,0,1,0,0.0,0
67,cold,positive,PACER-A,8000,64,10,1,0.000125,1,1.0,1,none,0,0,0,1,1,1.0,0.15454100002898485,1,1,1,1,3,1,1,1,0,0.0,0
67,cold,positive,PACER-C,8000,64,10,1,0.000125,1,1.0,1,none,0,0,0,1,1,1.0,0.1640100003896805,1,1,1,1,3,1,1,1,0,0.0,0
67,cold,positive,PACER-X,8000,64,10,1,0.000125,1,1.0,1,none,0,0,0,1,1,1.0,0.10822600006576977,1,1,1,1,3,1,1,1,0,0.0,0
67,cold,positive,PACER-A-NoSlices,8000,64,10,1,0.000125,1,1.0,1,none,0,0,0,1,1,1.0,1.3168560003578023,1600,1,1600,1600,9,9,0,1,0,0.0,1
67,cold,positive,PACER-A-NoBounds,8000,64,10,1,0.000125,1,1.0,1,none,0,0,0,1,1,1.0,0.14723599997523706,1,1,1,1,1,1,1,1,0,0.0,0
67,cold,positive,StaleNoRecheck,8000,64,10,1,0.000125,1,1.0,1,none,0,0,0,1,1,1.0,1.0542549998717732,1416,1,1416,1416,0,8,0,1,0,0.0,0
67,cold,positive,NaiveNoPolicy,8000,64,10,1,0.000125,10,1.0,0,ranking_truncation,9,1,6,1,10,0.1,0.3748080002878851,1416,1416,1416,0,0,8,0,1,0,0.0,0
68,broad,positive,ExactSecure,8000,64,10,3715,0.464375,10,1.0,1,none,0,0,0,10,10,1.0,4.356480999831547,8000,3715,3715,8000,0,0,1,1,0,0.0,0
68,broad,positive,PreFilter-Exact,8000,64,10,3715,0.464375,10,1.0,1,none,0,0,0,10,10,1.0,4.403093999826524,8000,3715,3715,8000,0,0,1,1,0,0.0,0
68,broad,positive,BitmapSlice-Exact,8000,64,10,3715,0.464375,10,1.0,1,none,0,0,0,10,10,1.0,6.6821239997807425,3961,3715,3715,3961,0,0,1,1,0,0.0,0
68,broad,positive,ScalarOnly,8000,64,10,3715,0.464375,10,0.0,0,ranking_truncation,0,0,0,10,10,1.0,4.024692000257346,8000,3715,0,8000,0,0,0,1,0,0.0,0
68,broad,positive,PostFilter-IVF,8000,64,10,3715,0.464375,10,0.9,0,ranking_truncation,0,0,0,10,10,1.0,1.0812699997586606,1403,595,1403,1403,0,8,0,1,0,0.0,0
68,broad,positive,AdaptivePostFilter-IVF,8000,64,10,3715,0.464375,10,1.0,1,none,0,0,0,10,10,1.0,4.438282000137406,4800,2213,4800,4800,0,29,0,1,0,0.0,0
68,broad,positive,ExactPrefix-PostFilter,8000,64,10,3715,0.464375,10,1.0,1,none,0,0,0,10,10,1.0,1.9403289998081164,1600,712,8000,1600,0,0,0,1,0,0.0,0
68,broad,positive,TenantPartition-IVF,8000,64,10,3715,0.464375,10,0.9,0,ranking_truncation,0,0,0,10,10,1.0,1.1423500000091735,1403,595,1403,1403,0,8,0,1,0,0.0,0
68,broad,positive,PreFilter-IVF,8000,64,10,3715,0.464375,10,0.9,0,ranking_truncation,0,0,0,10,10,1.0,1.542295000035665,1403,595,595,1403,8,8,0,1,0,0.0,0
68,broad,positive,PACER-A,8000,64,10,3715,0.464375,10,1.0,1,none,0,0,0,10,10,1.0,6.036883999968268,1600,1509,1600,1600,19,19,0,1,0,0.6394407451152802,1
68,broad,positive,PACER-C,8000,64,10,3715,0.464375,10,1.0,1,none,0,0,0,10,10,1.0,10.761490000277263,3961,3715,3961,3961,48,48,1,1,0,0.0,0
68,broad,positive,PACER-X,8000,64,10,3715,0.464375,10,1.0,1,none,0,0,0,10,10,1.0,11.60438199985947,3961,3715,3961,3961,48,48,1,1,0,0.0,0
68,broad,positive,PACER-A-NoSlices,8000,64,10,3715,0.464375,10,0.9,0,ranking_truncation,0,0,0,10,10,1.0,1.8829949999599194,1600,691,1600,1600,10,10,0,1,0,0.6686781942844391,1
68,broad,positive,PACER-A-NoBounds,8000,64,10,3715,0.464375,10,1.0,1,none,0,0,0,10,10,1.0,5.375844999889523,1600,1507,1600,1600,20,20,0,1,0,0.0,1
68,broad,positive,StaleNoRecheck,8000,64,10,3715,0.464375,10,0.9,0,ranking_truncation,0,1,0,9,10,0.9,1.1326200001349207,1403,630,1403,1403,0,8,0,1,0,0.0,0
68,broad,positive,NaiveNoPolicy,8000,64,10,3715,0.464375,10,0.5,0,ranking_truncation,0,0,5,5,10,0.5,0.3608409997468698,1403,1403,1403,0,0,8,0,1,0,0.0,0
69,medium,positive,ExactSecure,8000,64,10,200,0.025,10,1.0,1,none,0,0,0,10,10,1.0,4.245843999797216,8000,200,200,8000,0,0,1,1,0,0.0,0
69,medium,positive,PreFilter-Exact,8000,64,10,200,0.025,10,1.0,1,none,0,0,0,10,10,1.0,4.7188720000121975,8000,200,200,8000,0,0,1,1,0,0.0,0
69,medium,positive,BitmapSlice-Exact,8000,64,10,200,0.025,10,1.0,1,none,0,0,0,10,10,1.0,0.48532699975112337,228,200,200,228,0,0,1,1,0,0.0,0
69,medium,positive,ScalarOnly,8000,64,10,200,0.025,10,0.2,0,ranking_truncation,0,0,0,10,10,1.0,4.051222999805759,8000,200,0,8000,0,0,0,1,0,0.0,0
69,medium,positive,PostFilter-IVF,8000,64,10,200,0.025,10,0.4,0,ranking_truncation,0,0,0,10,10,1.0,0.9572060002938088,1138,20,1138,1138,0,8,0,1,0,0.0,0
69,medium,positive,AdaptivePostFilter-IVF,8000,64,10,200,0.025,10,1.0,1,none,0,0,0,10,10,1.0,4.358788999979879,4800,141,4800,4800,0,30,0,1,0,0.0,0
69,medium,positive,ExactPrefix-PostFilter,8000,64,10,200,0.025,10,1.0,1,none,0,0,0,10,10,1.0,1.8222569997305982,1600,41,8000,1600,0,0,0,1,0,0.0,0
69,medium,positive,TenantPartition-IVF,8000,64,10,200,0.025,10,0.4,0,ranking_truncation,0,0,0,10,10,1.0,0.6269929999689339,1138,20,1138,1138,0,8,0,1,0,0.0,0
69,medium,positive,PreFilter-IVF,8000,64,10,200,0.025,10,0.5,0,ranking_truncation,0,0,0,10,10,1.0,1.4007320000928303,1164,36,36,1164,10,8,0,1,0,0.0,0
69,medium,positive,PACER-A,8000,64,10,200,0.025,10,1.0,1,none,0,0,0,10,10,1.0,2.903661999880569,228,200,228,228,46,32,1,1,0,0.0,0
69,medium,positive,PACER-C,8000,64,10,200,0.025,10,1.0,1,none,0,0,0,10,10,1.0,2.8477589999056363,228,200,228,228,46,32,1,1,0,0.0,0
69,medium,positive,PACER-X,8000,64,10,200,0.025,10,1.0,1,none,0,0,0,10,10,1.0,2.673226999831968,228,200,228,228,46,32,1,1,0,0.0,0
69,medium,positive,PACER-A-NoSlices,8000,64,10,200,0.025,10,0.5,0,ranking_truncation,0,0,0,10,10,1.0,1.5670080001655151,1600,41,1600,1600,11,11,0,1,0,0.8129708468914032,1
69,medium,positive,PACER-A-NoBounds,8000,64,10,200,0.025,10,1.0,1,none,0,0,0,10,10,1.0,2.737200999945344,228,200,228,228,48,32,1,1,0,0.0,0
69,medium,positive,StaleNoRecheck,8000,64,10,200,0.025,10,0.4,0,ranking_truncation,0,2,0,8,10,0.8,0.8867260003171396,1138,25,1138,1138,0,8,0,1,0,0.0,0
69,medium,positive,NaiveNoPolicy,8000,64,10,200,0.025,10,0.1,0,ranking_truncation,9,0,6,1,10,0.1,0.39455999967685784,1138,1138,1138,0,0,8,0,1,0,0.0,0
70,narrow,positive,ExactSecure,8000,64,10,3,0.000375,3,1.0,1,none,0,0,0,3,3,1.0,4.491659999985131,8000,3,3,8000,0,0,1,1,0,0.0,0
70,narrow,positive,PreFilter-Exact,8000,64,10,3,0.000375,3,1.0,1,none,0,0,0,3,3,1.0,4.554768000161857,8000,3,3,8000,0,0,1,1,0,0.0,0
70,narrow,positive,BitmapSlice-Exact,8000,64,10,3,0.000375,3,1.0,1,none,0,0,0,3,3,1.0,0.11967799991907668,4,3,3,4,0,0,1,1,0,0.0,0
70,narrow,positive,ScalarOnly,8000,64,10,3,0.000375,3,1.0,0,ranking_truncation,0,0,0,3,3,1.0,4.521860999830096,8000,3,0,8000,0,0,0,1,0,0.0,0
70,narrow,positive,PostFilter-IVF,8000,64,10,3,0.000375,3,1.0,1,none,0,0,0,3,3,1.0,1.754203000018606,1543,3,1543,1543,0,8,0,1,0,0.0,0
70,narrow,positive,AdaptivePostFilter-IVF,8000,64,10,3,0.000375,3,1.0,1,none,0,0,0,3,3,1.0,5.059190999872953,4800,3,4800,4800,0,28,0,1,0,0.0,0
70,narrow,positive,ExactPrefix-PostFilter,8000,64,10,3,0.000375,3,1.0,1,none,0,0,0,3,3,1.0,1.7353130001538375,1600,3,8000,1600,0,0,0,1,0,0.0,0
70,narrow,positive,TenantPartition-IVF,8000,64,10,3,0.000375,3,1.0,1,none,0,0,0,3,3,1.0,0.7420580000143673,1543,3,1543,1543,0,8,0,1,0,0.0,0
70,narrow,positive,PreFilter-IVF,8000,64,10,3,0.000375,3,1.0,1,none,0,0,0,3,3,1.0,0.6071890002203872,341,3,3,341,48,2,0,1,0,0.0,0
70,narrow,positive,PACER-A,8000,64,10,3,0.000375,3,1.0,1,none,0,0,0,3,3,1.0,0.24783699973340845,4,3,4,4,5,2,1,1,0,0.0,0
70,narrow,positive,PACER-C,8000,64,10,3,0.000375,3,1.0,1,none,0,0,0,3,3,1.0,0.2409939997960464,4,3,4,4,5,2,1,1,0,0.0,0
70,narrow,positive,PACER-X,8000,64,10,3,0.000375,3,1.0,1,none,0,0,0,3,3,1.0,0.22525999975187005,4,3,4,4,5,2,1,1,0,0.0,0
70,narrow,positive,PACER-A-NoSlices,8000,64,10,3,0.000375,3,1.0,1,none,0,0,0,3,3,1.0,1.4429370003199438,1600,3,1600,1600,10,10,0,1,0,0.0,1
70,narrow,positive,PACER-A-NoBounds,8000,64,10,3,0.000375,3,1.0,1,none,0,0,0,3,3,1.0,0.25071999971260084,4,3,4,4,4,2,1,1,0,0.0,0
70,narrow,positive,StaleNoRecheck,8000,64,10,3,0.000375,4,1.0,0,ranking_truncation,0,1,0,3,4,0.75,1.175245000013092,1543,4,1543,1543,0,8,0,1,0,0.0,0
70,narrow,positive,NaiveNoPolicy,8000,64,10,3,0.000375,10,0.3333333333333333,0,ranking_truncation,7,0,8,1,10,0.1,0.5169189998923684,1543,1543,1543,0,0,8,0,1,0,0.0,0
71,cold,positive,ExactSecure,8000,64,10,2,0.00025,2,1.0,1,none,0,0,0,2,2,1.0,3.6532640001496475,8000,2,2,8000,0,0,1,1,0,0.0,0
71,cold,positive,PreFilter-Exact,8000,64,10,2,0.00025,2,1.0,1,none,0,0,0,2,2,1.0,3.7190309999459714,8000,2,2,8000,0,0,1,1,0,0.0,0
71,cold,positive,BitmapSlice-Exact,8000,64,10,2,0.00025,2,1.0,1,none,0,0,0,2,2,1.0,0.07152700027290848,2,2,2,2,0,0,1,1,0,0.0,0
71,cold,positive,ScalarOnly,8000,64,10,2,0.00025,2,1.0,1,none,0,0,0,2,2,1.0,3.7651150000783673,8000,2,0,8000,0,0,0,1,0,0.0,0
71,cold,positive,PostFilter-IVF,8000,64,10,2,0.00025,2,1.0,1,none,0,0,0,2,2,1.0,0.981200000296667,1370,2,1370,1370,0,8,0,1,0,0.0,0
71,cold,positive,AdaptivePostFilter-IVF,8000,64,10,2,0.00025,2,1.0,1,none,0,0,0,2,2,1.0,4.505695000261767,4800,2,4800,4800,0,29,0,1,0,0.0,0
71,cold,positive,ExactPrefix-PostFilter,8000,64,10,2,0.00025,2,1.0,1,none,0,0,0,2,2,1.0,1.7035149999173882,1600,2,8000,1600,0,0,0,1,0,0.0,0
71,cold,positive,TenantPartition-IVF,8000,64,10,2,0.00025,2,1.0,1,none,0,0,0,2,2,1.0,0.6908870000188472,1370,2,1370,1370,0,8,0,1,0,0.0,0
71,cold,positive,PreFilter-IVF,8000,64,10,2,0.00025,2,1.0,1,none,0,0,0,2,2,1.0,0.5895940003028954,395,2,2,395,48,2,0,1,0,0.0,0
71,cold,positive,PACER-A,8000,64,10,2,0.00025,2,1.0,1,none,0,0,0,2,2,1.0,0.22080799999457668,2,2,2,2,4,2,1,1,0,0.0,0
71,cold,positive,PACER-C,8000,64,10,2,0.00025,2,1.0,1,none,0,0,0,2,2,1.0,0.21661099981429288,2,2,2,2,4,2,1,1,0,0.0,0
71,cold,positive,PACER-X,8000,64,10,2,0.00025,2,1.0,1,none,0,0,0,2,2,1.0,0.1773480003066652,2,2,2,2,4,2,1,1,0,0.0,0
71,cold,positive,PACER-A-NoSlices,8000,64,10,2,0.00025,2,1.0,1,none,0,0,0,2,2,1.0,1.286849000280199,1600,2,1600,1600,10,10,0,1,0,0.0,1
71,cold,positive,PACER-A-NoBounds,8000,64,10,2,0.00025,2,1.0,1,none,0,0,0,2,2,1.0,0.17822200015871204,2,2,2,2,4,2,1,1,0,0.0,0
71,cold,positive,StaleNoRecheck,8000,64,10,2,0.00025,2,1.0,1,none,0,0,0,2,2,1.0,0.9232910001628625,1370,2,1370,1370,0,8,0,1,0,0.0,0
71,cold,positive,NaiveNoPolicy,8000,64,10,2,0.00025,10,0.5,0,ranking_truncation,9,2,7,1,10,0.1,0.3249549999964074,1370,1370,1370,0,0,8,0,1,0,0.0,0
72,broad,positive,ExactSecure,8000,64,10,3564,0.4455,10,1.0,1,none,0,0,0,10,10,1.0,4.492551000112144,8000,3564,3564,8000,0,0,1,1,0,0.0,0
72,broad,positive,PreFilter-Exact,8000,64,10,3564,0.4455,10,1.0,1,none,0,0,0,10,10,1.0,4.346199999872624,8000,3564,3564,8000,0,0,1,1,0,0.0,0
72,broad,positive,BitmapSlice-Exact,8000,64,10,3564,0.4455,10,1.0,1,none,0,0,0,10,10,1.0,6.981838999763568,3948,3564,3564,3948,0,0,1,1,0,0.0,0
72,broad,positive,ScalarOnly,8000,64,10,3564,0.4455,10,0.0,0,ranking_truncation,0,0,0,10,10,1.0,4.800687999704678,8000,3564,0,8000,0,0,0,1,0,0.0,0
72,broad,positive,PostFilter-IVF,8000,64,10,3564,0.4455,10,0.6,0,ranking_truncation,0,0,0,10,10,1.0,1.1320779999550723,1402,674,1402,1402,0,8,0,1,0,0.0,0
72,broad,positive,AdaptivePostFilter-IVF,8000,64,10,3564,0.4455,10,1.0,1,none,0,0,0,10,10,1.0,3.9374340003632824,4800,2261,4800,4800,0,27,0,1,0,0.0,0
72,broad,positive,ExactPrefix-PostFilter,8000,64,10,3564,0.4455,10,1.0,1,none,0,0,0,10,10,1.0,1.7628069999773288,1600,755,8000,1600,0,0,0,1,0,0.0,0
72,broad,positive,TenantPartition-IVF,8000,64,10,3564,0.4455,10,0.6,0,ranking_truncation,0,0,0,10,10,1.0,0.9109269999498792,1402,674,1402,1402,0,8,0,1,0,0.0,0
72,broad,positive,PreFilter-IVF,8000,64,10,3564,0.4455,10,0.6,0,ranking_truncation,0,0,0,10,10,1.0,1.6528830001334427,1497,738,738,1497,8,8,0,1,0,0.0,0
72,broad,positive,PACER-A,8000,64,10,3564,0.4455,10,0.9,0,ranking_truncation,0,0,0,10,10,1.0,3.959448999921733,1600,1446,1600,1600,15,15,0,1,0,0.6179850399494171,1
72,broad,positive,PACER-C,8000,64,10,3564,0.4455,10,1.0,1,none,0,0,0,10,10,1.0,11.155968999901233,3948,3564,3948,3948,48,48,1,1,0,0.0,0
72,broad,positive,PACER-X,8000,64,10,3564,0.4455,10,1.0,1,none,0,0,0,10,10,1.0,10.671872999864718,3948,3564,3948,3948,48,48,1,1,0,0.0,0
72,broad,positive,PACER-A-NoSlices,8000,64,10,3564,0.4455,10,0.6,0,ranking_truncation,0,0,0,10,10,1.0,1.6212680002354318,1600,752,1600,1600,9,9,0,1,0,0.6383054256439209,1
72,broad,positive,PACER-A-NoBounds,8000,64,10,3564,0.4455,10,1.0,1,none,0,0,0,10,10,1.0,4.199170999982016,1600,1448,1600,1600,16,16,0,1,0,0.0,1
72,broad,positive,StaleNoRecheck,8000,64,10,3564,0.4455,10,0.6,0,ranking_truncation,0,1,0,9,10,0.9,1.1713620001501113,1402,744,1402,1402,0,8,0,1,0,0.0,0
72,broad,positive,NaiveNoPolicy,8000,64,10,3564,0.4455,10,0.6,0,ranking_truncation,0,1,1,8,10,0.8,0.33123999992312747,1402,1402,1402,0,0,8,0,1,0,0.0,0
73,medium,positive,ExactSecure,8000,64,10,207,0.025875,10,1.0,1,none,0,0,0,10,10,1.0,4.072026000358164,8000,207,207,8000,0,0,1,1,0,0.0,0
73,medium,positive,PreFilter-Exact,8000,64,10,207,0.025875,10,1.0,1,none,0,0,0,10,10,1.0,4.289439999865863,8000,207,207,8000,0,0,1,1,0,0.0,0
73,medium,positive,BitmapSlice-Exact,8000,64,10,207,0.025875,10,1.0,1,none,0,0,0,10,10,1.0,0.5113659999551601,234,207,207,234,0,0,1,1,0,0.0,0
73,medium,positive,ScalarOnly,8000,64,10,207,0.025875,10,0.0,0,ranking_truncation,0,0,0,10,10,1.0,3.8934720000725065,8000,207,0,8000,0,0,0,1,0,0.0,0
73,medium,positive,PostFilter-IVF,8000,64,10,207,0.025875,10,1.0,1,none,0,0,0,10,10,1.0,0.9800610000638699,1256,60,1256,1256,0,8,0,1,0,0.0,0
73,medium,positive,AdaptivePostFilter-IVF,8000,64,10,207,0.025875,10,1.0,1,none,0,0,0,10,10,1.0,4.024403000130405,4800,118,4800,4800,0,30,0,1,0,0.0,0
73,medium,positive,ExactPrefix-PostFilter,8000,64,10,207,0.025875,10,1.0,1,none,0,0,0,10,10,1.0,1.6904710000744672,1600,50,8000,1600,0,0,0,1,0,0.0,0
73,medium,positive,TenantPartition-IVF,8000,64,10,207,0.025875,10,1.0,1,none,0,0,0,10,10,1.0,0.6968909997340234,1256,60,1256,1256,0,8,0,1,0,0.0,0
73,medium,positive,PreFilter-IVF,8000,64,10,207,0.025875,10,1.0,1,none,0,0,0,10,10,1.0,1.237629000115703,1269,51,51,1269,8,8,0,1,0,0.0,0
73,medium,positive,PACER-A,8000,64,10,207,0.025875,10,1.0,1,none,0,0,0,10,10,1.0,3.1583260001752933,234,207,234,234,48,40,1,1,0,0.0,0
73,medium,positive,PACER-C,8000,64,10,207,0.025875,10,1.0,1,none,0,0,0,10,10,1.0,3.1229269998220843,234,207,234,234,48,40,1,1,0,0.0,0
73,medium,positive,PACER-X,8000,64,10,207,0.025875,10,1.0,1,none,0,0,0,10,10,1.0,2.9768069998681312,234,207,234,234,48,40,1,1,0,0.0,0
73,medium,positive,PACER-A-NoSlices,8000,64,10,207,0.025875,10,1.0,1,none,0,0,0,10,10,1.0,1.6076110000540211,1600,56,1600,1600,11,11,0,1,0,0.6699492931365967,1
73,medium,positive,PACER-A-NoBounds,8000,64,10,207,0.025875,10,1.0,1,none,0,0,0,10,10,1.0,3.218903999822942,234,207,234,234,48,40,1,1,0,0.0,0
73,medium,positive,StaleNoRecheck,8000,64,10,207,0.025875,10,0.9,0,ranking_truncation,0,1,0,9,10,0.9,0.9291669998674479,1256,68,1256,1256,0,8,0,1,0,0.0,0
73,medium,positive,NaiveNoPolicy,8000,64,10,207,0.025875,10,0.2,0,ranking_truncation,5,1,6,2,10,0.2,0.3014029998666956,1256,1256,1256,0,0,8,0,1,0,0.0,0
74,narrow,positive,ExactSecure,8000,64,10,3,0.000375,3,1.0,1,none,0,0,0,3,3,1.0,3.7482309999177232,8000,3,3,8000,0,0,1,1,0,0.0,0
74,narrow,positive,PreFilter-Exact,8000,64,10,3,0.000375,3,1.0,1,none,0,0,0,3,3,1.0,4.087558000264835,8000,3,3,8000,0,0,1,1,0,0.0,0
74,narrow,positive,BitmapSlice-Exact,8000,64,10,3,0.000375,3,1.0,1,none,0,0,0,3,3,1.0,0.07301100004042382,3,3,3,3,0,0,1,1,0,0.0,0
74,narrow,positive,ScalarOnly,8000,64,10,3,0.000375,3,1.0,0,ranking_truncation,0,0,0,3,3,1.0,3.9786369998182636,8000,3,0,8000,0,0,0,1,0,0.0,0
74,narrow,positive,PostFilter-IVF,8000,64,10,3,0.000375,1,0.3333333333333333,0,candidate_starvation,0,0,0,1,1,1.0,1.0278250001647393,1301,1,1301,1301,0,8,0,1,0,0.0,0
74,narrow,positive,AdaptivePostFilter-IVF,8000,64,10,3,0.000375,3,1.0,1,none,0,0,0,3,3,1.0,4.636492999907205,4800,3,4800,4800,0,29,0,1,0,0.0,0
74,narrow,positive,ExactPrefix-PostFilter,8000,64,10,3,0.000375,1,0.3333333333333333,0,candidate_starvation,0,0,0,1,1,1.0,1.9005610001840978,1600,1,8000,1600,0,0,0,1,0,0.0,0
74,narrow,positive,TenantPartition-IVF,8000,64,10,3,0.000375,1,0.3333333333333333,0,candidate_starvation,0,0,0,1,1,1.0,0.5498939999597496,1301,1,1301,1301,0,8,0,1,0,0.0,0
74,narrow,positive,PreFilter-IVF,8000,64,10,3,0.000375,3,1.0,1,none,0,0,0,3,3,1.0,0.6083220000618894,326,3,3,326,48,2,0,1,0,0.0,0
74,narrow,positive,PACER-A,8000,64,10,3,0.000375,3,1.0,1,none,0,0,0,3,3,1.0,0.2409349999652477,3,3,3,3,25,2,1,1,0,0.0,0
74,narrow,positive,PACER-C,8000,64,10,3,0.000375,3,1.0,1,none,0,0,0,3,3,1.0,0.19001999999090913,3,3,3,3,25,2,1,1,0,0.0,0
74,narrow,positive,PACER-X,8000,64,10,3,0.000375,3,1.0,1,none,0,0,0,3,3,1.0,0.18199599981016945,3,3,3,3,25,2,1,1,0,0.0,0
74,narrow,positive,PACER-A-NoSlices,8000,64,10,3,0.000375,1,0.3333333333333333,0,candidate_starvation,0,0,0,1,1,1.0,1.210068000091269,1600,1,1600,1600,10,10,0,1,0,0.0,1
74,narrow,positive,PACER-A-NoBounds,8000,64,10,3,0.000375,3,1.0,1,none,0,0,0,3,3,1.0,0.19741699998121476,3,3,3,3,28,2,1,1,0,0.0,0
74,narrow,positive,StaleNoRecheck,8000,64,10,3,0.000375,1,0.3333333333333333,0,candidate_starvation,0,0,0,1,1,1.0,0.8982419999483682,1301,1,1301,1301,0,8,0,1,0,0.0,0
74,narrow,positive,NaiveNoPolicy,8000,64,10,3,0.000375,10,0.3333333333333333,0,ranking_truncation,9,0,8,1,10,0.1,0.3215019996787305,1301,1301,1301,0,0,8,0,1,0,0.0,0
75,cold,positive,ExactSecure,8000,64,10,2,0.00025,2,1.0,1,none,0,0,0,2,2,1.0,3.829650000170659,8000,2,2,8000,0,0,1,1,0,0.0,0
75,cold,positive,PreFilter-Exact,8000,64,10,2,0.00025,2,1.0,1,none,0,0,0,2,2,1.0,4.507877999913035,8000,2,2,8000,0,0,1,1,0,0.0,0
75,cold,positive,BitmapSlice-Exact,8000,64,10,2,0.00025,2,1.0,1,none,0,0,0,2,2,1.0,0.07386600009340327,2,2,2,2,0,0,1,1,0,0.0,0
75,cold,positive,ScalarOnly,8000,64,10,2,0.00025,2,1.0,0,ranking_truncation,0,0,0,2,2,1.0,3.973009000219463,8000,2,0,8000,0,0,0,1,0,0.0,0
75,cold,positive,PostFilter-IVF,8000,64,10,2,0.00025,1,0.5,0,candidate_starvation,0,0,0,1,1,1.0,1.0507140000299842,1312,1,1312,1312,0,8,0,1,0,0.0,0
75,cold,positive,AdaptivePostFilter-IVF,8000,64,10,2,0.00025,2,1.0,1,none,0,0,0,2,2,1.0,4.018023999833531,4800,2,4800,4800,0,29,0,1,0,0.0,0
75,cold,positive,ExactPrefix-PostFilter,8000,64,10,2,0.00025,1,0.5,0,candidate_starvation,0,0,0,1,1,1.0,1.7725640000207932,1600,1,8000,1600,0,0,0,1,0,0.0,0
75,cold,positive,TenantPartition-IVF,8000,64,10,2,0.00025,1,0.5,0,candidate_starvation,0,0,0,1,1,1.0,0.6701679999423504,1312,1,1312,1312,0,8,0,1,0,0.0,0
75,cold,positive,PreFilter-IVF,8000,64,10,2,0.00025,2,1.0,1,none,0,0,0,2,2,1.0,0.5977020000500488,282,2,2,282,48,2,0,1,0,0.0,0
75,cold,positive,PACER-A,8000,64,10,2,0.00025,2,1.0,1,none,0,0,0,2,2,1.0,0.23726999961581896,2,2,2,2,15,2,1,1,0,0.0,0
75,cold,positive,PACER-C,8000,64,10,2,0.00025,2,1.0,1,none,0,0,0,2,2,1.0,0.18353699988438166,2,2,2,2,15,2,1,1,0,0.0,0
75,cold,positive,PACER-X,8000,64,10,2,0.00025,2,1.0,1,none,0,0,0,2,2,1.0,0.20725300009871717,2,2,2,2,15,2,1,1,0,0.0,0
75,cold,positive,PACER-A-NoSlices,8000,64,10,2,0.00025,1,0.5,0,candidate_starvation,0,0,0,1,1,1.0,1.3565839999500895,1600,1,1600,1600,9,9,0,1,0,0.0,1
75,cold,positive,PACER-A-NoBounds,8000,64,10,2,0.00025,2,1.0,1,none,0,0,0,2,2,1.0,0.19680200011862325,2,2,2,2,23,2,1,1,0,0.0,0
75,cold,positive,StaleNoRecheck,8000,64,10,2,0.00025,1,0.5,0,candidate_starvation,0,0,0,1,1,1.0,0.930156000322313,1312,1,1312,1312,0,8,0,1,0,0.0,0
75,cold,positive,NaiveNoPolicy,8000,64,10,2,0.00025,10,0.5,0,ranking_truncation,8,2,9,1,10,0.1,0.35874900004273513,1312,1312,1312,0,0,8,0,1,0,0.0,0
76,broad,positive,ExactSecure,8000,64,10,3560,0.445,10,1.0,1,none,0,0,0,10,10,1.0,4.34389799966084,8000,3560,3560,8000,0,0,1,1,0,0.0,0
76,broad,positive,PreFilter-Exact,8000,64,10,3560,0.445,10,1.0,1,none,0,0,0,10,10,1.0,4.5527239999501035,8000,3560,3560,8000,0,0,1,1,0,0.0,0
76,broad,positive,BitmapSlice-Exact,8000,64,10,3560,0.445,10,1.0,1,none,0,0,0,10,10,1.0,7.066339999710181,3969,3560,3560,3969,0,0,1,1,0,0.0,0
76,broad,positive,ScalarOnly,8000,64,10,3560,0.445,10,0.0,0,ranking_truncation,0,0,0,10,10,1.0,4.270164999979897,8000,3560,0,8000,0,0,0,1,0,0.0,0
76,broad,positive,PostFilter-IVF,8000,64,10,3560,0.445,10,0.7,0,ranking_truncation,0,0,0,10,10,1.0,1.119037000080425,1275,519,1275,1275,0,8,0,1,0,0.0,0
76,broad,positive,AdaptivePostFilter-IVF,8000,64,10,3560,0.445,10,1.0,1,none,0,0,0,10,10,1.0,4.695999999967171,4800,2099,4800,4800,0,29,0,1,0,0.0,0
76,broad,positive,ExactPrefix-PostFilter,8000,64,10,3560,0.445,10,1.0,1,none,0,0,0,10,10,1.0,2.0393820000208507,1600,690,8000,1600,0,0,0,1,0,0.0,0
76,broad,positive,TenantPartition-IVF,8000,64,10,3560,0.445,10,0.7,0,ranking_truncation,0,0,0,10,10,1.0,1.0189260001425282,1275,519,1275,1275,0,8,0,1,0,0.0,0
76,broad,positive,PreFilter-IVF,8000,64,10,3560,0.445,10,0.7,0,ranking_truncation,0,0,0,10,10,1.0,2.359439999963797,1375,555,555,1375,8,8,0,1,0,0.0,0
76,broad,positive,PACER-A,8000,64,10,3560,0.445,10,1.0,1,none,0,0,0,10,10,1.0,5.198159999963536,1600,1443,1600,1600,22,22,0,1,0,0.6392775475978851,1
76,broad,positive,PACER-C,8000,64,10,3560,0.445,10,1.0,1,none,0,0,0,10,10,1.0,11.359996999999566,3969,3560,3969,3969,48,48,1,1,0,0.0,0
76,broad,positive,PACER-X,8000,64,10,3560,0.445,10,1.0,1,none,0,0,0,10,10,1.0,10.632040000018605,3969,3560,3969,3969,48,48,1,1,0,0.0,0
76,broad,positive,PACER-A-NoSlices,8000,64,10,3560,0.445,10,0.9,0,ranking_truncation,0,0,0,10,10,1.0,1.7736350000632228,1600,655,1600,1600,11,11,0,1,0,0.6655601561069489,1
76,broad,positive,PACER-A-NoBounds,8000,64,10,3560,0.445,10,1.0,1,none,0,0,0,10,10,1.0,4.387478999888117,1600,1443,1600,1600,22,22,0,1,0,0.0,1
76,broad,positive,StaleNoRecheck,8000,64,10,3560,0.445,10,0.7,0,ranking_truncation,0,2,0,8,10,0.8,1.1766319998969266,1275,577,1275,1275,0,8,0,1,0,0.0,0
76,broad,positive,NaiveNoPolicy,8000,64,10,3560,0.445,10,0.4,0,ranking_truncation,0,2,5,4,10,0.4,0.4645330000130343,1275,1275,1275,0,0,8,0,1,0,0.0,0
77,medium,positive,ExactSecure,8000,64,10,208,0.026,10,1.0,1,none,0,0,0,10,10,1.0,4.213872000036645,8000,208,208,8000,0,0,1,1,0,0.0,0
77,medium,positive,PreFilter-Exact,8000,64,10,208,0.026,10,1.0,1,none,0,0,0,10,10,1.0,3.9581030000590545,8000,208,208,8000,0,0,1,1,0,0.0,0
77,medium,positive,BitmapSlice-Exact,8000,64,10,208,0.026,10,1.0,1,none,0,0,0,10,10,1.0,0.5546130000766425,221,208,208,221,0,0,1,1,0,0.0,0
77,medium,positive,ScalarOnly,8000,64,10,208,0.026,10,0.0,0,ranking_truncation,0,0,0,10,10,1.0,3.946537000047101,8000,208,0,8000,0,0,0,1,0,0.0,0
77,medium,positive,PostFilter-IVF,8000,64,10,208,0.026,10,0.7,0,ranking_truncation,0,0,0,10,10,1.0,0.8844280000630533,1123,37,1123,1123,0,8,0,1,0,0.0,0
77,medium,positive,AdaptivePostFilter-IVF,8000,64,10,208,0.026,10,1.0,1,none,0,0,0,10,10,1.0,4.631781000171031,4800,148,4800,4800,0,31,0,1,0,0.0,0
77,medium,positive,ExactPrefix-PostFilter,8000,64,10,208,0.026,10,1.0,1,none,0,0,0,10,10,1.0,1.801160000013624,1600,45,8000,1600,0,0,0,1,0,0.0,0
77,medium,positive,TenantPartition-IVF,8000,64,10,208,0.026,10,0.7,0,ranking_truncation,0,0,0,10,10,1.0,0.5936559996371216,1123,37,1123,1123,0,8,0,1,0,0.0,0
77,medium,positive,PreFilter-IVF,8000,64,10,208,0.026,10,0.8,0,ranking_truncation,0,0,0,10,10,1.0,1.462705999983882,1322,46,46,1322,10,8,0,1,0,0.0,0
77,medium,positive,PACER-A,8000,64,10,208,0.026,10,1.0,1,none,0,0,0,10,10,1.0,3.6308869998720184,221,208,221,221,48,38,1,1,0,0.0,0
77,medium,positive,PACER-C,8000,64,10,208,0.026,10,1.0,1,none,0,0,0,10,10,1.0,3.1157090002125187,221,208,221,221,48,38,1,1,0,0.0,0
77,medium,positive,PACER-X,8000,64,10,208,0.026,10,1.0,1,none,0,0,0,10,10,1.0,3.0777219999436056,221,208,221,221,48,38,1,1,0,0.0,0
77,medium,positive,PACER-A-NoSlices,8000,64,10,208,0.026,10,0.8,0,ranking_truncation,0,0,0,10,10,1.0,1.8284279999534192,1600,47,1600,1600,11,11,0,1,0,0.7844243943691254,1
77,medium,positive,PACER-A-NoBounds,8000,64,10,208,0.026,10,1.0,1,none,0,0,0,10,10,1.0,3.138221999961388,221,208,221,221,48,38,1,1,0,0.0,0
77,medium,positive,StaleNoRecheck,8000,64,10,208,0.026,10,0.7,0,ranking_truncation,0,1,0,9,10,0.9,0.9599980003258679,1123,42,1123,1123,0,8,0,1,0,0.0,0
77,medium,positive,NaiveNoPolicy,8000,64,10,208,0.026,10,0.1,0,ranking_truncation,9,1,6,1,10,0.1,0.38441600008809473,1123,1123,1123,0,0,8,0,1,0,0.0,0
78,narrow,positive,ExactSecure,8000,64,10,4,0.0005,4,1.0,1,none,0,0,0,4,4,1.0,4.442747000211966,8000,4,4,8000,0,0,1,1,0,0.0,0
78,narrow,positive,PreFilter-Exact,8000,64,10,4,0.0005,4,1.0,1,none,0,0,0,4,4,1.0,3.9149049998741248,8000,4,4,8000,0,0,1,1,0,0.0,0
78,narrow,positive,BitmapSlice-Exact,8000,64,10,4,0.0005,4,1.0,1,none,0,0,0,4,4,1.0,0.07999599984032102,4,4,4,4,0,0,1,1,0,0.0,0
78,narrow,positive,ScalarOnly,8000,64,10,4,0.0005,4,1.0,0,ranking_truncation,0,0,0,4,4,1.0,4.27456399984294,8000,4,0,8000,0,0,0,1,0,0.0,0
78,narrow,positive,PostFilter-IVF,8000,64,10,4,0.0005,3,0.75,0,candidate_starvation,0,0,0,3,3,1.0,1.5589310000905243,1347,3,1347,1347,0,8,0,1,0,0.0,0
78,narrow,positive,AdaptivePostFilter-IVF,8000,64,10,4,0.0005,4,1.0,1,none,0,0,0,4,4,1.0,4.99814199974935,4800,4,4800,4800,0,30,0,1,0,0.0,0
78,narrow,positive,ExactPrefix-PostFilter,8000,64,10,4,0.0005,3,0.75,0,candidate_starvation,0,0,0,3,3,1.0,1.8333399998482491,1600,3,8000,1600,0,0,0,1,0,0.0,0
78,narrow,positive,TenantPartition-IVF,8000,64,10,4,0.0005,3,0.75,0,candidate_starvation,0,0,0,3,3,1.0,0.6497740000668273,1347,3,1347,1347,0,8,0,1,0,0.0,0
78,narrow,positive,PreFilter-IVF,8000,64,10,4,0.0005,4,1.0,1,none,0,0,0,4,4,1.0,0.9900830000333372,586,4,4,586,48,3,0,1,0,0.0,0
78,narrow,positive,PACER-A,8000,64,10,4,0.0005,4,1.0,1,none,0,0,0,4,4,1.0,0.3730439998435031,4,4,4,4,15,3,1,1,0,0.0,0
78,narrow,positive,PACER-C,8000,64,10,4,0.0005,4,1.0,1,none,0,0,0,4,4,1.0,0.2988229998663883,4,4,4,4,15,3,1,1,0,0.0,0
78,narrow,positive,PACER-X,8000,64,10,4,0.0005,4,1.0,1,none,0,0,0,4,4,1.0,0.258148999819241,4,4,4,4,15,3,1,1,0,0.0,0
78,narrow,positive,PACER-A-NoSlices,8000,64,10,4,0.0005,3,0.75,0,candidate_starvation,0,0,0,3,3,1.0,1.3527740002245991,1600,3,1600,1600,10,10,0,1,0,0.0,1
78,narrow,positive,PACER-A-NoBounds,8000,64,10,4,0.0005,4,1.0,1,none,0,0,0,4,4,1.0,0.2609510002002935,4,4,4,4,15,3,1,1,0,0.0,0
78,narrow,positive,StaleNoRecheck,8000,64,10,4,0.0005,3,0.75,0,candidate_starvation,0,0,0,3,3,1.0,1.000390999706724,1347,3,1347,1347,0,8,0,1,0,0.0,0
78,narrow,positive,NaiveNoPolicy,8000,64,10,4,0.0005,10,0.5,0,ranking_truncation,8,0,8,2,10,0.2,0.3733530002136831,1347,1347,1347,0,0,8,0,1,0,0.0,0
79,cold,positive,ExactSecure,8000,64,10,5,0.000625,5,1.0,1,none,0,0,0,5,5,1.0,5.200532999879215,8000,5,5,8000,0,0,1,1,0,0.0,0
79,cold,positive,PreFilter-Exact,8000,64,10,5,0.000625,5,1.0,1,none,0,0,0,5,5,1.0,5.0478540001677175,8000,5,5,8000,0,0,1,1,0,0.0,0
79,cold,positive,BitmapSlice-Exact,8000,64,10,5,0.000625,5,1.0,1,none,0,0,0,5,5,1.0,0.1284900004066003,5,5,5,5,0,0,1,1,0,0.0,0
79,cold,positive,ScalarOnly,8000,64,10,5,0.000625,5,1.0,0,ranking_truncation,0,0,0,5,5,1.0,4.9593150001783215,8000,5,0,8000,0,0,0,1,0,0.0,0
79,cold,positive,PostFilter-IVF,8000,64,10,5,0.000625,2,0.4,0,candidate_starvation,0,0,0,2,2,1.0,1.3281779997669219,1450,2,1450,1450,0,8,0,1,0,0.0,0
79,cold,positive,AdaptivePostFilter-IVF,8000,64,10,5,0.000625,5,1.0,1,none,0,0,0,5,5,1.0,4.567667999708647,4800,5,4800,4800,0,30,0,1,0,0.0,0
79,cold,positive,ExactPrefix-PostFilter,8000,64,10,5,0.000625,3,0.6,0,candidate_starvation,0,0,0,3,3,1.0,2.0771630001945596,1600,3,8000,1600,0,0,0,1,0,0.0,0
79,cold,positive,TenantPartition-IVF,8000,64,10,5,0.000625,2,0.4,0,candidate_starvation,0,0,0,2,2,1.0,0.7169310001700069,1450,2,1450,1450,0,8,0,1,0,0.0,0
79,cold,positive,PreFilter-IVF,8000,64,10,5,0.000625,5,1.0,1,none,0,0,0,5,5,1.0,0.6645970001954993,450,5,5,450,48,3,0,1,0,0.0,0
79,cold,positive,PACER-A,8000,64,10,5,0.000625,5,1.0,1,none,0,0,0,5,5,1.0,0.4168099999333208,5,5,5,5,14,3,1,1,0,0.0,0
79,cold,positive,PACER-C,8000,64,10,5,0.000625,5,1.0,1,none,0,0,0,5,5,1.0,0.32520900003873976,5,5,5,5,14,3,1,1,0,0.0,0
79,cold,positive,PACER-X,8000,64,10,5,0.000625,5,1.0,1,none,0,0,0,5,5,1.0,0.27646700027617044,5,5,5,5,14,3,1,1,0,0.0,0
79,cold,positive,PACER-A-NoSlices,8000,64,10,5,0.000625,4,0.8,0,candidate_starvation,0,0,0,4,4,1.0,1.5756010002405674,1600,4,1600,1600,9,9,0,1,0,0.0,1
79,cold,positive,PACER-A-NoBounds,8000,64,10,5,0.000625,5,1.0,1,none,0,0,0,5,5,1.0,0.36105100025451975,5,5,5,5,14,3,1,1,0,0.0,0
79,cold,positive,StaleNoRecheck,8000,64,10,5,0.000625,2,0.4,0,candidate_starvation,0,0,0,2,2,1.0,1.0648089996720955,1450,2,1450,1450,0,8,0,1,0,0.0,0
79,cold,positive,NaiveNoPolicy,8000,64,10,5,0.000625,10,0.2,0,ranking_truncation,9,0,9,1,10,0.1,0.41259600038756616,1450,1450,1450,0,0,8,0,1,0,0.0,0
