dataset,query_id,regime,method,n,dim,k,allowed_count,selectivity,returned,recall_at_k,secure_topk_exact,failure_mode,policy_violations,deleted_violations,tenant_violations,latency_ms,raw_candidates,candidates,distance_evals,policy_checks,summary_checks,visited_cluster_count,certified,certificate_false_positive
digits,0,broad,ExactSecure,1797,64,10,1617,0.8998330550918197,10,1.0,1,none,0,0,0,1.013496000041414,1797,1617,1617,1797,0,0,1,0
digits,0,broad,PostFilter-IVF,1797,64,10,1617,0.8998330550918197,10,1.0,1,none,0,0,0,0.44200699994689785,443,396,443,443,0,8,0,0
digits,0,broad,AdaptivePostFilter-IVF,1797,64,10,1617,0.8998330550918197,10,1.0,1,none,0,0,0,2.2775439999804803,1797,1617,1797,1797,0,28,0,0
digits,0,broad,TenantPartition-IVF,1797,64,10,1617,0.8998330550918197,10,1.0,1,none,0,0,0,0.47939699993548857,443,396,443,443,0,8,0,0
digits,0,broad,PreFilter-IVF,1797,64,10,1617,0.8998330550918197,10,1.0,1,none,0,0,0,2.0876409998891177,509,461,461,509,8,8,0,0
digits,0,broad,PACER-A,1797,64,10,1617,0.8998330550918197,10,1.0,1,none,0,0,0,1.6637510000236944,720,661,720,720,11,11,0,0
digits,0,broad,PACER-C,1797,64,10,1617,0.8998330550918197,10,1.0,1,none,0,0,0,3.8034440001410985,1797,1617,1797,1797,28,28,1,0
digits,0,broad,PACER-X,1797,64,10,1617,0.8998330550918197,10,1.0,1,none,0,0,0,3.867015999958312,1797,1617,1797,1797,28,28,1,0
digits,0,broad,StaleNoRecheck,1797,64,10,1617,0.8998330550918197,10,0.7,0,ranking_truncation,0,3,0,0.3609870000218507,443,443,443,443,0,8,0,0
digits,0,broad,NaiveNoPolicy,1797,64,10,1617,0.8998330550918197,10,0.7,0,ranking_truncation,0,3,0,0.11115100005554268,443,443,443,0,0,8,0,0
digits,1,medium,ExactSecure,1797,64,10,272,0.15136338341680577,10,1.0,1,none,0,0,0,1.0198800000580377,1797,272,272,1797,0,0,1,0
digits,1,medium,PostFilter-IVF,1797,64,10,272,0.15136338341680577,10,1.0,1,none,0,0,0,0.5734249998567975,605,191,605,605,0,8,0,0
digits,1,medium,AdaptivePostFilter-IVF,1797,64,10,272,0.15136338341680577,10,1.0,1,none,0,0,0,2.2586430000046676,1797,272,1797,1797,0,28,0,0
digits,1,medium,TenantPartition-IVF,1797,64,10,272,0.15136338341680577,10,1.0,1,none,0,0,0,0.5030560000705009,605,191,605,605,0,8,0,0
digits,1,medium,PreFilter-IVF,1797,64,10,272,0.15136338341680577,10,1.0,1,none,0,0,0,0.987351000048875,697,199,199,697,10,8,0,0
digits,1,medium,PACER-A,1797,64,10,272,0.15136338341680577,10,1.0,1,none,0,0,0,1.6067740000380581,301,272,301,301,28,18,1,0
digits,1,medium,PACER-C,1797,64,10,272,0.15136338341680577,10,1.0,1,none,0,0,0,1.6742279999562015,301,272,301,301,28,18,1,0
digits,1,medium,PACER-X,1797,64,10,272,0.15136338341680577,10,1.0,1,none,0,0,0,1.4976950001255318,301,272,301,301,28,18,1,0
digits,1,medium,StaleNoRecheck,1797,64,10,272,0.15136338341680577,10,0.9,0,ranking_truncation,0,1,0,0.5147659999238385,605,211,605,605,0,8,0,0
digits,1,medium,NaiveNoPolicy,1797,64,10,272,0.15136338341680577,10,0.6,0,ranking_truncation,3,0,2,0.14713800010213163,605,605,605,0,0,8,0,0
digits,2,narrow,ExactSecure,1797,64,10,8,0.004451864218141347,8,1.0,1,none,0,0,0,0.978155999973751,1797,8,8,1797,0,0,1,0
digits,2,narrow,PostFilter-IVF,1797,64,10,8,0.004451864218141347,5,0.625,0,candidate_starvation,0,0,0,0.4093740001280821,552,5,552,552,0,8,0,0
digits,2,narrow,AdaptivePostFilter-IVF,1797,64,10,8,0.004451864218141347,8,1.0,1,none,0,0,0,1.9590399999742658,1797,8,1797,1797,0,28,0,0
digits,2,narrow,TenantPartition-IVF,1797,64,10,8,0.004451864218141347,5,0.625,0,candidate_starvation,0,0,0,0.40272500018545543,552,5,552,552,0,8,0,0
digits,2,narrow,PreFilter-IVF,1797,64,10,8,0.004451864218141347,8,1.0,1,none,0,0,0,0.4230950000874145,373,8,8,373,28,5,0,0
digits,2,narrow,PACER-A,1797,64,10,8,0.004451864218141347,8,1.0,1,none,0,0,0,0.4460669999843958,8,8,8,8,15,5,1,0
digits,2,narrow,PACER-C,1797,64,10,8,0.004451864218141347,8,1.0,1,none,0,0,0,0.3454979998878116,8,8,8,8,15,5,1,0
digits,2,narrow,PACER-X,1797,64,10,8,0.004451864218141347,8,1.0,1,none,0,0,0,0.327960000049643,8,8,8,8,15,5,1,0
digits,2,narrow,StaleNoRecheck,1797,64,10,8,0.004451864218141347,5,0.625,0,candidate_starvation,0,0,0,0.4974549999587907,552,5,552,552,0,8,0,0
digits,2,narrow,NaiveNoPolicy,1797,64,10,8,0.004451864218141347,10,0.125,0,ranking_truncation,9,0,4,0.14578000013898418,552,552,552,0,0,8,0,0
digits,3,cold,ExactSecure,1797,64,10,13,0.007234279354479688,10,1.0,1,none,0,0,0,1.0233689999950002,1797,13,13,1797,0,0,1,0
digits,3,cold,PostFilter-IVF,1797,64,10,13,0.007234279354479688,10,0.9,0,ranking_truncation,0,0,0,0.34440800004631456,418,12,418,418,0,8,0,0
digits,3,cold,AdaptivePostFilter-IVF,1797,64,10,13,0.007234279354479688,10,1.0,1,none,0,0,0,1.8953940000301372,1797,13,1797,1797,0,28,0,0
digits,3,cold,TenantPartition-IVF,1797,64,10,13,0.007234279354479688,10,0.9,0,ranking_truncation,0,0,0,0.27243600015935954,418,12,418,418,0,8,0,0
digits,3,cold,PreFilter-IVF,1797,64,10,13,0.007234279354479688,10,1.0,1,none,0,0,0,0.27837199991154193,167,13,13,167,28,3,0,0
digits,3,cold,PACER-A,1797,64,10,13,0.007234279354479688,10,1.0,1,none,0,0,0,0.28705999989142583,13,13,13,13,22,3,1,0
digits,3,cold,PACER-C,1797,64,10,13,0.007234279354479688,10,1.0,1,none,0,0,0,0.32128299994838017,13,13,13,13,22,3,1,0
digits,3,cold,PACER-X,1797,64,10,13,0.007234279354479688,10,1.0,1,none,0,0,0,0.25119900010395213,13,13,13,13,22,3,1,0
digits,3,cold,StaleNoRecheck,1797,64,10,13,0.007234279354479688,10,0.9,0,ranking_truncation,0,0,0,0.35800399996333,418,12,418,418,0,8,0,0
digits,3,cold,NaiveNoPolicy,1797,64,10,13,0.007234279354479688,10,0.1,0,ranking_truncation,9,0,8,0.1142910000453412,418,418,418,0,0,8,0,0
digits,4,broad,ExactSecure,1797,64,10,1597,0.8887033945464663,10,1.0,1,none,0,0,0,1.099249999924723,1797,1597,1597,1797,0,0,1,0
digits,4,broad,PostFilter-IVF,1797,64,10,1597,0.8887033945464663,10,1.0,1,none,0,0,0,0.5537730000924057,612,553,612,612,0,8,0,0
digits,4,broad,AdaptivePostFilter-IVF,1797,64,10,1597,0.8887033945464663,10,1.0,1,none,0,0,0,2.1581160001460375,1797,1597,1797,1797,0,28,0,0
digits,4,broad,TenantPartition-IVF,1797,64,10,1597,0.8887033945464663,10,1.0,1,none,0,0,0,0.5963109999811422,612,553,612,612,0,8,0,0
digits,4,broad,PreFilter-IVF,1797,64,10,1597,0.8887033945464663,10,0.8,0,ranking_truncation,0,0,0,2.0704099999875325,701,645,645,701,8,8,0,0
digits,4,broad,PACER-A,1797,64,10,1597,0.8887033945464663,10,1.0,1,none,0,0,0,1.5806409999186144,720,662,720,720,9,9,0,0
digits,4,broad,PACER-C,1797,64,10,1597,0.8887033945464663,10,1.0,1,none,0,0,0,5.539932000147019,1797,1597,1797,1797,28,28,1,0
digits,4,broad,PACER-X,1797,64,10,1597,0.8887033945464663,10,1.0,1,none,0,0,0,7.188978999920437,1797,1597,1797,1797,28,28,1,0
digits,4,broad,StaleNoRecheck,1797,64,10,1597,0.8887033945464663,10,1.0,1,none,0,0,0,1.0246249998999701,612,612,612,612,0,8,0,0
digits,4,broad,NaiveNoPolicy,1797,64,10,1597,0.8887033945464663,10,1.0,1,none,0,0,0,0.21432500011542288,612,612,612,0,0,8,0,0
digits,5,medium,ExactSecure,1797,64,10,218,0.1213132999443517,10,1.0,1,none,0,0,0,2.115471000024627,1797,218,218,1797,0,0,1,0
digits,5,medium,PostFilter-IVF,1797,64,10,218,0.1213132999443517,10,1.0,1,none,0,0,0,1.2660869999763236,720,168,720,720,0,8,0,0
digits,5,medium,AdaptivePostFilter-IVF,1797,64,10,218,0.1213132999443517,10,1.0,1,none,0,0,0,3.996493999920858,1797,218,1797,1797,0,28,0,0
digits,5,medium,TenantPartition-IVF,1797,64,10,218,0.1213132999443517,10,1.0,1,none,0,0,0,1.1454810000941507,720,168,720,720,0,8,0,0
digits,5,medium,PreFilter-IVF,1797,64,10,218,0.1213132999443517,10,1.0,1,none,0,0,0,0.977559000148176,722,172,172,722,8,8,0,0
digits,5,medium,PACER-A,1797,64,10,218,0.1213132999443517,10,1.0,1,none,0,0,0,1.4546519998930307,248,218,248,248,19,15,1,0
digits,5,medium,PACER-C,1797,64,10,218,0.1213132999443517,10,1.0,1,none,0,0,0,1.5000079999936133,248,218,248,248,19,15,1,0
digits,5,medium,PACER-X,1797,64,10,218,0.1213132999443517,10,1.0,1,none,0,0,0,1.3158660001408862,248,218,248,248,19,15,1,0
digits,5,medium,StaleNoRecheck,1797,64,10,218,0.1213132999443517,10,0.9,0,ranking_truncation,0,1,0,0.5626639999718464,720,195,720,720,0,8,0,0
digits,5,medium,NaiveNoPolicy,1797,64,10,218,0.1213132999443517,10,0.6,0,ranking_truncation,3,1,0,0.18244199986838794,720,720,720,0,0,8,0,0
digits,6,narrow,ExactSecure,1797,64,10,9,0.005008347245409015,9,1.0,1,none,0,0,0,0.9462629998324701,1797,9,9,1797,0,0,1,0
digits,6,narrow,PostFilter-IVF,1797,64,10,9,0.005008347245409015,7,0.7777777777777778,0,candidate_starvation,0,0,0,0.2674190000107046,271,7,271,271,0,8,0,0
digits,6,narrow,AdaptivePostFilter-IVF,1797,64,10,9,0.005008347245409015,9,1.0,1,none,0,0,0,1.9563900000321155,1797,9,1797,1797,0,28,0,0
digits,6,narrow,TenantPartition-IVF,1797,64,10,9,0.005008347245409015,7,0.7777777777777778,0,candidate_starvation,0,0,0,0.20246799999767973,271,7,271,271,0,8,0,0
digits,6,narrow,PreFilter-IVF,1797,64,10,9,0.005008347245409015,9,1.0,1,none,0,0,0,0.26193699977739016,99,9,9,99,28,4,0,0
digits,6,narrow,PACER-A,1797,64,10,9,0.005008347245409015,9,1.0,1,none,0,0,0,0.321708999990733,9,9,9,9,28,4,1,0
digits,6,narrow,PACER-C,1797,64,10,9,0.005008347245409015,9,1.0,1,none,0,0,0,0.2846899999440211,9,9,9,9,28,4,1,0
digits,6,narrow,PACER-X,1797,64,10,9,0.005008347245409015,9,1.0,1,none,0,0,0,0.2770670000700193,9,9,9,9,28,4,1,0
digits,6,narrow,StaleNoRecheck,1797,64,10,9,0.005008347245409015,7,0.7777777777777778,0,candidate_starvation,0,0,0,0.21943699994153576,271,7,271,271,0,8,0,0
digits,6,narrow,NaiveNoPolicy,1797,64,10,9,0.005008347245409015,10,0.2222222222222222,0,ranking_truncation,8,0,1,0.08484899990435224,271,271,271,0,0,8,0,0
digits,7,cold,ExactSecure,1797,64,10,30,0.01669449081803005,10,1.0,1,none,0,0,0,0.9126970001034351,1797,30,30,1797,0,0,1,0
digits,7,cold,PostFilter-IVF,1797,64,10,30,0.01669449081803005,10,1.0,1,none,0,0,0,0.5409850000432925,720,29,720,720,0,8,0,0
digits,7,cold,AdaptivePostFilter-IVF,1797,64,10,30,0.01669449081803005,10,1.0,1,none,0,0,0,1.8282249998264888,1797,30,1797,1797,0,28,0,0
digits,7,cold,TenantPartition-IVF,1797,64,10,30,0.01669449081803005,10,1.0,1,none,0,0,0,0.39940500005286594,720,29,720,720,0,8,0,0
digits,7,cold,PreFilter-IVF,1797,64,10,30,0.01669449081803005,10,1.0,1,none,0,0,0,0.4913249999844993,541,30,30,541,28,5,0,0
digits,7,cold,PACER-A,1797,64,10,30,0.01669449081803005,10,1.0,1,none,0,0,0,0.4031019998365082,31,30,31,31,20,5,1,0
digits,7,cold,PACER-C,1797,64,10,30,0.01669449081803005,10,1.0,1,none,0,0,0,0.45631800003320677,31,30,31,31,20,5,1,0
digits,7,cold,PACER-X,1797,64,10,30,0.01669449081803005,10,1.0,1,none,0,0,0,0.3959020000365854,31,30,31,31,20,5,1,0
digits,7,cold,StaleNoRecheck,1797,64,10,30,0.01669449081803005,10,1.0,1,none,0,0,0,0.5242789998192166,720,30,720,720,0,8,0,0
digits,7,cold,NaiveNoPolicy,1797,64,10,30,0.01669449081803005,10,0.1,0,ranking_truncation,9,0,3,0.17927999988387455,720,720,720,0,0,8,0,0
digits,8,broad,ExactSecure,1797,64,10,1631,0.907623817473567,10,1.0,1,none,0,0,0,0.9572540000135632,1797,1631,1631,1797,0,0,1,0
digits,8,broad,PostFilter-IVF,1797,64,10,1631,0.907623817473567,10,0.9,0,ranking_truncation,0,0,0,0.33322100011901057,399,351,399,399,0,8,0,0
digits,8,broad,AdaptivePostFilter-IVF,1797,64,10,1631,0.907623817473567,10,1.0,1,none,0,0,0,2.3527339999418473,1797,1631,1797,1797,0,28,0,0
digits,8,broad,TenantPartition-IVF,1797,64,10,1631,0.907623817473567,10,0.9,0,ranking_truncation,0,0,0,0.3958979998515133,399,351,399,399,0,8,0,0
digits,8,broad,PreFilter-IVF,1797,64,10,1631,0.907623817473567,10,0.9,0,ranking_truncation,0,0,0,1.6809569999622909,623,568,568,623,8,8,0,0
digits,8,broad,PACER-A,1797,64,10,1631,0.907623817473567,10,0.9,0,ranking_truncation,0,0,0,2.156148000040048,720,663,720,720,10,10,0,0
digits,8,broad,PACER-C,1797,64,10,1631,0.907623817473567,10,1.0,1,none,0,0,0,3.7904639998487255,1797,1631,1797,1797,28,28,1,0
digits,8,broad,PACER-X,1797,64,10,1631,0.907623817473567,10,1.0,1,none,0,0,0,3.686926999989737,1797,1631,1797,1797,28,28,1,0
digits,8,broad,StaleNoRecheck,1797,64,10,1631,0.907623817473567,10,0.7,0,ranking_truncation,0,3,0,0.5577609999818378,399,399,399,399,0,8,0,0
digits,8,broad,NaiveNoPolicy,1797,64,10,1631,0.907623817473567,10,0.7,0,ranking_truncation,0,3,0,0.11653100000330596,399,399,399,0,0,8,0,0
digits,9,medium,ExactSecure,1797,64,10,342,0.19031719532554256,10,1.0,1,none,0,0,0,1.0702150000270194,1797,342,342,1797,0,0,1,0
digits,9,medium,PostFilter-IVF,1797,64,10,342,0.19031719532554256,10,1.0,1,none,0,0,0,0.6674690000636474,711,143,711,711,0,8,0,0
digits,9,medium,AdaptivePostFilter-IVF,1797,64,10,342,0.19031719532554256,10,1.0,1,none,0,0,0,2.051520000122764,1797,342,1797,1797,0,28,0,0
digits,9,medium,TenantPartition-IVF,1797,64,10,342,0.19031719532554256,10,1.0,1,none,0,0,0,0.4920339999898715,711,143,711,711,0,8,0,0
digits,9,medium,PreFilter-IVF,1797,64,10,342,0.19031719532554256,10,1.0,1,none,0,0,0,1.0942579999664304,728,200,200,728,10,8,0,0
digits,9,medium,PACER-A,1797,64,10,342,0.19031719532554256,10,1.0,1,none,0,0,0,1.8082159999721625,364,342,364,364,28,17,1,0
digits,9,medium,PACER-C,1797,64,10,342,0.19031719532554256,10,1.0,1,none,0,0,0,1.6499669998211175,364,342,364,364,28,17,1,0
digits,9,medium,PACER-X,1797,64,10,342,0.19031719532554256,10,1.0,1,none,0,0,0,1.6022870001961564,364,342,364,364,28,17,1,0
digits,9,medium,StaleNoRecheck,1797,64,10,342,0.19031719532554256,10,1.0,1,none,0,0,0,0.5630810001093778,711,150,711,711,0,8,0,0
digits,9,medium,NaiveNoPolicy,1797,64,10,342,0.19031719532554256,10,0.8,0,ranking_truncation,2,0,1,0.16317499989781936,711,711,711,0,0,8,0,0
digits,10,narrow,ExactSecure,1797,64,10,7,0.0038953811908736783,7,1.0,1,none,0,0,0,0.9896139999909792,1797,7,7,1797,0,0,1,0
digits,10,narrow,PostFilter-IVF,1797,64,10,7,0.0038953811908736783,5,0.7142857142857143,0,candidate_starvation,0,0,0,0.4142589998537005,571,5,571,571,0,8,0,0
digits,10,narrow,AdaptivePostFilter-IVF,1797,64,10,7,0.0038953811908736783,7,1.0,1,none,0,0,0,2.4475239999901532,1797,7,1797,1797,0,28,0,0
digits,10,narrow,TenantPartition-IVF,1797,64,10,7,0.0038953811908736783,5,0.7142857142857143,0,candidate_starvation,0,0,0,0.2887299999656534,571,5,571,571,0,8,0,0
digits,10,narrow,PreFilter-IVF,1797,64,10,7,0.0038953811908736783,7,1.0,1,none,0,0,0,0.42928199991365545,211,7,7,211,28,3,0,0
digits,10,narrow,PACER-A,1797,64,10,7,0.0038953811908736783,7,1.0,1,none,0,0,0,0.2924279999660939,7,7,7,7,11,3,1,0
digits,10,narrow,PACER-C,1797,64,10,7,0.0038953811908736783,7,1.0,1,none,0,0,0,0.3013010000358918,7,7,7,7,11,3,1,0
digits,10,narrow,PACER-X,1797,64,10,7,0.0038953811908736783,7,1.0,1,none,0,0,0,0.27010400003746327,7,7,7,7,11,3,1,0
digits,10,narrow,StaleNoRecheck,1797,64,10,7,0.0038953811908736783,5,0.7142857142857143,0,candidate_starvation,0,0,0,0.526593999893521,571,5,571,571,0,8,0,0
digits,10,narrow,NaiveNoPolicy,1797,64,10,7,0.0038953811908736783,10,0.14285714285714285,0,ranking_truncation,9,0,5,0.15105199986464868,571,571,571,0,0,8,0,0
digits,11,cold,ExactSecure,1797,64,10,16,0.008903728436282694,10,1.0,1,none,0,0,0,1.0128799999620242,1797,16,16,1797,0,0,1,0
digits,11,cold,PostFilter-IVF,1797,64,10,16,0.008903728436282694,10,0.7,0,ranking_truncation,0,0,0,0.6791780001549341,705,11,705,705,0,8,0,0
digits,11,cold,AdaptivePostFilter-IVF,1797,64,10,16,0.008903728436282694,10,1.0,1,none,0,0,0,2.0078649999959453,1797,16,1797,1797,0,28,0,0
digits,11,cold,TenantPartition-IVF,1797,64,10,16,0.008903728436282694,10,0.7,0,ranking_truncation,0,0,0,0.3546810000898404,705,11,705,705,0,8,0,0
digits,11,cold,PreFilter-IVF,1797,64,10,16,0.008903728436282694,10,1.0,1,none,0,0,0,0.5420489999323763,500,16,16,500,28,6,0,0
digits,11,cold,PACER-A,1797,64,10,16,0.008903728436282694,10,1.0,1,none,0,0,0,0.5312470000262692,18,16,18,18,17,6,1,0
digits,11,cold,PACER-C,1797,64,10,16,0.008903728436282694,10,1.0,1,none,0,0,0,0.4720110000562272,18,16,18,18,17,6,1,0
digits,11,cold,PACER-X,1797,64,10,16,0.008903728436282694,10,1.0,1,none,0,0,0,0.4228850000345119,18,16,18,18,17,6,1,0
digits,11,cold,StaleNoRecheck,1797,64,10,16,0.008903728436282694,10,0.7,0,ranking_truncation,0,2,0,0.6776469999749679,705,13,705,705,0,8,0,0
digits,11,cold,NaiveNoPolicy,1797,64,10,16,0.008903728436282694,10,0.2,0,ranking_truncation,7,2,8,0.2098320001095999,705,705,705,0,0,8,0,0
digits,12,broad,ExactSecure,1797,64,10,1649,0.9176405119643851,10,1.0,1,none,0,0,0,1.4892410001721146,1797,1649,1649,1797,0,0,1,0
digits,12,broad,PostFilter-IVF,1797,64,10,1649,0.9176405119643851,10,1.0,1,none,0,0,0,1.0858240000288788,676,625,676,676,0,8,0,0
digits,12,broad,AdaptivePostFilter-IVF,1797,64,10,1649,0.9176405119643851,10,1.0,1,none,0,0,0,4.164044000162903,1797,1649,1797,1797,0,28,0,0
digits,12,broad,TenantPartition-IVF,1797,64,10,1649,0.9176405119643851,10,1.0,1,none,0,0,0,1.3435519999802636,676,625,676,676,0,8,0,0
digits,12,broad,PreFilter-IVF,1797,64,10,1649,0.9176405119643851,10,1.0,1,none,0,0,0,3.5218970001551497,682,633,633,682,8,8,0,0
digits,12,broad,PACER-A,1797,64,10,1649,0.9176405119643851,10,1.0,1,none,0,0,0,2.8982339999856777,720,669,720,720,9,9,0,0
digits,12,broad,PACER-C,1797,64,10,1649,0.9176405119643851,10,1.0,1,none,0,0,0,4.956871000104002,1797,1649,1797,1797,28,28,1,0
digits,12,broad,PACER-X,1797,64,10,1649,0.9176405119643851,10,1.0,1,none,0,0,0,4.2861570000241045,1797,1649,1797,1797,28,28,1,0
digits,12,broad,StaleNoRecheck,1797,64,10,1649,0.9176405119643851,10,1.0,1,none,0,0,0,0.5541410000660107,676,676,676,676,0,8,0,0
digits,12,broad,NaiveNoPolicy,1797,64,10,1649,0.9176405119643851,10,1.0,1,none,0,0,0,0.1451670000278682,676,676,676,0,0,8,0,0
digits,13,medium,ExactSecure,1797,64,10,256,0.1424596549805231,10,1.0,1,none,0,0,0,0.9331459998520586,1797,256,256,1797,0,0,1,0
digits,13,medium,PostFilter-IVF,1797,64,10,256,0.1424596549805231,10,1.0,1,none,0,0,0,0.41870800009746745,430,174,430,430,0,8,0,0
digits,13,medium,AdaptivePostFilter-IVF,1797,64,10,256,0.1424596549805231,10,1.0,1,none,0,0,0,1.9074510000791634,1797,256,1797,1797,0,28,0,0
digits,13,medium,TenantPartition-IVF,1797,64,10,256,0.1424596549805231,10,1.0,1,none,0,0,0,0.37545200007116364,430,174,430,430,0,8,0,0
digits,13,medium,PreFilter-IVF,1797,64,10,256,0.1424596549805231,10,1.0,1,none,0,0,0,0.9127049997914582,583,178,178,583,10,8,0,0
digits,13,medium,PACER-A,1797,64,10,256,0.1424596549805231,10,1.0,1,none,0,0,0,1.3041839999914373,291,256,291,291,25,13,1,0
digits,13,medium,PACER-C,1797,64,10,256,0.1424596549805231,10,1.0,1,none,0,0,0,1.2207229999603442,291,256,291,291,25,13,1,0
digits,13,medium,PACER-X,1797,64,10,256,0.1424596549805231,10,1.0,1,none,0,0,0,1.2309139999615581,291,256,291,291,25,13,1,0
digits,13,medium,StaleNoRecheck,1797,64,10,256,0.1424596549805231,10,0.8,0,ranking_truncation,0,2,0,0.3727559999333607,430,197,430,430,0,8,0,0
digits,13,medium,NaiveNoPolicy,1797,64,10,256,0.1424596549805231,10,0.3,0,ranking_truncation,5,2,0,0.11169000003974361,430,430,430,0,0,8,0,0
digits,14,narrow,ExactSecure,1797,64,10,44,0.02448525319977741,10,1.0,1,none,0,0,0,0.8597570001711574,1797,44,44,1797,0,0,1,0
digits,14,narrow,PostFilter-IVF,1797,64,10,44,0.02448525319977741,10,1.0,1,none,0,0,0,0.3348669999923004,433,44,433,433,0,8,0,0
digits,14,narrow,AdaptivePostFilter-IVF,1797,64,10,44,0.02448525319977741,10,1.0,1,none,0,0,0,1.8485729999611067,1797,44,1797,1797,0,28,0,0
digits,14,narrow,TenantPartition-IVF,1797,64,10,44,0.02448525319977741,10,1.0,1,none,0,0,0,0.4484959999899729,433,44,433,433,0,8,0,0
digits,14,narrow,PreFilter-IVF,1797,64,10,44,0.02448525319977741,10,1.0,1,none,0,0,0,0.3056090001791745,200,44,44,200,28,3,0,0
digits,14,narrow,PACER-A,1797,64,10,44,0.02448525319977741,10,1.0,1,none,0,0,0,0.3848290000405541,48,44,48,48,9,3,1,0
digits,14,narrow,PACER-C,1797,64,10,44,0.02448525319977741,10,1.0,1,none,0,0,0,0.3201990000434307,48,44,48,48,9,3,1,0
digits,14,narrow,PACER-X,1797,64,10,44,0.02448525319977741,10,1.0,1,none,0,0,0,0.2807060000122874,48,44,48,48,9,3,1,0
digits,14,narrow,StaleNoRecheck,1797,64,10,44,0.02448525319977741,10,1.0,1,none,0,0,0,0.3271170000971324,433,48,433,433,0,8,0,0
digits,14,narrow,NaiveNoPolicy,1797,64,10,44,0.02448525319977741,10,0.2,0,ranking_truncation,8,0,7,0.21002599987696158,433,433,433,0,0,8,0,0
digits,15,cold,ExactSecure,1797,64,10,10,0.005564830272676683,10,1.0,1,none,0,0,0,0.9312590000263299,1797,10,10,1797,0,0,1,0
digits,15,cold,PostFilter-IVF,1797,64,10,10,0.005564830272676683,10,1.0,1,none,0,0,0,0.5235529999936261,632,10,632,632,0,8,0,0
digits,15,cold,AdaptivePostFilter-IVF,1797,64,10,10,0.005564830272676683,10,1.0,1,none,0,0,0,2.0178989998385077,1797,10,1797,1797,0,28,0,0
digits,15,cold,TenantPartition-IVF,1797,64,10,10,0.005564830272676683,10,1.0,1,none,0,0,0,0.3594220002014481,632,10,632,632,0,8,0,0
digits,15,cold,PreFilter-IVF,1797,64,10,10,0.005564830272676683,10,1.0,1,none,0,0,0,0.26819099980457395,216,10,10,216,28,2,0,0
digits,15,cold,PACER-A,1797,64,10,10,0.005564830272676683,10,1.0,1,none,0,0,0,0.19145300007039623,11,10,11,11,2,2,1,0
digits,15,cold,PACER-C,1797,64,10,10,0.005564830272676683,10,1.0,1,none,0,0,0,0.170506999893405,11,10,11,11,2,2,1,0
digits,15,cold,PACER-X,1797,64,10,10,0.005564830272676683,10,1.0,1,none,0,0,0,0.16675599999871338,11,10,11,11,2,2,1,0
digits,15,cold,StaleNoRecheck,1797,64,10,10,0.005564830272676683,10,0.9,0,ranking_truncation,0,1,0,0.44752799999514536,632,11,632,632,0,8,0,0
digits,15,cold,NaiveNoPolicy,1797,64,10,10,0.005564830272676683,10,0.0,0,ranking_truncation,10,1,8,0.14476299998023023,632,632,632,0,0,8,0,0
digits,16,broad,ExactSecure,1797,64,10,1631,0.907623817473567,10,1.0,1,none,0,0,0,1.1100079998414003,1797,1631,1631,1797,0,0,1,0
digits,16,broad,PostFilter-IVF,1797,64,10,1631,0.907623817473567,10,1.0,1,none,0,0,0,0.6243230000109179,720,657,720,720,0,8,0,0
digits,16,broad,AdaptivePostFilter-IVF,1797,64,10,1631,0.907623817473567,10,1.0,1,none,0,0,0,2.049476000138384,1797,1631,1797,1797,0,28,0,0
digits,16,broad,TenantPartition-IVF,1797,64,10,1631,0.907623817473567,10,1.0,1,none,0,0,0,0.7373589999133401,720,657,720,720,0,8,0,0
digits,16,broad,PreFilter-IVF,1797,64,10,1631,0.907623817473567,10,0.9,0,ranking_truncation,0,0,0,1.9930390001263731,685,633,633,685,8,8,0,0
digits,16,broad,PACER-A,1797,64,10,1631,0.907623817473567,10,0.9,0,ranking_truncation,0,0,0,1.42677899998489,720,663,720,720,9,9,0,0
digits,16,broad,PACER-C,1797,64,10,1631,0.907623817473567,10,1.0,1,none,0,0,0,4.445135999958438,1797,1631,1797,1797,28,28,1,0
digits,16,broad,PACER-X,1797,64,10,1631,0.907623817473567,10,1.0,1,none,0,0,0,5.065202999958274,1797,1631,1797,1797,28,28,1,0
digits,16,broad,StaleNoRecheck,1797,64,10,1631,0.907623817473567,10,0.8,0,ranking_truncation,0,2,0,0.6179839999731485,720,720,720,720,0,8,0,0
digits,16,broad,NaiveNoPolicy,1797,64,10,1631,0.907623817473567,10,0.8,0,ranking_truncation,0,2,0,0.19937399997616012,720,720,720,0,0,8,0,0
digits,17,medium,ExactSecure,1797,64,10,240,0.1335559265442404,10,1.0,1,none,0,0,0,1.0758700000224053,1797,240,240,1797,0,0,1,0
digits,17,medium,PostFilter-IVF,1797,64,10,240,0.1335559265442404,10,1.0,1,none,0,0,0,0.5907980000756652,550,152,550,550,0,8,0,0
digits,17,medium,AdaptivePostFilter-IVF,1797,64,10,240,0.1335559265442404,10,1.0,1,none,0,0,0,2.2818869999809976,1797,240,1797,1797,0,28,0,0
digits,17,medium,TenantPartition-IVF,1797,64,10,240,0.1335559265442404,10,1.0,1,none,0,0,0,0.4674070000874053,550,152,550,550,0,8,0,0
digits,17,medium,PreFilter-IVF,1797,64,10,240,0.1335559265442404,10,1.0,1,none,0,0,0,0.9946200000285899,682,144,144,682,13,8,0,0
digits,17,medium,PACER-A,1797,64,10,240,0.1335559265442404,10,1.0,1,none,0,0,0,1.3528140000289568,269,240,269,269,25,13,1,0
digits,17,medium,PACER-C,1797,64,10,240,0.1335559265442404,10,1.0,1,none,0,0,0,1.2184709999019105,269,240,269,269,25,13,1,0
digits,17,medium,PACER-X,1797,64,10,240,0.1335559265442404,10,1.0,1,none,0,0,0,1.1174390001542633,269,240,269,269,25,13,1,0
digits,17,medium,StaleNoRecheck,1797,64,10,240,0.1335559265442404,10,1.0,1,none,0,0,0,0.4421329999786394,550,169,550,550,0,8,0,0
digits,17,medium,NaiveNoPolicy,1797,64,10,240,0.1335559265442404,10,0.6,0,ranking_truncation,4,0,3,0.13148399989404425,550,550,550,0,0,8,0,0
digits,18,narrow,ExactSecure,1797,64,10,29,0.016138007790762382,10,1.0,1,none,0,0,0,0.8703450000666635,1797,29,29,1797,0,0,1,0
digits,18,narrow,PostFilter-IVF,1797,64,10,29,0.016138007790762382,1,0.1,0,candidate_starvation,0,0,0,0.253705999966769,313,1,313,313,0,8,0,0
digits,18,narrow,AdaptivePostFilter-IVF,1797,64,10,29,0.016138007790762382,10,1.0,1,none,0,0,0,2.46843800005081,1797,29,1797,1797,0,28,0,0
digits,18,narrow,TenantPartition-IVF,1797,64,10,29,0.016138007790762382,1,0.1,0,candidate_starvation,0,0,0,0.22009200006323226,313,1,313,313,0,8,0,0
digits,18,narrow,PreFilter-IVF,1797,64,10,29,0.016138007790762382,10,1.0,1,none,0,0,0,0.6401489999916521,361,29,29,361,28,4,0,0
digits,18,narrow,PACER-A,1797,64,10,29,0.016138007790762382,10,1.0,1,none,0,0,0,0.6084829999508656,30,29,30,30,22,4,1,0
digits,18,narrow,PACER-C,1797,64,10,29,0.016138007790762382,10,1.0,1,none,0,0,0,0.5913889999646926,30,29,30,30,22,4,1,0
digits,18,narrow,PACER-X,1797,64,10,29,0.016138007790762382,10,1.0,1,none,0,0,0,0.4523170000538812,30,29,30,30,22,4,1,0
digits,18,narrow,StaleNoRecheck,1797,64,10,29,0.016138007790762382,1,0.1,0,candidate_starvation,0,0,0,0.3853919999983191,313,1,313,313,0,8,0,0
digits,18,narrow,NaiveNoPolicy,1797,64,10,29,0.016138007790762382,10,0.0,0,ranking_truncation,10,1,10,0.14923899993846135,313,313,313,0,0,8,0,0
digits,19,cold,ExactSecure,1797,64,10,53,0.02949360044518642,10,1.0,1,none,0,0,0,1.2645189999602735,1797,53,53,1797,0,0,1,0
digits,19,cold,PostFilter-IVF,1797,64,10,53,0.02949360044518642,10,1.0,1,none,0,0,0,0.373144999912256,307,53,307,307,0,8,0,0
digits,19,cold,AdaptivePostFilter-IVF,1797,64,10,53,0.02949360044518642,10,1.0,1,none,0,0,0,2.636276999965048,1797,53,1797,1797,0,28,0,0
digits,19,cold,TenantPartition-IVF,1797,64,10,53,0.02949360044518642,10,1.0,1,none,0,0,0,0.34567800003060256,307,53,307,307,0,8,0,0
digits,19,cold,PreFilter-IVF,1797,64,10,53,0.02949360044518642,10,1.0,1,none,0,0,0,0.5635540001094341,202,53,53,202,28,7,0,0
digits,19,cold,PACER-A,1797,64,10,53,0.02949360044518642,10,1.0,1,none,0,0,0,0.7120899999790709,56,53,56,56,25,7,1,0
digits,19,cold,PACER-C,1797,64,10,53,0.02949360044518642,10,1.0,1,none,0,0,0,0.6789379999645462,56,53,56,56,25,7,1,0
digits,19,cold,PACER-X,1797,64,10,53,0.02949360044518642,10,1.0,1,none,0,0,0,0.614978000157862,56,53,56,56,25,7,1,0
digits,19,cold,StaleNoRecheck,1797,64,10,53,0.02949360044518642,10,1.0,1,none,0,0,0,0.4157679998115782,307,56,307,307,0,8,0,0
digits,19,cold,NaiveNoPolicy,1797,64,10,53,0.02949360044518642,10,0.6,0,ranking_truncation,4,0,0,0.1320510000368813,307,307,307,0,0,8,0,0
digits,20,broad,ExactSecure,1797,64,10,1631,0.907623817473567,10,1.0,1,none,0,0,0,1.5275939999810362,1797,1631,1631,1797,0,0,1,0
digits,20,broad,PostFilter-IVF,1797,64,10,1631,0.907623817473567,10,1.0,1,none,0,0,0,0.8060949999162403,720,659,720,720,0,8,0,0
digits,20,broad,AdaptivePostFilter-IVF,1797,64,10,1631,0.907623817473567,10,1.0,1,none,0,0,0,2.67557899996973,1797,1631,1797,1797,0,28,0,0
digits,20,broad,TenantPartition-IVF,1797,64,10,1631,0.907623817473567,10,1.0,1,none,0,0,0,0.8783490000041638,720,659,720,720,0,8,0,0
digits,20,broad,PreFilter-IVF,1797,64,10,1631,0.907623817473567,10,0.9,0,ranking_truncation,0,0,0,2.416968000034103,720,662,662,720,7,7,0,0
digits,20,broad,PACER-A,1797,64,10,1631,0.907623817473567,10,0.9,0,ranking_truncation,0,0,0,1.571836000039184,720,662,720,720,7,7,0,0
digits,20,broad,PACER-C,1797,64,10,1631,0.907623817473567,10,1.0,1,none,0,0,0,4.064831000050617,1759,1597,1759,1759,26,26,1,0
digits,20,broad,PACER-X,1797,64,10,1631,0.907623817473567,10,1.0,1,none,0,0,0,4.493353999805549,1759,1597,1759,1759,26,26,1,0
digits,20,broad,StaleNoRecheck,1797,64,10,1631,0.907623817473567,10,0.9,0,ranking_truncation,0,1,0,0.5688379999355675,720,720,720,720,0,8,0,0
digits,20,broad,NaiveNoPolicy,1797,64,10,1631,0.907623817473567,10,0.9,0,ranking_truncation,0,1,0,0.18927099995380559,720,720,720,0,0,8,0,0
digits,21,medium,ExactSecure,1797,64,10,206,0.11463550361713967,10,1.0,1,none,0,0,0,1.547882000068057,1797,206,206,1797,0,0,1,0
digits,21,medium,PostFilter-IVF,1797,64,10,206,0.11463550361713967,10,1.0,1,none,0,0,0,0.7130669998787198,575,94,575,575,0,8,0,0
digits,21,medium,AdaptivePostFilter-IVF,1797,64,10,206,0.11463550361713967,10,1.0,1,none,0,0,0,3.2954339999378135,1797,206,1797,1797,0,28,0,0
digits,21,medium,TenantPartition-IVF,1797,64,10,206,0.11463550361713967,10,1.0,1,none,0,0,0,0.7588070000110747,575,94,575,575,0,8,0,0
digits,21,medium,PreFilter-IVF,1797,64,10,206,0.11463550361713967,10,1.0,1,none,0,0,0,1.282162000052267,562,131,131,562,8,8,0,0
digits,21,medium,PACER-A,1797,64,10,206,0.11463550361713967,10,1.0,1,none,0,0,0,2.117933000135963,230,206,230,230,23,16,1,0
digits,21,medium,PACER-C,1797,64,10,206,0.11463550361713967,10,1.0,1,none,0,0,0,2.2485660001621,230,206,230,230,23,16,1,0
digits,21,medium,PACER-X,1797,64,10,206,0.11463550361713967,10,1.0,1,none,0,0,0,2.1191860000726592,230,206,230,230,23,16,1,0
digits,21,medium,StaleNoRecheck,1797,64,10,206,0.11463550361713967,10,1.0,1,none,0,0,0,0.7116360000054556,575,112,575,575,0,8,0,0
digits,21,medium,NaiveNoPolicy,1797,64,10,206,0.11463550361713967,10,0.3,0,ranking_truncation,6,2,1,0.18347199988966167,575,575,575,0,0,8,0,0
digits,22,narrow,ExactSecure,1797,64,10,23,0.012799109627156371,10,1.0,1,none,0,0,0,1.026084999921295,1797,23,23,1797,0,0,1,0
digits,22,narrow,PostFilter-IVF,1797,64,10,23,0.012799109627156371,10,1.0,1,none,0,0,0,0.5397359998369211,640,23,640,640,0,8,0,0
digits,22,narrow,AdaptivePostFilter-IVF,1797,64,10,23,0.012799109627156371,10,1.0,1,none,0,0,0,2.8348499999992782,1797,23,1797,1797,0,28,0,0
digits,22,narrow,TenantPartition-IVF,1797,64,10,23,0.012799109627156371,10,1.0,1,none,0,0,0,0.5401230000643409,640,23,640,640,0,8,0,0
digits,22,narrow,PreFilter-IVF,1797,64,10,23,0.012799109627156371,10,1.0,1,none,0,0,0,0.47033500004545203,260,23,23,260,28,3,0,0
digits,22,narrow,PACER-A,1797,64,10,23,0.012799109627156371,10,1.0,1,none,0,0,0,0.4206630001135636,26,23,26,26,5,3,1,0
digits,22,narrow,PACER-C,1797,64,10,23,0.012799109627156371,10,1.0,1,none,0,0,0,0.36228999988452415,26,23,26,26,5,3,1,0
digits,22,narrow,PACER-X,1797,64,10,23,0.012799109627156371,10,1.0,1,none,0,0,0,0.3552200000740413,26,23,26,26,5,3,1,0
digits,22,narrow,StaleNoRecheck,1797,64,10,23,0.012799109627156371,10,0.9,0,ranking_truncation,0,1,0,0.7096400001955772,640,26,640,640,0,8,0,0
digits,22,narrow,NaiveNoPolicy,1797,64,10,23,0.012799109627156371,10,0.0,0,ranking_truncation,10,1,10,0.18287400007466204,640,640,640,0,0,8,0,0
digits,23,cold,ExactSecure,1797,64,10,35,0.019476905954368393,10,1.0,1,none,0,0,0,1.4905810000982456,1797,35,35,1797,0,0,1,0
digits,23,cold,PostFilter-IVF,1797,64,10,35,0.019476905954368393,10,1.0,1,none,0,0,0,0.8448270000371849,720,32,720,720,0,8,0,0
digits,23,cold,AdaptivePostFilter-IVF,1797,64,10,35,0.019476905954368393,10,1.0,1,none,0,0,0,2.9363860001012654,1797,35,1797,1797,0,28,0,0
digits,23,cold,TenantPartition-IVF,1797,64,10,35,0.019476905954368393,10,1.0,1,none,0,0,0,0.583982000080141,720,32,720,720,0,8,0,0
digits,23,cold,PreFilter-IVF,1797,64,10,35,0.019476905954368393,10,1.0,1,none,0,0,0,0.46304199986479944,260,35,35,260,28,3,0,0
digits,23,cold,PACER-A,1797,64,10,35,0.019476905954368393,10,1.0,1,none,0,0,0,0.4350050000994088,42,35,42,42,6,3,1,0
digits,23,cold,PACER-C,1797,64,10,35,0.019476905954368393,10,1.0,1,none,0,0,0,0.38263300007201906,42,35,42,42,6,3,1,0
digits,23,cold,PACER-X,1797,64,10,35,0.019476905954368393,10,1.0,1,none,0,0,0,0.3813910000189935,42,35,42,42,6,3,1,0
digits,23,cold,StaleNoRecheck,1797,64,10,35,0.019476905954368393,10,0.7,0,ranking_truncation,0,3,0,0.8084329999746842,720,37,720,720,0,8,0,0
digits,23,cold,NaiveNoPolicy,1797,64,10,35,0.019476905954368393,10,0.3,0,ranking_truncation,5,2,0,0.21984999989399512,720,720,720,0,0,8,0,0
digits,24,broad,ExactSecure,1797,64,10,1649,0.9176405119643851,10,1.0,1,none,0,0,0,1.2342480001734657,1797,1649,1649,1797,0,0,1,0
digits,24,broad,PostFilter-IVF,1797,64,10,1649,0.9176405119643851,10,1.0,1,none,0,0,0,0.7671089999803371,719,668,719,719,0,8,0,0
digits,24,broad,AdaptivePostFilter-IVF,1797,64,10,1649,0.9176405119643851,10,1.0,1,none,0,0,0,2.793211999915002,1797,1649,1797,1797,0,28,0,0
digits,24,broad,TenantPartition-IVF,1797,64,10,1649,0.9176405119643851,10,1.0,1,none,0,0,0,1.1028559999886056,719,668,719,719,0,8,0,0
digits,24,broad,PreFilter-IVF,1797,64,10,1649,0.9176405119643851,10,0.9,0,ranking_truncation,0,0,0,2.558098000008613,606,575,575,606,8,8,0,0
digits,24,broad,PACER-A,1797,64,10,1649,0.9176405119643851,10,0.9,0,ranking_truncation,0,0,0,1.4042639998024242,720,677,720,720,9,9,0,0
digits,24,broad,PACER-C,1797,64,10,1649,0.9176405119643851,10,1.0,1,none,0,0,0,4.540492999922208,1797,1649,1797,1797,28,28,1,0
digits,24,broad,PACER-X,1797,64,10,1649,0.9176405119643851,10,1.0,1,none,0,0,0,4.730863000077079,1797,1649,1797,1797,28,28,1,0
digits,24,broad,StaleNoRecheck,1797,64,10,1649,0.9176405119643851,10,1.0,1,none,0,0,0,0.5837930000325287,719,719,719,719,0,8,0,0
digits,24,broad,NaiveNoPolicy,1797,64,10,1649,0.9176405119643851,10,1.0,1,none,0,0,0,0.16196999990825134,719,719,719,0,0,8,0,0
digits,25,medium,ExactSecure,1797,64,10,195,0.10851419031719532,10,1.0,1,none,0,0,0,1.1448969999037217,1797,195,195,1797,0,0,1,0
digits,25,medium,PostFilter-IVF,1797,64,10,195,0.10851419031719532,10,1.0,1,none,0,0,0,0.7767580000290764,695,126,695,695,0,8,0,0
digits,25,medium,AdaptivePostFilter-IVF,1797,64,10,195,0.10851419031719532,10,1.0,1,none,0,0,0,2.364575000001423,1797,195,1797,1797,0,28,0,0
digits,25,medium,TenantPartition-IVF,1797,64,10,195,0.10851419031719532,10,1.0,1,none,0,0,0,0.5109950000132812,695,126,695,695,0,8,0,0
digits,25,medium,PreFilter-IVF,1797,64,10,195,0.10851419031719532,10,1.0,1,none,0,0,0,1.1182400000961934,615,158,158,615,14,8,0,0
digits,25,medium,PACER-A,1797,64,10,195,0.10851419031719532,10,1.0,1,none,0,0,0,2.3268559998541605,217,195,217,217,28,16,1,0
digits,25,medium,PACER-C,1797,64,10,195,0.10851419031719532,10,1.0,1,none,0,0,0,2.1007210000334453,217,195,217,217,28,16,1,0
digits,25,medium,PACER-X,1797,64,10,195,0.10851419031719532,10,1.0,1,none,0,0,0,2.1685100000468083,217,195,217,217,28,16,1,0
digits,25,medium,StaleNoRecheck,1797,64,10,195,0.10851419031719532,10,0.9,0,ranking_truncation,0,1,0,0.6691850001061539,695,140,695,695,0,8,0,0
digits,25,medium,NaiveNoPolicy,1797,64,10,195,0.10851419031719532,10,0.6,0,ranking_truncation,4,1,1,0.17186600007335073,695,695,695,0,0,8,0,0
digits,26,narrow,ExactSecure,1797,64,10,25,0.013912075681691708,10,1.0,1,none,0,0,0,0.9630270001252939,1797,25,25,1797,0,0,1,0
digits,26,narrow,PostFilter-IVF,1797,64,10,25,0.013912075681691708,10,1.0,1,none,0,0,0,0.43602800019471033,508,25,508,508,0,8,0,0
digits,26,narrow,AdaptivePostFilter-IVF,1797,64,10,25,0.013912075681691708,10,1.0,1,none,0,0,0,2.0586719999755587,1797,25,1797,1797,0,28,0,0
digits,26,narrow,TenantPartition-IVF,1797,64,10,25,0.013912075681691708,10,1.0,1,none,0,0,0,0.3461620001417032,508,25,508,508,0,8,0,0
digits,26,narrow,PreFilter-IVF,1797,64,10,25,0.013912075681691708,10,1.0,1,none,0,0,0,0.25443900017307897,152,25,25,152,28,2,0,0
digits,26,narrow,PACER-A,1797,64,10,25,0.013912075681691708,10,1.0,1,none,0,0,0,0.21644499997819366,25,25,25,25,8,2,1,0
digits,26,narrow,PACER-C,1797,64,10,25,0.013912075681691708,10,1.0,1,none,0,0,0,0.22690600007990724,25,25,25,25,8,2,1,0
digits,26,narrow,PACER-X,1797,64,10,25,0.013912075681691708,10,1.0,1,none,0,0,0,0.22343499995258753,25,25,25,25,8,2,1,0
digits,26,narrow,StaleNoRecheck,1797,64,10,25,0.013912075681691708,10,1.0,1,none,0,0,0,0.37401300005512894,508,25,508,508,0,8,0,0
digits,26,narrow,NaiveNoPolicy,1797,64,10,25,0.013912075681691708,10,0.3,0,ranking_truncation,7,1,1,0.11909300019397051,508,508,508,0,0,8,0,0
digits,27,cold,ExactSecure,1797,64,10,19,0.010573177518085699,10,1.0,1,none,0,0,0,0.9209610000198154,1797,19,19,1797,0,0,1,0
digits,27,cold,PostFilter-IVF,1797,64,10,19,0.010573177518085699,10,1.0,1,none,0,0,0,0.5344240000795253,646,19,646,646,0,8,0,0
digits,27,cold,AdaptivePostFilter-IVF,1797,64,10,19,0.010573177518085699,10,1.0,1,none,0,0,0,2.1526119999180082,1797,19,1797,1797,0,28,0,0
digits,27,cold,TenantPartition-IVF,1797,64,10,19,0.010573177518085699,10,1.0,1,none,0,0,0,0.3879429998505657,646,19,646,646,0,8,0,0
digits,27,cold,PreFilter-IVF,1797,64,10,19,0.010573177518085699,10,1.0,1,none,0,0,0,0.35957699992650305,176,19,19,176,28,4,0,0
digits,27,cold,PACER-A,1797,64,10,19,0.010573177518085699,10,1.0,1,none,0,0,0,0.3710360001605295,20,19,20,20,12,4,1,0
digits,27,cold,PACER-C,1797,64,10,19,0.010573177518085699,10,1.0,1,none,0,0,0,0.41887399993356667,20,19,20,20,12,4,1,0
digits,27,cold,PACER-X,1797,64,10,19,0.010573177518085699,10,1.0,1,none,0,0,0,0.31377200002680183,20,19,20,20,12,4,1,0
digits,27,cold,StaleNoRecheck,1797,64,10,19,0.010573177518085699,10,1.0,1,none,0,0,0,0.5101300000660558,646,20,646,646,0,8,0,0
digits,27,cold,NaiveNoPolicy,1797,64,10,19,0.010573177518085699,10,0.0,0,ranking_truncation,10,1,10,0.14385899999069807,646,646,646,0,0,8,0,0
digits,28,broad,ExactSecure,1797,64,10,1617,0.8998330550918197,10,1.0,1,none,0,0,0,1.0027300002093398,1797,1617,1617,1797,0,0,1,0
digits,28,broad,PostFilter-IVF,1797,64,10,1617,0.8998330550918197,10,1.0,1,none,0,0,0,0.33634300007179263,388,354,388,388,0,8,0,0
digits,28,broad,AdaptivePostFilter-IVF,1797,64,10,1617,0.8998330550918197,10,1.0,1,none,0,0,0,2.6397350000024744,1797,1617,1797,1797,0,28,0,0
digits,28,broad,TenantPartition-IVF,1797,64,10,1617,0.8998330550918197,10,1.0,1,none,0,0,0,0.5676089999724354,388,354,388,388,0,8,0,0
digits,28,broad,PreFilter-IVF,1797,64,10,1617,0.8998330550918197,10,0.7,0,ranking_truncation,0,0,0,3.129124999986743,523,483,483,523,8,8,0,0
digits,28,broad,PACER-A,1797,64,10,1617,0.8998330550918197,10,0.7,0,ranking_truncation,0,0,0,2.2947360000671324,720,655,720,720,11,11,0,0
digits,28,broad,PACER-C,1797,64,10,1617,0.8998330550918197,10,1.0,1,none,0,0,0,4.968909000126587,1797,1617,1797,1797,28,28,1,0
digits,28,broad,PACER-X,1797,64,10,1617,0.8998330550918197,10,1.0,1,none,0,0,0,4.732237000098394,1797,1617,1797,1797,28,28,1,0
digits,28,broad,StaleNoRecheck,1797,64,10,1617,0.8998330550918197,10,1.0,1,none,0,0,0,0.5611959998077509,388,388,388,388,0,8,0,0
digits,28,broad,NaiveNoPolicy,1797,64,10,1617,0.8998330550918197,10,1.0,1,none,0,0,0,0.14978500007600815,388,388,388,0,0,8,0,0
digits,29,medium,ExactSecure,1797,64,10,302,0.16805787423483584,10,1.0,1,none,0,0,0,0.9974320000765147,1797,302,302,1797,0,0,1,0
digits,29,medium,PostFilter-IVF,1797,64,10,302,0.16805787423483584,10,1.0,1,none,0,0,0,0.359153999852424,277,80,277,277,0,8,0,0
digits,29,medium,AdaptivePostFilter-IVF,1797,64,10,302,0.16805787423483584,10,1.0,1,none,0,0,0,2.2329810001338046,1797,302,1797,1797,0,28,0,0
digits,29,medium,TenantPartition-IVF,1797,64,10,302,0.16805787423483584,10,1.0,1,none,0,0,0,0.3097139999681531,277,80,277,277,0,8,0,0
digits,29,medium,PreFilter-IVF,1797,64,10,302,0.16805787423483584,10,0.5,0,ranking_truncation,0,0,0,0.7716130000972043,376,80,80,376,8,8,0,0
digits,29,medium,PACER-A,1797,64,10,302,0.16805787423483584,10,1.0,1,none,0,0,0,2.2696649998579232,330,302,330,330,28,24,1,0
digits,29,medium,PACER-C,1797,64,10,302,0.16805787423483584,10,1.0,1,none,0,0,0,2.5596479999876465,330,302,330,330,28,24,1,0
digits,29,medium,PACER-X,1797,64,10,302,0.16805787423483584,10,1.0,1,none,0,0,0,2.0204299999022624,330,302,330,330,28,24,1,0
digits,29,medium,StaleNoRecheck,1797,64,10,302,0.16805787423483584,10,0.9,0,ranking_truncation,0,1,0,0.24493800015079614,277,92,277,277,0,8,0,0
digits,29,medium,NaiveNoPolicy,1797,64,10,302,0.16805787423483584,10,0.5,0,ranking_truncation,5,1,0,0.13164999995751714,277,277,277,0,0,8,0,0
digits,30,narrow,ExactSecure,1797,64,10,12,0.00667779632721202,10,1.0,1,none,0,0,0,0.874685000098907,1797,12,12,1797,0,0,1,0
digits,30,narrow,PostFilter-IVF,1797,64,10,12,0.00667779632721202,10,1.0,1,none,0,0,0,0.289851999923485,352,12,352,352,0,8,0,0
digits,30,narrow,AdaptivePostFilter-IVF,1797,64,10,12,0.00667779632721202,10,1.0,1,none,0,0,0,1.8031049999081006,1797,12,1797,1797,0,28,0,0
digits,30,narrow,TenantPartition-IVF,1797,64,10,12,0.00667779632721202,10,1.0,1,none,0,0,0,0.2546460000303341,352,12,352,352,0,8,0,0
digits,30,narrow,PreFilter-IVF,1797,64,10,12,0.00667779632721202,10,1.0,1,none,0,0,0,0.230974000032802,177,12,12,177,28,2,0,0
digits,30,narrow,PACER-A,1797,64,10,12,0.00667779632721202,10,1.0,1,none,0,0,0,0.24826200001371035,14,12,14,14,4,2,1,0
digits,30,narrow,PACER-C,1797,64,10,12,0.00667779632721202,10,1.0,1,none,0,0,0,0.19627000006039452,14,12,14,14,4,2,1,0
digits,30,narrow,PACER-X,1797,64,10,12,0.00667779632721202,10,1.0,1,none,0,0,0,0.17954000009012816,14,12,14,14,4,2,1,0
digits,30,narrow,StaleNoRecheck,1797,64,10,12,0.00667779632721202,10,0.9,0,ranking_truncation,0,1,0,0.31448400000044785,352,14,352,352,0,8,0,0
digits,30,narrow,NaiveNoPolicy,1797,64,10,12,0.00667779632721202,10,0.1,0,ranking_truncation,9,1,3,0.16600999992988363,352,352,352,0,0,8,0,0
digits,31,cold,ExactSecure,1797,64,10,7,0.0038953811908736783,7,1.0,1,none,0,0,0,0.9888990000490594,1797,7,7,1797,0,0,1,0
digits,31,cold,PostFilter-IVF,1797,64,10,7,0.0038953811908736783,7,1.0,1,none,0,0,0,0.5789830001958762,720,7,720,720,0,8,0,0
digits,31,cold,AdaptivePostFilter-IVF,1797,64,10,7,0.0038953811908736783,7,1.0,1,none,0,0,0,2.1098370000345312,1797,7,1797,1797,0,28,0,0
digits,31,cold,TenantPartition-IVF,1797,64,10,7,0.0038953811908736783,7,1.0,1,none,0,0,0,0.4642050000711606,720,7,720,720,0,8,0,0
digits,31,cold,PreFilter-IVF,1797,64,10,7,0.0038953811908736783,7,1.0,1,none,0,0,0,0.22043700005269784,177,7,7,177,28,2,0,0
digits,31,cold,PACER-A,1797,64,10,7,0.0038953811908736783,7,1.0,1,none,0,0,0,0.18294300002708042,7,7,7,7,8,2,1,0
digits,31,cold,PACER-C,1797,64,10,7,0.0038953811908736783,7,1.0,1,none,0,0,0,0.1632679998238018,7,7,7,7,8,2,1,0
digits,31,cold,PACER-X,1797,64,10,7,0.0038953811908736783,7,1.0,1,none,0,0,0,0.17451100006837805,7,7,7,7,8,2,1,0
digits,31,cold,StaleNoRecheck,1797,64,10,7,0.0038953811908736783,7,1.0,1,none,0,0,0,0.5701380000573408,720,7,720,720,0,8,0,0
digits,31,cold,NaiveNoPolicy,1797,64,10,7,0.0038953811908736783,10,0.14285714285714285,0,ranking_truncation,9,0,6,0.21212699994066497,720,720,720,0,0,8,0,0
digits,32,broad,ExactSecure,1797,64,10,1683,0.9365609348914858,10,1.0,1,none,0,0,0,1.0224669999843172,1797,1683,1683,1797,0,0,1,0
digits,32,broad,PostFilter-IVF,1797,64,10,1683,0.9365609348914858,10,0.7,0,ranking_truncation,0,0,0,0.32942699999694014,335,315,335,335,0,8,0,0
digits,32,broad,AdaptivePostFilter-IVF,1797,64,10,1683,0.9365609348914858,10,1.0,1,none,0,0,0,2.7859679998982756,1797,1683,1797,1797,0,28,0,0
digits,32,broad,TenantPartition-IVF,1797,64,10,1683,0.9365609348914858,10,0.7,0,ranking_truncation,0,0,0,0.4588330000387941,335,315,335,335,0,8,0,0
digits,32,broad,PreFilter-IVF,1797,64,10,1683,0.9365609348914858,10,0.7,0,ranking_truncation,0,0,0,2.2917869998764218,549,519,519,549,8,8,0,0
digits,32,broad,PACER-A,1797,64,10,1683,0.9365609348914858,10,1.0,1,none,0,0,0,1.624708000008468,720,679,720,720,11,11,0,0
digits,32,broad,PACER-C,1797,64,10,1683,0.9365609348914858,10,1.0,1,none,0,0,0,3.9049939998676564,1797,1683,1797,1797,28,28,1,0
digits,32,broad,PACER-X,1797,64,10,1683,0.9365609348914858,10,1.0,1,none,0,0,0,4.272134000075312,1797,1683,1797,1797,28,28,1,0
digits,32,broad,StaleNoRecheck,1797,64,10,1683,0.9365609348914858,10,0.7,0,ranking_truncation,0,1,0,0.3660700001546502,335,335,335,335,0,8,0,0
digits,32,broad,NaiveNoPolicy,1797,64,10,1683,0.9365609348914858,10,0.7,0,ranking_truncation,0,1,0,0.11857599997711077,335,335,335,0,0,8,0,0
digits,33,medium,ExactSecure,1797,64,10,154,0.08569838619922092,10,1.0,1,none,0,0,0,0.9916030001022591,1797,154,154,1797,0,0,1,0
digits,33,medium,PostFilter-IVF,1797,64,10,154,0.08569838619922092,10,1.0,1,none,0,0,0,0.7093480001003627,720,61,720,720,0,8,0,0
digits,33,medium,AdaptivePostFilter-IVF,1797,64,10,154,0.08569838619922092,10,1.0,1,none,0,0,0,2.5221239998245437,1797,154,1797,1797,0,28,0,0
digits,33,medium,TenantPartition-IVF,1797,64,10,154,0.08569838619922092,10,1.0,1,none,0,0,0,0.5597909998869,720,61,720,720,0,8,0,0
digits,33,medium,PreFilter-IVF,1797,64,10,154,0.08569838619922092,10,1.0,1,none,0,0,0,1.119682000080502,726,67,67,726,10,8,0,0
digits,33,medium,PACER-A,1797,64,10,154,0.08569838619922092,10,1.0,1,none,0,0,0,1.5379789999769855,174,153,174,174,26,19,1,0
digits,33,medium,PACER-C,1797,64,10,154,0.08569838619922092,10,1.0,1,none,0,0,0,1.4379149999967922,174,153,174,174,26,19,1,0
digits,33,medium,PACER-X,1797,64,10,154,0.08569838619922092,10,1.0,1,none,0,0,0,1.351928000076441,174,153,174,174,26,19,1,0
digits,33,medium,StaleNoRecheck,1797,64,10,154,0.08569838619922092,10,1.0,1,none,0,0,0,0.6377009999596339,720,72,720,720,0,8,0,0
digits,33,medium,NaiveNoPolicy,1797,64,10,154,0.08569838619922092,10,0.2,0,ranking_truncation,8,0,0,0.20137500018790888,720,720,720,0,0,8,0,0
digits,34,narrow,ExactSecure,1797,64,10,27,0.015025041736227046,10,1.0,1,none,0,0,0,0.9370779998789658,1797,27,27,1797,0,0,1,0
digits,34,narrow,PostFilter-IVF,1797,64,10,27,0.015025041736227046,6,0.5,0,candidate_starvation,0,0,0,0.43038099988734757,602,6,602,602,0,8,0,0
digits,34,narrow,AdaptivePostFilter-IVF,1797,64,10,27,0.015025041736227046,10,1.0,1,none,0,0,0,1.959772999953202,1797,27,1797,1797,0,28,0,0
digits,34,narrow,TenantPartition-IVF,1797,64,10,27,0.015025041736227046,6,0.5,0,candidate_starvation,0,0,0,0.31399099998452584,602,6,602,602,0,8,0,0
digits,34,narrow,PreFilter-IVF,1797,64,10,27,0.015025041736227046,10,1.0,1,none,0,0,0,0.31364500000563567,199,27,27,199,28,4,0,0
digits,34,narrow,PACER-A,1797,64,10,27,0.015025041736227046,10,1.0,1,none,0,0,0,0.35249400002612674,30,27,30,30,27,4,1,0
digits,34,narrow,PACER-C,1797,64,10,27,0.015025041736227046,10,1.0,1,none,0,0,0,0.40731400008553464,30,27,30,30,27,4,1,0
digits,34,narrow,PACER-X,1797,64,10,27,0.015025041736227046,10,1.0,1,none,0,0,0,0.3261690001181705,30,27,30,30,27,4,1,0
digits,34,narrow,StaleNoRecheck,1797,64,10,27,0.015025041736227046,7,0.5,0,candidate_starvation,0,1,0,0.5061740000655846,602,7,602,602,0,8,0,0
digits,34,narrow,NaiveNoPolicy,1797,64,10,27,0.015025041736227046,10,0.0,0,ranking_truncation,10,0,10,0.15554700007669453,602,602,602,0,0,8,0,0
digits,35,cold,ExactSecure,1797,64,10,7,0.0038953811908736783,7,1.0,1,none,0,0,0,1.1004650000359106,1797,7,7,1797,0,0,1,0
digits,35,cold,PostFilter-IVF,1797,64,10,7,0.0038953811908736783,7,1.0,1,none,0,0,0,0.33180399987031706,433,7,433,433,0,8,0,0
digits,35,cold,AdaptivePostFilter-IVF,1797,64,10,7,0.0038953811908736783,7,1.0,1,none,0,0,0,1.9418290000885463,1797,7,1797,1797,0,28,0,0
digits,35,cold,TenantPartition-IVF,1797,64,10,7,0.0038953811908736783,7,1.0,1,none,0,0,0,0.3285039999809669,433,7,433,433,0,8,0,0
digits,35,cold,PreFilter-IVF,1797,64,10,7,0.0038953811908736783,7,1.0,1,none,0,0,0,0.1726069999676838,97,7,7,97,28,1,0,0
digits,35,cold,PACER-A,1797,64,10,7,0.0038953811908736783,7,1.0,1,none,0,0,0,0.11888499989254342,9,7,9,9,2,1,1,0
digits,35,cold,PACER-C,1797,64,10,7,0.0038953811908736783,7,1.0,1,none,0,0,0,0.10365299999648414,9,7,9,9,2,1,1,0
digits,35,cold,PACER-X,1797,64,10,7,0.0038953811908736783,7,1.0,1,none,0,0,0,0.10012500001721492,9,7,9,9,2,1,1,0
digits,35,cold,StaleNoRecheck,1797,64,10,7,0.0038953811908736783,9,1.0,0,ranking_truncation,0,2,0,0.3791980000187323,433,9,433,433,0,8,0,0
digits,35,cold,NaiveNoPolicy,1797,64,10,7,0.0038953811908736783,10,0.0,0,ranking_truncation,10,2,2,0.11608499994508747,433,433,433,0,0,8,0,0
digits,36,broad,ExactSecure,1797,64,10,1617,0.8998330550918197,10,1.0,1,none,0,0,0,1.3261429999147367,1797,1617,1617,1797,0,0,1,0
digits,36,broad,PostFilter-IVF,1797,64,10,1617,0.8998330550918197,10,0.7,0,ranking_truncation,0,0,0,0.5236429999513348,516,467,516,516,0,8,0,0
digits,36,broad,AdaptivePostFilter-IVF,1797,64,10,1617,0.8998330550918197,10,1.0,1,none,0,0,0,2.6256219998685992,1797,1617,1797,1797,0,28,0,0
digits,36,broad,TenantPartition-IVF,1797,64,10,1617,0.8998330550918197,10,0.7,0,ranking_truncation,0,0,0,0.5896469999697729,516,467,516,516,0,8,0,0
digits,36,broad,PreFilter-IVF,1797,64,10,1617,0.8998330550918197,10,1.0,1,none,0,0,0,2.2514469999350695,665,606,606,665,8,8,0,0
digits,36,broad,PACER-A,1797,64,10,1617,0.8998330550918197,10,1.0,1,none,0,0,0,1.8909670000084589,720,652,720,720,10,10,0,0
digits,36,broad,PACER-C,1797,64,10,1617,0.8998330550918197,10,1.0,1,none,0,0,0,3.885509999918213,1797,1617,1797,1797,28,28,1,0
digits,36,broad,PACER-X,1797,64,10,1617,0.8998330550918197,10,1.0,1,none,0,0,0,4.116079999903377,1797,1617,1797,1797,28,28,1,0
digits,36,broad,StaleNoRecheck,1797,64,10,1617,0.8998330550918197,10,0.7,0,ranking_truncation,0,0,0,0.4904499999156542,516,516,516,516,0,8,0,0
digits,36,broad,NaiveNoPolicy,1797,64,10,1617,0.8998330550918197,10,0.7,0,ranking_truncation,0,0,0,0.14003199999024218,516,516,516,0,0,8,0,0
digits,37,medium,ExactSecure,1797,64,10,229,0.12743461324429606,10,1.0,1,none,0,0,0,0.9531509999760601,1797,229,229,1797,0,0,1,0
digits,37,medium,PostFilter-IVF,1797,64,10,229,0.12743461324429606,10,0.9,0,ranking_truncation,0,0,0,0.38822000010441116,433,111,433,433,0,8,0,0
digits,37,medium,AdaptivePostFilter-IVF,1797,64,10,229,0.12743461324429606,10,1.0,1,none,0,0,0,2.0481980000113253,1797,229,1797,1797,0,28,0,0
digits,37,medium,TenantPartition-IVF,1797,64,10,229,0.12743461324429606,10,0.9,0,ranking_truncation,0,0,0,0.3297260000181268,433,111,433,433,0,8,0,0
digits,37,medium,PreFilter-IVF,1797,64,10,229,0.12743461324429606,10,0.7,0,ranking_truncation,0,0,0,1.0495909998553543,650,143,143,650,10,8,0,0
digits,37,medium,PACER-A,1797,64,10,229,0.12743461324429606,10,1.0,1,none,0,0,0,1.3374889999795414,247,229,247,247,27,14,1,0
digits,37,medium,PACER-C,1797,64,10,229,0.12743461324429606,10,1.0,1,none,0,0,0,1.2973740001598344,247,229,247,247,27,14,1,0
digits,37,medium,PACER-X,1797,64,10,229,0.12743461324429606,10,1.0,1,none,0,0,0,1.2574910001603712,247,229,247,247,27,14,1,0
digits,37,medium,StaleNoRecheck,1797,64,10,229,0.12743461324429606,10,0.8,0,ranking_truncation,0,2,0,0.371227999949042,433,121,433,433,0,8,0,0
digits,37,medium,NaiveNoPolicy,1797,64,10,229,0.12743461324429606,10,0.2,0,ranking_truncation,7,1,0,0.16548899998269917,433,433,433,0,0,8,0,0
digits,38,narrow,ExactSecure,1797,64,10,14,0.0077907623817473565,10,1.0,1,none,0,0,0,0.9072590000869241,1797,14,14,1797,0,0,1,0
digits,38,narrow,PostFilter-IVF,1797,64,10,14,0.0077907623817473565,10,1.0,1,none,0,0,0,0.4681419998178171,647,14,647,647,0,8,0,0
digits,38,narrow,AdaptivePostFilter-IVF,1797,64,10,14,0.0077907623817473565,10,1.0,1,none,0,0,0,2.839925999978732,1797,14,1797,1797,0,28,0,0
digits,38,narrow,TenantPartition-IVF,1797,64,10,14,0.0077907623817473565,10,1.0,1,none,0,0,0,0.3550129999894125,647,14,647,647,0,8,0,0
digits,38,narrow,PreFilter-IVF,1797,64,10,14,0.0077907623817473565,10,1.0,1,none,0,0,0,0.2437649998228153,177,14,14,177,28,2,0,0
digits,38,narrow,PACER-A,1797,64,10,14,0.0077907623817473565,10,1.0,1,none,0,0,0,0.2589769999303826,18,14,18,18,2,2,1,0
digits,38,narrow,PACER-C,1797,64,10,14,0.0077907623817473565,10,1.0,1,none,0,0,0,0.19752299999709066,18,14,18,18,2,2,1,0
digits,38,narrow,PACER-X,1797,64,10,14,0.0077907623817473565,10,1.0,1,none,0,0,0,0.23701899999650777,18,14,18,18,2,2,1,0
digits,38,narrow,StaleNoRecheck,1797,64,10,14,0.0077907623817473565,10,0.7,0,ranking_truncation,0,3,0,0.6459230000928073,647,18,647,647,0,8,0,0
digits,38,narrow,NaiveNoPolicy,1797,64,10,14,0.0077907623817473565,10,0.1,0,ranking_truncation,8,4,0,0.16388999983973918,647,647,647,0,0,8,0,0
digits,39,cold,ExactSecure,1797,64,10,8,0.004451864218141347,8,1.0,1,none,0,0,0,1.9810740000139049,1797,8,8,1797,0,0,1,0
digits,39,cold,PostFilter-IVF,1797,64,10,8,0.004451864218141347,5,0.625,0,candidate_starvation,0,0,0,0.5481749999489693,578,5,578,578,0,8,0,0
digits,39,cold,AdaptivePostFilter-IVF,1797,64,10,8,0.004451864218141347,8,1.0,1,none,0,0,0,2.121099000078175,1797,8,1797,1797,0,28,0,0
digits,39,cold,TenantPartition-IVF,1797,64,10,8,0.004451864218141347,5,0.625,0,candidate_starvation,0,0,0,0.3881519999140437,578,5,578,578,0,8,0,0
digits,39,cold,PreFilter-IVF,1797,64,10,8,0.004451864218141347,8,1.0,1,none,0,0,0,0.6191669999680016,373,8,8,373,28,5,0,0
digits,39,cold,PACER-A,1797,64,10,8,0.004451864218141347,8,1.0,1,none,0,0,0,0.49572099987926777,8,8,8,8,25,5,1,0
digits,39,cold,PACER-C,1797,64,10,8,0.004451864218141347,8,1.0,1,none,0,0,0,0.3735850000339269,8,8,8,8,25,5,1,0
digits,39,cold,PACER-X,1797,64,10,8,0.004451864218141347,8,1.0,1,none,0,0,0,0.3869250001571345,8,8,8,8,25,5,1,0
digits,39,cold,StaleNoRecheck,1797,64,10,8,0.004451864218141347,5,0.625,0,candidate_starvation,0,0,0,0.41240500013373094,578,5,578,578,0,8,0,0
digits,39,cold,NaiveNoPolicy,1797,64,10,8,0.004451864218141347,10,0.125,0,ranking_truncation,9,1,6,0.16460899996673106,578,578,578,0,0,8,0,0
digits,40,broad,ExactSecure,1797,64,10,1683,0.9365609348914858,10,1.0,1,none,0,0,0,1.1468369998510752,1797,1683,1683,1797,0,0,1,0
digits,40,broad,PostFilter-IVF,1797,64,10,1683,0.9365609348914858,10,1.0,1,none,0,0,0,0.5480280001393112,646,611,646,646,0,8,0,0
digits,40,broad,AdaptivePostFilter-IVF,1797,64,10,1683,0.9365609348914858,10,1.0,1,none,0,0,0,2.1308699999735836,1797,1683,1797,1797,0,28,0,0
digits,40,broad,TenantPartition-IVF,1797,64,10,1683,0.9365609348914858,10,1.0,1,none,0,0,0,0.6163589998777752,646,611,646,646,0,8,0,0
digits,40,broad,PreFilter-IVF,1797,64,10,1683,0.9365609348914858,10,1.0,1,none,0,0,0,2.2823829999651934,591,560,560,591,8,8,0,0
digits,40,broad,PACER-A,1797,64,10,1683,0.9365609348914858,10,1.0,1,none,0,0,0,1.7488839998804906,720,682,720,720,10,10,0,0
digits,40,broad,PACER-C,1797,64,10,1683,0.9365609348914858,10,1.0,1,none,0,0,0,4.10808900005577,1784,1672,1784,1784,27,27,1,0
digits,40,broad,PACER-X,1797,64,10,1683,0.9365609348914858,10,1.0,1,none,0,0,0,3.684266000163916,1784,1672,1784,1784,27,27,1,0
digits,40,broad,StaleNoRecheck,1797,64,10,1683,0.9365609348914858,10,0.9,0,ranking_truncation,0,1,0,0.7612020001488418,646,646,646,646,0,8,0,0
digits,40,broad,NaiveNoPolicy,1797,64,10,1683,0.9365609348914858,10,0.9,0,ranking_truncation,0,1,0,0.1633090000723314,646,646,646,0,0,8,0,0
digits,41,medium,ExactSecure,1797,64,10,276,0.15358931552587646,10,1.0,1,none,0,0,0,0.9361750001062319,1797,276,276,1797,0,0,1,0
digits,41,medium,PostFilter-IVF,1797,64,10,276,0.15358931552587646,10,1.0,1,none,0,0,0,0.5051739999544225,606,145,606,606,0,8,0,0
digits,41,medium,AdaptivePostFilter-IVF,1797,64,10,276,0.15358931552587646,10,1.0,1,none,0,0,0,2.1408970001175476,1797,276,1797,1797,0,28,0,0
digits,41,medium,TenantPartition-IVF,1797,64,10,276,0.15358931552587646,10,1.0,1,none,0,0,0,0.4186979999758478,606,145,606,606,0,8,0,0
digits,41,medium,PreFilter-IVF,1797,64,10,276,0.15358931552587646,10,1.0,1,none,0,0,0,0.6373270000494813,519,121,121,519,9,8,0,0
digits,41,medium,PACER-A,1797,64,10,276,0.15358931552587646,10,1.0,1,none,0,0,0,1.6049749999638152,308,276,308,308,28,19,1,0
digits,41,medium,PACER-C,1797,64,10,276,0.15358931552587646,10,1.0,1,none,0,0,0,1.6003640000690211,308,276,308,308,28,19,1,0
digits,41,medium,PACER-X,1797,64,10,276,0.15358931552587646,10,1.0,1,none,0,0,0,1.614625000001979,308,276,308,308,28,19,1,0
digits,41,medium,StaleNoRecheck,1797,64,10,276,0.15358931552587646,10,0.8,0,ranking_truncation,0,2,0,0.4842999999254971,606,162,606,606,0,8,0,0
digits,41,medium,NaiveNoPolicy,1797,64,10,276,0.15358931552587646,10,0.5,0,ranking_truncation,4,1,0,0.1416760001120565,606,606,606,0,0,8,0,0
digits,42,narrow,ExactSecure,1797,64,10,18,0.01001669449081803,10,1.0,1,none,0,0,0,0.9351120002065727,1797,18,18,1797,0,0,1,0
digits,42,narrow,PostFilter-IVF,1797,64,10,18,0.01001669449081803,10,1.0,1,none,0,0,0,0.46074000010776217,636,18,636,636,0,8,0,0
digits,42,narrow,AdaptivePostFilter-IVF,1797,64,10,18,0.01001669449081803,10,1.0,1,none,0,0,0,2.242117999912807,1797,18,1797,1797,0,28,0,0
digits,42,narrow,TenantPartition-IVF,1797,64,10,18,0.01001669449081803,10,1.0,1,none,0,0,0,0.4020960000161722,636,18,636,636,0,8,0,0
digits,42,narrow,PreFilter-IVF,1797,64,10,18,0.01001669449081803,10,1.0,1,none,0,0,0,0.3808550000030664,176,18,18,176,28,4,0,0
digits,42,narrow,PACER-A,1797,64,10,18,0.01001669449081803,10,1.0,1,none,0,0,0,0.3461629999037541,20,18,20,20,10,4,1,0
digits,42,narrow,PACER-C,1797,64,10,18,0.01001669449081803,10,1.0,1,none,0,0,0,0.5162009999821748,20,18,20,20,10,4,1,0
digits,42,narrow,PACER-X,1797,64,10,18,0.01001669449081803,10,1.0,1,none,0,0,0,0.5955800002084288,20,18,20,20,10,4,1,0
digits,42,narrow,StaleNoRecheck,1797,64,10,18,0.01001669449081803,10,0.9,0,ranking_truncation,0,1,0,0.923097999930178,636,20,636,636,0,8,0,0
digits,42,narrow,NaiveNoPolicy,1797,64,10,18,0.01001669449081803,10,0.1,0,ranking_truncation,9,0,0,0.2578090000042721,636,636,636,0,0,8,0,0
digits,43,cold,ExactSecure,1797,64,10,12,0.00667779632721202,10,1.0,1,none,0,0,0,1.0480319999714993,1797,12,12,1797,0,0,1,0
digits,43,cold,PostFilter-IVF,1797,64,10,12,0.00667779632721202,6,0.6,0,candidate_starvation,0,0,0,0.46341499978552747,613,6,613,613,0,8,0,0
digits,43,cold,AdaptivePostFilter-IVF,1797,64,10,12,0.00667779632721202,10,1.0,1,none,0,0,0,1.8144179998671461,1797,12,1797,1797,0,28,0,0
digits,43,cold,TenantPartition-IVF,1797,64,10,12,0.00667779632721202,6,0.6,0,candidate_starvation,0,0,0,0.29030600012447394,613,6,613,613,0,8,0,0
digits,43,cold,PreFilter-IVF,1797,64,10,12,0.00667779632721202,10,1.0,1,none,0,0,0,0.2565870001944859,204,12,12,204,28,2,0,0
digits,43,cold,PACER-A,1797,64,10,12,0.00667779632721202,10,1.0,1,none,0,0,0,0.20334900000307243,12,12,12,12,6,2,1,0
digits,43,cold,PACER-C,1797,64,10,12,0.00667779632721202,10,1.0,1,none,0,0,0,0.1788619999842922,12,12,12,12,6,2,1,0
digits,43,cold,PACER-X,1797,64,10,12,0.00667779632721202,10,1.0,1,none,0,0,0,0.17146999994110956,12,12,12,12,6,2,1,0
digits,43,cold,StaleNoRecheck,1797,64,10,12,0.00667779632721202,6,0.6,0,candidate_starvation,0,0,0,0.4261960000349063,613,6,613,613,0,8,0,0
digits,43,cold,NaiveNoPolicy,1797,64,10,12,0.00667779632721202,10,0.3,0,ranking_truncation,7,0,6,0.1322260000051756,613,613,613,0,0,8,0,0
digits,44,broad,ExactSecure,1797,64,10,1683,0.9365609348914858,10,1.0,1,none,0,0,0,1.0467600000083621,1797,1683,1683,1797,0,0,1,0
digits,44,broad,PostFilter-IVF,1797,64,10,1683,0.9365609348914858,10,1.0,1,none,0,0,0,0.5186460000459192,318,304,318,318,0,8,0,0
digits,44,broad,AdaptivePostFilter-IVF,1797,64,10,1683,0.9365609348914858,10,1.0,1,none,0,0,0,2.2718520001490106,1797,1683,1797,1797,0,28,0,0
digits,44,broad,TenantPartition-IVF,1797,64,10,1683,0.9365609348914858,10,1.0,1,none,0,0,0,0.33129999997072446,318,304,318,318,0,8,0,0
digits,44,broad,PreFilter-IVF,1797,64,10,1683,0.9365609348914858,10,1.0,1,none,0,0,0,1.8185920000632905,443,428,428,443,8,8,0,0
digits,44,broad,PACER-A,1797,64,10,1683,0.9365609348914858,10,1.0,1,none,0,0,0,2.710644000217144,720,690,720,720,13,13,0,0
digits,44,broad,PACER-C,1797,64,10,1683,0.9365609348914858,10,1.0,1,none,0,0,0,5.719075999877532,1797,1683,1797,1797,28,28,1,0
digits,44,broad,PACER-X,1797,64,10,1683,0.9365609348914858,10,1.0,1,none,0,0,0,5.667797999876711,1797,1683,1797,1797,28,28,1,0
digits,44,broad,StaleNoRecheck,1797,64,10,1683,0.9365609348914858,10,1.0,1,none,0,0,0,0.4902329999367794,318,318,318,318,0,8,0,0
digits,44,broad,NaiveNoPolicy,1797,64,10,1683,0.9365609348914858,10,1.0,1,none,0,0,0,0.13003000003664056,318,318,318,0,0,8,0,0
digits,45,medium,ExactSecure,1797,64,10,322,0.1791875347801892,10,1.0,1,none,0,0,0,1.7343419999633625,1797,322,322,1797,0,0,1,0
digits,45,medium,PostFilter-IVF,1797,64,10,322,0.1791875347801892,10,1.0,1,none,0,0,0,0.9748580000632501,693,164,693,693,0,8,0,0
digits,45,medium,AdaptivePostFilter-IVF,1797,64,10,322,0.1791875347801892,10,1.0,1,none,0,0,0,3.2546029999593884,1797,322,1797,1797,0,28,0,0
digits,45,medium,TenantPartition-IVF,1797,64,10,322,0.1791875347801892,10,1.0,1,none,0,0,0,0.7449860001997877,693,164,693,693,0,8,0,0
digits,45,medium,PreFilter-IVF,1797,64,10,322,0.1791875347801892,10,1.0,1,none,0,0,0,1.4572349998616119,751,186,186,751,9,8,0,0
digits,45,medium,PACER-A,1797,64,10,322,0.1791875347801892,10,1.0,1,none,0,0,0,2.349499999809268,348,322,348,348,26,17,1,0
digits,45,medium,PACER-C,1797,64,10,322,0.1791875347801892,10,1.0,1,none,0,0,0,2.244227999881332,348,322,348,348,26,17,1,0
digits,45,medium,PACER-X,1797,64,10,322,0.1791875347801892,10,1.0,1,none,0,0,0,2.244929000198681,348,322,348,348,26,17,1,0
digits,45,medium,StaleNoRecheck,1797,64,10,322,0.1791875347801892,10,0.9,0,ranking_truncation,0,1,0,0.8991359998162807,693,181,693,693,0,8,0,0
digits,45,medium,NaiveNoPolicy,1797,64,10,322,0.1791875347801892,10,0.6,0,ranking_truncation,3,2,0,0.27863900004376774,693,693,693,0,0,8,0,0
digits,46,narrow,ExactSecure,1797,64,10,7,0.0038953811908736783,7,1.0,1,none,0,0,0,1.6088400000171532,1797,7,7,1797,0,0,1,0
digits,46,narrow,PostFilter-IVF,1797,64,10,7,0.0038953811908736783,6,0.8571428571428571,0,candidate_starvation,0,0,0,0.8359779999409511,672,6,672,672,0,8,0,0
digits,46,narrow,AdaptivePostFilter-IVF,1797,64,10,7,0.0038953811908736783,7,1.0,1,none,0,0,0,3.275301000030595,1797,7,1797,1797,0,28,0,0
digits,46,narrow,TenantPartition-IVF,1797,64,10,7,0.0038953811908736783,6,0.8571428571428571,0,candidate_starvation,0,0,0,0.6288679999215674,672,6,672,672,0,8,0,0
digits,46,narrow,PreFilter-IVF,1797,64,10,7,0.0038953811908736783,7,1.0,1,none,0,0,0,0.8542200000647426,509,7,7,509,28,4,0,0
digits,46,narrow,PACER-A,1797,64,10,7,0.0038953811908736783,7,1.0,1,none,0,0,0,0.45545300008598133,7,7,7,7,14,4,1,0
digits,46,narrow,PACER-C,1797,64,10,7,0.0038953811908736783,7,1.0,1,none,0,0,0,0.4069560000061756,7,7,7,7,14,4,1,0
digits,46,narrow,PACER-X,1797,64,10,7,0.0038953811908736783,7,1.0,1,none,0,0,0,0.40072400020108034,7,7,7,7,14,4,1,0
digits,46,narrow,StaleNoRecheck,1797,64,10,7,0.0038953811908736783,6,0.8571428571428571,0,candidate_starvation,0,0,0,0.7746690000658418,672,6,672,672,0,8,0,0
digits,46,narrow,NaiveNoPolicy,1797,64,10,7,0.0038953811908736783,10,0.14285714285714285,0,ranking_truncation,9,1,9,0.22322699987853412,672,672,672,0,0,8,0,0
digits,47,cold,ExactSecure,1797,64,10,12,0.00667779632721202,10,1.0,1,none,0,0,0,1.644188000000213,1797,12,12,1797,0,0,1,0
digits,47,cold,PostFilter-IVF,1797,64,10,12,0.00667779632721202,9,0.8,0,candidate_starvation,0,0,0,0.7651710000118328,504,9,504,504,0,8,0,0
digits,47,cold,AdaptivePostFilter-IVF,1797,64,10,12,0.00667779632721202,10,1.0,1,none,0,0,0,3.2126460000654333,1797,12,1797,1797,0,28,0,0
digits,47,cold,TenantPartition-IVF,1797,64,10,12,0.00667779632721202,9,0.8,0,candidate_starvation,0,0,0,0.4233869999552553,504,9,504,504,0,8,0,0
digits,47,cold,PreFilter-IVF,1797,64,10,12,0.00667779632721202,10,1.0,1,none,0,0,0,0.8576899999752641,500,12,12,500,28,6,0,0
digits,47,cold,PACER-A,1797,64,10,12,0.00667779632721202,10,1.0,1,none,0,0,0,0.6502010000986047,14,12,14,14,11,6,1,0
digits,47,cold,PACER-C,1797,64,10,12,0.00667779632721202,10,1.0,1,none,0,0,0,0.6181969999943249,14,12,14,14,11,6,1,0
digits,47,cold,PACER-X,1797,64,10,12,0.00667779632721202,10,1.0,1,none,0,0,0,0.5804690001696144,14,12,14,14,11,6,1,0
digits,47,cold,StaleNoRecheck,1797,64,10,12,0.00667779632721202,10,0.8,0,ranking_truncation,0,1,0,0.6208960001004016,504,10,504,504,0,8,0,0
digits,47,cold,NaiveNoPolicy,1797,64,10,12,0.00667779632721202,10,0.1,0,ranking_truncation,9,1,0,0.2023219999500725,504,504,504,0,0,8,0,0
digits,48,broad,ExactSecure,1797,64,10,1617,0.8998330550918197,10,1.0,1,none,0,0,0,1.8109430000095017,1797,1617,1617,1797,0,0,1,0
digits,48,broad,PostFilter-IVF,1797,64,10,1617,0.8998330550918197,10,1.0,1,none,0,0,0,0.8964990001913975,611,549,611,611,0,8,0,0
digits,48,broad,AdaptivePostFilter-IVF,1797,64,10,1617,0.8998330550918197,10,1.0,1,none,0,0,0,3.373592000116332,1797,1617,1797,1797,0,28,0,0
digits,48,broad,TenantPartition-IVF,1797,64,10,1617,0.8998330550918197,10,1.0,1,none,0,0,0,1.0024069999872154,611,549,611,611,0,8,0,0
digits,48,broad,PreFilter-IVF,1797,64,10,1617,0.8998330550918197,10,1.0,1,none,0,0,0,3.521776000070531,669,611,611,669,8,8,0,0
digits,48,broad,PACER-A,1797,64,10,1617,0.8998330550918197,10,1.0,1,none,0,0,0,2.234084000065195,720,659,720,720,9,9,0,0
digits,48,broad,PACER-C,1797,64,10,1617,0.8998330550918197,10,1.0,1,none,0,0,0,6.023972000093636,1797,1617,1797,1797,28,28,1,0
digits,48,broad,PACER-X,1797,64,10,1617,0.8998330550918197,10,1.0,1,none,0,0,0,5.896356999983254,1797,1617,1797,1797,28,28,1,0
digits,48,broad,StaleNoRecheck,1797,64,10,1617,0.8998330550918197,10,0.8,0,ranking_truncation,0,2,0,0.49743399995350046,611,611,611,611,0,8,0,0
digits,48,broad,NaiveNoPolicy,1797,64,10,1617,0.8998330550918197,10,0.8,0,ranking_truncation,0,2,0,0.1409599999533384,611,611,611,0,0,8,0,0
digits,49,medium,ExactSecure,1797,64,10,236,0.13132999443516974,10,1.0,1,none,0,0,0,0.9986049999497482,1797,236,236,1797,0,0,1,0
digits,49,medium,PostFilter-IVF,1797,64,10,236,0.13132999443516974,10,1.0,1,none,0,0,0,0.4439530000581726,579,152,579,579,0,8,0,0
digits,49,medium,AdaptivePostFilter-IVF,1797,64,10,236,0.13132999443516974,10,1.0,1,none,0,0,0,1.9296190000659408,1797,236,1797,1797,0,28,0,0
digits,49,medium,TenantPartition-IVF,1797,64,10,236,0.13132999443516974,10,1.0,1,none,0,0,0,0.45208200003798993,579,152,579,579,0,8,0,0
digits,49,medium,PreFilter-IVF,1797,64,10,236,0.13132999443516974,10,0.9,0,ranking_truncation,0,0,0,0.7340310000927275,587,108,108,587,8,8,0,0
digits,49,medium,PACER-A,1797,64,10,236,0.13132999443516974,10,1.0,1,none,0,0,0,1.5228209999804676,268,236,268,268,25,16,1,0
digits,49,medium,PACER-C,1797,64,10,236,0.13132999443516974,10,1.0,1,none,0,0,0,1.3218079998296162,268,236,268,268,25,16,1,0
digits,49,medium,PACER-X,1797,64,10,236,0.13132999443516974,10,1.0,1,none,0,0,0,1.3901709999117884,268,236,268,268,25,16,1,0
digits,49,medium,StaleNoRecheck,1797,64,10,236,0.13132999443516974,10,0.7,0,ranking_truncation,0,3,0,0.4335090000040509,579,176,579,579,0,8,0,0
digits,49,medium,NaiveNoPolicy,1797,64,10,236,0.13132999443516974,10,0.3,0,ranking_truncation,6,1,0,0.13570399983109382,579,579,579,0,0,8,0,0
digits,50,narrow,ExactSecure,1797,64,10,30,0.01669449081803005,10,1.0,1,none,0,0,0,0.8695029998762038,1797,30,30,1797,0,0,1,0
digits,50,narrow,PostFilter-IVF,1797,64,10,30,0.01669449081803005,10,1.0,1,none,0,0,0,0.3748050000922376,497,29,497,497,0,8,0,0
digits,50,narrow,AdaptivePostFilter-IVF,1797,64,10,30,0.01669449081803005,10,1.0,1,none,0,0,0,1.873018999958731,1797,30,1797,1797,0,28,0,0
digits,50,narrow,TenantPartition-IVF,1797,64,10,30,0.01669449081803005,10,1.0,1,none,0,0,0,0.30303699986689026,497,29,497,497,0,8,0,0
digits,50,narrow,PreFilter-IVF,1797,64,10,30,0.01669449081803005,10,1.0,1,none,0,0,0,4.228496999985509,360,30,30,360,28,6,0,0
digits,50,narrow,PACER-A,1797,64,10,30,0.01669449081803005,10,1.0,1,none,0,0,0,0.5061409999598254,33,30,33,33,11,6,1,0
digits,50,narrow,PACER-C,1797,64,10,30,0.01669449081803005,10,1.0,1,none,0,0,0,0.5382509998526075,33,30,33,33,11,6,1,0
digits,50,narrow,PACER-X,1797,64,10,30,0.01669449081803005,10,1.0,1,none,0,0,0,0.47858199991424044,33,30,33,33,11,6,1,0
digits,50,narrow,StaleNoRecheck,1797,64,10,30,0.01669449081803005,10,0.8,0,ranking_truncation,0,2,0,0.39381999999932304,497,32,497,497,0,8,0,0
digits,50,narrow,NaiveNoPolicy,1797,64,10,30,0.01669449081803005,10,0.2,0,ranking_truncation,8,0,1,0.13026700003138103,497,497,497,0,0,8,0,0
digits,51,cold,ExactSecure,1797,64,10,13,0.007234279354479688,10,1.0,1,none,0,0,0,0.8920570001009764,1797,13,13,1797,0,0,1,0
digits,51,cold,PostFilter-IVF,1797,64,10,13,0.007234279354479688,10,1.0,1,none,0,0,0,0.5665880000833567,691,13,691,691,0,8,0,0
digits,51,cold,AdaptivePostFilter-IVF,1797,64,10,13,0.007234279354479688,10,1.0,1,none,0,0,0,2.22749899990049,1797,13,1797,1797,0,28,0,0
digits,51,cold,TenantPartition-IVF,1797,64,10,13,0.007234279354479688,10,1.0,1,none,0,0,0,0.4097319999800675,691,13,691,691,0,8,0,0
digits,51,cold,PreFilter-IVF,1797,64,10,13,0.007234279354479688,10,1.0,1,none,0,0,0,0.3080230001160089,152,13,13,152,28,2,0,0
digits,51,cold,PACER-A,1797,64,10,13,0.007234279354479688,10,1.0,1,none,0,0,0,0.25184100013575517,14,13,14,14,3,2,1,0
digits,51,cold,PACER-C,1797,64,10,13,0.007234279354479688,10,1.0,1,none,0,0,0,0.18884699989030196,14,13,14,14,3,2,1,0
digits,51,cold,PACER-X,1797,64,10,13,0.007234279354479688,10,1.0,1,none,0,0,0,0.24820199996611336,14,13,14,14,3,2,1,0
digits,51,cold,StaleNoRecheck,1797,64,10,13,0.007234279354479688,10,1.0,1,none,0,0,0,0.514201999976649,691,14,691,691,0,8,0,0
digits,51,cold,NaiveNoPolicy,1797,64,10,13,0.007234279354479688,10,0.4,0,ranking_truncation,6,1,0,0.15786700009812193,691,691,691,0,0,8,0,0
digits,52,broad,ExactSecure,1797,64,10,1597,0.8887033945464663,10,1.0,1,none,0,0,0,1.0700350001116021,1797,1597,1597,1797,0,0,1,0
digits,52,broad,PostFilter-IVF,1797,64,10,1597,0.8887033945464663,10,1.0,1,none,0,0,0,0.4581900000175665,538,471,538,538,0,8,0,0
digits,52,broad,AdaptivePostFilter-IVF,1797,64,10,1597,0.8887033945464663,10,1.0,1,none,0,0,0,2.1678599998722348,1797,1597,1797,1797,0,28,0,0
digits,52,broad,TenantPartition-IVF,1797,64,10,1597,0.8887033945464663,10,1.0,1,none,0,0,0,0.5620590000035008,538,471,538,538,0,8,0,0
digits,52,broad,PreFilter-IVF,1797,64,10,1597,0.8887033945464663,10,1.0,1,none,0,0,0,1.4663680001376633,585,522,522,585,8,8,0,0
digits,52,broad,PACER-A,1797,64,10,1597,0.8887033945464663,10,1.0,1,none,0,0,0,1.750751000145101,720,641,720,720,10,10,0,0
digits,52,broad,PACER-C,1797,64,10,1597,0.8887033945464663,10,1.0,1,none,0,0,0,4.479158999856736,1797,1597,1797,1797,28,28,1,0
digits,52,broad,PACER-X,1797,64,10,1597,0.8887033945464663,10,1.0,1,none,0,0,0,4.5454300000074,1797,1597,1797,1797,28,28,1,0
digits,52,broad,StaleNoRecheck,1797,64,10,1597,0.8887033945464663,10,0.8,0,ranking_truncation,0,2,0,0.5154289999609318,538,538,538,538,0,8,0,0
digits,52,broad,NaiveNoPolicy,1797,64,10,1597,0.8887033945464663,10,0.8,0,ranking_truncation,0,2,0,0.14222499999050342,538,538,538,0,0,8,0,0
digits,53,medium,ExactSecure,1797,64,10,139,0.0773511407902059,10,1.0,1,none,0,0,0,0.9905990000333986,1797,139,139,1797,0,0,1,0
digits,53,medium,PostFilter-IVF,1797,64,10,139,0.0773511407902059,10,1.0,1,none,0,0,0,0.4546109998955217,480,48,480,480,0,8,0,0
digits,53,medium,AdaptivePostFilter-IVF,1797,64,10,139,0.0773511407902059,10,1.0,1,none,0,0,0,2.1655630000623205,1797,139,1797,1797,0,28,0,0
digits,53,medium,TenantPartition-IVF,1797,64,10,139,0.0773511407902059,10,1.0,1,none,0,0,0,0.42335700004514365,480,48,480,480,0,8,0,0
digits,53,medium,PreFilter-IVF,1797,64,10,139,0.0773511407902059,10,1.0,1,none,0,0,0,0.9902110000439279,644,64,64,644,8,8,0,0
digits,53,medium,PACER-A,1797,64,10,139,0.0773511407902059,10,1.0,1,none,0,0,0,1.2815729999147152,156,139,156,156,26,14,1,0
digits,53,medium,PACER-C,1797,64,10,139,0.0773511407902059,10,1.0,1,none,0,0,0,1.245848000053229,156,139,156,156,26,14,1,0
digits,53,medium,PACER-X,1797,64,10,139,0.0773511407902059,10,1.0,1,none,0,0,0,1.2022769999475713,156,139,156,156,26,14,1,0
digits,53,medium,StaleNoRecheck,1797,64,10,139,0.0773511407902059,10,0.9,0,ranking_truncation,0,1,0,0.3881370000726747,480,53,480,480,0,8,0,0
digits,53,medium,NaiveNoPolicy,1797,64,10,139,0.0773511407902059,10,0.3,0,ranking_truncation,7,0,2,0.15295499997591833,480,480,480,0,0,8,0,0
digits,54,narrow,ExactSecure,1797,64,10,20,0.011129660545353366,10,1.0,1,none,0,0,0,1.0099300000092626,1797,20,20,1797,0,0,1,0
digits,54,narrow,PostFilter-IVF,1797,64,10,20,0.011129660545353366,10,1.0,1,none,0,0,0,0.599346999933914,651,20,651,651,0,8,0,0
digits,54,narrow,AdaptivePostFilter-IVF,1797,64,10,20,0.011129660545353366,10,1.0,1,none,0,0,0,2.298883000094065,1797,20,1797,1797,0,28,0,0
digits,54,narrow,TenantPartition-IVF,1797,64,10,20,0.011129660545353366,10,1.0,1,none,0,0,0,0.43985899992549093,651,20,651,651,0,8,0,0
digits,54,narrow,PreFilter-IVF,1797,64,10,20,0.011129660545353366,10,1.0,1,none,0,0,0,0.2828080000654154,181,20,20,181,28,2,0,0
digits,54,narrow,PACER-A,1797,64,10,20,0.011129660545353366,10,1.0,1,none,0,0,0,0.22685800013277913,20,20,20,20,2,2,1,0
digits,54,narrow,PACER-C,1797,64,10,20,0.011129660545353366,10,1.0,1,none,0,0,0,0.22180900009516336,20,20,20,20,2,2,1,0
digits,54,narrow,PACER-X,1797,64,10,20,0.011129660545353366,10,1.0,1,none,0,0,0,0.22253499992075376,20,20,20,20,2,2,1,0
digits,54,narrow,StaleNoRecheck,1797,64,10,20,0.011129660545353366,10,1.0,1,none,0,0,0,0.4632630000287463,651,20,651,651,0,8,0,0
digits,54,narrow,NaiveNoPolicy,1797,64,10,20,0.011129660545353366,10,0.0,0,ranking_truncation,10,0,1,0.14881399988553312,651,651,651,0,0,8,0,0
digits,55,cold,ExactSecure,1797,64,10,13,0.007234279354479688,10,1.0,1,none,0,0,0,1.0830319999968196,1797,13,13,1797,0,0,1,0
digits,55,cold,PostFilter-IVF,1797,64,10,13,0.007234279354479688,10,1.0,1,none,0,0,0,0.38428500010923017,354,13,354,354,0,8,0,0
digits,55,cold,AdaptivePostFilter-IVF,1797,64,10,13,0.007234279354479688,10,1.0,1,none,0,0,0,2.170240000168633,1797,13,1797,1797,0,28,0,0
digits,55,cold,TenantPartition-IVF,1797,64,10,13,0.007234279354479688,10,1.0,1,none,0,0,0,0.2661470000475674,354,13,354,354,0,8,0,0
digits,55,cold,PreFilter-IVF,1797,64,10,13,0.007234279354479688,10,1.0,1,none,0,0,0,0.3634709999005281,199,13,13,199,28,4,0,0
digits,55,cold,PACER-A,1797,64,10,13,0.007234279354479688,10,1.0,1,none,0,0,0,0.38379900001928036,14,13,14,14,19,4,1,0
digits,55,cold,PACER-C,1797,64,10,13,0.007234279354479688,10,1.0,1,none,0,0,0,0.33183999994435,14,13,14,14,19,4,1,0
digits,55,cold,PACER-X,1797,64,10,13,0.007234279354479688,10,1.0,1,none,0,0,0,0.3391110001302877,14,13,14,14,19,4,1,0
digits,55,cold,StaleNoRecheck,1797,64,10,13,0.007234279354479688,10,0.9,0,ranking_truncation,0,1,0,0.27952200002800964,354,14,354,354,0,8,0,0
digits,55,cold,NaiveNoPolicy,1797,64,10,13,0.007234279354479688,10,0.2,0,ranking_truncation,8,0,0,0.10845899987543817,354,354,354,0,0,8,0,0
digits,56,broad,ExactSecure,1797,64,10,1649,0.9176405119643851,10,1.0,1,none,0,0,0,1.0352809999858437,1797,1649,1649,1797,0,0,1,0
digits,56,broad,PostFilter-IVF,1797,64,10,1649,0.9176405119643851,10,1.0,1,none,0,0,0,0.4535339999165444,462,421,462,462,0,8,0,0
digits,56,broad,AdaptivePostFilter-IVF,1797,64,10,1649,0.9176405119643851,10,1.0,1,none,0,0,0,2.2694209999372106,1797,1649,1797,1797,0,28,0,0
digits,56,broad,TenantPartition-IVF,1797,64,10,1649,0.9176405119643851,10,1.0,1,none,0,0,0,0.4739490000247315,462,421,462,462,0,8,0,0
digits,56,broad,PreFilter-IVF,1797,64,10,1649,0.9176405119643851,10,1.0,1,none,0,0,0,1.5964540000368288,634,588,588,634,8,8,0,0
digits,56,broad,PACER-A,1797,64,10,1649,0.9176405119643851,10,1.0,1,none,0,0,0,1.7751899999893794,720,668,720,720,10,10,0,0
digits,56,broad,PACER-C,1797,64,10,1649,0.9176405119643851,10,1.0,1,none,0,0,0,3.869156999826373,1797,1649,1797,1797,28,28,1,0
digits,56,broad,PACER-X,1797,64,10,1649,0.9176405119643851,10,1.0,1,none,0,0,0,3.8689240000167047,1797,1649,1797,1797,28,28,1,0
digits,56,broad,StaleNoRecheck,1797,64,10,1649,0.9176405119643851,10,1.0,1,none,0,0,0,0.4439750000528875,462,462,462,462,0,8,0,0
digits,56,broad,NaiveNoPolicy,1797,64,10,1649,0.9176405119643851,10,1.0,1,none,0,0,0,0.1209250001465989,462,462,462,0,0,8,0,0
digits,57,medium,ExactSecure,1797,64,10,154,0.08569838619922092,10,1.0,1,none,0,0,0,0.9735899998304376,1797,154,154,1797,0,0,1,0
digits,57,medium,PostFilter-IVF,1797,64,10,154,0.08569838619922092,10,1.0,1,none,0,0,0,0.6284920000325656,720,95,720,720,0,8,0,0
digits,57,medium,AdaptivePostFilter-IVF,1797,64,10,154,0.08569838619922092,10,1.0,1,none,0,0,0,2.3163200000908546,1797,154,1797,1797,0,28,0,0
digits,57,medium,TenantPartition-IVF,1797,64,10,154,0.08569838619922092,10,1.0,1,none,0,0,0,0.4987350000646984,720,95,720,720,0,8,0,0
digits,57,medium,PreFilter-IVF,1797,64,10,154,0.08569838619922092,10,1.0,1,none,0,0,0,0.9039919998485857,618,99,99,618,9,8,0,0
digits,57,medium,PACER-A,1797,64,10,154,0.08569838619922092,10,1.0,1,none,0,0,0,1.231479000125546,175,154,175,175,23,14,1,0
digits,57,medium,PACER-C,1797,64,10,154,0.08569838619922092,10,1.0,1,none,0,0,0,1.214246000017738,175,154,175,175,23,14,1,0
digits,57,medium,PACER-X,1797,64,10,154,0.08569838619922092,10,1.0,1,none,0,0,0,1.1780939998971007,175,154,175,175,23,14,1,0
digits,57,medium,StaleNoRecheck,1797,64,10,154,0.08569838619922092,10,0.8,0,ranking_truncation,0,2,0,0.6008829998336296,720,112,720,720,0,8,0,0
digits,57,medium,NaiveNoPolicy,1797,64,10,154,0.08569838619922092,10,0.3,0,ranking_truncation,7,0,0,0.2265519999582466,720,720,720,0,0,8,0,0
digits,58,narrow,ExactSecure,1797,64,10,7,0.0038953811908736783,7,1.0,1,none,0,0,0,1.1980669999047677,1797,7,7,1797,0,0,1,0
digits,58,narrow,PostFilter-IVF,1797,64,10,7,0.0038953811908736783,7,1.0,1,none,0,0,0,0.2659819999735191,307,7,307,307,0,8,0,0
digits,58,narrow,AdaptivePostFilter-IVF,1797,64,10,7,0.0038953811908736783,7,1.0,1,none,0,0,0,1.9596050001382537,1797,7,1797,1797,0,28,0,0
digits,58,narrow,TenantPartition-IVF,1797,64,10,7,0.0038953811908736783,7,1.0,1,none,0,0,0,0.2465749998918909,307,7,307,307,0,8,0,0
digits,58,narrow,PreFilter-IVF,1797,64,10,7,0.0038953811908736783,7,1.0,1,none,0,0,0,0.319253000043318,129,7,7,129,28,4,0,0
digits,58,narrow,PACER-A,1797,64,10,7,0.0038953811908736783,7,1.0,1,none,0,0,0,0.4757249998874613,7,7,7,7,18,4,1,0
digits,58,narrow,PACER-C,1797,64,10,7,0.0038953811908736783,7,1.0,1,none,0,0,0,0.4968089999692893,7,7,7,7,18,4,1,0
digits,58,narrow,PACER-X,1797,64,10,7,0.0038953811908736783,7,1.0,1,none,0,0,0,0.43391100007283967,7,7,7,7,18,4,1,0
digits,58,narrow,StaleNoRecheck,1797,64,10,7,0.0038953811908736783,7,1.0,1,none,0,0,0,0.251678999802607,307,7,307,307,0,8,0,0
digits,58,narrow,NaiveNoPolicy,1797,64,10,7,0.0038953811908736783,10,0.42857142857142855,0,ranking_truncation,7,1,0,0.13101500007905997,307,307,307,0,0,8,0,0
digits,59,cold,ExactSecure,1797,64,10,27,0.015025041736227046,10,1.0,1,none,0,0,0,0.9264309999252873,1797,27,27,1797,0,0,1,0
digits,59,cold,PostFilter-IVF,1797,64,10,27,0.015025041736227046,10,1.0,1,none,0,0,0,0.2837029999227525,225,27,225,225,0,8,0,0
digits,59,cold,AdaptivePostFilter-IVF,1797,64,10,27,0.015025041736227046,10,1.0,1,none,0,0,0,3.0151600001318,1797,27,1797,1797,0,28,0,0
digits,59,cold,TenantPartition-IVF,1797,64,10,27,0.015025041736227046,10,1.0,1,none,0,0,0,0.2769430000171269,225,27,225,225,0,8,0,0
digits,59,cold,PreFilter-IVF,1797,64,10,27,0.015025041736227046,10,1.0,1,none,0,0,0,0.3621949999796925,175,27,27,175,28,6,0,0
digits,59,cold,PACER-A,1797,64,10,27,0.015025041736227046,10,1.0,1,none,0,0,0,0.6359169999541336,31,27,31,31,28,6,1,0
digits,59,cold,PACER-C,1797,64,10,27,0.015025041736227046,10,1.0,1,none,0,0,0,0.47750500016263686,31,27,31,31,28,6,1,0
digits,59,cold,PACER-X,1797,64,10,27,0.015025041736227046,10,1.0,1,none,0,0,0,0.4959339999004442,31,27,31,31,28,6,1,0
digits,59,cold,StaleNoRecheck,1797,64,10,27,0.015025041736227046,10,0.9,0,ranking_truncation,0,1,0,0.202373999854899,225,31,225,225,0,8,0,0
digits,59,cold,NaiveNoPolicy,1797,64,10,27,0.015025041736227046,10,0.0,0,ranking_truncation,9,2,1,0.07923399994069769,225,225,225,0,0,8,0,0
digits,60,broad,ExactSecure,1797,64,10,1597,0.8887033945464663,10,1.0,1,none,0,0,0,1.2482520000958175,1797,1597,1597,1797,0,0,1,0
digits,60,broad,PostFilter-IVF,1797,64,10,1597,0.8887033945464663,10,1.0,1,none,0,0,0,0.8543070000541775,620,556,620,620,0,8,0,0
digits,60,broad,AdaptivePostFilter-IVF,1797,64,10,1597,0.8887033945464663,10,1.0,1,none,0,0,0,3.4592209999573242,1797,1597,1797,1797,0,28,0,0
digits,60,broad,TenantPartition-IVF,1797,64,10,1597,0.8887033945464663,10,1.0,1,none,0,0,0,0.6309810000857397,620,556,620,620,0,8,0,0
digits,60,broad,PreFilter-IVF,1797,64,10,1597,0.8887033945464663,10,1.0,1,none,0,0,0,2.124288000004526,621,567,567,621,8,8,0,0
digits,60,broad,PACER-A,1797,64,10,1597,0.8887033945464663,10,1.0,1,none,0,0,0,1.6553309999380872,720,652,720,720,9,9,0,0
digits,60,broad,PACER-C,1797,64,10,1597,0.8887033945464663,10,1.0,1,none,0,0,0,3.8233210000271356,1797,1597,1797,1797,28,28,1,0
digits,60,broad,PACER-X,1797,64,10,1597,0.8887033945464663,10,1.0,1,none,0,0,0,3.6197849999553,1797,1597,1797,1797,28,28,1,0
digits,60,broad,StaleNoRecheck,1797,64,10,1597,0.8887033945464663,10,0.9,0,ranking_truncation,0,1,0,0.5665450000833516,620,620,620,620,0,8,0,0
digits,60,broad,NaiveNoPolicy,1797,64,10,1597,0.8887033945464663,10,0.9,0,ranking_truncation,0,1,0,0.14455199993790302,620,620,620,0,0,8,0,0
digits,61,medium,ExactSecure,1797,64,10,145,0.08069003895381191,10,1.0,1,none,0,0,0,1.3606130000880512,1797,145,145,1797,0,0,1,0
digits,61,medium,PostFilter-IVF,1797,64,10,145,0.08069003895381191,10,1.0,1,none,0,0,0,0.8234880001509737,507,44,507,507,0,8,0,0
digits,61,medium,AdaptivePostFilter-IVF,1797,64,10,145,0.08069003895381191,10,1.0,1,none,0,0,0,2.594930999975986,1797,145,1797,1797,0,28,0,0
digits,61,medium,TenantPartition-IVF,1797,64,10,145,0.08069003895381191,10,1.0,1,none,0,0,0,0.36620000014409015,507,44,507,507,0,8,0,0
digits,61,medium,PreFilter-IVF,1797,64,10,145,0.08069003895381191,10,1.0,1,none,0,0,0,1.4305350000540784,676,58,58,676,10,8,0,0
digits,61,medium,PACER-A,1797,64,10,145,0.08069003895381191,10,1.0,1,none,0,0,0,2.1697140000469517,162,145,162,162,27,15,1,0
digits,61,medium,PACER-C,1797,64,10,145,0.08069003895381191,10,1.0,1,none,0,0,0,1.6066630000750592,162,145,162,162,27,15,1,0
digits,61,medium,PACER-X,1797,64,10,145,0.08069003895381191,10,1.0,1,none,0,0,0,1.15815199978897,162,145,162,162,27,15,1,0
digits,61,medium,StaleNoRecheck,1797,64,10,145,0.08069003895381191,10,0.9,0,ranking_truncation,0,1,0,0.415462000091793,507,49,507,507,0,8,0,0
digits,61,medium,NaiveNoPolicy,1797,64,10,145,0.08069003895381191,10,0.6,0,ranking_truncation,3,1,0,0.15184700009740482,507,507,507,0,0,8,0,0
digits,62,narrow,ExactSecure,1797,64,10,14,0.0077907623817473565,10,1.0,1,none,0,0,0,0.9943049999492359,1797,14,14,1797,0,0,1,0
digits,62,narrow,PostFilter-IVF,1797,64,10,14,0.0077907623817473565,9,0.7,0,candidate_starvation,0,0,0,0.6403550000868563,720,9,720,720,0,8,0,0
digits,62,narrow,AdaptivePostFilter-IVF,1797,64,10,14,0.0077907623817473565,10,1.0,1,none,0,0,0,2.58022399998481,1797,14,1797,1797,0,28,0,0
digits,62,narrow,TenantPartition-IVF,1797,64,10,14,0.0077907623817473565,9,0.7,0,candidate_starvation,0,0,0,0.4276510001091083,720,9,720,720,0,8,0,0
digits,62,narrow,PreFilter-IVF,1797,64,10,14,0.0077907623817473565,10,1.0,1,none,0,0,0,0.3609190000588569,259,14,14,259,28,3,0,0
digits,62,narrow,PACER-A,1797,64,10,14,0.0077907623817473565,10,1.0,1,none,0,0,0,0.3002480000304786,15,14,15,15,15,3,1,0
digits,62,narrow,PACER-C,1797,64,10,14,0.0077907623817473565,10,1.0,1,none,0,0,0,0.2510609999717417,15,14,15,15,15,3,1,0
digits,62,narrow,PACER-X,1797,64,10,14,0.0077907623817473565,10,1.0,1,none,0,0,0,0.24357200004487822,15,14,15,15,15,3,1,0
digits,62,narrow,StaleNoRecheck,1797,64,10,14,0.0077907623817473565,9,0.7,0,candidate_starvation,0,0,0,0.5575059999500809,720,9,720,720,0,8,0,0
digits,62,narrow,NaiveNoPolicy,1797,64,10,14,0.0077907623817473565,10,0.0,0,ranking_truncation,10,1,10,0.19080199990639812,720,720,720,0,0,8,0,0
digits,63,cold,ExactSecure,1797,64,10,2,0.0011129660545353367,2,1.0,1,none,0,0,0,0.9763409998413408,1797,2,2,1797,0,0,1,0
digits,63,cold,PostFilter-IVF,1797,64,10,2,0.0011129660545353367,0,0.0,0,candidate_starvation,0,0,0,0.9282749999783846,720,0,720,720,0,8,0,0
digits,63,cold,AdaptivePostFilter-IVF,1797,64,10,2,0.0011129660545353367,2,1.0,1,none,0,0,0,2.2809449999385834,1797,2,1797,1797,0,28,0,0
digits,63,cold,TenantPartition-IVF,1797,64,10,2,0.0011129660545353367,0,0.0,0,candidate_starvation,0,0,0,0.35770499994214333,720,0,720,720,0,8,0,0
digits,63,cold,PreFilter-IVF,1797,64,10,2,0.0011129660545353367,2,1.0,1,none,0,0,0,0.21384100000432227,134,2,2,134,28,1,0,0
digits,63,cold,PACER-A,1797,64,10,2,0.0011129660545353367,2,1.0,1,none,0,0,0,0.13988099999551196,2,2,2,2,8,1,1,0
digits,63,cold,PACER-C,1797,64,10,2,0.0011129660545353367,2,1.0,1,none,0,0,0,0.10226700010207423,2,2,2,2,8,1,1,0
digits,63,cold,PACER-X,1797,64,10,2,0.0011129660545353367,2,1.0,1,none,0,0,0,0.09783499990589917,2,2,2,2,8,1,1,0
digits,63,cold,StaleNoRecheck,1797,64,10,2,0.0011129660545353367,0,0.0,0,candidate_starvation,0,0,0,0.5547509999814793,720,0,720,720,0,8,0,0
digits,63,cold,NaiveNoPolicy,1797,64,10,2,0.0011129660545353367,10,0.0,0,ranking_truncation,10,0,10,0.19605099987529684,720,720,720,0,0,8,0,0
digits,64,broad,ExactSecure,1797,64,10,1631,0.907623817473567,10,1.0,1,none,0,0,0,1.1835640000299463,1797,1631,1631,1797,0,0,1,0
digits,64,broad,PostFilter-IVF,1797,64,10,1631,0.907623817473567,10,1.0,1,none,0,0,0,0.7034159998511313,720,660,720,720,0,8,0,0
digits,64,broad,AdaptivePostFilter-IVF,1797,64,10,1631,0.907623817473567,10,1.0,1,none,0,0,0,2.1524860001136403,1797,1631,1797,1797,0,28,0,0
digits,64,broad,TenantPartition-IVF,1797,64,10,1631,0.907623817473567,10,1.0,1,none,0,0,0,0.6920169998920755,720,660,720,720,0,8,0,0
digits,64,broad,PreFilter-IVF,1797,64,10,1631,0.907623817473567,10,1.0,1,none,0,0,0,2.097287000196957,728,669,669,728,8,8,0,0
digits,64,broad,PACER-A,1797,64,10,1631,0.907623817473567,10,1.0,1,none,0,0,0,1.470049000090512,720,661,720,720,8,8,0,0
digits,64,broad,PACER-C,1797,64,10,1631,0.907623817473567,10,1.0,1,none,0,0,0,3.7626630000886507,1759,1597,1759,1759,26,26,1,0
digits,64,broad,PACER-X,1797,64,10,1631,0.907623817473567,10,1.0,1,none,0,0,0,3.6725229999774456,1759,1597,1759,1759,26,26,1,0
digits,64,broad,StaleNoRecheck,1797,64,10,1631,0.907623817473567,10,1.0,1,none,0,0,0,0.5643080000936607,720,720,720,720,0,8,0,0
digits,64,broad,NaiveNoPolicy,1797,64,10,1631,0.907623817473567,10,1.0,1,none,0,0,0,0.18423899996378168,720,720,720,0,0,8,0,0
digits,65,medium,ExactSecure,1797,64,10,257,0.14301613800779076,10,1.0,1,none,0,0,0,1.125060000049416,1797,257,257,1797,0,0,1,0
digits,65,medium,PostFilter-IVF,1797,64,10,257,0.14301613800779076,10,1.0,1,none,0,0,0,0.4909350000161794,579,135,579,579,0,8,0,0
digits,65,medium,AdaptivePostFilter-IVF,1797,64,10,257,0.14301613800779076,10,1.0,1,none,0,0,0,2.303790000041772,1797,257,1797,1797,0,28,0,0
digits,65,medium,TenantPartition-IVF,1797,64,10,257,0.14301613800779076,10,1.0,1,none,0,0,0,0.5542750000131491,579,135,579,579,0,8,0,0
digits,65,medium,PreFilter-IVF,1797,64,10,257,0.14301613800779076,10,1.0,1,none,0,0,0,0.8388650001052156,625,63,63,625,9,8,0,0
digits,65,medium,PACER-A,1797,64,10,257,0.14301613800779076,10,1.0,1,none,0,0,0,1.7789489997994679,292,257,292,292,27,19,1,0
digits,65,medium,PACER-C,1797,64,10,257,0.14301613800779076,10,1.0,1,none,0,0,0,1.6755389999616455,292,257,292,292,27,19,1,0
digits,65,medium,PACER-X,1797,64,10,257,0.14301613800779076,10,1.0,1,none,0,0,0,1.6116150000016205,292,257,292,292,27,19,1,0
digits,65,medium,StaleNoRecheck,1797,64,10,257,0.14301613800779076,10,0.8,0,ranking_truncation,0,2,0,0.4403220000313013,579,149,579,579,0,8,0,0
digits,65,medium,NaiveNoPolicy,1797,64,10,257,0.14301613800779076,10,0.3,0,ranking_truncation,7,0,0,0.13239300005807308,579,579,579,0,0,8,0,0
digits,66,narrow,ExactSecure,1797,64,10,10,0.005564830272676683,10,1.0,1,none,0,0,0,0.9981419998439378,1797,10,10,1797,0,0,1,0
digits,66,narrow,PostFilter-IVF,1797,64,10,10,0.005564830272676683,7,0.7,0,candidate_starvation,0,0,0,0.48005400003603427,571,7,571,571,0,8,0,0
digits,66,narrow,AdaptivePostFilter-IVF,1797,64,10,10,0.005564830272676683,10,1.0,1,none,0,0,0,2.0419929999206943,1797,10,1797,1797,0,28,0,0
digits,66,narrow,TenantPartition-IVF,1797,64,10,10,0.005564830272676683,7,0.7,0,candidate_starvation,0,0,0,0.28360000010252406,571,7,571,571,0,8,0,0
digits,66,narrow,PreFilter-IVF,1797,64,10,10,0.005564830272676683,10,1.0,1,none,0,0,0,0.2904979999129864,200,10,10,200,28,3,0,0
digits,66,narrow,PACER-A,1797,64,10,10,0.005564830272676683,10,1.0,1,none,0,0,0,0.26563400001577975,13,10,13,13,9,3,1,0
digits,66,narrow,PACER-C,1797,64,10,10,0.005564830272676683,10,1.0,1,none,0,0,0,0.26080800012096006,13,10,13,13,9,3,1,0
digits,66,narrow,PACER-X,1797,64,10,10,0.005564830272676683,10,1.0,1,none,0,0,0,0.25534300016261113,13,10,13,13,9,3,1,0
digits,66,narrow,StaleNoRecheck,1797,64,10,10,0.005564830272676683,8,0.7,0,candidate_starvation,0,1,0,0.393293000115591,571,8,571,571,0,8,0,0
digits,66,narrow,NaiveNoPolicy,1797,64,10,10,0.005564830272676683,10,0.2,0,ranking_truncation,7,2,0,0.1748379997934535,571,571,571,0,0,8,0,0
digits,67,cold,ExactSecure,1797,64,10,24,0.01335559265442404,10,1.0,1,none,0,0,0,0.940786000001026,1797,24,24,1797,0,0,1,0
digits,67,cold,PostFilter-IVF,1797,64,10,24,0.01335559265442404,10,1.0,1,none,0,0,0,0.471395999966262,651,21,651,651,0,8,0,0
digits,67,cold,AdaptivePostFilter-IVF,1797,64,10,24,0.01335559265442404,10,1.0,1,none,0,0,0,1.916904999916369,1797,24,1797,1797,0,28,0,0
digits,67,cold,TenantPartition-IVF,1797,64,10,24,0.01335559265442404,10,1.0,1,none,0,0,0,0.40432100013276795,651,21,651,651,0,8,0,0
digits,67,cold,PreFilter-IVF,1797,64,10,24,0.01335559265442404,10,1.0,1,none,0,0,0,0.3607719997944514,260,24,24,260,28,3,0,0
digits,67,cold,PACER-A,1797,64,10,24,0.01335559265442404,10,1.0,1,none,0,0,0,0.30330499998854066,26,24,26,26,6,3,1,0
digits,67,cold,PACER-C,1797,64,10,24,0.01335559265442404,10,1.0,1,none,0,0,0,0.26576299978842144,26,24,26,26,6,3,1,0
digits,67,cold,PACER-X,1797,64,10,24,0.01335559265442404,10,1.0,1,none,0,0,0,0.3063190001739713,26,24,26,26,6,3,1,0
digits,67,cold,StaleNoRecheck,1797,64,10,24,0.01335559265442404,10,0.9,0,ranking_truncation,0,1,0,0.44909400003234623,651,23,651,651,0,8,0,0
digits,67,cold,NaiveNoPolicy,1797,64,10,24,0.01335559265442404,10,0.1,0,ranking_truncation,9,2,2,0.14137099992694857,651,651,651,0,0,8,0,0
digits,68,broad,ExactSecure,1797,64,10,1617,0.8998330550918197,10,1.0,1,none,0,0,0,1.0179779999361926,1797,1617,1617,1797,0,0,1,0
digits,68,broad,PostFilter-IVF,1797,64,10,1617,0.8998330550918197,10,1.0,1,none,0,0,0,0.5085860000235698,682,622,682,682,0,8,0,0
digits,68,broad,AdaptivePostFilter-IVF,1797,64,10,1617,0.8998330550918197,10,1.0,1,none,0,0,0,2.252820999956384,1797,1617,1797,1797,0,28,0,0
digits,68,broad,TenantPartition-IVF,1797,64,10,1617,0.8998330550918197,10,1.0,1,none,0,0,0,0.6078810001781676,682,622,682,682,0,8,0,0
digits,68,broad,PreFilter-IVF,1797,64,10,1617,0.8998330550918197,10,1.0,1,none,0,0,0,1.9230640000387211,720,666,666,720,8,8,0,0
digits,68,broad,PACER-A,1797,64,10,1617,0.8998330550918197,10,1.0,1,none,0,0,0,1.4166350001687533,720,666,720,720,8,8,0,0
digits,68,broad,PACER-C,1797,64,10,1617,0.8998330550918197,10,1.0,1,none,0,0,0,3.7778550001803524,1797,1617,1797,1797,28,28,1,0
digits,68,broad,PACER-X,1797,64,10,1617,0.8998330550918197,10,1.0,1,none,0,0,0,3.801909000003434,1797,1617,1797,1797,28,28,1,0
digits,68,broad,StaleNoRecheck,1797,64,10,1617,0.8998330550918197,10,1.0,1,none,0,0,0,0.6026210000982246,682,682,682,682,0,8,0,0
digits,68,broad,NaiveNoPolicy,1797,64,10,1617,0.8998330550918197,10,1.0,1,none,0,0,0,0.15377499994428945,682,682,682,0,0,8,0,0
digits,69,medium,ExactSecure,1797,64,10,172,0.09571508069003895,10,1.0,1,none,0,0,0,0.9087609998914559,1797,172,172,1797,0,0,1,0
digits,69,medium,PostFilter-IVF,1797,64,10,172,0.09571508069003895,10,1.0,1,none,0,0,0,0.4552410000542295,621,56,621,621,0,8,0,0
digits,69,medium,AdaptivePostFilter-IVF,1797,64,10,172,0.09571508069003895,10,1.0,1,none,0,0,0,1.9209940001019277,1797,172,1797,1797,0,28,0,0
digits,69,medium,TenantPartition-IVF,1797,64,10,172,0.09571508069003895,10,1.0,1,none,0,0,0,0.4410949998145952,621,56,621,621,0,8,0,0
digits,69,medium,PreFilter-IVF,1797,64,10,172,0.09571508069003895,10,1.0,1,none,0,0,0,0.9571149998919282,695,66,66,695,12,8,0,0
digits,69,medium,PACER-A,1797,64,10,172,0.09571508069003895,10,1.0,1,none,0,0,0,1.5189009998266556,184,172,184,184,28,19,1,0
digits,69,medium,PACER-C,1797,64,10,172,0.09571508069003895,10,1.0,1,none,0,0,0,1.479390999975294,184,172,184,184,28,19,1,0
digits,69,medium,PACER-X,1797,64,10,172,0.09571508069003895,10,1.0,1,none,0,0,0,1.4596710000205348,184,172,184,184,28,19,1,0
digits,69,medium,StaleNoRecheck,1797,64,10,172,0.09571508069003895,10,0.9,0,ranking_truncation,0,1,0,0.4668619999392831,621,61,621,621,0,8,0,0
digits,69,medium,NaiveNoPolicy,1797,64,10,172,0.09571508069003895,10,0.2,0,ranking_truncation,7,1,0,0.1368660000480304,621,621,621,0,0,8,0,0
digits,70,narrow,ExactSecure,1797,64,10,8,0.004451864218141347,8,1.0,1,none,0,0,0,0.9228609999354376,1797,8,8,1797,0,0,1,0
digits,70,narrow,PostFilter-IVF,1797,64,10,8,0.004451864218141347,8,1.0,1,none,0,0,0,0.4943559999901481,716,8,716,716,0,8,0,0
digits,70,narrow,AdaptivePostFilter-IVF,1797,64,10,8,0.004451864218141347,8,1.0,1,none,0,0,0,1.9412059998558107,1797,8,1797,1797,0,28,0,0
digits,70,narrow,TenantPartition-IVF,1797,64,10,8,0.004451864218141347,8,1.0,1,none,0,0,0,0.40382799988947227,716,8,716,716,0,8,0,0
digits,70,narrow,PreFilter-IVF,1797,64,10,8,0.004451864218141347,8,1.0,1,none,0,0,0,0.23297999996430008,149,8,8,149,28,1,0,0
digits,70,narrow,PACER-A,1797,64,10,8,0.004451864218141347,8,1.0,1,none,0,0,0,0.1205410001148266,8,8,8,8,5,1,1,0
digits,70,narrow,PACER-C,1797,64,10,8,0.004451864218141347,8,1.0,1,none,0,0,0,0.1048439999067341,8,8,8,8,5,1,1,0
digits,70,narrow,PACER-X,1797,64,10,8,0.004451864218141347,8,1.0,1,none,0,0,0,0.10131499993804027,8,8,8,8,5,1,1,0
digits,70,narrow,StaleNoRecheck,1797,64,10,8,0.004451864218141347,8,1.0,1,none,0,0,0,0.603815999966173,716,8,716,716,0,8,0,0
digits,70,narrow,NaiveNoPolicy,1797,64,10,8,0.004451864218141347,10,0.25,0,ranking_truncation,8,0,0,0.1581710000664316,716,716,716,0,0,8,0,0
digits,71,cold,ExactSecure,1797,64,10,55,0.03060656649972176,10,1.0,1,none,0,0,0,0.9044209998592123,1797,55,55,1797,0,0,1,0
digits,71,cold,PostFilter-IVF,1797,64,10,55,0.03060656649972176,10,1.0,1,none,0,0,0,0.6468460001087806,720,50,720,720,0,8,0,0
digits,71,cold,AdaptivePostFilter-IVF,1797,64,10,55,0.03060656649972176,10,1.0,1,none,0,0,0,2.1193499999299092,1797,55,1797,1797,0,28,0,0
digits,71,cold,TenantPartition-IVF,1797,64,10,55,0.03060656649972176,10,1.0,1,none,0,0,0,0.38946299991948763,720,50,720,720,0,8,0,0
digits,71,cold,PreFilter-IVF,1797,64,10,55,0.03060656649972176,10,1.0,1,none,0,0,0,0.39386399998875277,387,55,55,387,28,4,0,0
digits,71,cold,PACER-A,1797,64,10,55,0.03060656649972176,10,1.0,1,none,0,0,0,0.3950099999201484,68,55,68,68,13,4,1,0
digits,71,cold,PACER-C,1797,64,10,55,0.03060656649972176,10,1.0,1,none,0,0,0,0.45742600013909396,68,55,68,68,13,4,1,0
digits,71,cold,PACER-X,1797,64,10,55,0.03060656649972176,10,1.0,1,none,0,0,0,0.372483000091961,68,55,68,68,13,4,1,0
digits,71,cold,StaleNoRecheck,1797,64,10,55,0.03060656649972176,10,0.8,0,ranking_truncation,0,2,0,0.5457350000597216,720,59,720,720,0,8,0,0
digits,71,cold,NaiveNoPolicy,1797,64,10,55,0.03060656649972176,10,0.1,0,ranking_truncation,9,1,3,0.18249400000058813,720,720,720,0,0,8,0,0
digits,72,broad,ExactSecure,1797,64,10,1649,0.9176405119643851,10,1.0,1,none,0,0,0,1.0656699998889962,1797,1649,1649,1797,0,0,1,0
digits,72,broad,PostFilter-IVF,1797,64,10,1649,0.9176405119643851,10,1.0,1,none,0,0,0,0.5941599999914615,617,569,617,617,0,8,0,0
digits,72,broad,AdaptivePostFilter-IVF,1797,64,10,1649,0.9176405119643851,10,1.0,1,none,0,0,0,2.360753999937515,1797,1649,1797,1797,0,28,0,0
digits,72,broad,TenantPartition-IVF,1797,64,10,1649,0.9176405119643851,10,1.0,1,none,0,0,0,0.5607610000879504,617,569,617,617,0,8,0,0
digits,72,broad,PreFilter-IVF,1797,64,10,1649,0.9176405119643851,10,1.0,1,none,0,0,0,1.7456979999224131,598,559,559,598,8,8,0,0
digits,72,broad,PACER-A,1797,64,10,1649,0.9176405119643851,10,1.0,1,none,0,0,0,1.655427000059717,720,668,720,720,10,10,0,0
digits,72,broad,PACER-C,1797,64,10,1649,0.9176405119643851,10,1.0,1,none,0,0,0,4.013815000007526,1784,1638,1784,1784,27,27,1,0
digits,72,broad,PACER-X,1797,64,10,1649,0.9176405119643851,10,1.0,1,none,0,0,0,3.6562539999067667,1784,1638,1784,1784,27,27,1,0
digits,72,broad,StaleNoRecheck,1797,64,10,1649,0.9176405119643851,10,1.0,1,none,0,0,0,0.4780409999511903,617,617,617,617,0,8,0,0
digits,72,broad,NaiveNoPolicy,1797,64,10,1649,0.9176405119643851,10,1.0,1,none,0,0,0,0.18055600003208383,617,617,617,0,0,8,0,0
digits,73,medium,ExactSecure,1797,64,10,366,0.2036727879799666,10,1.0,1,none,0,0,0,1.009909999993397,1797,366,366,1797,0,0,1,0
digits,73,medium,PostFilter-IVF,1797,64,10,366,0.2036727879799666,10,1.0,1,none,0,0,0,0.4610749999756081,527,196,527,527,0,8,0,0
digits,73,medium,AdaptivePostFilter-IVF,1797,64,10,366,0.2036727879799666,10,1.0,1,none,0,0,0,2.2982620000675524,1797,366,1797,1797,0,28,0,0
digits,73,medium,TenantPartition-IVF,1797,64,10,366,0.2036727879799666,10,1.0,1,none,0,0,0,0.44062799997846014,527,196,527,527,0,8,0,0
digits,73,medium,PreFilter-IVF,1797,64,10,366,0.2036727879799666,10,1.0,1,none,0,0,0,1.1001380000834615,644,296,296,644,8,8,0,0
digits,73,medium,PACER-A,1797,64,10,366,0.2036727879799666,10,1.0,1,none,0,0,0,1.41084699998828,401,366,401,401,23,13,1,0
digits,73,medium,PACER-C,1797,64,10,366,0.2036727879799666,10,1.0,1,none,0,0,0,1.5215180001177941,401,366,401,401,23,13,1,0
digits,73,medium,PACER-X,1797,64,10,366,0.2036727879799666,10,1.0,1,none,0,0,0,1.3550479998230003,401,366,401,401,23,13,1,0
digits,73,medium,StaleNoRecheck,1797,64,10,366,0.2036727879799666,10,0.8,0,ranking_truncation,0,2,0,0.4047889999583276,527,213,527,527,0,8,0,0
digits,73,medium,NaiveNoPolicy,1797,64,10,366,0.2036727879799666,10,0.5,0,ranking_truncation,5,1,0,0.15795600006640598,527,527,527,0,0,8,0,0
digits,74,narrow,ExactSecure,1797,64,10,26,0.014468558708959377,10,1.0,1,none,0,0,0,1.1740560000816913,1797,26,26,1797,0,0,1,0
digits,74,narrow,PostFilter-IVF,1797,64,10,26,0.014468558708959377,10,1.0,1,none,0,0,0,0.7317080001030263,720,26,720,720,0,8,0,0
digits,74,narrow,AdaptivePostFilter-IVF,1797,64,10,26,0.014468558708959377,10,1.0,1,none,0,0,0,2.2090420000040467,1797,26,1797,1797,0,28,0,0
digits,74,narrow,TenantPartition-IVF,1797,64,10,26,0.014468558708959377,10,1.0,1,none,0,0,0,0.447240000085003,720,26,720,720,0,8,0,0
digits,74,narrow,PreFilter-IVF,1797,64,10,26,0.014468558708959377,10,1.0,1,none,0,0,0,0.5676319999565749,400,26,26,400,28,4,0,0
digits,74,narrow,PACER-A,1797,64,10,26,0.014468558708959377,10,1.0,1,none,0,0,0,0.645673999997598,26,26,26,26,8,4,1,0
digits,74,narrow,PACER-C,1797,64,10,26,0.014468558708959377,10,1.0,1,none,0,0,0,0.3890810000939382,26,26,26,26,8,4,1,0
digits,74,narrow,PACER-X,1797,64,10,26,0.014468558708959377,10,1.0,1,none,0,0,0,0.5503120000867057,26,26,26,26,8,4,1,0
digits,74,narrow,StaleNoRecheck,1797,64,10,26,0.014468558708959377,10,1.0,1,none,0,0,0,0.6496309999874939,720,26,720,720,0,8,0,0
digits,74,narrow,NaiveNoPolicy,1797,64,10,26,0.014468558708959377,10,0.4,0,ranking_truncation,6,1,1,0.24207000001297274,720,720,720,0,0,8,0,0
digits,75,cold,ExactSecure,1797,64,10,5,0.0027824151363383415,5,1.0,1,none,0,0,0,0.9511559999282326,1797,5,5,1797,0,0,1,0
digits,75,cold,PostFilter-IVF,1797,64,10,5,0.0027824151363383415,4,0.8,0,candidate_starvation,0,0,0,0.6408540000393259,713,4,713,713,0,8,0,0
digits,75,cold,AdaptivePostFilter-IVF,1797,64,10,5,0.0027824151363383415,5,1.0,1,none,0,0,0,2.1732599998358637,1797,5,1797,1797,0,28,0,0
digits,75,cold,TenantPartition-IVF,1797,64,10,5,0.0027824151363383415,4,0.8,0,candidate_starvation,0,0,0,0.34867699991991685,713,4,713,713,0,8,0,0
digits,75,cold,PreFilter-IVF,1797,64,10,5,0.0027824151363383415,5,1.0,1,none,0,0,0,0.2709170000798622,181,5,5,181,28,2,0,0
digits,75,cold,PACER-A,1797,64,10,5,0.0027824151363383415,5,1.0,1,none,0,0,0,0.21486100013135,5,5,5,5,5,2,1,0
digits,75,cold,PACER-C,1797,64,10,5,0.0027824151363383415,5,1.0,1,none,0,0,0,0.16687500010448275,5,5,5,5,5,2,1,0
digits,75,cold,PACER-X,1797,64,10,5,0.0027824151363383415,5,1.0,1,none,0,0,0,0.20398300011947867,5,5,5,5,5,2,1,0
digits,75,cold,StaleNoRecheck,1797,64,10,5,0.0027824151363383415,4,0.8,0,candidate_starvation,0,0,0,0.5044039999120287,713,4,713,713,0,8,0,0
digits,75,cold,NaiveNoPolicy,1797,64,10,5,0.0027824151363383415,10,0.6,0,ranking_truncation,7,0,0,0.15748099986012676,713,713,713,0,0,8,0,0
digits,76,broad,ExactSecure,1797,64,10,1617,0.8998330550918197,10,1.0,1,none,0,0,0,1.1767999999392487,1797,1617,1617,1797,0,0,1,0
digits,76,broad,PostFilter-IVF,1797,64,10,1617,0.8998330550918197,10,0.6,0,ranking_truncation,0,0,0,0.47514699986095366,536,484,536,536,0,8,0,0
digits,76,broad,AdaptivePostFilter-IVF,1797,64,10,1617,0.8998330550918197,10,1.0,1,none,0,0,0,2.5722949999362754,1797,1617,1797,1797,0,28,0,0
digits,76,broad,TenantPartition-IVF,1797,64,10,1617,0.8998330550918197,10,0.6,0,ranking_truncation,0,0,0,0.5470879998483724,536,484,536,536,0,8,0,0
digits,76,broad,PreFilter-IVF,1797,64,10,1617,0.8998330550918197,10,0.8,0,ranking_truncation,0,0,0,1.8026689999715018,585,526,526,585,8,8,0,0
digits,76,broad,PACER-A,1797,64,10,1617,0.8998330550918197,10,0.9,0,ranking_truncation,0,0,0,1.6156560000126774,720,654,720,720,10,10,0,0
digits,76,broad,PACER-C,1797,64,10,1617,0.8998330550918197,10,1.0,1,none,0,0,0,4.531726000095659,1797,1617,1797,1797,28,28,1,0
digits,76,broad,PACER-X,1797,64,10,1617,0.8998330550918197,10,1.0,1,none,0,0,0,4.967769000131739,1797,1617,1797,1797,28,28,1,0
digits,76,broad,StaleNoRecheck,1797,64,10,1617,0.8998330550918197,10,0.6,0,ranking_truncation,0,0,0,0.43033799988734245,536,536,536,536,0,8,0,0
digits,76,broad,NaiveNoPolicy,1797,64,10,1617,0.8998330550918197,10,0.6,0,ranking_truncation,0,0,0,0.17141800003628305,536,536,536,0,0,8,0,0
digits,77,medium,ExactSecure,1797,64,10,203,0.11296605453533667,10,1.0,1,none,0,0,0,1.233456999898408,1797,203,203,1797,0,0,1,0
digits,77,medium,PostFilter-IVF,1797,64,10,203,0.11296605453533667,10,1.0,1,none,0,0,0,0.31505599986303423,321,25,321,321,0,8,0,0
digits,77,medium,AdaptivePostFilter-IVF,1797,64,10,203,0.11296605453533667,10,1.0,1,none,0,0,0,2.103605999991487,1797,203,1797,1797,0,28,0,0
digits,77,medium,TenantPartition-IVF,1797,64,10,203,0.11296605453533667,10,1.0,1,none,0,0,0,0.4892659999313764,321,25,321,321,0,8,0,0
digits,77,medium,PreFilter-IVF,1797,64,10,203,0.11296605453533667,10,0.5,0,ranking_truncation,0,0,0,0.8857640000314859,563,122,122,563,11,8,0,0
digits,77,medium,PACER-A,1797,64,10,203,0.11296605453533667,10,1.0,1,none,0,0,0,1.8441550000716234,226,203,226,226,28,17,1,0
digits,77,medium,PACER-C,1797,64,10,203,0.11296605453533667,10,1.0,1,none,0,0,0,1.6714139999294275,226,203,226,226,28,17,1,0
digits,77,medium,PACER-X,1797,64,10,203,0.11296605453533667,10,1.0,1,none,0,0,0,1.841510999838647,226,203,226,226,28,17,1,0
digits,77,medium,StaleNoRecheck,1797,64,10,203,0.11296605453533667,10,1.0,1,none,0,0,0,0.5252799999198032,321,30,321,321,0,8,0,0
digits,77,medium,NaiveNoPolicy,1797,64,10,203,0.11296605453533667,10,0.1,0,ranking_truncation,9,0,0,0.12317100004111126,321,321,321,0,0,8,0,0
digits,78,narrow,ExactSecure,1797,64,10,3,0.001669449081803005,3,1.0,1,none,0,0,0,0.9303570000156469,1797,3,3,1797,0,0,1,0
digits,78,narrow,PostFilter-IVF,1797,64,10,3,0.001669449081803005,3,1.0,1,none,0,0,0,0.5023549999805255,608,3,608,608,0,8,0,0
digits,78,narrow,AdaptivePostFilter-IVF,1797,64,10,3,0.001669449081803005,3,1.0,1,none,0,0,0,2.1260450000681885,1797,3,1797,1797,0,28,0,0
digits,78,narrow,TenantPartition-IVF,1797,64,10,3,0.001669449081803005,3,1.0,1,none,0,0,0,0.2973000000565662,608,3,608,608,0,8,0,0
digits,78,narrow,PreFilter-IVF,1797,64,10,3,0.001669449081803005,3,1.0,1,none,0,0,0,0.26934100014841533,206,3,3,206,28,2,0,0
digits,78,narrow,PACER-A,1797,64,10,3,0.001669449081803005,3,1.0,1,none,0,0,0,0.22806200013292255,3,3,3,3,3,2,1,0
digits,78,narrow,PACER-C,1797,64,10,3,0.001669449081803005,3,1.0,1,none,0,0,0,0.16208199986067484,3,3,3,3,3,2,1,0
digits,78,narrow,PACER-X,1797,64,10,3,0.001669449081803005,3,1.0,1,none,0,0,0,0.169501000073069,3,3,3,3,3,2,1,0
digits,78,narrow,StaleNoRecheck,1797,64,10,3,0.001669449081803005,3,1.0,1,none,0,0,0,0.4282109998712258,608,3,608,608,0,8,0,0
digits,78,narrow,NaiveNoPolicy,1797,64,10,3,0.001669449081803005,10,0.3333333333333333,0,ranking_truncation,9,1,1,0.13573499995800375,608,608,608,0,0,8,0,0
digits,79,cold,ExactSecure,1797,64,10,2,0.0011129660545353367,2,1.0,1,none,0,0,0,0.882155999988754,1797,2,2,1797,0,0,1,0
digits,79,cold,PostFilter-IVF,1797,64,10,2,0.0011129660545353367,2,1.0,1,none,0,0,0,0.42877800001406285,577,2,577,577,0,8,0,0
digits,79,cold,AdaptivePostFilter-IVF,1797,64,10,2,0.0011129660545353367,2,1.0,1,none,0,0,0,1.8506829999296315,1797,2,1797,1797,0,28,0,0
digits,79,cold,TenantPartition-IVF,1797,64,10,2,0.0011129660545353367,2,1.0,1,none,0,0,0,0.3124580000530841,577,2,577,577,0,8,0,0
digits,79,cold,PreFilter-IVF,1797,64,10,2,0.0011129660545353367,2,1.0,1,none,0,0,0,0.21390099982454558,134,2,2,134,28,1,0,0
digits,79,cold,PACER-A,1797,64,10,2,0.0011129660545353367,2,1.0,1,none,0,0,0,0.11027400000784837,2,2,2,2,1,1,1,0
digits,79,cold,PACER-C,1797,64,10,2,0.0011129660545353367,2,1.0,1,none,0,0,0,0.1291759999730857,2,2,2,2,1,1,1,0
digits,79,cold,PACER-X,1797,64,10,2,0.0011129660545353367,2,1.0,1,none,0,0,0,0.1138069999342406,2,2,2,2,1,1,1,0
digits,79,cold,StaleNoRecheck,1797,64,10,2,0.0011129660545353367,2,1.0,1,none,0,0,0,0.4039309999370744,577,2,577,577,0,8,0,0
digits,79,cold,NaiveNoPolicy,1797,64,10,2,0.0011129660545353367,10,0.0,0,ranking_truncation,10,0,4,0.12604200014720846,577,577,577,0,0,8,0,0
