dataset,query_id,regime,method,n,dim,k,allowed_count,selectivity,returned,recall_at_k,secure_topk_exact,failure_mode,policy_violations,deleted_violations,tenant_violations,latency_ms,raw_candidates,candidates,distance_evals,policy_checks,summary_checks,visited_cluster_count,certified,certificate_false_positive
diabetes,0,broad,ExactSecure,442,10,10,398,0.9004524886877828,10,1.0,1,none,0,0,0,0.5168000000139727,442,398,398,442,0,0,1,0
diabetes,0,broad,PostFilter-IVF,442,10,10,398,0.9004524886877828,10,1.0,1,none,0,0,0,0.4767799998717237,220,206,220,220,0,8,0,0
diabetes,0,broad,AdaptivePostFilter-IVF,442,10,10,398,0.9004524886877828,10,1.0,1,none,0,0,0,1.6323959998771898,442,398,442,442,0,16,0,0
diabetes,0,broad,TenantPartition-IVF,442,10,10,398,0.9004524886877828,10,1.0,1,none,0,0,0,0.5354420000003302,220,206,220,220,0,8,0,0
diabetes,0,broad,PreFilter-IVF,442,10,10,398,0.9004524886877828,10,1.0,1,none,0,0,0,1.1869459999616083,252,230,230,252,8,8,0,0
diabetes,0,broad,PACER-A,442,10,10,398,0.9004524886877828,10,1.0,1,none,0,0,0,1.673813000024893,220,199,220,220,8,8,0,0
diabetes,0,broad,PACER-C,442,10,10,398,0.9004524886877828,10,1.0,1,none,0,0,0,2.673519000154556,367,336,367,367,13,13,1,0
diabetes,0,broad,PACER-X,442,10,10,398,0.9004524886877828,10,1.0,1,none,0,0,0,2.4178310000024794,367,336,367,367,13,13,1,0
diabetes,0,broad,StaleNoRecheck,442,10,10,398,0.9004524886877828,10,0.8,0,ranking_truncation,0,2,0,0.3487970000151108,220,220,220,220,0,8,0,0
diabetes,0,broad,NaiveNoPolicy,442,10,10,398,0.9004524886877828,10,0.8,0,ranking_truncation,0,2,0,0.10913999994954793,220,220,220,0,0,8,0,0
diabetes,1,medium,ExactSecure,442,10,10,31,0.07013574660633484,10,1.0,1,none,0,0,0,0.25561000006746326,442,31,31,442,0,0,1,0
diabetes,1,medium,PostFilter-IVF,442,10,10,31,0.07013574660633484,10,0.7,0,ranking_truncation,0,0,0,0.19703599991771625,218,10,218,218,0,8,0,0
diabetes,1,medium,AdaptivePostFilter-IVF,442,10,10,31,0.07013574660633484,10,1.0,1,none,0,0,0,0.7577199999104778,442,31,442,442,0,16,0,0
diabetes,1,medium,TenantPartition-IVF,442,10,10,31,0.07013574660633484,10,0.7,0,ranking_truncation,0,0,0,0.1968349999970087,218,10,218,218,0,8,0,0
diabetes,1,medium,PreFilter-IVF,442,10,10,31,0.07013574660633484,10,0.7,0,ranking_truncation,0,0,0,0.5829799999901297,224,12,12,224,9,7,0,0
diabetes,1,medium,PACER-A,442,10,10,31,0.07013574660633484,10,1.0,1,none,0,0,0,0.9264620000521973,36,31,36,36,16,13,1,0
diabetes,1,medium,PACER-C,442,10,10,31,0.07013574660633484,10,1.0,1,none,0,0,0,0.8880579998731264,36,31,36,36,16,13,1,0
diabetes,1,medium,PACER-X,442,10,10,31,0.07013574660633484,10,1.0,1,none,0,0,0,0.8218329999181151,36,31,36,36,16,13,1,0
diabetes,1,medium,StaleNoRecheck,442,10,10,31,0.07013574660633484,10,0.7,0,ranking_truncation,0,2,0,0.19734100010282418,218,12,218,218,0,8,0,0
diabetes,1,medium,NaiveNoPolicy,442,10,10,31,0.07013574660633484,10,0.1,0,ranking_truncation,9,0,4,0.08729399996809661,218,218,218,0,0,8,0,0
diabetes,2,narrow,ExactSecure,442,10,10,3,0.006787330316742082,3,1.0,1,none,0,0,0,0.2513850001832907,442,3,3,442,0,0,1,0
diabetes,2,narrow,PostFilter-IVF,442,10,10,3,0.006787330316742082,2,0.6666666666666666,0,candidate_starvation,0,0,0,0.19790600003943837,218,2,218,218,0,8,0,0
diabetes,2,narrow,AdaptivePostFilter-IVF,442,10,10,3,0.006787330316742082,3,1.0,1,none,0,0,0,0.8851790000790061,442,3,442,442,0,16,0,0
diabetes,2,narrow,TenantPartition-IVF,442,10,10,3,0.006787330316742082,2,0.6666666666666666,0,candidate_starvation,0,0,0,0.16539800003556593,218,2,218,218,0,8,0,0
diabetes,2,narrow,PreFilter-IVF,442,10,10,3,0.006787330316742082,3,1.0,1,none,0,0,0,0.2581379999355704,93,3,3,93,16,3,0,0
diabetes,2,narrow,PACER-A,442,10,10,3,0.006787330316742082,3,1.0,1,none,0,0,0,0.22320499988381926,3,3,3,3,9,3,1,0
diabetes,2,narrow,PACER-C,442,10,10,3,0.006787330316742082,3,1.0,1,none,0,0,0,0.23349699995378614,3,3,3,3,9,3,1,0
diabetes,2,narrow,PACER-X,442,10,10,3,0.006787330316742082,3,1.0,1,none,0,0,0,0.21915699994679017,3,3,3,3,9,3,1,0
diabetes,2,narrow,StaleNoRecheck,442,10,10,3,0.006787330316742082,2,0.6666666666666666,0,candidate_starvation,0,0,0,0.25635299994064553,218,2,218,218,0,8,0,0
diabetes,2,narrow,NaiveNoPolicy,442,10,10,3,0.006787330316742082,10,0.3333333333333333,0,ranking_truncation,9,0,8,0.07657500009372598,218,218,218,0,0,8,0,0
diabetes,3,cold,ExactSecure,442,10,10,2,0.004524886877828055,2,1.0,1,none,0,0,0,0.24045200007094536,442,2,2,442,0,0,1,0
diabetes,3,cold,PostFilter-IVF,442,10,10,2,0.004524886877828055,2,1.0,1,none,0,0,0,0.20662499991885852,220,2,220,220,0,8,0,0
diabetes,3,cold,AdaptivePostFilter-IVF,442,10,10,2,0.004524886877828055,2,1.0,1,none,0,0,0,0.7663619999220828,442,2,442,442,0,16,0,0
diabetes,3,cold,TenantPartition-IVF,442,10,10,2,0.004524886877828055,2,1.0,1,none,0,0,0,0.17995500002143672,220,2,220,220,0,8,0,0
diabetes,3,cold,PreFilter-IVF,442,10,10,2,0.004524886877828055,2,1.0,1,none,0,0,0,0.1546409998809395,27,2,2,27,16,1,0,0
diabetes,3,cold,PACER-A,442,10,10,2,0.004524886877828055,2,1.0,1,none,0,0,0,0.10111799997503113,2,2,2,2,4,1,1,0
diabetes,3,cold,PACER-C,442,10,10,2,0.004524886877828055,2,1.0,1,none,0,0,0,0.09030399996845517,2,2,2,2,4,1,1,0
diabetes,3,cold,PACER-X,442,10,10,2,0.004524886877828055,2,1.0,1,none,0,0,0,0.08786900002633047,2,2,2,2,4,1,1,0
diabetes,3,cold,StaleNoRecheck,442,10,10,2,0.004524886877828055,2,1.0,1,none,0,0,0,0.2067420000457787,220,2,220,220,0,8,0,0
diabetes,3,cold,NaiveNoPolicy,442,10,10,2,0.004524886877828055,10,0.5,0,ranking_truncation,9,2,2,0.08743500006858085,220,220,220,0,0,8,0,0
diabetes,4,broad,ExactSecure,442,10,10,415,0.9389140271493213,10,1.0,1,none,0,0,0,0.27355499992154364,442,415,415,442,0,0,1,0
diabetes,4,broad,PostFilter-IVF,442,10,10,415,0.9389140271493213,10,1.0,1,none,0,0,0,0.21423399994091596,220,207,220,220,0,8,0,0
diabetes,4,broad,AdaptivePostFilter-IVF,442,10,10,415,0.9389140271493213,10,1.0,1,none,0,0,0,0.7452190000094561,442,415,442,442,0,16,0,0
diabetes,4,broad,TenantPartition-IVF,442,10,10,415,0.9389140271493213,10,1.0,1,none,0,0,0,0.4011860000900924,220,207,220,220,0,8,0,0
diabetes,4,broad,PreFilter-IVF,442,10,10,415,0.9389140271493213,10,1.0,1,none,0,0,0,0.7178349999321654,235,222,222,235,8,8,0,0
diabetes,4,broad,PACER-A,442,10,10,415,0.9389140271493213,10,1.0,1,none,0,0,0,0.7805949999237782,220,207,220,220,8,8,0,0
diabetes,4,broad,PACER-C,442,10,10,415,0.9389140271493213,10,1.0,1,none,0,0,0,0.7246019999911368,235,222,235,235,8,8,1,0
diabetes,4,broad,PACER-X,442,10,10,415,0.9389140271493213,10,1.0,1,none,0,0,0,0.8148069998696883,235,222,235,235,8,8,1,0
diabetes,4,broad,StaleNoRecheck,442,10,10,415,0.9389140271493213,10,1.0,1,none,0,0,0,0.25955099999919184,220,220,220,220,0,8,0,0
diabetes,4,broad,NaiveNoPolicy,442,10,10,415,0.9389140271493213,10,1.0,1,none,0,0,0,0.09878399987428566,220,220,220,0,0,8,0,0
diabetes,5,medium,ExactSecure,442,10,10,44,0.09954751131221719,10,1.0,1,none,0,0,0,0.25584499985598086,442,44,44,442,0,0,1,0
diabetes,5,medium,PostFilter-IVF,442,10,10,44,0.09954751131221719,10,1.0,1,none,0,0,0,0.25379099997735466,220,35,220,220,0,8,0,0
diabetes,5,medium,AdaptivePostFilter-IVF,442,10,10,44,0.09954751131221719,10,1.0,1,none,0,0,0,0.9640630000831152,442,44,442,442,0,16,0,0
diabetes,5,medium,TenantPartition-IVF,442,10,10,44,0.09954751131221719,10,1.0,1,none,0,0,0,0.27237800009061175,220,35,220,220,0,8,0,0
diabetes,5,medium,PreFilter-IVF,442,10,10,44,0.09954751131221719,10,1.0,1,none,0,0,0,0.6355259999963891,233,37,37,233,9,8,0,0
diabetes,5,medium,PACER-A,442,10,10,44,0.09954751131221719,10,1.0,1,none,0,0,0,0.870685999871057,38,37,38,38,9,8,1,0
diabetes,5,medium,PACER-C,442,10,10,44,0.09954751131221719,10,1.0,1,none,0,0,0,0.6365279998590267,38,37,38,38,9,8,1,0
diabetes,5,medium,PACER-X,442,10,10,44,0.09954751131221719,10,1.0,1,none,0,0,0,0.6183039999996254,38,37,38,38,9,8,1,0
diabetes,5,medium,StaleNoRecheck,442,10,10,44,0.09954751131221719,10,0.9,0,ranking_truncation,0,1,0,0.2577970001311769,220,36,220,220,0,8,0,0
diabetes,5,medium,NaiveNoPolicy,442,10,10,44,0.09954751131221719,10,0.2,0,ranking_truncation,8,0,0,0.10655800019776507,220,220,220,0,0,8,0,0
diabetes,6,narrow,ExactSecure,442,10,10,4,0.00904977375565611,4,1.0,1,none,0,0,0,0.28748499994435406,442,4,4,442,0,0,1,0
diabetes,6,narrow,PostFilter-IVF,442,10,10,4,0.00904977375565611,3,0.75,0,candidate_starvation,0,0,0,0.2099509999879956,207,3,207,207,0,8,0,0
diabetes,6,narrow,AdaptivePostFilter-IVF,442,10,10,4,0.00904977375565611,4,1.0,1,none,0,0,0,0.8470699999634235,442,4,442,442,0,16,0,0
diabetes,6,narrow,TenantPartition-IVF,442,10,10,4,0.00904977375565611,3,0.75,0,candidate_starvation,0,0,0,0.15029900009722041,207,3,207,207,0,8,0,0
diabetes,6,narrow,PreFilter-IVF,442,10,10,4,0.00904977375565611,4,1.0,1,none,0,0,0,0.32029999988480995,109,4,4,109,16,4,0,0
diabetes,6,narrow,PACER-A,442,10,10,4,0.00904977375565611,4,1.0,1,none,0,0,0,0.3099870000369265,4,4,4,4,9,4,1,0
diabetes,6,narrow,PACER-C,442,10,10,4,0.00904977375565611,4,1.0,1,none,0,0,0,0.3096770001320692,4,4,4,4,9,4,1,0
diabetes,6,narrow,PACER-X,442,10,10,4,0.00904977375565611,4,1.0,1,none,0,0,0,0.27770399992732564,4,4,4,4,9,4,1,0
diabetes,6,narrow,StaleNoRecheck,442,10,10,4,0.00904977375565611,3,0.75,0,candidate_starvation,0,0,0,0.21036699990872876,207,3,207,207,0,8,0,0
diabetes,6,narrow,NaiveNoPolicy,442,10,10,4,0.00904977375565611,10,0.25,0,ranking_truncation,9,1,5,0.07082000001901179,207,207,207,0,0,8,0,0
diabetes,7,cold,ExactSecure,442,10,10,1,0.0022624434389140274,1,1.0,1,none,0,0,0,0.3121800000371877,442,1,1,442,0,0,1,0
diabetes,7,cold,PostFilter-IVF,442,10,10,1,0.0022624434389140274,1,1.0,1,none,0,0,0,0.23515399993812025,213,1,213,213,0,8,0,0
diabetes,7,cold,AdaptivePostFilter-IVF,442,10,10,1,0.0022624434389140274,1,1.0,1,none,0,0,0,0.8117649999803689,442,1,442,442,0,16,0,0
diabetes,7,cold,TenantPartition-IVF,442,10,10,1,0.0022624434389140274,1,1.0,1,none,0,0,0,0.17013700016832445,213,1,213,213,0,8,0,0
diabetes,7,cold,PreFilter-IVF,442,10,10,1,0.0022624434389140274,1,1.0,1,none,0,0,0,0.14915600013409858,38,1,1,38,16,1,0,0
diabetes,7,cold,PACER-A,442,10,10,1,0.0022624434389140274,1,1.0,1,none,0,0,0,0.09574199998496624,1,1,1,1,2,1,1,0
diabetes,7,cold,PACER-C,442,10,10,1,0.0022624434389140274,1,1.0,1,none,0,0,0,0.08542900013708277,1,1,1,1,2,1,1,0
diabetes,7,cold,PACER-X,442,10,10,1,0.0022624434389140274,1,1.0,1,none,0,0,0,0.08873199999470671,1,1,1,1,2,1,1,0
diabetes,7,cold,StaleNoRecheck,442,10,10,1,0.0022624434389140274,1,1.0,1,none,0,0,0,0.1885350000065955,213,1,213,213,0,8,0,0
diabetes,7,cold,NaiveNoPolicy,442,10,10,1,0.0022624434389140274,10,1.0,0,ranking_truncation,9,0,9,0.08209899988287361,213,213,213,0,0,8,0,0
diabetes,8,broad,ExactSecure,442,10,10,407,0.920814479638009,10,1.0,1,none,0,0,0,0.3110969998942892,442,407,407,442,0,0,1,0
diabetes,8,broad,PostFilter-IVF,442,10,10,407,0.920814479638009,10,1.0,1,none,0,0,0,0.3313750000870641,220,204,220,220,0,8,0,0
diabetes,8,broad,AdaptivePostFilter-IVF,442,10,10,407,0.920814479638009,10,1.0,1,none,0,0,0,0.8138480000070558,442,407,442,442,0,16,0,0
diabetes,8,broad,TenantPartition-IVF,442,10,10,407,0.920814479638009,10,1.0,1,none,0,0,0,0.26181399994129606,220,204,220,220,0,8,0,0
diabetes,8,broad,PreFilter-IVF,442,10,10,407,0.920814479638009,10,1.0,1,none,0,0,0,0.5712629999834462,224,209,209,224,8,8,0,0
diabetes,8,broad,PACER-A,442,10,10,407,0.920814479638009,10,1.0,1,none,0,0,0,1.0909140000876505,220,205,220,220,8,8,0,0
diabetes,8,broad,PACER-C,442,10,10,407,0.920814479638009,10,1.0,1,none,0,0,0,0.9588220000296133,262,244,262,262,9,9,1,0
diabetes,8,broad,PACER-X,442,10,10,407,0.920814479638009,10,1.0,1,none,0,0,0,0.8893419999367325,262,244,262,262,9,9,1,0
diabetes,8,broad,StaleNoRecheck,442,10,10,407,0.920814479638009,10,1.0,1,none,0,0,0,0.24289299994961766,220,220,220,220,0,8,0,0
diabetes,8,broad,NaiveNoPolicy,442,10,10,407,0.920814479638009,10,1.0,1,none,0,0,0,0.08098000012068951,220,220,220,0,0,8,0,0
diabetes,9,medium,ExactSecure,442,10,10,40,0.09049773755656108,10,1.0,1,none,0,0,0,0.2635129999362107,442,40,40,442,0,0,1,0
diabetes,9,medium,PostFilter-IVF,442,10,10,40,0.09049773755656108,10,0.9,0,ranking_truncation,0,0,0,0.23663100000703707,220,23,220,220,0,8,0,0
diabetes,9,medium,AdaptivePostFilter-IVF,442,10,10,40,0.09049773755656108,10,1.0,1,none,0,0,0,0.8574880000651319,442,40,442,442,0,16,0,0
diabetes,9,medium,TenantPartition-IVF,442,10,10,40,0.09049773755656108,10,0.9,0,ranking_truncation,0,0,0,0.2566850000675913,220,23,220,220,0,8,0,0
diabetes,9,medium,PreFilter-IVF,442,10,10,40,0.09049773755656108,10,0.9,0,ranking_truncation,0,0,0,0.694596000130332,230,23,23,230,9,8,0,0
diabetes,9,medium,PACER-A,442,10,10,40,0.09049773755656108,10,1.0,1,none,0,0,0,1.1142910000216943,44,40,44,44,16,14,1,0
diabetes,9,medium,PACER-C,442,10,10,40,0.09049773755656108,10,1.0,1,none,0,0,0,1.0484639999503997,44,40,44,44,16,14,1,0
diabetes,9,medium,PACER-X,442,10,10,40,0.09049773755656108,10,1.0,1,none,0,0,0,1.0998109999036387,44,40,44,44,16,14,1,0
diabetes,9,medium,StaleNoRecheck,442,10,10,40,0.09049773755656108,10,0.9,0,ranking_truncation,0,1,0,0.24810099989736045,220,26,220,220,0,8,0,0
diabetes,9,medium,NaiveNoPolicy,442,10,10,40,0.09049773755656108,10,0.2,0,ranking_truncation,5,2,3,0.08727299996280635,220,220,220,0,0,8,0,0
diabetes,10,narrow,ExactSecure,442,10,10,4,0.00904977375565611,4,1.0,1,none,0,0,0,0.30186799995135516,442,4,4,442,0,0,1,0
diabetes,10,narrow,PostFilter-IVF,442,10,10,4,0.00904977375565611,4,1.0,1,none,0,0,0,0.23951599996507866,220,4,220,220,0,8,0,0
diabetes,10,narrow,AdaptivePostFilter-IVF,442,10,10,4,0.00904977375565611,4,1.0,1,none,0,0,0,0.7533789998888096,442,4,442,442,0,16,0,0
diabetes,10,narrow,TenantPartition-IVF,442,10,10,4,0.00904977375565611,4,1.0,1,none,0,0,0,0.1568390000556974,220,4,220,220,0,8,0,0
diabetes,10,narrow,PreFilter-IVF,442,10,10,4,0.00904977375565611,4,1.0,1,none,0,0,0,0.2753920000486687,145,4,4,145,16,4,0,0
diabetes,10,narrow,PACER-A,442,10,10,4,0.00904977375565611,4,1.0,1,none,0,0,0,0.2899029998388869,4,4,4,4,7,4,1,0
diabetes,10,narrow,PACER-C,442,10,10,4,0.00904977375565611,4,1.0,1,none,0,0,0,0.3310579998014873,4,4,4,4,7,4,1,0
diabetes,10,narrow,PACER-X,442,10,10,4,0.00904977375565611,4,1.0,1,none,0,0,0,0.25418600012017123,4,4,4,4,7,4,1,0
diabetes,10,narrow,StaleNoRecheck,442,10,10,4,0.00904977375565611,4,1.0,1,none,0,0,0,0.22337399991556595,220,4,220,220,0,8,0,0
diabetes,10,narrow,NaiveNoPolicy,442,10,10,4,0.00904977375565611,10,0.25,0,ranking_truncation,9,0,8,0.09362299988424638,220,220,220,0,0,8,0,0
diabetes,11,cold,ExactSecure,442,10,10,1,0.0022624434389140274,1,1.0,1,none,0,0,0,0.24348200008716958,442,1,1,442,0,0,1,0
diabetes,11,cold,PostFilter-IVF,442,10,10,1,0.0022624434389140274,1,1.0,1,none,0,0,0,0.20411100013006944,220,1,220,220,0,8,0,0
diabetes,11,cold,AdaptivePostFilter-IVF,442,10,10,1,0.0022624434389140274,1,1.0,1,none,0,0,0,0.7519240000419813,442,1,442,442,0,16,0,0
diabetes,11,cold,TenantPartition-IVF,442,10,10,1,0.0022624434389140274,1,1.0,1,none,0,0,0,0.14905700004419487,220,1,220,220,0,8,0,0
diabetes,11,cold,PreFilter-IVF,442,10,10,1,0.0022624434389140274,1,1.0,1,none,0,0,0,0.169287000062468,51,1,1,51,16,1,0,0
diabetes,11,cold,PACER-A,442,10,10,1,0.0022624434389140274,1,1.0,1,none,0,0,0,0.1317859998835047,1,1,1,1,3,1,1,0
diabetes,11,cold,PACER-C,442,10,10,1,0.0022624434389140274,1,1.0,1,none,0,0,0,0.08966800010057341,1,1,1,1,3,1,1,0
diabetes,11,cold,PACER-X,442,10,10,1,0.0022624434389140274,1,1.0,1,none,0,0,0,0.08615500019004685,1,1,1,1,3,1,1,0
diabetes,11,cold,StaleNoRecheck,442,10,10,1,0.0022624434389140274,1,1.0,1,none,0,0,0,0.22910999996383907,220,1,220,220,0,8,0,0
diabetes,11,cold,NaiveNoPolicy,442,10,10,1,0.0022624434389140274,10,1.0,0,ranking_truncation,9,1,7,0.0839790000100038,220,220,220,0,0,8,0,0
diabetes,12,broad,ExactSecure,442,10,10,398,0.9004524886877828,10,1.0,1,none,0,0,0,0.31137000019043626,442,398,398,442,0,0,1,0
diabetes,12,broad,PostFilter-IVF,442,10,10,398,0.9004524886877828,10,1.0,1,none,0,0,0,0.22399099998438032,220,201,220,220,0,8,0,0
diabetes,12,broad,AdaptivePostFilter-IVF,442,10,10,398,0.9004524886877828,10,1.0,1,none,0,0,0,0.7862150000619295,442,398,442,442,0,16,0,0
diabetes,12,broad,TenantPartition-IVF,442,10,10,398,0.9004524886877828,10,1.0,1,none,0,0,0,0.2773459998479666,220,201,220,220,0,8,0,0
diabetes,12,broad,PreFilter-IVF,442,10,10,398,0.9004524886877828,10,1.0,1,none,0,0,0,0.607341999966593,223,204,204,223,8,8,0,0
diabetes,12,broad,PACER-A,442,10,10,398,0.9004524886877828,10,1.0,1,none,0,0,0,1.0163130000364617,220,202,220,220,8,8,0,0
diabetes,12,broad,PACER-C,442,10,10,398,0.9004524886877828,10,1.0,1,none,0,0,0,1.1801380001088546,303,281,303,303,12,12,1,0
diabetes,12,broad,PACER-X,442,10,10,398,0.9004524886877828,10,1.0,1,none,0,0,0,1.1531160000686214,303,281,303,303,12,12,1,0
diabetes,12,broad,StaleNoRecheck,442,10,10,398,0.9004524886877828,10,1.0,1,none,0,0,0,0.225783999894702,220,220,220,220,0,8,0,0
diabetes,12,broad,NaiveNoPolicy,442,10,10,398,0.9004524886877828,10,1.0,1,none,0,0,0,0.08067199996730778,220,220,220,0,0,8,0,0
diabetes,13,medium,ExactSecure,442,10,10,58,0.13122171945701358,10,1.0,1,none,0,0,0,0.2595830001155264,442,58,58,442,0,0,1,0
diabetes,13,medium,PostFilter-IVF,442,10,10,58,0.13122171945701358,10,1.0,1,none,0,0,0,0.21546299990404805,213,28,213,213,0,8,0,0
diabetes,13,medium,AdaptivePostFilter-IVF,442,10,10,58,0.13122171945701358,10,1.0,1,none,0,0,0,0.7982929998888721,442,58,442,442,0,16,0,0
diabetes,13,medium,TenantPartition-IVF,442,10,10,58,0.13122171945701358,10,1.0,1,none,0,0,0,0.21672200000466546,213,28,213,213,0,8,0,0
diabetes,13,medium,PreFilter-IVF,442,10,10,58,0.13122171945701358,10,1.0,1,none,0,0,0,0.639064999859329,218,33,33,218,10,8,0,0
diabetes,13,medium,PACER-A,442,10,10,58,0.13122171945701358,10,1.0,1,none,0,0,0,1.0026980000930052,62,58,62,62,16,13,1,0
diabetes,13,medium,PACER-C,442,10,10,58,0.13122171945701358,10,1.0,1,none,0,0,0,1.0508330001357535,62,58,62,62,16,13,1,0
diabetes,13,medium,PACER-X,442,10,10,58,0.13122171945701358,10,1.0,1,none,0,0,0,0.9429809999801364,62,58,62,62,16,13,1,0
diabetes,13,medium,StaleNoRecheck,442,10,10,58,0.13122171945701358,10,0.9,0,ranking_truncation,0,1,0,0.19472200006021012,213,31,213,213,0,8,0,0
diabetes,13,medium,NaiveNoPolicy,442,10,10,58,0.13122171945701358,10,0.1,0,ranking_truncation,8,0,5,0.08172399998329638,213,213,213,0,0,8,0,0
diabetes,14,narrow,ExactSecure,442,10,10,10,0.02262443438914027,10,1.0,1,none,0,0,0,0.27863599984812026,442,10,10,442,0,0,1,0
diabetes,14,narrow,PostFilter-IVF,442,10,10,10,0.02262443438914027,9,0.9,0,candidate_starvation,0,0,0,0.24838499984980444,220,9,220,220,0,8,0,0
diabetes,14,narrow,AdaptivePostFilter-IVF,442,10,10,10,0.02262443438914027,10,1.0,1,none,0,0,0,0.8138079999753245,442,10,442,442,0,16,0,0
diabetes,14,narrow,TenantPartition-IVF,442,10,10,10,0.02262443438914027,9,0.9,0,candidate_starvation,0,0,0,0.17546499998388754,220,9,220,220,0,8,0,0
diabetes,14,narrow,PreFilter-IVF,442,10,10,10,0.02262443438914027,10,1.0,1,none,0,0,0,0.45503900014409737,251,10,10,251,13,8,0,0
diabetes,14,narrow,PACER-A,442,10,10,10,0.02262443438914027,10,1.0,1,none,0,0,0,0.5032149999806279,13,10,13,13,13,8,1,0
diabetes,14,narrow,PACER-C,442,10,10,10,0.02262443438914027,10,1.0,1,none,0,0,0,0.5322580000211019,13,10,13,13,13,8,1,0
diabetes,14,narrow,PACER-X,442,10,10,10,0.02262443438914027,10,1.0,1,none,0,0,0,0.5039800000758987,13,10,13,13,13,8,1,0
diabetes,14,narrow,StaleNoRecheck,442,10,10,10,0.02262443438914027,10,0.8,0,ranking_truncation,0,2,0,0.2155479999146337,220,11,220,220,0,8,0,0
diabetes,14,narrow,NaiveNoPolicy,442,10,10,10,0.02262443438914027,10,0.1,0,ranking_truncation,8,1,5,0.11728600020433078,220,220,220,0,0,8,0,0
diabetes,15,cold,ExactSecure,442,10,10,1,0.0022624434389140274,1,1.0,1,none,0,0,0,0.2627670000947546,442,1,1,442,0,0,1,0
diabetes,15,cold,PostFilter-IVF,442,10,10,1,0.0022624434389140274,1,1.0,1,none,0,0,0,0.2470640001774882,220,1,220,220,0,8,0,0
diabetes,15,cold,AdaptivePostFilter-IVF,442,10,10,1,0.0022624434389140274,1,1.0,1,none,0,0,0,0.9275779998461076,442,1,442,442,0,16,0,0
diabetes,15,cold,TenantPartition-IVF,442,10,10,1,0.0022624434389140274,1,1.0,1,none,0,0,0,0.20522099998743215,220,1,220,220,0,8,0,0
diabetes,15,cold,PreFilter-IVF,442,10,10,1,0.0022624434389140274,1,1.0,1,none,0,0,0,0.16798899991954386,44,1,1,44,16,1,0,0
diabetes,15,cold,PACER-A,442,10,10,1,0.0022624434389140274,1,1.0,1,none,0,0,0,0.09858700013865018,1,1,1,1,2,1,1,0
diabetes,15,cold,PACER-C,442,10,10,1,0.0022624434389140274,1,1.0,1,none,0,0,0,0.08699099998921156,1,1,1,1,2,1,1,0
diabetes,15,cold,PACER-X,442,10,10,1,0.0022624434389140274,1,1.0,1,none,0,0,0,0.08432100003119558,1,1,1,1,2,1,1,0
diabetes,15,cold,StaleNoRecheck,442,10,10,1,0.0022624434389140274,1,1.0,1,none,0,0,0,0.23549200000161363,220,1,220,220,0,8,0,0
diabetes,15,cold,NaiveNoPolicy,442,10,10,1,0.0022624434389140274,10,1.0,0,ranking_truncation,8,0,8,0.13286300008985563,220,220,220,0,0,8,0,0
diabetes,16,broad,ExactSecure,442,10,10,415,0.9389140271493213,10,1.0,1,none,0,0,0,0.28720099999191007,442,415,415,442,0,0,1,0
diabetes,16,broad,PostFilter-IVF,442,10,10,415,0.9389140271493213,10,1.0,1,none,0,0,0,0.25656299999354815,209,202,209,209,0,8,0,0
diabetes,16,broad,AdaptivePostFilter-IVF,442,10,10,415,0.9389140271493213,10,1.0,1,none,0,0,0,0.773889000129202,442,415,442,442,0,16,0,0
diabetes,16,broad,TenantPartition-IVF,442,10,10,415,0.9389140271493213,10,1.0,1,none,0,0,0,0.2511789998607128,209,202,209,209,0,8,0,0
diabetes,16,broad,PreFilter-IVF,442,10,10,415,0.9389140271493213,10,1.0,1,none,0,0,0,0.610737999977573,192,183,183,192,8,8,0,0
diabetes,16,broad,PACER-A,442,10,10,415,0.9389140271493213,10,1.0,1,none,0,0,0,0.8618280000973755,220,210,220,220,9,9,0,0
diabetes,16,broad,PACER-C,442,10,10,415,0.9389140271493213,10,1.0,1,none,0,0,0,1.126260000091861,336,316,336,336,12,12,1,0
diabetes,16,broad,PACER-X,442,10,10,415,0.9389140271493213,10,1.0,1,none,0,0,0,1.2546430000384134,336,316,336,336,12,12,1,0
diabetes,16,broad,StaleNoRecheck,442,10,10,415,0.9389140271493213,10,0.8,0,ranking_truncation,0,2,0,0.20062400017195614,209,209,209,209,0,8,0,0
diabetes,16,broad,NaiveNoPolicy,442,10,10,415,0.9389140271493213,10,0.8,0,ranking_truncation,0,2,0,0.06857099992885196,209,209,209,0,0,8,0,0
diabetes,17,medium,ExactSecure,442,10,10,51,0.11538461538461539,10,1.0,1,none,0,0,0,0.38832700010971166,442,51,51,442,0,0,1,0
diabetes,17,medium,PostFilter-IVF,442,10,10,51,0.11538461538461539,10,1.0,1,none,0,0,0,0.20091000010324933,204,31,204,204,0,8,0,0
diabetes,17,medium,AdaptivePostFilter-IVF,442,10,10,51,0.11538461538461539,10,1.0,1,none,0,0,0,0.8059310000589903,442,51,442,442,0,16,0,0
diabetes,17,medium,TenantPartition-IVF,442,10,10,51,0.11538461538461539,10,1.0,1,none,0,0,0,0.2331820001018059,204,31,204,204,0,8,0,0
diabetes,17,medium,PreFilter-IVF,442,10,10,51,0.11538461538461539,10,1.0,1,none,0,0,0,0.6046769999557,204,31,31,204,8,8,0,0
diabetes,17,medium,PACER-A,442,10,10,51,0.11538461538461539,10,1.0,1,none,0,0,0,1.0568089999196673,61,50,61,61,15,15,1,0
diabetes,17,medium,PACER-C,442,10,10,51,0.11538461538461539,10,1.0,1,none,0,0,0,1.030450999905952,61,50,61,61,15,15,1,0
diabetes,17,medium,PACER-X,442,10,10,51,0.11538461538461539,10,1.0,1,none,0,0,0,0.9806900000057794,61,50,61,61,15,15,1,0
diabetes,17,medium,StaleNoRecheck,442,10,10,51,0.11538461538461539,10,0.9,0,ranking_truncation,0,1,0,0.20325600007709,204,36,204,204,0,8,0,0
diabetes,17,medium,NaiveNoPolicy,442,10,10,51,0.11538461538461539,10,0.1,0,ranking_truncation,9,2,3,0.08223400004681025,204,204,204,0,0,8,0,0
diabetes,18,narrow,ExactSecure,442,10,10,4,0.00904977375565611,4,1.0,1,none,0,0,0,0.3046540000468667,442,4,4,442,0,0,1,0
diabetes,18,narrow,PostFilter-IVF,442,10,10,4,0.00904977375565611,3,0.75,0,candidate_starvation,0,0,0,0.32792199999676086,220,3,220,220,0,8,0,0
diabetes,18,narrow,AdaptivePostFilter-IVF,442,10,10,4,0.00904977375565611,4,1.0,1,none,0,0,0,0.8620010000868206,442,4,442,442,0,16,0,0
diabetes,18,narrow,TenantPartition-IVF,442,10,10,4,0.00904977375565611,3,0.75,0,candidate_starvation,0,0,0,0.16721899987715005,220,3,220,220,0,8,0,0
diabetes,18,narrow,PreFilter-IVF,442,10,10,4,0.00904977375565611,4,1.0,1,none,0,0,0,0.23886200006018043,95,4,4,95,16,3,0,0
diabetes,18,narrow,PACER-A,442,10,10,4,0.00904977375565611,4,1.0,1,none,0,0,0,0.33490400005575793,5,4,5,5,10,3,1,0
diabetes,18,narrow,PACER-C,442,10,10,4,0.00904977375565611,4,1.0,1,none,0,0,0,0.21861100003661704,5,4,5,5,10,3,1,0
diabetes,18,narrow,PACER-X,442,10,10,4,0.00904977375565611,4,1.0,1,none,0,0,0,0.20622600004571723,5,4,5,5,10,3,1,0
diabetes,18,narrow,StaleNoRecheck,442,10,10,4,0.00904977375565611,4,0.75,0,ranking_truncation,0,1,0,0.2637050001794705,220,4,220,220,0,8,0,0
diabetes,18,narrow,NaiveNoPolicy,442,10,10,4,0.00904977375565611,10,0.0,0,ranking_truncation,9,1,9,0.09042800002134754,220,220,220,0,0,8,0,0
diabetes,19,cold,ExactSecure,442,10,10,2,0.004524886877828055,2,1.0,1,none,0,0,0,0.4397039999730623,442,2,2,442,0,0,1,0
diabetes,19,cold,PostFilter-IVF,442,10,10,2,0.004524886877828055,2,1.0,1,none,0,0,0,0.3394619998289272,220,2,220,220,0,8,0,0
diabetes,19,cold,AdaptivePostFilter-IVF,442,10,10,2,0.004524886877828055,2,1.0,1,none,0,0,0,1.0041640000508778,442,2,442,442,0,16,0,0
diabetes,19,cold,TenantPartition-IVF,442,10,10,2,0.004524886877828055,2,1.0,1,none,0,0,0,0.24118800001815544,220,2,220,220,0,8,0,0
diabetes,19,cold,PreFilter-IVF,442,10,10,2,0.004524886877828055,2,1.0,1,none,0,0,0,0.15079499985404254,19,2,2,19,16,1,0,0
diabetes,19,cold,PACER-A,442,10,10,2,0.004524886877828055,2,1.0,1,none,0,0,0,0.1375330000428221,2,2,2,2,1,1,1,0
diabetes,19,cold,PACER-C,442,10,10,2,0.004524886877828055,2,1.0,1,none,0,0,0,0.14651400010734505,2,2,2,2,1,1,1,0
diabetes,19,cold,PACER-X,442,10,10,2,0.004524886877828055,2,1.0,1,none,0,0,0,0.13760300021203875,2,2,2,2,1,1,1,0
diabetes,19,cold,StaleNoRecheck,442,10,10,2,0.004524886877828055,2,1.0,1,none,0,0,0,0.25828399998317764,220,2,220,220,0,8,0,0
diabetes,19,cold,NaiveNoPolicy,442,10,10,2,0.004524886877828055,10,1.0,0,ranking_truncation,7,0,8,0.10836499996003113,220,220,220,0,0,8,0,0
diabetes,20,broad,ExactSecure,442,10,10,407,0.920814479638009,10,1.0,1,none,0,0,0,0.30784199998379336,442,407,407,442,0,0,1,0
diabetes,20,broad,PostFilter-IVF,442,10,10,407,0.920814479638009,10,1.0,1,none,0,0,0,0.29621600015161675,220,198,220,220,0,8,0,0
diabetes,20,broad,AdaptivePostFilter-IVF,442,10,10,407,0.920814479638009,10,1.0,1,none,0,0,0,1.1697170000388724,442,407,442,442,0,16,0,0
diabetes,20,broad,TenantPartition-IVF,442,10,10,407,0.920814479638009,10,1.0,1,none,0,0,0,0.2716789999794855,220,198,220,220,0,8,0,0
diabetes,20,broad,PreFilter-IVF,442,10,10,407,0.920814479638009,10,1.0,1,none,0,0,0,1.1702919998697325,212,191,191,212,8,8,0,0
diabetes,20,broad,PACER-A,442,10,10,407,0.920814479638009,10,1.0,1,none,0,0,0,1.1141979998683382,220,198,220,220,9,9,0,0
diabetes,20,broad,PACER-C,442,10,10,407,0.920814479638009,10,1.0,1,none,0,0,0,1.3389570001436368,348,317,348,348,12,12,1,0
diabetes,20,broad,PACER-X,442,10,10,407,0.920814479638009,10,1.0,1,none,0,0,0,1.3790199998311437,348,317,348,348,12,12,1,0
diabetes,20,broad,StaleNoRecheck,442,10,10,407,0.920814479638009,10,0.8,0,ranking_truncation,0,2,0,0.20378299996082205,220,220,220,220,0,8,0,0
diabetes,20,broad,NaiveNoPolicy,442,10,10,407,0.920814479638009,10,0.8,0,ranking_truncation,0,2,0,0.06923699993421906,220,220,220,0,0,8,0,0
diabetes,21,medium,ExactSecure,442,10,10,81,0.1832579185520362,10,1.0,1,none,0,0,0,0.2990899999986141,442,81,81,442,0,0,1,0
diabetes,21,medium,PostFilter-IVF,442,10,10,81,0.1832579185520362,10,1.0,1,none,0,0,0,0.20524600017779449,212,39,212,212,0,8,0,0
diabetes,21,medium,AdaptivePostFilter-IVF,442,10,10,81,0.1832579185520362,10,1.0,1,none,0,0,0,0.8364619998246781,442,81,442,442,0,16,0,0
diabetes,21,medium,TenantPartition-IVF,442,10,10,81,0.1832579185520362,10,1.0,1,none,0,0,0,0.2084600000671344,212,39,212,212,0,8,0,0
diabetes,21,medium,PreFilter-IVF,442,10,10,81,0.1832579185520362,10,1.0,1,none,0,0,0,0.84064199995737,216,41,41,216,8,8,0,0
diabetes,21,medium,PACER-A,442,10,10,81,0.1832579185520362,10,1.0,1,none,0,0,0,1.1740039999494911,59,56,59,59,12,12,1,0
diabetes,21,medium,PACER-C,442,10,10,81,0.1832579185520362,10,1.0,1,none,0,0,0,1.223414999913075,59,56,59,59,12,12,1,0
diabetes,21,medium,PACER-X,442,10,10,81,0.1832579185520362,10,1.0,1,none,0,0,0,1.091309999992518,59,56,59,59,12,12,1,0
diabetes,21,medium,StaleNoRecheck,442,10,10,81,0.1832579185520362,10,0.8,0,ranking_truncation,0,2,0,0.3064970001105394,212,42,212,212,0,8,0,0
diabetes,21,medium,NaiveNoPolicy,442,10,10,81,0.1832579185520362,10,0.2,0,ranking_truncation,6,2,2,0.0772389998928702,212,212,212,0,0,8,0,0
diabetes,22,narrow,ExactSecure,442,10,10,4,0.00904977375565611,4,1.0,1,none,0,0,0,0.3530220001266571,442,4,4,442,0,0,1,0
diabetes,22,narrow,PostFilter-IVF,442,10,10,4,0.00904977375565611,3,0.75,0,candidate_starvation,0,0,0,0.22944699981053418,214,3,214,214,0,8,0,0
diabetes,22,narrow,AdaptivePostFilter-IVF,442,10,10,4,0.00904977375565611,4,1.0,1,none,0,0,0,0.8803289999832487,442,4,442,442,0,16,0,0
diabetes,22,narrow,TenantPartition-IVF,442,10,10,4,0.00904977375565611,3,0.75,0,candidate_starvation,0,0,0,0.48629900015839667,214,3,214,214,0,8,0,0
diabetes,22,narrow,PreFilter-IVF,442,10,10,4,0.00904977375565611,4,1.0,1,none,0,0,0,0.42469799996069924,117,4,4,117,16,4,0,0
diabetes,22,narrow,PACER-A,442,10,10,4,0.00904977375565611,4,1.0,1,none,0,0,0,0.4574729998694238,4,4,4,4,10,4,1,0
diabetes,22,narrow,PACER-C,442,10,10,4,0.00904977375565611,4,1.0,1,none,0,0,0,0.36505000002762245,4,4,4,4,10,4,1,0
diabetes,22,narrow,PACER-X,442,10,10,4,0.00904977375565611,4,1.0,1,none,0,0,0,0.4583400000228721,4,4,4,4,10,4,1,0
diabetes,22,narrow,StaleNoRecheck,442,10,10,4,0.00904977375565611,3,0.75,0,candidate_starvation,0,0,0,0.21306500002538087,214,3,214,214,0,8,0,0
diabetes,22,narrow,NaiveNoPolicy,442,10,10,4,0.00904977375565611,10,0.25,0,ranking_truncation,9,0,6,0.09574799992151384,214,214,214,0,0,8,0,0
diabetes,23,cold,ExactSecure,442,10,10,2,0.004524886877828055,2,1.0,1,none,0,0,0,0.5045560001235572,442,2,2,442,0,0,1,0
diabetes,23,cold,PostFilter-IVF,442,10,10,2,0.004524886877828055,2,1.0,1,none,0,0,0,0.20699199990303896,220,2,220,220,0,8,0,0
diabetes,23,cold,AdaptivePostFilter-IVF,442,10,10,2,0.004524886877828055,2,1.0,1,none,0,0,0,1.0208429998783686,442,2,442,442,0,16,0,0
diabetes,23,cold,TenantPartition-IVF,442,10,10,2,0.004524886877828055,2,1.0,1,none,0,0,0,0.1992769998651056,220,2,220,220,0,8,0,0
diabetes,23,cold,PreFilter-IVF,442,10,10,2,0.004524886877828055,2,1.0,1,none,0,0,0,0.1989960001083091,17,2,2,17,16,1,0,0
diabetes,23,cold,PACER-A,442,10,10,2,0.004524886877828055,2,1.0,1,none,0,0,0,0.1343779999842809,2,2,2,2,2,1,1,0
diabetes,23,cold,PACER-C,442,10,10,2,0.004524886877828055,2,1.0,1,none,0,0,0,0.11975500001426553,2,2,2,2,2,1,1,0
diabetes,23,cold,PACER-X,442,10,10,2,0.004524886877828055,2,1.0,1,none,0,0,0,0.15179100000750623,2,2,2,2,2,1,1,0
diabetes,23,cold,StaleNoRecheck,442,10,10,2,0.004524886877828055,2,1.0,1,none,0,0,0,0.2142109999567765,220,2,220,220,0,8,0,0
diabetes,23,cold,NaiveNoPolicy,442,10,10,2,0.004524886877828055,10,0.5,0,ranking_truncation,9,2,7,0.08302400010506972,220,220,220,0,0,8,0,0
diabetes,24,broad,ExactSecure,442,10,10,398,0.9004524886877828,10,1.0,1,none,0,0,0,0.35565500002121553,442,398,398,442,0,0,1,0
diabetes,24,broad,PostFilter-IVF,442,10,10,398,0.9004524886877828,10,0.9,0,ranking_truncation,0,0,0,0.2756280000539846,220,197,220,220,0,8,0,0
diabetes,24,broad,AdaptivePostFilter-IVF,442,10,10,398,0.9004524886877828,10,1.0,1,none,0,0,0,0.9303539998199994,442,398,442,442,0,16,0,0
diabetes,24,broad,TenantPartition-IVF,442,10,10,398,0.9004524886877828,10,0.9,0,ranking_truncation,0,0,0,0.31459500019082043,220,197,220,220,0,8,0,0
diabetes,24,broad,PreFilter-IVF,442,10,10,398,0.9004524886877828,10,0.9,0,ranking_truncation,0,0,0,0.8553369998480775,224,201,201,224,8,8,0,0
diabetes,24,broad,PACER-A,442,10,10,398,0.9004524886877828,10,0.9,0,ranking_truncation,0,0,0,0.963508000040747,220,197,220,220,8,8,0,0
diabetes,24,broad,PACER-C,442,10,10,398,0.9004524886877828,10,1.0,1,none,0,0,0,1.8182169999363396,442,398,442,442,16,16,1,0
diabetes,24,broad,PACER-X,442,10,10,398,0.9004524886877828,10,1.0,1,none,0,0,0,1.664714000071399,442,398,442,442,16,16,1,0
diabetes,24,broad,StaleNoRecheck,442,10,10,398,0.9004524886877828,10,0.9,0,ranking_truncation,0,1,0,0.4793269999936456,220,220,220,220,0,8,0,0
diabetes,24,broad,NaiveNoPolicy,442,10,10,398,0.9004524886877828,10,0.9,0,ranking_truncation,0,1,0,0.17762600009518792,220,220,220,0,0,8,0,0
diabetes,25,medium,ExactSecure,442,10,10,92,0.2081447963800905,10,1.0,1,none,0,0,0,0.36937899994882173,442,92,92,442,0,0,1,0
diabetes,25,medium,PostFilter-IVF,442,10,10,92,0.2081447963800905,10,1.0,1,none,0,0,0,0.25025599984473956,218,83,218,218,0,8,0,0
diabetes,25,medium,AdaptivePostFilter-IVF,442,10,10,92,0.2081447963800905,10,1.0,1,none,0,0,0,0.9950579999440379,442,92,442,442,0,16,0,0
diabetes,25,medium,TenantPartition-IVF,442,10,10,92,0.2081447963800905,10,1.0,1,none,0,0,0,0.2423129999442608,218,83,218,218,0,8,0,0
diabetes,25,medium,PreFilter-IVF,442,10,10,92,0.2081447963800905,10,1.0,1,none,0,0,0,0.4903240001112863,218,83,83,218,8,8,0,0
diabetes,25,medium,PACER-A,442,10,10,92,0.2081447963800905,10,1.0,1,none,0,0,0,0.9341219999896566,86,83,86,86,8,8,1,0
diabetes,25,medium,PACER-C,442,10,10,92,0.2081447963800905,10,1.0,1,none,0,0,0,1.0698559999582358,86,83,86,86,8,8,1,0
diabetes,25,medium,PACER-X,442,10,10,92,0.2081447963800905,10,1.0,1,none,0,0,0,1.1419659999774012,86,83,86,86,8,8,1,0
diabetes,25,medium,StaleNoRecheck,442,10,10,92,0.2081447963800905,10,1.0,1,none,0,0,0,0.3204399999958696,218,86,218,218,0,8,0,0
diabetes,25,medium,NaiveNoPolicy,442,10,10,92,0.2081447963800905,10,0.7,0,ranking_truncation,1,0,2,0.08108199995149334,218,218,218,0,0,8,0,0
diabetes,26,narrow,ExactSecure,442,10,10,16,0.03619909502262444,10,1.0,1,none,0,0,0,0.25578000008863455,442,16,16,442,0,0,1,0
diabetes,26,narrow,PostFilter-IVF,442,10,10,16,0.03619909502262444,10,1.0,1,none,0,0,0,0.21444300000439398,217,15,217,217,0,8,0,0
diabetes,26,narrow,AdaptivePostFilter-IVF,442,10,10,16,0.03619909502262444,10,1.0,1,none,0,0,0,0.853413000186265,442,16,442,442,0,16,0,0
diabetes,26,narrow,TenantPartition-IVF,442,10,10,16,0.03619909502262444,10,1.0,1,none,0,0,0,0.1823910001803597,217,15,217,217,0,8,0,0
diabetes,26,narrow,PreFilter-IVF,442,10,10,16,0.03619909502262444,10,1.0,1,none,0,0,0,0.349571000015203,149,16,16,149,16,4,0,0
diabetes,26,narrow,PACER-A,442,10,10,16,0.03619909502262444,10,1.0,1,none,0,0,0,0.4683699999077362,16,16,16,16,7,4,1,0
diabetes,26,narrow,PACER-C,442,10,10,16,0.03619909502262444,10,1.0,1,none,0,0,0,0.3350290000980749,16,16,16,16,7,4,1,0
diabetes,26,narrow,PACER-X,442,10,10,16,0.03619909502262444,10,1.0,1,none,0,0,0,0.5022049999752198,16,16,16,16,7,4,1,0
diabetes,26,narrow,StaleNoRecheck,442,10,10,16,0.03619909502262444,10,1.0,1,none,0,0,0,0.2617269999518612,217,15,217,217,0,8,0,0
diabetes,26,narrow,NaiveNoPolicy,442,10,10,16,0.03619909502262444,10,0.4,0,ranking_truncation,6,0,6,0.0942189999477705,217,217,217,0,0,8,0,0
diabetes,27,cold,ExactSecure,442,10,10,7,0.01583710407239819,7,1.0,1,none,0,0,0,0.3567349999684666,442,7,7,442,0,0,1,0
diabetes,27,cold,PostFilter-IVF,442,10,10,7,0.01583710407239819,7,1.0,1,none,0,0,0,0.2713649998895562,218,7,218,218,0,8,0,0
diabetes,27,cold,AdaptivePostFilter-IVF,442,10,10,7,0.01583710407239819,7,1.0,1,none,0,0,0,0.8251090000612749,442,7,442,442,0,16,0,0
diabetes,27,cold,TenantPartition-IVF,442,10,10,7,0.01583710407239819,7,1.0,1,none,0,0,0,0.1689129999249417,218,7,218,218,0,8,0,0
diabetes,27,cold,PreFilter-IVF,442,10,10,7,0.01583710407239819,7,1.0,1,none,0,0,0,0.2260639998894476,95,7,7,95,16,2,0,0
diabetes,27,cold,PACER-A,442,10,10,7,0.01583710407239819,7,1.0,1,none,0,0,0,0.22631199999523233,7,7,7,7,3,2,1,0
diabetes,27,cold,PACER-C,442,10,10,7,0.01583710407239819,7,1.0,1,none,0,0,0,0.1748650001900387,7,7,7,7,3,2,1,0
diabetes,27,cold,PACER-X,442,10,10,7,0.01583710407239819,7,1.0,1,none,0,0,0,0.15651100011382368,7,7,7,7,3,2,1,0
diabetes,27,cold,StaleNoRecheck,442,10,10,7,0.01583710407239819,7,1.0,1,none,0,0,0,0.3542429999470187,218,7,218,218,0,8,0,0
diabetes,27,cold,NaiveNoPolicy,442,10,10,7,0.01583710407239819,10,0.42857142857142855,0,ranking_truncation,6,0,5,0.12729399986710632,218,218,218,0,0,8,0,0
diabetes,28,broad,ExactSecure,442,10,10,399,0.9027149321266968,10,1.0,1,none,0,0,0,0.5366720001802605,442,399,399,442,0,0,1,0
diabetes,28,broad,PostFilter-IVF,442,10,10,399,0.9027149321266968,10,1.0,1,none,0,0,0,0.473238999802561,220,199,220,220,0,8,0,0
diabetes,28,broad,AdaptivePostFilter-IVF,442,10,10,399,0.9027149321266968,10,1.0,1,none,0,0,0,1.4369189998433285,442,399,442,442,0,16,0,0
diabetes,28,broad,TenantPartition-IVF,442,10,10,399,0.9027149321266968,10,1.0,1,none,0,0,0,0.4764349998822581,220,199,220,220,0,8,0,0
diabetes,28,broad,PreFilter-IVF,442,10,10,399,0.9027149321266968,10,1.0,1,none,0,0,0,1.1241909999171185,233,211,211,233,8,8,0,0
diabetes,28,broad,PACER-A,442,10,10,399,0.9027149321266968,10,1.0,1,none,0,0,0,0.8949909999955707,220,198,220,220,8,8,0,0
diabetes,28,broad,PACER-C,442,10,10,399,0.9027149321266968,10,1.0,1,none,0,0,0,1.004413999908138,252,229,252,252,9,9,1,0
diabetes,28,broad,PACER-X,442,10,10,399,0.9027149321266968,10,1.0,1,none,0,0,0,0.9364709999317711,252,229,252,252,9,9,1,0
diabetes,28,broad,StaleNoRecheck,442,10,10,399,0.9027149321266968,10,0.9,0,ranking_truncation,0,1,0,0.2351819998693827,220,220,220,220,0,8,0,0
diabetes,28,broad,NaiveNoPolicy,442,10,10,399,0.9027149321266968,10,0.9,0,ranking_truncation,0,1,0,0.0833159999729105,220,220,220,0,0,8,0,0
diabetes,29,medium,ExactSecure,442,10,10,62,0.14027149321266968,10,1.0,1,none,0,0,0,0.2546059999986028,442,62,62,442,0,0,1,0
diabetes,29,medium,PostFilter-IVF,442,10,10,62,0.14027149321266968,10,1.0,1,none,0,0,0,0.19696899994414707,209,22,209,209,0,8,0,0
diabetes,29,medium,AdaptivePostFilter-IVF,442,10,10,62,0.14027149321266968,10,1.0,1,none,0,0,0,0.7483120000415511,442,62,442,442,0,16,0,0
diabetes,29,medium,TenantPartition-IVF,442,10,10,62,0.14027149321266968,10,1.0,1,none,0,0,0,0.19863800002895005,209,22,209,209,0,8,0,0
diabetes,29,medium,PreFilter-IVF,442,10,10,62,0.14027149321266968,10,1.0,1,none,0,0,0,0.6643300000632735,224,33,33,224,9,8,0,0
diabetes,29,medium,PACER-A,442,10,10,62,0.14027149321266968,10,1.0,1,none,0,0,0,0.9539719999338558,44,40,44,44,13,12,1,0
diabetes,29,medium,PACER-C,442,10,10,62,0.14027149321266968,10,1.0,1,none,0,0,0,0.827631999982259,44,40,44,44,13,12,1,0
diabetes,29,medium,PACER-X,442,10,10,62,0.14027149321266968,10,1.0,1,none,0,0,0,0.8795109999937267,44,40,44,44,13,12,1,0
diabetes,29,medium,StaleNoRecheck,442,10,10,62,0.14027149321266968,10,0.8,0,ranking_truncation,0,2,0,0.20601500000339001,209,26,209,209,0,8,0,0
diabetes,29,medium,NaiveNoPolicy,442,10,10,62,0.14027149321266968,10,0.3,0,ranking_truncation,6,0,2,0.10337899993828614,209,209,209,0,0,8,0,0
diabetes,30,narrow,ExactSecure,442,10,10,17,0.038461538461538464,10,1.0,1,none,0,0,0,0.25639200021032593,442,17,17,442,0,0,1,0
diabetes,30,narrow,PostFilter-IVF,442,10,10,17,0.038461538461538464,10,1.0,1,none,0,0,0,0.22319200002129946,220,16,220,220,0,8,0,0
diabetes,30,narrow,AdaptivePostFilter-IVF,442,10,10,17,0.038461538461538464,10,1.0,1,none,0,0,0,0.8262399999239278,442,17,442,442,0,16,0,0
diabetes,30,narrow,TenantPartition-IVF,442,10,10,17,0.038461538461538464,10,1.0,1,none,0,0,0,0.17259199989894114,220,16,220,220,0,8,0,0
diabetes,30,narrow,PreFilter-IVF,442,10,10,17,0.038461538461538464,10,1.0,1,none,0,0,0,0.3258439999171969,149,17,17,149,16,4,0,0
diabetes,30,narrow,PACER-A,442,10,10,17,0.038461538461538464,10,1.0,1,none,0,0,0,0.3161560000535246,17,17,17,17,10,4,1,0
diabetes,30,narrow,PACER-C,442,10,10,17,0.038461538461538464,10,1.0,1,none,0,0,0,0.3521720000208006,17,17,17,17,10,4,1,0
diabetes,30,narrow,PACER-X,442,10,10,17,0.038461538461538464,10,1.0,1,none,0,0,0,0.3557239999736339,17,17,17,17,10,4,1,0
diabetes,30,narrow,StaleNoRecheck,442,10,10,17,0.038461538461538464,10,1.0,1,none,0,0,0,0.21671100012099487,220,16,220,220,0,8,0,0
diabetes,30,narrow,NaiveNoPolicy,442,10,10,17,0.038461538461538464,10,0.1,0,ranking_truncation,9,0,7,0.09787500016500417,220,220,220,0,0,8,0,0
diabetes,31,cold,ExactSecure,442,10,10,1,0.0022624434389140274,1,1.0,1,none,0,0,0,0.28174099998068414,442,1,1,442,0,0,1,0
diabetes,31,cold,PostFilter-IVF,442,10,10,1,0.0022624434389140274,1,1.0,1,none,0,0,0,0.20778099997187383,196,1,196,196,0,8,0,0
diabetes,31,cold,AdaptivePostFilter-IVF,442,10,10,1,0.0022624434389140274,1,1.0,1,none,0,0,0,0.9527380000236008,442,1,442,442,0,16,0,0
diabetes,31,cold,TenantPartition-IVF,442,10,10,1,0.0022624434389140274,1,1.0,1,none,0,0,0,0.1896950000173092,196,1,196,196,0,8,0,0
diabetes,31,cold,PreFilter-IVF,442,10,10,1,0.0022624434389140274,1,1.0,1,none,0,0,0,0.19744199994420342,48,1,1,48,16,1,0,0
diabetes,31,cold,PACER-A,442,10,10,1,0.0022624434389140274,1,1.0,1,none,0,0,0,0.12472499997784325,1,1,1,1,2,1,1,0
diabetes,31,cold,PACER-C,442,10,10,1,0.0022624434389140274,1,1.0,1,none,0,0,0,0.12074899996150634,1,1,1,1,2,1,1,0
diabetes,31,cold,PACER-X,442,10,10,1,0.0022624434389140274,1,1.0,1,none,0,0,0,0.15940100001898827,1,1,1,1,2,1,1,0
diabetes,31,cold,StaleNoRecheck,442,10,10,1,0.0022624434389140274,1,1.0,1,none,0,0,0,0.33672799986561586,196,1,196,196,0,8,0,0
diabetes,31,cold,NaiveNoPolicy,442,10,10,1,0.0022624434389140274,10,1.0,0,ranking_truncation,9,0,7,0.1313889999892126,196,196,196,0,0,8,0,0
diabetes,32,broad,ExactSecure,442,10,10,401,0.9072398190045249,10,1.0,1,none,0,0,0,0.2983659999244992,442,401,401,442,0,0,1,0
diabetes,32,broad,PostFilter-IVF,442,10,10,401,0.9072398190045249,10,1.0,1,none,0,0,0,0.203758999987258,216,199,216,216,0,8,0,0
diabetes,32,broad,AdaptivePostFilter-IVF,442,10,10,401,0.9072398190045249,10,1.0,1,none,0,0,0,0.8716190000086499,442,401,442,442,0,16,0,0
diabetes,32,broad,TenantPartition-IVF,442,10,10,401,0.9072398190045249,10,1.0,1,none,0,0,0,0.23864800004957942,216,199,216,216,0,8,0,0
diabetes,32,broad,PreFilter-IVF,442,10,10,401,0.9072398190045249,10,1.0,1,none,0,0,0,0.6063890000405081,214,198,198,214,8,8,0,0
diabetes,32,broad,PACER-A,442,10,10,401,0.9072398190045249,10,1.0,1,none,0,0,0,0.8872319999682077,220,204,220,220,9,9,0,0
diabetes,32,broad,PACER-C,442,10,10,401,0.9072398190045249,10,1.0,1,none,0,0,0,1.0389179999492626,278,257,278,278,11,11,1,0
diabetes,32,broad,PACER-X,442,10,10,401,0.9072398190045249,10,1.0,1,none,0,0,0,1.1137039998629916,278,257,278,278,11,11,1,0
diabetes,32,broad,StaleNoRecheck,442,10,10,401,0.9072398190045249,10,1.0,1,none,0,0,0,0.19965000001320732,216,216,216,216,0,8,0,0
diabetes,32,broad,NaiveNoPolicy,442,10,10,401,0.9072398190045249,10,1.0,1,none,0,0,0,0.0683240000398655,216,216,216,0,0,8,0,0
diabetes,33,medium,ExactSecure,442,10,10,72,0.16289592760180996,10,1.0,1,none,0,0,0,0.27305399999022484,442,72,72,442,0,0,1,0
diabetes,33,medium,PostFilter-IVF,442,10,10,72,0.16289592760180996,10,1.0,1,none,0,0,0,0.2022030000716768,220,41,220,220,0,8,0,0
diabetes,33,medium,AdaptivePostFilter-IVF,442,10,10,72,0.16289592760180996,10,1.0,1,none,0,0,0,0.9561990000293008,442,72,442,442,0,16,0,0
diabetes,33,medium,TenantPartition-IVF,442,10,10,72,0.16289592760180996,10,1.0,1,none,0,0,0,0.26672900003177347,220,41,220,220,0,8,0,0
diabetes,33,medium,PreFilter-IVF,442,10,10,72,0.16289592760180996,10,1.0,1,none,0,0,0,0.7776410000133183,226,51,51,226,9,8,0,0
diabetes,33,medium,PACER-A,442,10,10,72,0.16289592760180996,10,1.0,1,none,0,0,0,1.0600170000998332,65,62,65,65,12,11,1,0
diabetes,33,medium,PACER-C,442,10,10,72,0.16289592760180996,10,1.0,1,none,0,0,0,1.013269999930344,65,62,65,65,12,11,1,0
diabetes,33,medium,PACER-X,442,10,10,72,0.16289592760180996,10,1.0,1,none,0,0,0,1.0212219999630179,65,62,65,65,12,11,1,0
diabetes,33,medium,StaleNoRecheck,442,10,10,72,0.16289592760180996,10,0.9,0,ranking_truncation,0,1,0,0.25674599987723923,220,43,220,220,0,8,0,0
diabetes,33,medium,NaiveNoPolicy,442,10,10,72,0.16289592760180996,10,0.3,0,ranking_truncation,6,0,4,0.09108200015361945,220,220,220,0,0,8,0,0
diabetes,34,narrow,ExactSecure,442,10,10,6,0.013574660633484163,6,1.0,1,none,0,0,0,0.2522740001040802,442,6,6,442,0,0,1,0
diabetes,34,narrow,PostFilter-IVF,442,10,10,6,0.013574660633484163,6,1.0,1,none,0,0,0,0.24875099984456028,220,6,220,220,0,8,0,0
diabetes,34,narrow,AdaptivePostFilter-IVF,442,10,10,6,0.013574660633484163,6,1.0,1,none,0,0,0,0.7484870000098454,442,6,442,442,0,16,0,0
diabetes,34,narrow,TenantPartition-IVF,442,10,10,6,0.013574660633484163,6,1.0,1,none,0,0,0,0.262910999936139,220,6,220,220,0,8,0,0
diabetes,34,narrow,PreFilter-IVF,442,10,10,6,0.013574660633484163,6,1.0,1,none,0,0,0,0.32577399997535395,128,6,6,128,16,4,0,0
diabetes,34,narrow,PACER-A,442,10,10,6,0.013574660633484163,6,1.0,1,none,0,0,0,0.30291699999906996,6,6,6,6,9,4,1,0
diabetes,34,narrow,PACER-C,442,10,10,6,0.013574660633484163,6,1.0,1,none,0,0,0,0.3733739999915997,6,6,6,6,9,4,1,0
diabetes,34,narrow,PACER-X,442,10,10,6,0.013574660633484163,6,1.0,1,none,0,0,0,0.4360490002000006,6,6,6,6,9,4,1,0
diabetes,34,narrow,StaleNoRecheck,442,10,10,6,0.013574660633484163,6,1.0,1,none,0,0,0,0.3614390000166168,220,6,220,220,0,8,0,0
diabetes,34,narrow,NaiveNoPolicy,442,10,10,6,0.013574660633484163,10,0.16666666666666666,0,ranking_truncation,9,1,4,0.11261300005571684,220,220,220,0,0,8,0,0
diabetes,35,cold,ExactSecure,442,10,10,1,0.0022624434389140274,1,1.0,1,none,0,0,0,0.40831399996932305,442,1,1,442,0,0,1,0
diabetes,35,cold,PostFilter-IVF,442,10,10,1,0.0022624434389140274,1,1.0,1,none,0,0,0,0.30152900012581085,219,1,219,219,0,8,0,0
diabetes,35,cold,AdaptivePostFilter-IVF,442,10,10,1,0.0022624434389140274,1,1.0,1,none,0,0,0,1.1392970000088098,442,1,442,442,0,16,0,0
diabetes,35,cold,TenantPartition-IVF,442,10,10,1,0.0022624434389140274,1,1.0,1,none,0,0,0,0.22275699984675157,219,1,219,219,0,8,0,0
diabetes,35,cold,PreFilter-IVF,442,10,10,1,0.0022624434389140274,1,1.0,1,none,0,0,0,0.16610100010439055,23,1,1,23,16,1,0,0
diabetes,35,cold,PACER-A,442,10,10,1,0.0022624434389140274,1,1.0,1,none,0,0,0,0.10059399983219919,1,1,1,1,1,1,1,0
diabetes,35,cold,PACER-C,442,10,10,1,0.0022624434389140274,1,1.0,1,none,0,0,0,0.08732099990993447,1,1,1,1,1,1,1,0
diabetes,35,cold,PACER-X,442,10,10,1,0.0022624434389140274,1,1.0,1,none,0,0,0,0.08378500001526845,1,1,1,1,1,1,1,0
diabetes,35,cold,StaleNoRecheck,442,10,10,1,0.0022624434389140274,1,1.0,1,none,0,0,0,0.18360200010647532,219,1,219,219,0,8,0,0
diabetes,35,cold,NaiveNoPolicy,442,10,10,1,0.0022624434389140274,10,1.0,0,ranking_truncation,9,1,7,0.10050500009128882,219,219,219,0,0,8,0,0
diabetes,36,broad,ExactSecure,442,10,10,398,0.9004524886877828,10,1.0,1,none,0,0,0,0.2672609998626285,442,398,398,442,0,0,1,0
diabetes,36,broad,PostFilter-IVF,442,10,10,398,0.9004524886877828,10,1.0,1,none,0,0,0,0.20293600005061307,211,186,211,211,0,8,0,0
diabetes,36,broad,AdaptivePostFilter-IVF,442,10,10,398,0.9004524886877828,10,1.0,1,none,0,0,0,1.1853739999878599,442,398,442,442,0,16,0,0
diabetes,36,broad,TenantPartition-IVF,442,10,10,398,0.9004524886877828,10,1.0,1,none,0,0,0,0.47564299984514946,211,186,211,211,0,8,0,0
diabetes,36,broad,PreFilter-IVF,442,10,10,398,0.9004524886877828,10,1.0,1,none,0,0,0,0.9629519997815805,217,191,191,217,8,8,0,0
diabetes,36,broad,PACER-A,442,10,10,398,0.9004524886877828,10,1.0,1,none,0,0,0,1.1949950001053367,220,194,220,220,9,9,0,0
diabetes,36,broad,PACER-C,442,10,10,398,0.9004524886877828,10,1.0,1,none,0,0,0,1.4169660000789008,257,227,257,257,10,10,1,0
diabetes,36,broad,PACER-X,442,10,10,398,0.9004524886877828,10,1.0,1,none,0,0,0,1.4817950000178826,257,227,257,257,10,10,1,0
diabetes,36,broad,StaleNoRecheck,442,10,10,398,0.9004524886877828,10,1.0,1,none,0,0,0,0.37738099990747287,211,211,211,211,0,8,0,0
diabetes,36,broad,NaiveNoPolicy,442,10,10,398,0.9004524886877828,10,1.0,1,none,0,0,0,0.12667399983001815,211,211,211,0,0,8,0,0
diabetes,37,medium,ExactSecure,442,10,10,40,0.09049773755656108,10,1.0,1,none,0,0,0,0.5329830000846414,442,40,40,442,0,0,1,0
diabetes,37,medium,PostFilter-IVF,442,10,10,40,0.09049773755656108,10,1.0,1,none,0,0,0,0.43160500013073033,220,27,220,220,0,8,0,0
diabetes,37,medium,AdaptivePostFilter-IVF,442,10,10,40,0.09049773755656108,10,1.0,1,none,0,0,0,1.4087800000197603,442,40,442,442,0,16,0,0
diabetes,37,medium,TenantPartition-IVF,442,10,10,40,0.09049773755656108,10,1.0,1,none,0,0,0,0.27968399990641046,220,27,220,220,0,8,0,0
diabetes,37,medium,PreFilter-IVF,442,10,10,40,0.09049773755656108,10,0.9,0,ranking_truncation,0,0,0,0.8038380001380574,219,27,27,219,8,8,0,0
diabetes,37,medium,PACER-A,442,10,10,40,0.09049773755656108,10,1.0,1,none,0,0,0,1.203095000164467,45,40,45,45,15,13,1,0
diabetes,37,medium,PACER-C,442,10,10,40,0.09049773755656108,10,1.0,1,none,0,0,0,1.4731440001014562,45,40,45,45,15,13,1,0
diabetes,37,medium,PACER-X,442,10,10,40,0.09049773755656108,10,1.0,1,none,0,0,0,1.418753000052675,45,40,45,45,15,13,1,0
diabetes,37,medium,StaleNoRecheck,442,10,10,40,0.09049773755656108,10,0.8,0,ranking_truncation,0,2,0,0.43292899999869405,220,31,220,220,0,8,0,0
diabetes,37,medium,NaiveNoPolicy,442,10,10,40,0.09049773755656108,10,0.6,0,ranking_truncation,2,1,1,0.1559540000926063,220,220,220,0,0,8,0,0
diabetes,38,narrow,ExactSecure,442,10,10,3,0.006787330316742082,3,1.0,1,none,0,0,0,0.48415200012641435,442,3,3,442,0,0,1,0
diabetes,38,narrow,PostFilter-IVF,442,10,10,3,0.006787330316742082,3,1.0,1,none,0,0,0,0.40000800004236226,220,3,220,220,0,8,0,0
diabetes,38,narrow,AdaptivePostFilter-IVF,442,10,10,3,0.006787330316742082,3,1.0,1,none,0,0,0,1.355127999886463,442,3,442,442,0,16,0,0
diabetes,38,narrow,TenantPartition-IVF,442,10,10,3,0.006787330316742082,3,1.0,1,none,0,0,0,0.7093249998888496,220,3,220,220,0,8,0,0
diabetes,38,narrow,PreFilter-IVF,442,10,10,3,0.006787330316742082,3,1.0,1,none,0,0,0,0.2824140001393971,89,3,3,89,16,3,0,0
diabetes,38,narrow,PACER-A,442,10,10,3,0.006787330316742082,3,1.0,1,none,0,0,0,0.415188000033595,3,3,3,3,5,3,1,0
diabetes,38,narrow,PACER-C,442,10,10,3,0.006787330316742082,3,1.0,1,none,0,0,0,0.2320779999536171,3,3,3,3,5,3,1,0
diabetes,38,narrow,PACER-X,442,10,10,3,0.006787330316742082,3,1.0,1,none,0,0,0,0.27038999996875646,3,3,3,3,5,3,1,0
diabetes,38,narrow,StaleNoRecheck,442,10,10,3,0.006787330316742082,3,1.0,1,none,0,0,0,0.2590080000572925,220,3,220,220,0,8,0,0
diabetes,38,narrow,NaiveNoPolicy,442,10,10,3,0.006787330316742082,10,0.3333333333333333,0,ranking_truncation,8,2,8,0.11798300010923413,220,220,220,0,0,8,0,0
diabetes,39,cold,ExactSecure,442,10,10,1,0.0022624434389140274,1,1.0,1,none,0,0,0,0.2795310001602047,442,1,1,442,0,0,1,0
diabetes,39,cold,PostFilter-IVF,442,10,10,1,0.0022624434389140274,1,1.0,1,none,0,0,0,0.214108999898599,220,1,220,220,0,8,0,0
diabetes,39,cold,AdaptivePostFilter-IVF,442,10,10,1,0.0022624434389140274,1,1.0,1,none,0,0,0,3.136079000114478,442,1,442,442,0,16,0,0
diabetes,39,cold,TenantPartition-IVF,442,10,10,1,0.0022624434389140274,1,1.0,1,none,0,0,0,0.1931839999542717,220,1,220,220,0,8,0,0
diabetes,39,cold,PreFilter-IVF,442,10,10,1,0.0022624434389140274,1,1.0,1,none,0,0,0,0.17024900012074795,27,1,1,27,16,1,0,0
diabetes,39,cold,PACER-A,442,10,10,1,0.0022624434389140274,1,1.0,1,none,0,0,0,0.11025900016647938,1,1,1,1,1,1,1,0
diabetes,39,cold,PACER-C,442,10,10,1,0.0022624434389140274,1,1.0,1,none,0,0,0,0.12592100006258988,1,1,1,1,1,1,1,0
diabetes,39,cold,PACER-X,442,10,10,1,0.0022624434389140274,1,1.0,1,none,0,0,0,0.10177999979532615,1,1,1,1,1,1,1,0
diabetes,39,cold,StaleNoRecheck,442,10,10,1,0.0022624434389140274,1,1.0,1,none,0,0,0,0.22564200003216683,220,1,220,220,0,8,0,0
diabetes,39,cold,NaiveNoPolicy,442,10,10,1,0.0022624434389140274,10,1.0,0,ranking_truncation,9,0,7,0.08300800004690245,220,220,220,0,0,8,0,0
diabetes,40,broad,ExactSecure,442,10,10,401,0.9072398190045249,10,1.0,1,none,0,0,0,0.43054299999312207,442,401,401,442,0,0,1,0
diabetes,40,broad,PostFilter-IVF,442,10,10,401,0.9072398190045249,10,1.0,1,none,0,0,0,0.4061319998527324,207,186,207,207,0,8,0,0
diabetes,40,broad,AdaptivePostFilter-IVF,442,10,10,401,0.9072398190045249,10,1.0,1,none,0,0,0,1.3985450000291166,442,401,442,442,0,16,0,0
diabetes,40,broad,TenantPartition-IVF,442,10,10,401,0.9072398190045249,10,1.0,1,none,0,0,0,0.25616700008868065,207,186,207,207,0,8,0,0
diabetes,40,broad,PreFilter-IVF,442,10,10,401,0.9072398190045249,10,1.0,1,none,0,0,0,0.8869119999417308,207,186,186,207,8,8,0,0
diabetes,40,broad,PACER-A,442,10,10,401,0.9072398190045249,10,1.0,1,none,0,0,0,0.962327000024743,220,197,220,220,9,9,0,0
diabetes,40,broad,PACER-C,442,10,10,401,0.9072398190045249,10,1.0,1,none,0,0,0,1.1070320001635992,234,210,234,234,9,9,1,0
diabetes,40,broad,PACER-X,442,10,10,401,0.9072398190045249,10,1.0,1,none,0,0,0,1.0596740000892169,234,210,234,234,9,9,1,0
diabetes,40,broad,StaleNoRecheck,442,10,10,401,0.9072398190045249,10,1.0,1,none,0,0,0,0.40826500003277033,207,207,207,207,0,8,0,0
diabetes,40,broad,NaiveNoPolicy,442,10,10,401,0.9072398190045249,10,1.0,1,none,0,0,0,0.07400200001939083,207,207,207,0,0,8,0,0
diabetes,41,medium,ExactSecure,442,10,10,45,0.10180995475113122,10,1.0,1,none,0,0,0,0.2591910001683573,442,45,45,442,0,0,1,0
diabetes,41,medium,PostFilter-IVF,442,10,10,45,0.10180995475113122,10,1.0,1,none,0,0,0,0.22458599983110616,220,21,220,220,0,8,0,0
diabetes,41,medium,AdaptivePostFilter-IVF,442,10,10,45,0.10180995475113122,10,1.0,1,none,0,0,0,0.8762889999616164,442,45,442,442,0,16,0,0
diabetes,41,medium,TenantPartition-IVF,442,10,10,45,0.10180995475113122,10,1.0,1,none,0,0,0,0.22337599989441514,220,21,220,220,0,8,0,0
diabetes,41,medium,PreFilter-IVF,442,10,10,45,0.10180995475113122,10,1.0,1,none,0,0,0,1.1428269999669283,222,25,25,222,11,8,0,0
diabetes,41,medium,PACER-A,442,10,10,45,0.10180995475113122,10,1.0,1,none,0,0,0,0.8987270000488934,32,27,32,32,12,9,1,0
diabetes,41,medium,PACER-C,442,10,10,45,0.10180995475113122,10,1.0,1,none,0,0,0,0.6315929999800574,32,27,32,32,12,9,1,0
diabetes,41,medium,PACER-X,442,10,10,45,0.10180995475113122,10,1.0,1,none,0,0,0,0.6713369998578855,32,27,32,32,12,9,1,0
diabetes,41,medium,StaleNoRecheck,442,10,10,45,0.10180995475113122,10,0.9,0,ranking_truncation,0,1,0,0.28811199990741443,220,24,220,220,0,8,0,0
diabetes,41,medium,NaiveNoPolicy,442,10,10,45,0.10180995475113122,10,0.2,0,ranking_truncation,1,0,8,0.08908099994187069,220,220,220,0,0,8,0,0
diabetes,42,narrow,ExactSecure,442,10,10,5,0.011312217194570135,5,1.0,1,none,0,0,0,0.2569799999037059,442,5,5,442,0,0,1,0
diabetes,42,narrow,PostFilter-IVF,442,10,10,5,0.011312217194570135,2,0.4,0,candidate_starvation,0,0,0,0.2688140000373096,220,2,220,220,0,8,0,0
diabetes,42,narrow,AdaptivePostFilter-IVF,442,10,10,5,0.011312217194570135,5,1.0,1,none,0,0,0,0.7344470000134606,442,5,442,442,0,16,0,0
diabetes,42,narrow,TenantPartition-IVF,442,10,10,5,0.011312217194570135,2,0.4,0,candidate_starvation,0,0,0,0.20813100013583608,220,2,220,220,0,8,0,0
diabetes,42,narrow,PreFilter-IVF,442,10,10,5,0.011312217194570135,5,1.0,1,none,0,0,0,0.4256510001141578,168,5,5,168,16,5,0,0
diabetes,42,narrow,PACER-A,442,10,10,5,0.011312217194570135,5,1.0,1,none,0,0,0,0.3834629999346362,5,5,5,5,14,5,1,0
diabetes,42,narrow,PACER-C,442,10,10,5,0.011312217194570135,5,1.0,1,none,0,0,0,0.3197720000116533,5,5,5,5,14,5,1,0
diabetes,42,narrow,PACER-X,442,10,10,5,0.011312217194570135,5,1.0,1,none,0,0,0,0.3076489999784826,5,5,5,5,14,5,1,0
diabetes,42,narrow,StaleNoRecheck,442,10,10,5,0.011312217194570135,2,0.4,0,candidate_starvation,0,0,0,0.3131439998469432,220,2,220,220,0,8,0,0
diabetes,42,narrow,NaiveNoPolicy,442,10,10,5,0.011312217194570135,10,0.2,0,ranking_truncation,9,0,7,0.09473399995840737,220,220,220,0,0,8,0,0
diabetes,43,cold,ExactSecure,442,10,10,5,0.011312217194570135,5,1.0,1,none,0,0,0,0.2582260001418035,442,5,5,442,0,0,1,0
diabetes,43,cold,PostFilter-IVF,442,10,10,5,0.011312217194570135,4,0.8,0,candidate_starvation,0,0,0,0.17850499989435775,193,4,193,193,0,8,0,0
diabetes,43,cold,AdaptivePostFilter-IVF,442,10,10,5,0.011312217194570135,5,1.0,1,none,0,0,0,0.7865770000989869,442,5,442,442,0,16,0,0
diabetes,43,cold,TenantPartition-IVF,442,10,10,5,0.011312217194570135,4,0.8,0,candidate_starvation,0,0,0,0.18260899992128543,193,4,193,193,0,8,0,0
diabetes,43,cold,PreFilter-IVF,442,10,10,5,0.011312217194570135,5,1.0,1,none,0,0,0,0.2707930000269698,148,5,5,148,16,4,0,0
diabetes,43,cold,PACER-A,442,10,10,5,0.011312217194570135,5,1.0,1,none,0,0,0,0.2861440000287985,5,5,5,5,12,4,1,0
diabetes,43,cold,PACER-C,442,10,10,5,0.011312217194570135,5,1.0,1,none,0,0,0,0.2976339999349875,5,5,5,5,12,4,1,0
diabetes,43,cold,PACER-X,442,10,10,5,0.011312217194570135,5,1.0,1,none,0,0,0,0.3153359998577798,5,5,5,5,12,4,1,0
diabetes,43,cold,StaleNoRecheck,442,10,10,5,0.011312217194570135,4,0.8,0,candidate_starvation,0,0,0,0.18112900011146849,193,4,193,193,0,8,0,0
diabetes,43,cold,NaiveNoPolicy,442,10,10,5,0.011312217194570135,10,0.2,0,ranking_truncation,9,2,8,0.07726599983470805,193,193,193,0,0,8,0,0
diabetes,44,broad,ExactSecure,442,10,10,398,0.9004524886877828,10,1.0,1,none,0,0,0,0.33434599981774227,442,398,398,442,0,0,1,0
diabetes,44,broad,PostFilter-IVF,442,10,10,398,0.9004524886877828,10,1.0,1,none,0,0,0,0.20848000008300005,216,201,216,216,0,8,0,0
diabetes,44,broad,AdaptivePostFilter-IVF,442,10,10,398,0.9004524886877828,10,1.0,1,none,0,0,0,0.8383520000734279,442,398,442,442,0,16,0,0
diabetes,44,broad,TenantPartition-IVF,442,10,10,398,0.9004524886877828,10,1.0,1,none,0,0,0,0.23530499993285048,216,201,216,216,0,8,0,0
diabetes,44,broad,PreFilter-IVF,442,10,10,398,0.9004524886877828,10,1.0,1,none,0,0,0,0.5999709999287006,216,201,201,216,8,8,0,0
diabetes,44,broad,PACER-A,442,10,10,398,0.9004524886877828,10,1.0,1,none,0,0,0,0.9609239998553676,220,205,220,220,9,9,0,0
diabetes,44,broad,PACER-C,442,10,10,398,0.9004524886877828,10,1.0,1,none,0,0,0,1.4522349999879225,384,344,384,384,13,13,1,0
diabetes,44,broad,PACER-X,442,10,10,398,0.9004524886877828,10,1.0,1,none,0,0,0,1.4790600000651466,384,344,384,384,13,13,1,0
diabetes,44,broad,StaleNoRecheck,442,10,10,398,0.9004524886877828,10,1.0,1,none,0,0,0,0.21394700002019817,216,216,216,216,0,8,0,0
diabetes,44,broad,NaiveNoPolicy,442,10,10,398,0.9004524886877828,10,1.0,1,none,0,0,0,0.07051300008242833,216,216,216,0,0,8,0,0
diabetes,45,medium,ExactSecure,442,10,10,28,0.06334841628959276,10,1.0,1,none,0,0,0,0.30143100002533174,442,28,28,442,0,0,1,0
diabetes,45,medium,PostFilter-IVF,442,10,10,28,0.06334841628959276,8,0.8,0,candidate_starvation,0,0,0,0.1948029998857237,203,8,203,203,0,8,0,0
diabetes,45,medium,AdaptivePostFilter-IVF,442,10,10,28,0.06334841628959276,10,1.0,1,none,0,0,0,0.7964880001054553,442,28,442,442,0,16,0,0
diabetes,45,medium,TenantPartition-IVF,442,10,10,28,0.06334841628959276,8,0.8,0,candidate_starvation,0,0,0,0.20831899996665015,203,8,203,203,0,8,0,0
diabetes,45,medium,PreFilter-IVF,442,10,10,28,0.06334841628959276,10,1.0,1,none,0,0,0,0.9412470001279871,229,19,19,229,11,7,0,0
diabetes,45,medium,PACER-A,442,10,10,28,0.06334841628959276,10,1.0,1,none,0,0,0,1.1038909999570024,32,28,32,32,16,11,1,0
diabetes,45,medium,PACER-C,442,10,10,28,0.06334841628959276,10,1.0,1,none,0,0,0,1.0944739999558806,32,28,32,32,16,11,1,0
diabetes,45,medium,PACER-X,442,10,10,28,0.06334841628959276,10,1.0,1,none,0,0,0,0.9181609998449858,32,28,32,32,16,11,1,0
diabetes,45,medium,StaleNoRecheck,442,10,10,28,0.06334841628959276,8,0.8,0,candidate_starvation,0,0,0,0.1863740001226688,203,8,203,203,0,8,0,0
diabetes,45,medium,NaiveNoPolicy,442,10,10,28,0.06334841628959276,10,0.1,0,ranking_truncation,9,1,1,0.09270099985769775,203,203,203,0,0,8,0,0
diabetes,46,narrow,ExactSecure,442,10,10,5,0.011312217194570135,5,1.0,1,none,0,0,0,0.1794699999209115,442,5,5,442,0,0,1,0
diabetes,46,narrow,PostFilter-IVF,442,10,10,5,0.011312217194570135,4,0.8,0,candidate_starvation,0,0,0,0.21217400012574217,220,4,220,220,0,8,0,0
diabetes,46,narrow,AdaptivePostFilter-IVF,442,10,10,5,0.011312217194570135,5,1.0,1,none,0,0,0,0.7549409999683121,442,5,442,442,0,16,0,0
diabetes,46,narrow,TenantPartition-IVF,442,10,10,5,0.011312217194570135,4,0.8,0,candidate_starvation,0,0,0,0.21269900003062503,220,4,220,220,0,8,0,0
diabetes,46,narrow,PreFilter-IVF,442,10,10,5,0.011312217194570135,5,1.0,1,none,0,0,0,0.33922099987648835,134,5,5,134,16,4,0,0
diabetes,46,narrow,PACER-A,442,10,10,5,0.011312217194570135,5,1.0,1,none,0,0,0,0.28356100006021734,5,5,5,5,11,4,1,0
diabetes,46,narrow,PACER-C,442,10,10,5,0.011312217194570135,5,1.0,1,none,0,0,0,0.25976000006266986,5,5,5,5,11,4,1,0
diabetes,46,narrow,PACER-X,442,10,10,5,0.011312217194570135,5,1.0,1,none,0,0,0,0.2826139998433064,5,5,5,5,11,4,1,0
diabetes,46,narrow,StaleNoRecheck,442,10,10,5,0.011312217194570135,4,0.8,0,candidate_starvation,0,0,0,0.37506600006054214,220,4,220,220,0,8,0,0
diabetes,46,narrow,NaiveNoPolicy,442,10,10,5,0.011312217194570135,10,0.2,0,ranking_truncation,9,1,9,0.0866909999786003,220,220,220,0,0,8,0,0
diabetes,47,cold,ExactSecure,442,10,10,1,0.0022624434389140274,1,1.0,1,none,0,0,0,0.29613199990308203,442,1,1,442,0,0,1,0
diabetes,47,cold,PostFilter-IVF,442,10,10,1,0.0022624434389140274,1,1.0,1,none,0,0,0,0.1949520001289784,217,1,217,217,0,8,0,0
diabetes,47,cold,AdaptivePostFilter-IVF,442,10,10,1,0.0022624434389140274,1,1.0,1,none,0,0,0,0.8145710000917461,442,1,442,442,0,16,0,0
diabetes,47,cold,TenantPartition-IVF,442,10,10,1,0.0022624434389140274,1,1.0,1,none,0,0,0,0.1597729999502917,217,1,217,217,0,8,0,0
diabetes,47,cold,PreFilter-IVF,442,10,10,1,0.0022624434389140274,1,1.0,1,none,0,0,0,0.1894859999538312,21,1,1,21,16,1,0,0
diabetes,47,cold,PACER-A,442,10,10,1,0.0022624434389140274,1,1.0,1,none,0,0,0,0.09992600007535657,1,1,1,1,2,1,1,0
diabetes,47,cold,PACER-C,442,10,10,1,0.0022624434389140274,1,1.0,1,none,0,0,0,0.08636899997327419,1,1,1,1,2,1,1,0
diabetes,47,cold,PACER-X,442,10,10,1,0.0022624434389140274,1,1.0,1,none,0,0,0,0.08578500001021894,1,1,1,1,2,1,1,0
diabetes,47,cold,StaleNoRecheck,442,10,10,1,0.0022624434389140274,1,1.0,1,none,0,0,0,0.18728600002759777,217,1,217,217,0,8,0,0
diabetes,47,cold,NaiveNoPolicy,442,10,10,1,0.0022624434389140274,10,1.0,0,ranking_truncation,9,1,6,0.06936999989193282,217,217,217,0,0,8,0,0
diabetes,48,broad,ExactSecure,442,10,10,401,0.9072398190045249,10,1.0,1,none,0,0,0,0.2938749998975254,442,401,401,442,0,0,1,0
diabetes,48,broad,PostFilter-IVF,442,10,10,401,0.9072398190045249,10,1.0,1,none,0,0,0,0.21865799999432056,220,195,220,220,0,8,0,0
diabetes,48,broad,AdaptivePostFilter-IVF,442,10,10,401,0.9072398190045249,10,1.0,1,none,0,0,0,0.9318909999365133,442,401,442,442,0,16,0,0
diabetes,48,broad,TenantPartition-IVF,442,10,10,401,0.9072398190045249,10,1.0,1,none,0,0,0,0.2886869999656483,220,195,220,220,0,8,0,0
diabetes,48,broad,PreFilter-IVF,442,10,10,401,0.9072398190045249,10,1.0,1,none,0,0,0,0.7890459999089217,223,198,198,223,8,8,0,0
diabetes,48,broad,PACER-A,442,10,10,401,0.9072398190045249,10,1.0,1,none,0,0,0,0.9686289999990549,220,195,220,220,8,8,0,0
diabetes,48,broad,PACER-C,442,10,10,401,0.9072398190045249,10,1.0,1,none,0,0,0,1.1980040001162706,350,313,350,350,12,12,1,0
diabetes,48,broad,PACER-X,442,10,10,401,0.9072398190045249,10,1.0,1,none,0,0,0,1.1561750000055326,350,313,350,350,12,12,1,0
diabetes,48,broad,StaleNoRecheck,442,10,10,401,0.9072398190045249,10,1.0,1,none,0,0,0,0.3616399999373243,220,220,220,220,0,8,0,0
diabetes,48,broad,NaiveNoPolicy,442,10,10,401,0.9072398190045249,10,1.0,1,none,0,0,0,0.08852800010572537,220,220,220,0,0,8,0,0
diabetes,49,medium,ExactSecure,442,10,10,35,0.07918552036199095,10,1.0,1,none,0,0,0,0.2541090000249824,442,35,35,442,0,0,1,0
diabetes,49,medium,PostFilter-IVF,442,10,10,35,0.07918552036199095,10,1.0,1,none,0,0,0,0.23298500013879675,220,19,220,220,0,8,0,0
diabetes,49,medium,AdaptivePostFilter-IVF,442,10,10,35,0.07918552036199095,10,1.0,1,none,0,0,0,0.9114020001561585,442,35,442,442,0,16,0,0
diabetes,49,medium,TenantPartition-IVF,442,10,10,35,0.07918552036199095,10,1.0,1,none,0,0,0,0.21684400007870863,220,19,220,220,0,8,0,0
diabetes,49,medium,PreFilter-IVF,442,10,10,35,0.07918552036199095,10,1.0,1,none,0,0,0,0.6845049999810726,207,22,22,207,10,8,0,0
diabetes,49,medium,PACER-A,442,10,10,35,0.07918552036199095,10,1.0,1,none,0,0,0,1.3569169998390862,44,35,44,44,16,13,1,0
diabetes,49,medium,PACER-C,442,10,10,35,0.07918552036199095,10,1.0,1,none,0,0,0,0.9527340000659024,44,35,44,44,16,13,1,0
diabetes,49,medium,PACER-X,442,10,10,35,0.07918552036199095,10,1.0,1,none,0,0,0,0.6913439999607363,44,35,44,44,16,13,1,0
diabetes,49,medium,StaleNoRecheck,442,10,10,35,0.07918552036199095,10,0.8,0,ranking_truncation,0,2,0,0.22879700009070802,220,25,220,220,0,8,0,0
diabetes,49,medium,NaiveNoPolicy,442,10,10,35,0.07918552036199095,10,0.3,0,ranking_truncation,7,1,2,0.08088099980341212,220,220,220,0,0,8,0,0
diabetes,50,narrow,ExactSecure,442,10,10,11,0.024886877828054297,10,1.0,1,none,0,0,0,0.3884750001361681,442,11,11,442,0,0,1,0
diabetes,50,narrow,PostFilter-IVF,442,10,10,11,0.024886877828054297,8,0.8,0,candidate_starvation,0,0,0,0.2509500000087428,193,8,193,193,0,8,0,0
diabetes,50,narrow,AdaptivePostFilter-IVF,442,10,10,11,0.024886877828054297,10,1.0,1,none,0,0,0,0.9382229998209368,442,11,442,442,0,16,0,0
diabetes,50,narrow,TenantPartition-IVF,442,10,10,11,0.024886877828054297,8,0.8,0,candidate_starvation,0,0,0,0.19303599992781528,193,8,193,193,0,8,0,0
diabetes,50,narrow,PreFilter-IVF,442,10,10,11,0.024886877828054297,10,1.0,1,none,0,0,0,0.43299000003571564,169,11,11,169,16,5,0,0
diabetes,50,narrow,PACER-A,442,10,10,11,0.024886877828054297,10,1.0,1,none,0,0,0,0.46163599995452387,12,11,12,12,8,5,1,0
diabetes,50,narrow,PACER-C,442,10,10,11,0.024886877828054297,10,1.0,1,none,0,0,0,0.5135510000400245,12,11,12,12,8,5,1,0
diabetes,50,narrow,PACER-X,442,10,10,11,0.024886877828054297,10,1.0,1,none,0,0,0,0.4937060000429483,12,11,12,12,8,5,1,0
diabetes,50,narrow,StaleNoRecheck,442,10,10,11,0.024886877828054297,9,0.8,0,candidate_starvation,0,1,0,0.1910890000544896,193,9,193,193,0,8,0,0
diabetes,50,narrow,NaiveNoPolicy,442,10,10,11,0.024886877828054297,10,0.1,0,ranking_truncation,9,0,7,0.0741270000617078,193,193,193,0,0,8,0,0
diabetes,51,cold,ExactSecure,442,10,10,1,0.0022624434389140274,1,1.0,1,none,0,0,0,0.2705690001221228,442,1,1,442,0,0,1,0
diabetes,51,cold,PostFilter-IVF,442,10,10,1,0.0022624434389140274,1,1.0,1,none,0,0,0,0.20892800012006774,220,1,220,220,0,8,0,0
diabetes,51,cold,AdaptivePostFilter-IVF,442,10,10,1,0.0022624434389140274,1,1.0,1,none,0,0,0,0.7506559998091689,442,1,442,442,0,16,0,0
diabetes,51,cold,TenantPartition-IVF,442,10,10,1,0.0022624434389140274,1,1.0,1,none,0,0,0,0.18956600001729385,220,1,220,220,0,8,0,0
diabetes,51,cold,PreFilter-IVF,442,10,10,1,0.0022624434389140274,1,1.0,1,none,0,0,0,0.16245300002992735,48,1,1,48,16,1,0,0
diabetes,51,cold,PACER-A,442,10,10,1,0.0022624434389140274,1,1.0,1,none,0,0,0,0.10481499998604704,1,1,1,1,2,1,1,0
diabetes,51,cold,PACER-C,442,10,10,1,0.0022624434389140274,1,1.0,1,none,0,0,0,0.08862000004228321,1,1,1,1,2,1,1,0
diabetes,51,cold,PACER-X,442,10,10,1,0.0022624434389140274,1,1.0,1,none,0,0,0,0.10341000006519607,1,1,1,1,2,1,1,0
diabetes,51,cold,StaleNoRecheck,442,10,10,1,0.0022624434389140274,1,1.0,1,none,0,0,0,0.21633300002577016,220,1,220,220,0,8,0,0
diabetes,51,cold,NaiveNoPolicy,442,10,10,1,0.0022624434389140274,10,1.0,0,ranking_truncation,9,0,6,0.07313900005101459,220,220,220,0,0,8,0,0
diabetes,52,broad,ExactSecure,442,10,10,398,0.9004524886877828,10,1.0,1,none,0,0,0,0.35182500005248585,442,398,398,442,0,0,1,0
diabetes,52,broad,PostFilter-IVF,442,10,10,398,0.9004524886877828,10,1.0,1,none,0,0,0,0.3186149999692134,220,194,220,220,0,8,0,0
diabetes,52,broad,AdaptivePostFilter-IVF,442,10,10,398,0.9004524886877828,10,1.0,1,none,0,0,0,0.8318239999880461,442,398,442,442,0,16,0,0
diabetes,52,broad,TenantPartition-IVF,442,10,10,398,0.9004524886877828,10,1.0,1,none,0,0,0,0.3025769999567274,220,194,220,220,0,8,0,0
diabetes,52,broad,PreFilter-IVF,442,10,10,398,0.9004524886877828,10,1.0,1,none,0,0,0,0.7913739998457459,224,195,195,224,8,8,0,0
diabetes,52,broad,PACER-A,442,10,10,398,0.9004524886877828,10,1.0,1,none,0,0,0,1.169207999964783,220,192,220,220,8,8,0,0
diabetes,52,broad,PACER-C,442,10,10,398,0.9004524886877828,10,1.0,1,none,0,0,0,1.0884690000239061,280,248,280,280,11,11,1,0
diabetes,52,broad,PACER-X,442,10,10,398,0.9004524886877828,10,1.0,1,none,0,0,0,1.1003770000570512,280,248,280,280,11,11,1,0
diabetes,52,broad,StaleNoRecheck,442,10,10,398,0.9004524886877828,10,0.7,0,ranking_truncation,0,3,0,0.27852999983224436,220,220,220,220,0,8,0,0
diabetes,52,broad,NaiveNoPolicy,442,10,10,398,0.9004524886877828,10,0.7,0,ranking_truncation,0,3,0,0.0854239999625861,220,220,220,0,0,8,0,0
diabetes,53,medium,ExactSecure,442,10,10,51,0.11538461538461539,10,1.0,1,none,0,0,0,0.2537620000566676,442,51,51,442,0,0,1,0
diabetes,53,medium,PostFilter-IVF,442,10,10,51,0.11538461538461539,10,1.0,1,none,0,0,0,0.4611169999861886,215,33,215,215,0,8,0,0
diabetes,53,medium,AdaptivePostFilter-IVF,442,10,10,51,0.11538461538461539,10,1.0,1,none,0,0,0,0.953237999965495,442,51,442,442,0,16,0,0
diabetes,53,medium,TenantPartition-IVF,442,10,10,51,0.11538461538461539,10,1.0,1,none,0,0,0,0.269590000016251,215,33,215,215,0,8,0,0
diabetes,53,medium,PreFilter-IVF,442,10,10,51,0.11538461538461539,10,1.0,1,none,0,0,0,0.6272489999901154,215,33,33,215,8,8,0,0
diabetes,53,medium,PACER-A,442,10,10,51,0.11538461538461539,10,1.0,1,none,0,0,0,1.1677859999963403,45,44,45,45,12,12,1,0
diabetes,53,medium,PACER-C,442,10,10,51,0.11538461538461539,10,1.0,1,none,0,0,0,1.3506469999811088,45,44,45,45,12,12,1,0
diabetes,53,medium,PACER-X,442,10,10,51,0.11538461538461539,10,1.0,1,none,0,0,0,1.2211000000661443,45,44,45,45,12,12,1,0
diabetes,53,medium,StaleNoRecheck,442,10,10,51,0.11538461538461539,10,1.0,1,none,0,0,0,0.3547810001691687,215,33,215,215,0,8,0,0
diabetes,53,medium,NaiveNoPolicy,442,10,10,51,0.11538461538461539,10,0.4,0,ranking_truncation,6,1,0,0.0815410000996053,215,215,215,0,0,8,0,0
diabetes,54,narrow,ExactSecure,442,10,10,10,0.02262443438914027,10,1.0,1,none,0,0,0,0.29616599999826576,442,10,10,442,0,0,1,0
diabetes,54,narrow,PostFilter-IVF,442,10,10,10,0.02262443438914027,10,1.0,1,none,0,0,0,0.20960799997737922,218,10,218,218,0,8,0,0
diabetes,54,narrow,AdaptivePostFilter-IVF,442,10,10,10,0.02262443438914027,10,1.0,1,none,0,0,0,1.4164780000101018,442,10,442,442,0,16,0,0
diabetes,54,narrow,TenantPartition-IVF,442,10,10,10,0.02262443438914027,10,1.0,1,none,0,0,0,0.8937499999319698,218,10,218,218,0,8,0,0
diabetes,54,narrow,PreFilter-IVF,442,10,10,10,0.02262443438914027,10,1.0,1,none,0,0,0,0.6128019999778189,148,10,10,148,16,4,0,0
diabetes,54,narrow,PACER-A,442,10,10,10,0.02262443438914027,10,1.0,1,none,0,0,0,0.49676899993755796,11,10,11,11,6,4,1,0
diabetes,54,narrow,PACER-C,442,10,10,10,0.02262443438914027,10,1.0,1,none,0,0,0,0.4699789999449422,11,10,11,11,6,4,1,0
diabetes,54,narrow,PACER-X,442,10,10,10,0.02262443438914027,10,1.0,1,none,0,0,0,0.4992770000171731,11,10,11,11,6,4,1,0
diabetes,54,narrow,StaleNoRecheck,442,10,10,10,0.02262443438914027,10,0.9,0,ranking_truncation,0,1,0,0.4008739999790123,218,11,218,218,0,8,0,0
diabetes,54,narrow,NaiveNoPolicy,442,10,10,10,0.02262443438914027,10,0.1,0,ranking_truncation,7,0,7,0.13392400001066562,218,218,218,0,0,8,0,0
diabetes,55,cold,ExactSecure,442,10,10,2,0.004524886877828055,2,1.0,1,none,0,0,0,0.5424890000540472,442,2,2,442,0,0,1,0
diabetes,55,cold,PostFilter-IVF,442,10,10,2,0.004524886877828055,2,1.0,1,none,0,0,0,0.39990300001591095,218,2,218,218,0,8,0,0
diabetes,55,cold,AdaptivePostFilter-IVF,442,10,10,2,0.004524886877828055,2,1.0,1,none,0,0,0,1.0577680000096734,442,2,442,442,0,16,0,0
diabetes,55,cold,TenantPartition-IVF,442,10,10,2,0.004524886877828055,2,1.0,1,none,0,0,0,0.14833099999123078,218,2,218,218,0,8,0,0
diabetes,55,cold,PreFilter-IVF,442,10,10,2,0.004524886877828055,2,1.0,1,none,0,0,0,0.2394389998698898,85,2,2,85,16,2,0,0
diabetes,55,cold,PACER-A,442,10,10,2,0.004524886877828055,2,1.0,1,none,0,0,0,0.16141100013555842,3,2,3,3,4,2,1,0
diabetes,55,cold,PACER-C,442,10,10,2,0.004524886877828055,2,1.0,1,none,0,0,0,0.1386379999530618,3,2,3,3,4,2,1,0
diabetes,55,cold,PACER-X,442,10,10,2,0.004524886877828055,2,1.0,1,none,0,0,0,0.13053299994680856,3,2,3,3,4,2,1,0
diabetes,55,cold,StaleNoRecheck,442,10,10,2,0.004524886877828055,3,1.0,0,ranking_truncation,0,1,0,0.28255800020815514,218,3,218,218,0,8,0,0
diabetes,55,cold,NaiveNoPolicy,442,10,10,2,0.004524886877828055,10,1.0,0,ranking_truncation,8,0,7,0.10506500007068098,218,218,218,0,0,8,0,0
diabetes,56,broad,ExactSecure,442,10,10,415,0.9389140271493213,10,1.0,1,none,0,0,0,0.27969200004918093,442,415,415,442,0,0,1,0
diabetes,56,broad,PostFilter-IVF,442,10,10,415,0.9389140271493213,10,1.0,1,none,0,0,0,0.22158799993121647,209,198,209,209,0,8,0,0
diabetes,56,broad,AdaptivePostFilter-IVF,442,10,10,415,0.9389140271493213,10,1.0,1,none,0,0,0,0.7871769998928357,442,415,442,442,0,16,0,0
diabetes,56,broad,TenantPartition-IVF,442,10,10,415,0.9389140271493213,10,1.0,1,none,0,0,0,0.22567999985767528,209,198,209,209,0,8,0,0
diabetes,56,broad,PreFilter-IVF,442,10,10,415,0.9389140271493213,10,1.0,1,none,0,0,0,0.68034500009162,209,198,198,209,8,8,0,0
diabetes,56,broad,PACER-A,442,10,10,415,0.9389140271493213,10,1.0,1,none,0,0,0,0.9771430000000692,220,208,220,220,9,9,0,0
diabetes,56,broad,PACER-C,442,10,10,415,0.9389140271493213,10,1.0,1,none,0,0,0,1.0659239999313286,322,304,322,322,11,11,1,0
diabetes,56,broad,PACER-X,442,10,10,415,0.9389140271493213,10,1.0,1,none,0,0,0,1.0463910000453325,322,304,322,322,11,11,1,0
diabetes,56,broad,StaleNoRecheck,442,10,10,415,0.9389140271493213,10,0.8,0,ranking_truncation,0,2,0,0.1997120000396535,209,209,209,209,0,8,0,0
diabetes,56,broad,NaiveNoPolicy,442,10,10,415,0.9389140271493213,10,0.8,0,ranking_truncation,0,2,0,0.11419000020396197,209,209,209,0,0,8,0,0
diabetes,57,medium,ExactSecure,442,10,10,50,0.11312217194570136,10,1.0,1,none,0,0,0,0.2633920000789658,442,50,50,442,0,0,1,0
diabetes,57,medium,PostFilter-IVF,442,10,10,50,0.11312217194570136,10,1.0,1,none,0,0,0,0.25650900010987243,220,34,220,220,0,8,0,0
diabetes,57,medium,AdaptivePostFilter-IVF,442,10,10,50,0.11312217194570136,10,1.0,1,none,0,0,0,0.8123449999857257,442,50,442,442,0,16,0,0
diabetes,57,medium,TenantPartition-IVF,442,10,10,50,0.11312217194570136,10,1.0,1,none,0,0,0,0.23983000005500799,220,34,220,220,0,8,0,0
diabetes,57,medium,PreFilter-IVF,442,10,10,50,0.11312217194570136,10,1.0,1,none,0,0,0,0.6130849999408383,225,39,39,225,10,7,0,0
diabetes,57,medium,PACER-A,442,10,10,50,0.11312217194570136,10,1.0,1,none,0,0,0,0.7479209998564329,49,47,49,49,14,9,1,0
diabetes,57,medium,PACER-C,442,10,10,50,0.11312217194570136,10,1.0,1,none,0,0,0,0.7483249999040709,49,47,49,49,14,9,1,0
diabetes,57,medium,PACER-X,442,10,10,50,0.11312217194570136,10,1.0,1,none,0,0,0,0.6427809998967859,49,47,49,49,14,9,1,0
diabetes,57,medium,StaleNoRecheck,442,10,10,50,0.11312217194570136,10,1.0,1,none,0,0,0,0.24412700008724642,220,36,220,220,0,8,0,0
diabetes,57,medium,NaiveNoPolicy,442,10,10,50,0.11312217194570136,10,0.1,0,ranking_truncation,8,0,1,0.08691500011082098,220,220,220,0,0,8,0,0
diabetes,58,narrow,ExactSecure,442,10,10,4,0.00904977375565611,4,1.0,1,none,0,0,0,0.27465399989523576,442,4,4,442,0,0,1,0
diabetes,58,narrow,PostFilter-IVF,442,10,10,4,0.00904977375565611,4,1.0,1,none,0,0,0,0.21639300007336715,208,4,208,208,0,8,0,0
diabetes,58,narrow,AdaptivePostFilter-IVF,442,10,10,4,0.00904977375565611,4,1.0,1,none,0,0,0,0.763503999905879,442,4,442,442,0,16,0,0
diabetes,58,narrow,TenantPartition-IVF,442,10,10,4,0.00904977375565611,4,1.0,1,none,0,0,0,0.2087909999772819,208,4,208,208,0,8,0,0
diabetes,58,narrow,PreFilter-IVF,442,10,10,4,0.00904977375565611,4,1.0,1,none,0,0,0,0.27260499996373255,103,4,4,103,16,3,0,0
diabetes,58,narrow,PACER-A,442,10,10,4,0.00904977375565611,4,1.0,1,none,0,0,0,0.27382799999031704,4,4,4,4,5,3,1,0
diabetes,58,narrow,PACER-C,442,10,10,4,0.00904977375565611,4,1.0,1,none,0,0,0,0.2380679998168489,4,4,4,4,5,3,1,0
diabetes,58,narrow,PACER-X,442,10,10,4,0.00904977375565611,4,1.0,1,none,0,0,0,0.20960899996680382,4,4,4,4,5,3,1,0
diabetes,58,narrow,StaleNoRecheck,442,10,10,4,0.00904977375565611,4,1.0,1,none,0,0,0,0.17518300001029274,208,4,208,208,0,8,0,0
diabetes,58,narrow,NaiveNoPolicy,442,10,10,4,0.00904977375565611,10,0.25,0,ranking_truncation,9,0,8,0.12239399984537158,208,208,208,0,0,8,0,0
diabetes,59,cold,ExactSecure,442,10,10,1,0.0022624434389140274,1,1.0,1,none,0,0,0,0.3641889998107217,442,1,1,442,0,0,1,0
diabetes,59,cold,PostFilter-IVF,442,10,10,1,0.0022624434389140274,1,1.0,1,none,0,0,0,0.20855000002484303,215,1,215,215,0,8,0,0
diabetes,59,cold,AdaptivePostFilter-IVF,442,10,10,1,0.0022624434389140274,1,1.0,1,none,0,0,0,0.7483209999463725,442,1,442,442,0,16,0,0
diabetes,59,cold,TenantPartition-IVF,442,10,10,1,0.0022624434389140274,1,1.0,1,none,0,0,0,0.15958599988152855,215,1,215,215,0,8,0,0
diabetes,59,cold,PreFilter-IVF,442,10,10,1,0.0022624434389140274,1,1.0,1,none,0,0,0,0.18741300004876393,16,1,1,16,16,1,0,0
diabetes,59,cold,PACER-A,442,10,10,1,0.0022624434389140274,1,1.0,1,none,0,0,0,0.10516399993321102,1,1,1,1,1,1,1,0
diabetes,59,cold,PACER-C,442,10,10,1,0.0022624434389140274,1,1.0,1,none,0,0,0,0.08751299992582062,1,1,1,1,1,1,1,0
diabetes,59,cold,PACER-X,442,10,10,1,0.0022624434389140274,1,1.0,1,none,0,0,0,0.09086799991564476,1,1,1,1,1,1,1,0
diabetes,59,cold,StaleNoRecheck,442,10,10,1,0.0022624434389140274,1,1.0,1,none,0,0,0,0.1887600001282408,215,1,215,215,0,8,0,0
diabetes,59,cold,NaiveNoPolicy,442,10,10,1,0.0022624434389140274,10,1.0,0,ranking_truncation,9,1,6,0.09693599986349,215,215,215,0,0,8,0,0
diabetes,60,broad,ExactSecure,442,10,10,398,0.9004524886877828,10,1.0,1,none,0,0,0,0.2772289999484201,442,398,398,442,0,0,1,0
diabetes,60,broad,PostFilter-IVF,442,10,10,398,0.9004524886877828,10,1.0,1,none,0,0,0,0.2034889998867584,217,191,217,217,0,8,0,0
diabetes,60,broad,AdaptivePostFilter-IVF,442,10,10,398,0.9004524886877828,10,1.0,1,none,0,0,0,0.8198259999971924,442,398,442,442,0,16,0,0
diabetes,60,broad,TenantPartition-IVF,442,10,10,398,0.9004524886877828,10,1.0,1,none,0,0,0,0.2561410001362674,217,191,217,217,0,8,0,0
diabetes,60,broad,PreFilter-IVF,442,10,10,398,0.9004524886877828,10,1.0,1,none,0,0,0,0.8120180000332766,217,191,191,217,8,8,0,0
diabetes,60,broad,PACER-A,442,10,10,398,0.9004524886877828,10,1.0,1,none,0,0,0,0.8432390000052692,217,191,217,217,8,8,1,0
diabetes,60,broad,PACER-C,442,10,10,398,0.9004524886877828,10,1.0,1,none,0,0,0,0.797597999962818,217,191,217,217,8,8,1,0
diabetes,60,broad,PACER-X,442,10,10,398,0.9004524886877828,10,1.0,1,none,0,0,0,0.80597500004842,217,191,217,217,8,8,1,0
diabetes,60,broad,StaleNoRecheck,442,10,10,398,0.9004524886877828,10,1.0,1,none,0,0,0,0.19608899992817896,217,217,217,217,0,8,0,0
diabetes,60,broad,NaiveNoPolicy,442,10,10,398,0.9004524886877828,10,1.0,1,none,0,0,0,0.06892799979141273,217,217,217,0,0,8,0,0
diabetes,61,medium,ExactSecure,442,10,10,54,0.12217194570135746,10,1.0,1,none,0,0,0,0.3379140000561165,442,54,54,442,0,0,1,0
diabetes,61,medium,PostFilter-IVF,442,10,10,54,0.12217194570135746,10,1.0,1,none,0,0,0,0.24664800002938136,220,34,220,220,0,8,0,0
diabetes,61,medium,AdaptivePostFilter-IVF,442,10,10,54,0.12217194570135746,10,1.0,1,none,0,0,0,0.7951689999572409,442,54,442,442,0,16,0,0
diabetes,61,medium,TenantPartition-IVF,442,10,10,54,0.12217194570135746,10,1.0,1,none,0,0,0,0.23278300000129093,220,34,220,220,0,8,0,0
diabetes,61,medium,PreFilter-IVF,442,10,10,54,0.12217194570135746,10,1.0,1,none,0,0,0,0.5878829999801383,223,38,38,223,10,8,0,0
diabetes,61,medium,PACER-A,442,10,10,54,0.12217194570135746,10,1.0,1,none,0,0,0,0.7479009998405672,50,49,50,50,13,10,1,0
diabetes,61,medium,PACER-C,442,10,10,54,0.12217194570135746,10,1.0,1,none,0,0,0,0.7475540000996261,50,49,50,50,13,10,1,0
diabetes,61,medium,PACER-X,442,10,10,54,0.12217194570135746,10,1.0,1,none,0,0,0,0.7769999999709398,50,49,50,50,13,10,1,0
diabetes,61,medium,StaleNoRecheck,442,10,10,54,0.12217194570135746,10,1.0,1,none,0,0,0,0.22032599986232526,220,34,220,220,0,8,0,0
diabetes,61,medium,NaiveNoPolicy,442,10,10,54,0.12217194570135746,10,0.3,0,ranking_truncation,7,1,4,0.0793230001363554,220,220,220,0,0,8,0,0
diabetes,62,narrow,ExactSecure,442,10,10,6,0.013574660633484163,6,1.0,1,none,0,0,0,0.24621000011393335,442,6,6,442,0,0,1,0
diabetes,62,narrow,PostFilter-IVF,442,10,10,6,0.013574660633484163,6,1.0,1,none,0,0,0,0.20545699999274802,220,6,220,220,0,8,0,0
diabetes,62,narrow,AdaptivePostFilter-IVF,442,10,10,6,0.013574660633484163,6,1.0,1,none,0,0,0,0.8482299999741372,442,6,442,442,0,16,0,0
diabetes,62,narrow,TenantPartition-IVF,442,10,10,6,0.013574660633484163,6,1.0,1,none,0,0,0,0.176743000110946,220,6,220,220,0,8,0,0
diabetes,62,narrow,PreFilter-IVF,442,10,10,6,0.013574660633484163,6,1.0,1,none,0,0,0,0.28660199996011215,86,6,6,86,16,2,0,0
diabetes,62,narrow,PACER-A,442,10,10,6,0.013574660633484163,6,1.0,1,none,0,0,0,0.18916400017587875,7,6,7,7,5,2,1,0
diabetes,62,narrow,PACER-C,442,10,10,6,0.013574660633484163,6,1.0,1,none,0,0,0,0.239166999790541,7,6,7,7,5,2,1,0
diabetes,62,narrow,PACER-X,442,10,10,6,0.013574660633484163,6,1.0,1,none,0,0,0,0.27758700002777914,7,6,7,7,5,2,1,0
diabetes,62,narrow,StaleNoRecheck,442,10,10,6,0.013574660633484163,7,1.0,0,ranking_truncation,0,1,0,0.3753700000288518,220,7,220,220,0,8,0,0
diabetes,62,narrow,NaiveNoPolicy,442,10,10,6,0.013574660633484163,10,0.3333333333333333,0,ranking_truncation,8,0,6,0.14863100000184204,220,220,220,0,0,8,0,0
diabetes,63,cold,ExactSecure,442,10,10,1,0.0022624434389140274,1,1.0,1,none,0,0,0,0.5119549998653383,442,1,1,442,0,0,1,0
diabetes,63,cold,PostFilter-IVF,442,10,10,1,0.0022624434389140274,1,1.0,1,none,0,0,0,0.3447040000992274,193,1,193,193,0,8,0,0
diabetes,63,cold,AdaptivePostFilter-IVF,442,10,10,1,0.0022624434389140274,1,1.0,1,none,0,0,0,1.3603500001408975,442,1,442,442,0,16,0,0
diabetes,63,cold,TenantPartition-IVF,442,10,10,1,0.0022624434389140274,1,1.0,1,none,0,0,0,0.26563699998405355,193,1,193,193,0,8,0,0
diabetes,63,cold,PreFilter-IVF,442,10,10,1,0.0022624434389140274,1,1.0,1,none,0,0,0,0.26558699983070255,27,1,1,27,16,1,0,0
diabetes,63,cold,PACER-A,442,10,10,1,0.0022624434389140274,1,1.0,1,none,0,0,0,0.18463700007487205,1,1,1,1,1,1,1,0
diabetes,63,cold,PACER-C,442,10,10,1,0.0022624434389140274,1,1.0,1,none,0,0,0,0.17254699992008682,1,1,1,1,1,1,1,0
diabetes,63,cold,PACER-X,442,10,10,1,0.0022624434389140274,1,1.0,1,none,0,0,0,0.15377299996544025,1,1,1,1,1,1,1,0
diabetes,63,cold,StaleNoRecheck,442,10,10,1,0.0022624434389140274,1,1.0,1,none,0,0,0,0.29318399992916966,193,1,193,193,0,8,0,0
diabetes,63,cold,NaiveNoPolicy,442,10,10,1,0.0022624434389140274,10,1.0,0,ranking_truncation,9,1,8,0.13561800005845726,193,193,193,0,0,8,0,0
diabetes,64,broad,ExactSecure,442,10,10,401,0.9072398190045249,10,1.0,1,none,0,0,0,0.5849570000009408,442,401,401,442,0,0,1,0
diabetes,64,broad,PostFilter-IVF,442,10,10,401,0.9072398190045249,10,1.0,1,none,0,0,0,0.38219699990804656,216,199,216,216,0,8,0,0
diabetes,64,broad,AdaptivePostFilter-IVF,442,10,10,401,0.9072398190045249,10,1.0,1,none,0,0,0,1.4800149999700807,442,401,442,442,0,16,0,0
diabetes,64,broad,TenantPartition-IVF,442,10,10,401,0.9072398190045249,10,1.0,1,none,0,0,0,0.45290899993233324,216,199,216,216,0,8,0,0
diabetes,64,broad,PreFilter-IVF,442,10,10,401,0.9072398190045249,10,1.0,1,none,0,0,0,0.8494589999372693,218,201,201,218,8,8,0,0
diabetes,64,broad,PACER-A,442,10,10,401,0.9072398190045249,10,1.0,1,none,0,0,0,1.6230839999025193,220,203,220,220,9,9,0,0
diabetes,64,broad,PACER-C,442,10,10,401,0.9072398190045249,10,1.0,1,none,0,0,0,2.116608999813252,325,297,325,325,12,12,1,0
diabetes,64,broad,PACER-X,442,10,10,401,0.9072398190045249,10,1.0,1,none,0,0,0,1.5743899998597044,325,297,325,325,12,12,1,0
diabetes,64,broad,StaleNoRecheck,442,10,10,401,0.9072398190045249,10,0.9,0,ranking_truncation,0,1,0,0.35464899997350585,216,216,216,216,0,8,0,0
diabetes,64,broad,NaiveNoPolicy,442,10,10,401,0.9072398190045249,10,0.9,0,ranking_truncation,0,1,0,0.13367199994718248,216,216,216,0,0,8,0,0
diabetes,65,medium,ExactSecure,442,10,10,53,0.11990950226244344,10,1.0,1,none,0,0,0,0.3687359999275941,442,53,53,442,0,0,1,0
diabetes,65,medium,PostFilter-IVF,442,10,10,53,0.11990950226244344,10,1.0,1,none,0,0,0,0.3515169998991041,215,15,215,215,0,8,0,0
diabetes,65,medium,AdaptivePostFilter-IVF,442,10,10,53,0.11990950226244344,10,1.0,1,none,0,0,0,1.3856419998319325,442,53,442,442,0,16,0,0
diabetes,65,medium,TenantPartition-IVF,442,10,10,53,0.11990950226244344,10,1.0,1,none,0,0,0,0.3003429999353102,215,15,215,215,0,8,0,0
diabetes,65,medium,PreFilter-IVF,442,10,10,53,0.11990950226244344,10,1.0,1,none,0,0,0,0.8131840002079116,199,21,21,199,10,8,0,0
diabetes,65,medium,PACER-A,442,10,10,53,0.11990950226244344,10,1.0,1,none,0,0,0,1.156402999868078,60,53,60,60,16,14,1,0
diabetes,65,medium,PACER-C,442,10,10,53,0.11990950226244344,10,1.0,1,none,0,0,0,1.2011050000637624,60,53,60,60,16,14,1,0
diabetes,65,medium,PACER-X,442,10,10,53,0.11990950226244344,10,1.0,1,none,0,0,0,1.1458599999514263,60,53,60,60,16,14,1,0
diabetes,65,medium,StaleNoRecheck,442,10,10,53,0.11990950226244344,10,0.9,0,ranking_truncation,0,1,0,0.2560529999300343,215,17,215,215,0,8,0,0
diabetes,65,medium,NaiveNoPolicy,442,10,10,53,0.11990950226244344,10,0.1,0,ranking_truncation,8,3,4,0.09545000011712546,215,215,215,0,0,8,0,0
diabetes,66,narrow,ExactSecure,442,10,10,4,0.00904977375565611,4,1.0,1,none,0,0,0,0.40570800001660245,442,4,4,442,0,0,1,0
diabetes,66,narrow,PostFilter-IVF,442,10,10,4,0.00904977375565611,2,0.5,0,candidate_starvation,0,0,0,0.23367599987977883,203,2,203,203,0,8,0,0
diabetes,66,narrow,AdaptivePostFilter-IVF,442,10,10,4,0.00904977375565611,4,1.0,1,none,0,0,0,0.8675849999235652,442,4,442,442,0,16,0,0
diabetes,66,narrow,TenantPartition-IVF,442,10,10,4,0.00904977375565611,2,0.5,0,candidate_starvation,0,0,0,0.1662449999457749,203,2,203,203,0,8,0,0
diabetes,66,narrow,PreFilter-IVF,442,10,10,4,0.00904977375565611,4,1.0,1,none,0,0,0,0.29982000000927655,52,4,4,52,16,3,0,0
diabetes,66,narrow,PACER-A,442,10,10,4,0.00904977375565611,4,1.0,1,none,0,0,0,0.2726410000377655,4,4,4,4,14,3,1,0
diabetes,66,narrow,PACER-C,442,10,10,4,0.00904977375565611,4,1.0,1,none,0,0,0,0.24097100003928063,4,4,4,4,14,3,1,0
diabetes,66,narrow,PACER-X,442,10,10,4,0.00904977375565611,4,1.0,1,none,0,0,0,0.24330499991265242,4,4,4,4,14,3,1,0
diabetes,66,narrow,StaleNoRecheck,442,10,10,4,0.00904977375565611,2,0.5,0,candidate_starvation,0,0,0,0.17431099990972143,203,2,203,203,0,8,0,0
diabetes,66,narrow,NaiveNoPolicy,442,10,10,4,0.00904977375565611,10,0.25,0,ranking_truncation,9,0,8,0.08561599997847225,203,203,203,0,0,8,0,0
diabetes,67,cold,ExactSecure,442,10,10,1,0.0022624434389140274,1,1.0,1,none,0,0,0,0.2659320000475418,442,1,1,442,0,0,1,0
diabetes,67,cold,PostFilter-IVF,442,10,10,1,0.0022624434389140274,1,1.0,1,none,0,0,0,0.19514499990691547,220,1,220,220,0,8,0,0
diabetes,67,cold,AdaptivePostFilter-IVF,442,10,10,1,0.0022624434389140274,1,1.0,1,none,0,0,0,0.9267860000363726,442,1,442,442,0,16,0,0
diabetes,67,cold,TenantPartition-IVF,442,10,10,1,0.0022624434389140274,1,1.0,1,none,0,0,0,0.20565099998748337,220,1,220,220,0,8,0,0
diabetes,67,cold,PreFilter-IVF,442,10,10,1,0.0022624434389140274,1,1.0,1,none,0,0,0,0.2881149998756882,23,1,1,23,16,1,0,0
diabetes,67,cold,PACER-A,442,10,10,1,0.0022624434389140274,1,1.0,1,none,0,0,0,0.1297489998250967,1,1,1,1,1,1,1,0
diabetes,67,cold,PACER-C,442,10,10,1,0.0022624434389140274,1,1.0,1,none,0,0,0,0.0959310000325786,1,1,1,1,1,1,1,0
diabetes,67,cold,PACER-X,442,10,10,1,0.0022624434389140274,1,1.0,1,none,0,0,0,0.10355299991715583,1,1,1,1,1,1,1,0
diabetes,67,cold,StaleNoRecheck,442,10,10,1,0.0022624434389140274,1,1.0,1,none,0,0,0,0.2247740001166676,220,1,220,220,0,8,0,0
diabetes,67,cold,NaiveNoPolicy,442,10,10,1,0.0022624434389140274,10,1.0,0,ranking_truncation,9,0,6,0.1144540001405403,220,220,220,0,0,8,0,0
diabetes,68,broad,ExactSecure,442,10,10,407,0.920814479638009,10,1.0,1,none,0,0,0,0.3613599999425787,442,407,407,442,0,0,1,0
diabetes,68,broad,PostFilter-IVF,442,10,10,407,0.920814479638009,10,1.0,1,none,0,0,0,0.25367300008838356,218,203,218,218,0,8,0,0
diabetes,68,broad,AdaptivePostFilter-IVF,442,10,10,407,0.920814479638009,10,1.0,1,none,0,0,0,0.9460720000333822,442,407,442,442,0,16,0,0
diabetes,68,broad,TenantPartition-IVF,442,10,10,407,0.920814479638009,10,1.0,1,none,0,0,0,0.2615199998672324,218,203,218,218,0,8,0,0
diabetes,68,broad,PreFilter-IVF,442,10,10,407,0.920814479638009,10,1.0,1,none,0,0,0,0.6164959997931874,218,203,203,218,8,8,0,0
diabetes,68,broad,PACER-A,442,10,10,407,0.920814479638009,10,1.0,1,none,0,0,0,1.1724689998118265,220,204,220,220,9,9,0,0
diabetes,68,broad,PACER-C,442,10,10,407,0.920814479638009,10,1.0,1,none,0,0,0,1.5314629999920726,293,270,293,293,11,11,1,0
diabetes,68,broad,PACER-X,442,10,10,407,0.920814479638009,10,1.0,1,none,0,0,0,1.6478180000376597,293,270,293,293,11,11,1,0
diabetes,68,broad,StaleNoRecheck,442,10,10,407,0.920814479638009,10,1.0,1,none,0,0,0,0.3707159999066789,218,218,218,218,0,8,0,0
diabetes,68,broad,NaiveNoPolicy,442,10,10,407,0.920814479638009,10,1.0,1,none,0,0,0,0.07238900002448645,218,218,218,0,0,8,0,0
diabetes,69,medium,ExactSecure,442,10,10,92,0.2081447963800905,10,1.0,1,none,0,0,0,0.29734000008829753,442,92,92,442,0,0,1,0
diabetes,69,medium,PostFilter-IVF,442,10,10,92,0.2081447963800905,10,1.0,1,none,0,0,0,0.3051510000204871,220,76,220,220,0,8,0,0
diabetes,69,medium,AdaptivePostFilter-IVF,442,10,10,92,0.2081447963800905,10,1.0,1,none,0,0,0,0.8489939998526097,442,92,442,442,0,16,0,0
diabetes,69,medium,TenantPartition-IVF,442,10,10,92,0.2081447963800905,10,1.0,1,none,0,0,0,0.2237329999843496,220,76,220,220,0,8,0,0
diabetes,69,medium,PreFilter-IVF,442,10,10,92,0.2081447963800905,10,1.0,1,none,0,0,0,0.7191180000063468,224,77,77,224,8,8,0,0
diabetes,69,medium,PACER-A,442,10,10,92,0.2081447963800905,10,1.0,1,none,0,0,0,0.9170420000828017,93,85,93,93,10,10,1,0
diabetes,69,medium,PACER-C,442,10,10,92,0.2081447963800905,10,1.0,1,none,0,0,0,0.9631870000248455,93,85,93,93,10,10,1,0
diabetes,69,medium,PACER-X,442,10,10,92,0.2081447963800905,10,1.0,1,none,0,0,0,0.8228799999869807,93,85,93,93,10,10,1,0
diabetes,69,medium,StaleNoRecheck,442,10,10,92,0.2081447963800905,10,0.9,0,ranking_truncation,0,1,0,0.2480560001458798,220,83,220,220,0,8,0,0
diabetes,69,medium,NaiveNoPolicy,442,10,10,92,0.2081447963800905,10,0.7,0,ranking_truncation,2,1,1,0.08313500006806862,220,220,220,0,0,8,0,0
diabetes,70,narrow,ExactSecure,442,10,10,10,0.02262443438914027,10,1.0,1,none,0,0,0,0.263822000079017,442,10,10,442,0,0,1,0
diabetes,70,narrow,PostFilter-IVF,442,10,10,10,0.02262443438914027,10,1.0,1,none,0,0,0,0.21472499997798877,218,10,218,218,0,8,0,0
diabetes,70,narrow,AdaptivePostFilter-IVF,442,10,10,10,0.02262443438914027,10,1.0,1,none,0,0,0,0.9203919998981291,442,10,442,442,0,16,0,0
diabetes,70,narrow,TenantPartition-IVF,442,10,10,10,0.02262443438914027,10,1.0,1,none,0,0,0,0.16926399985095486,218,10,218,218,0,8,0,0
diabetes,70,narrow,PreFilter-IVF,442,10,10,10,0.02262443438914027,10,1.0,1,none,0,0,0,0.3634540000803099,148,10,10,148,16,4,0,0
diabetes,70,narrow,PACER-A,442,10,10,10,0.02262443438914027,10,1.0,1,none,0,0,0,0.31920099991111783,11,10,11,11,7,4,1,0
diabetes,70,narrow,PACER-C,442,10,10,10,0.02262443438914027,10,1.0,1,none,0,0,0,0.29535999988183903,11,10,11,11,7,4,1,0
diabetes,70,narrow,PACER-X,442,10,10,10,0.02262443438914027,10,1.0,1,none,0,0,0,0.36172199997963617,11,10,11,11,7,4,1,0
diabetes,70,narrow,StaleNoRecheck,442,10,10,10,0.02262443438914027,10,0.9,0,ranking_truncation,0,1,0,0.8231910001086362,218,11,218,218,0,8,0,0
diabetes,70,narrow,NaiveNoPolicy,442,10,10,10,0.02262443438914027,10,0.2,0,ranking_truncation,7,0,8,0.160450999828754,218,218,218,0,0,8,0,0
diabetes,71,cold,ExactSecure,442,10,10,4,0.00904977375565611,4,1.0,1,none,0,0,0,0.37894499996582454,442,4,4,442,0,0,1,0
diabetes,71,cold,PostFilter-IVF,442,10,10,4,0.00904977375565611,2,0.5,0,candidate_starvation,0,0,0,0.21583400007330056,220,2,220,220,0,8,0,0
diabetes,71,cold,AdaptivePostFilter-IVF,442,10,10,4,0.00904977375565611,4,1.0,1,none,0,0,0,0.967596999998932,442,4,442,442,0,16,0,0
diabetes,71,cold,TenantPartition-IVF,442,10,10,4,0.00904977375565611,2,0.5,0,candidate_starvation,0,0,0,0.16287700009343098,220,2,220,220,0,8,0,0
diabetes,71,cold,PreFilter-IVF,442,10,10,4,0.00904977375565611,4,1.0,1,none,0,0,0,0.42174800000793766,138,4,4,138,16,4,0,0
diabetes,71,cold,PACER-A,442,10,10,4,0.00904977375565611,4,1.0,1,none,0,0,0,0.3478280000308587,4,4,4,4,16,4,1,0
diabetes,71,cold,PACER-C,442,10,10,4,0.00904977375565611,4,1.0,1,none,0,0,0,0.38933399991947226,4,4,4,4,16,4,1,0
diabetes,71,cold,PACER-X,442,10,10,4,0.00904977375565611,4,1.0,1,none,0,0,0,0.38433199983956,4,4,4,4,16,4,1,0
diabetes,71,cold,StaleNoRecheck,442,10,10,4,0.00904977375565611,2,0.5,0,candidate_starvation,0,0,0,0.20726999991893535,220,2,220,220,0,8,0,0
diabetes,71,cold,NaiveNoPolicy,442,10,10,4,0.00904977375565611,10,0.25,0,ranking_truncation,9,0,5,0.11531099994499527,220,220,220,0,0,8,0,0
diabetes,72,broad,ExactSecure,442,10,10,415,0.9389140271493213,10,1.0,1,none,0,0,0,0.3562819999842759,442,415,415,442,0,0,1,0
diabetes,72,broad,PostFilter-IVF,442,10,10,415,0.9389140271493213,10,1.0,1,none,0,0,0,0.313401000084923,211,203,211,211,0,8,0,0
diabetes,72,broad,AdaptivePostFilter-IVF,442,10,10,415,0.9389140271493213,10,1.0,1,none,0,0,0,0.9048530000654864,442,415,442,442,0,16,0,0
diabetes,72,broad,TenantPartition-IVF,442,10,10,415,0.9389140271493213,10,1.0,1,none,0,0,0,0.2681689998098591,211,203,211,211,0,8,0,0
diabetes,72,broad,PreFilter-IVF,442,10,10,415,0.9389140271493213,10,1.0,1,none,0,0,0,0.7731289999810542,211,203,203,211,8,8,0,0
diabetes,72,broad,PACER-A,442,10,10,415,0.9389140271493213,10,1.0,1,none,0,0,0,1.468909000095664,220,212,220,220,9,9,0,0
diabetes,72,broad,PACER-C,442,10,10,415,0.9389140271493213,10,1.0,1,none,0,0,0,1.7545780001455569,331,311,331,331,12,12,1,0
diabetes,72,broad,PACER-X,442,10,10,415,0.9389140271493213,10,1.0,1,none,0,0,0,1.2024319999,331,311,331,331,12,12,1,0
diabetes,72,broad,StaleNoRecheck,442,10,10,415,0.9389140271493213,10,1.0,1,none,0,0,0,0.2748479998899711,211,211,211,211,0,8,0,0
diabetes,72,broad,NaiveNoPolicy,442,10,10,415,0.9389140271493213,10,1.0,1,none,0,0,0,0.07416400012516533,211,211,211,0,0,8,0,0
diabetes,73,medium,ExactSecure,442,10,10,53,0.11990950226244344,10,1.0,1,none,0,0,0,0.3485549998458737,442,53,53,442,0,0,1,0
diabetes,73,medium,PostFilter-IVF,442,10,10,53,0.11990950226244344,10,1.0,1,none,0,0,0,0.26445900016369706,216,36,216,216,0,8,0,0
diabetes,73,medium,AdaptivePostFilter-IVF,442,10,10,53,0.11990950226244344,10,1.0,1,none,0,0,0,0.853740999900765,442,53,442,442,0,16,0,0
diabetes,73,medium,TenantPartition-IVF,442,10,10,53,0.11990950226244344,10,1.0,1,none,0,0,0,0.2799160001814016,216,36,216,216,0,8,0,0
diabetes,73,medium,PreFilter-IVF,442,10,10,53,0.11990950226244344,10,0.9,0,ranking_truncation,0,0,0,0.488167000185058,236,33,33,236,8,8,0,0
diabetes,73,medium,PACER-A,442,10,10,53,0.11990950226244344,10,1.0,1,none,0,0,0,1.7003390000809304,56,50,56,56,13,13,1,0
diabetes,73,medium,PACER-C,442,10,10,53,0.11990950226244344,10,1.0,1,none,0,0,0,1.4184649999151588,56,50,56,56,13,13,1,0
diabetes,73,medium,PACER-X,442,10,10,53,0.11990950226244344,10,1.0,1,none,0,0,0,1.0122950000095443,56,50,56,56,13,13,1,0
diabetes,73,medium,StaleNoRecheck,442,10,10,53,0.11990950226244344,10,0.9,0,ranking_truncation,0,1,0,0.3545279998888873,216,38,216,216,0,8,0,0
diabetes,73,medium,NaiveNoPolicy,442,10,10,53,0.11990950226244344,10,0.3,0,ranking_truncation,6,1,0,0.09378200002174708,216,216,216,0,0,8,0,0
diabetes,74,narrow,ExactSecure,442,10,10,16,0.03619909502262444,10,1.0,1,none,0,0,0,0.45548700018116506,442,16,16,442,0,0,1,0
diabetes,74,narrow,PostFilter-IVF,442,10,10,16,0.03619909502262444,10,1.0,1,none,0,0,0,0.3461520000200835,220,16,220,220,0,8,0,0
diabetes,74,narrow,AdaptivePostFilter-IVF,442,10,10,16,0.03619909502262444,10,1.0,1,none,0,0,0,0.7573719999527384,442,16,442,442,0,16,0,0
diabetes,74,narrow,TenantPartition-IVF,442,10,10,16,0.03619909502262444,10,1.0,1,none,0,0,0,0.205591999929311,220,16,220,220,0,8,0,0
diabetes,74,narrow,PreFilter-IVF,442,10,10,16,0.03619909502262444,10,1.0,1,none,0,0,0,0.31244100000549224,149,16,16,149,16,4,0,0
diabetes,74,narrow,PACER-A,442,10,10,16,0.03619909502262444,10,1.0,1,none,0,0,0,0.3147140000692161,16,16,16,16,4,4,1,0
diabetes,74,narrow,PACER-C,442,10,10,16,0.03619909502262444,10,1.0,1,none,0,0,0,0.3177209998739272,16,16,16,16,4,4,1,0
diabetes,74,narrow,PACER-X,442,10,10,16,0.03619909502262444,10,1.0,1,none,0,0,0,0.31908500000099593,16,16,16,16,4,4,1,0
diabetes,74,narrow,StaleNoRecheck,442,10,10,16,0.03619909502262444,10,1.0,1,none,0,0,0,0.33362199997100106,220,16,220,220,0,8,0,0
diabetes,74,narrow,NaiveNoPolicy,442,10,10,16,0.03619909502262444,10,0.4,0,ranking_truncation,6,0,6,0.14065700020182703,220,220,220,0,0,8,0,0
diabetes,75,cold,ExactSecure,442,10,10,2,0.004524886877828055,2,1.0,1,none,0,0,0,0.5812889999106119,442,2,2,442,0,0,1,0
diabetes,75,cold,PostFilter-IVF,442,10,10,2,0.004524886877828055,2,1.0,1,none,0,0,0,0.3399749998607149,213,2,213,213,0,8,0,0
diabetes,75,cold,AdaptivePostFilter-IVF,442,10,10,2,0.004524886877828055,2,1.0,1,none,0,0,0,1.202166999973997,442,2,442,442,0,16,0,0
diabetes,75,cold,TenantPartition-IVF,442,10,10,2,0.004524886877828055,2,1.0,1,none,0,0,0,0.20503400014604267,213,2,213,213,0,8,0,0
diabetes,75,cold,PreFilter-IVF,442,10,10,2,0.004524886877828055,2,1.0,1,none,0,0,0,0.27149399988957157,48,2,2,48,16,1,0,0
diabetes,75,cold,PACER-A,442,10,10,2,0.004524886877828055,2,1.0,1,none,0,0,0,0.11537000000316766,2,2,2,2,3,1,1,0
diabetes,75,cold,PACER-C,442,10,10,2,0.004524886877828055,2,1.0,1,none,0,0,0,0.1430610000170418,2,2,2,2,3,1,1,0
diabetes,75,cold,PACER-X,442,10,10,2,0.004524886877828055,2,1.0,1,none,0,0,0,0.10439000016049249,2,2,2,2,3,1,1,0
diabetes,75,cold,StaleNoRecheck,442,10,10,2,0.004524886877828055,2,1.0,1,none,0,0,0,0.5901040001390356,213,2,213,213,0,8,0,0
diabetes,75,cold,NaiveNoPolicy,442,10,10,2,0.004524886877828055,10,0.5,0,ranking_truncation,9,2,6,0.11821699990832713,213,213,213,0,0,8,0,0
diabetes,76,broad,ExactSecure,442,10,10,415,0.9389140271493213,10,1.0,1,none,0,0,0,0.38254099990808754,442,415,415,442,0,0,1,0
diabetes,76,broad,PostFilter-IVF,442,10,10,415,0.9389140271493213,10,1.0,1,none,0,0,0,0.2510609999717417,220,206,220,220,0,8,0,0
diabetes,76,broad,AdaptivePostFilter-IVF,442,10,10,415,0.9389140271493213,10,1.0,1,none,0,0,0,1.055294000025242,442,415,442,442,0,16,0,0
diabetes,76,broad,TenantPartition-IVF,442,10,10,415,0.9389140271493213,10,1.0,1,none,0,0,0,0.32492800005456957,220,206,220,220,0,8,0,0
diabetes,76,broad,PreFilter-IVF,442,10,10,415,0.9389140271493213,10,1.0,1,none,0,0,0,0.9618770000088261,249,232,232,249,8,8,0,0
diabetes,76,broad,PACER-A,442,10,10,415,0.9389140271493213,10,1.0,1,none,0,0,0,0.9622569998555264,220,203,220,220,8,8,0,0
diabetes,76,broad,PACER-C,442,10,10,415,0.9389140271493213,10,1.0,1,none,0,0,0,1.3016770001286204,300,282,300,300,11,11,1,0
diabetes,76,broad,PACER-X,442,10,10,415,0.9389140271493213,10,1.0,1,none,0,0,0,1.1842779999824415,300,282,300,300,11,11,1,0
diabetes,76,broad,StaleNoRecheck,442,10,10,415,0.9389140271493213,10,0.9,0,ranking_truncation,0,1,0,0.30586100001528393,220,220,220,220,0,8,0,0
diabetes,76,broad,NaiveNoPolicy,442,10,10,415,0.9389140271493213,10,0.9,0,ranking_truncation,0,1,0,0.09397000007993483,220,220,220,0,0,8,0,0
diabetes,77,medium,ExactSecure,442,10,10,37,0.083710407239819,10,1.0,1,none,0,0,0,0.3119150001111848,442,37,37,442,0,0,1,0
diabetes,77,medium,PostFilter-IVF,442,10,10,37,0.083710407239819,10,0.9,0,ranking_truncation,0,0,0,0.3071020000788849,211,13,211,211,0,8,0,0
diabetes,77,medium,AdaptivePostFilter-IVF,442,10,10,37,0.083710407239819,10,1.0,1,none,0,0,0,1.1019889998351573,442,37,442,442,0,16,0,0
diabetes,77,medium,TenantPartition-IVF,442,10,10,37,0.083710407239819,10,0.9,0,ranking_truncation,0,0,0,0.2508499999294145,211,13,211,211,0,8,0,0
diabetes,77,medium,PreFilter-IVF,442,10,10,37,0.083710407239819,10,1.0,1,none,0,0,0,0.8639840000341792,198,24,24,198,13,8,0,0
diabetes,77,medium,PACER-A,442,10,10,37,0.083710407239819,10,1.0,1,none,0,0,0,1.0047690000192233,42,37,42,42,16,11,1,0
diabetes,77,medium,PACER-C,442,10,10,37,0.083710407239819,10,1.0,1,none,0,0,0,1.0636289998728898,42,37,42,42,16,11,1,0
diabetes,77,medium,PACER-X,442,10,10,37,0.083710407239819,10,1.0,1,none,0,0,0,0.9597910000138654,42,37,42,42,16,11,1,0
diabetes,77,medium,StaleNoRecheck,442,10,10,37,0.083710407239819,10,0.8,0,ranking_truncation,0,2,0,0.2571569998508494,211,15,211,211,0,8,0,0
diabetes,77,medium,NaiveNoPolicy,442,10,10,37,0.083710407239819,10,0.3,0,ranking_truncation,7,1,2,0.0968219999322173,211,211,211,0,0,8,0,0
diabetes,78,narrow,ExactSecure,442,10,10,9,0.020361990950226245,9,1.0,1,none,0,0,0,0.27963699994870694,442,9,9,442,0,0,1,0
diabetes,78,narrow,PostFilter-IVF,442,10,10,9,0.020361990950226245,9,1.0,1,none,0,0,0,0.26669099997889134,220,9,220,220,0,8,0,0
diabetes,78,narrow,AdaptivePostFilter-IVF,442,10,10,9,0.020361990950226245,9,1.0,1,none,0,0,0,0.7737779999388295,442,9,442,442,0,16,0,0
diabetes,78,narrow,TenantPartition-IVF,442,10,10,9,0.020361990950226245,9,1.0,1,none,0,0,0,0.19431900000199676,220,9,220,220,0,8,0,0
diabetes,78,narrow,PreFilter-IVF,442,10,10,9,0.020361990950226245,9,1.0,1,none,0,0,0,0.44538499992086145,191,9,9,191,16,6,0,0
diabetes,78,narrow,PACER-A,442,10,10,9,0.020361990950226245,9,1.0,1,none,0,0,0,0.44709400003739574,10,9,10,10,7,6,1,0
diabetes,78,narrow,PACER-C,442,10,10,9,0.020361990950226245,9,1.0,1,none,0,0,0,0.40924600011749135,10,9,10,10,7,6,1,0
diabetes,78,narrow,PACER-X,442,10,10,9,0.020361990950226245,9,1.0,1,none,0,0,0,0.4176399997959379,10,9,10,10,7,6,1,0
diabetes,78,narrow,StaleNoRecheck,442,10,10,9,0.020361990950226245,10,1.0,0,ranking_truncation,0,1,0,0.22535099992637697,220,10,220,220,0,8,0,0
diabetes,78,narrow,NaiveNoPolicy,442,10,10,9,0.020361990950226245,10,0.2222222222222222,0,ranking_truncation,8,1,8,0.09336400012216473,220,220,220,0,0,8,0,0
diabetes,79,cold,ExactSecure,442,10,10,5,0.011312217194570135,5,1.0,1,none,0,0,0,0.3189899998687906,442,5,5,442,0,0,1,0
diabetes,79,cold,PostFilter-IVF,442,10,10,5,0.011312217194570135,5,1.0,1,none,0,0,0,0.21672799994121306,218,5,218,218,0,8,0,0
diabetes,79,cold,AdaptivePostFilter-IVF,442,10,10,5,0.011312217194570135,5,1.0,1,none,0,0,0,0.8916450001379417,442,5,442,442,0,16,0,0
diabetes,79,cold,TenantPartition-IVF,442,10,10,5,0.011312217194570135,5,1.0,1,none,0,0,0,0.17412699980923207,218,5,218,218,0,8,0,0
diabetes,79,cold,PreFilter-IVF,442,10,10,5,0.011312217194570135,5,1.0,1,none,0,0,0,0.23416099998030404,116,5,5,116,16,3,0,0
diabetes,79,cold,PACER-A,442,10,10,5,0.011312217194570135,5,1.0,1,none,0,0,0,0.2741359999163251,5,5,5,5,5,3,1,0
diabetes,79,cold,PACER-C,442,10,10,5,0.011312217194570135,5,1.0,1,none,0,0,0,0.2400599998964026,5,5,5,5,5,3,1,0
diabetes,79,cold,PACER-X,442,10,10,5,0.011312217194570135,5,1.0,1,none,0,0,0,0.2194219998727931,5,5,5,5,5,3,1,0
diabetes,79,cold,StaleNoRecheck,442,10,10,5,0.011312217194570135,5,1.0,1,none,0,0,0,0.2385459999914019,218,5,218,218,0,8,0,0
diabetes,79,cold,NaiveNoPolicy,442,10,10,5,0.011312217194570135,10,0.4,0,ranking_truncation,8,1,6,0.10858400014512881,218,218,218,0,0,8,0,0
