dataset,query_id,regime,method,n,dim,k,allowed_count,selectivity,returned,recall_at_k,secure_topk_exact,failure_mode,policy_violations,deleted_violations,tenant_violations,latency_ms,raw_candidates,candidates,distance_evals,policy_checks,summary_checks,visited_cluster_count,certified,certificate_false_positive
breast-cancer,0,broad,ExactSecure,569,30,10,536,0.9420035149384886,10,1.0,1,none,0,0,0,0.3764369998862094,569,536,536,569,0,0,1,0
breast-cancer,0,broad,PostFilter-IVF,569,30,10,536,0.9420035149384886,10,1.0,1,none,0,0,0,0.2127210000253399,186,176,186,186,0,8,0,0
breast-cancer,0,broad,AdaptivePostFilter-IVF,569,30,10,536,0.9420035149384886,10,1.0,1,none,0,0,0,1.0576289998880384,569,536,569,569,0,18,0,0
breast-cancer,0,broad,TenantPartition-IVF,569,30,10,536,0.9420035149384886,10,1.0,1,none,0,0,0,0.3306599999177706,186,176,186,186,0,8,0,0
breast-cancer,0,broad,PreFilter-IVF,569,30,10,536,0.9420035149384886,10,1.0,1,none,0,0,0,0.989881000123205,213,202,202,213,8,8,0,0
breast-cancer,0,broad,PACER-A,569,30,10,536,0.9420035149384886,10,1.0,1,none,0,0,0,1.1459070001365035,240,228,240,240,9,9,0,0
breast-cancer,0,broad,PACER-C,569,30,10,536,0.9420035149384886,10,1.0,1,none,0,0,0,1.9850549999773648,569,536,569,569,18,18,1,0
breast-cancer,0,broad,PACER-X,569,30,10,536,0.9420035149384886,10,1.0,1,none,0,0,0,1.7486809999809338,569,536,569,569,18,18,1,0
breast-cancer,0,broad,StaleNoRecheck,569,30,10,536,0.9420035149384886,10,1.0,1,none,0,0,0,0.23420299999088456,186,186,186,186,0,8,0,0
breast-cancer,0,broad,NaiveNoPolicy,569,30,10,536,0.9420035149384886,10,1.0,1,none,0,0,0,0.0756760000513168,186,186,186,0,0,8,0,0
breast-cancer,1,medium,ExactSecure,569,30,10,104,0.1827768014059754,10,1.0,1,none,0,0,0,0.34448599990355433,569,104,104,569,0,0,1,0
breast-cancer,1,medium,PostFilter-IVF,569,30,10,104,0.1827768014059754,10,1.0,1,none,0,0,0,0.2699379999739904,240,58,240,240,0,8,0,0
breast-cancer,1,medium,AdaptivePostFilter-IVF,569,30,10,104,0.1827768014059754,10,1.0,1,none,0,0,0,0.9908890001497639,569,104,569,569,0,18,0,0
breast-cancer,1,medium,TenantPartition-IVF,569,30,10,104,0.1827768014059754,10,1.0,1,none,0,0,0,0.31265500001609325,240,58,240,240,0,8,0,0
breast-cancer,1,medium,PreFilter-IVF,569,30,10,104,0.1827768014059754,10,1.0,1,none,0,0,0,0.524202000178775,244,83,83,244,8,7,0,0
breast-cancer,1,medium,PACER-A,569,30,10,104,0.1827768014059754,10,1.0,1,none,0,0,0,1.1760069999127154,105,102,105,105,14,13,1,0
breast-cancer,1,medium,PACER-C,569,30,10,104,0.1827768014059754,10,1.0,1,none,0,0,0,1.0535880001043552,105,102,105,105,14,13,1,0
breast-cancer,1,medium,PACER-X,569,30,10,104,0.1827768014059754,10,1.0,1,none,0,0,0,1.0213860000476416,105,102,105,105,14,13,1,0
breast-cancer,1,medium,StaleNoRecheck,569,30,10,104,0.1827768014059754,10,1.0,1,none,0,0,0,0.22622599999522208,240,59,240,240,0,8,0,0
breast-cancer,1,medium,NaiveNoPolicy,569,30,10,104,0.1827768014059754,10,0.8,0,ranking_truncation,2,0,0,0.08865299992066866,240,240,240,0,0,8,0,0
breast-cancer,2,narrow,ExactSecure,569,30,10,23,0.040421792618629174,10,1.0,1,none,0,0,0,0.3099230000316311,569,23,23,569,0,0,1,0
breast-cancer,2,narrow,PostFilter-IVF,569,30,10,23,0.040421792618629174,10,1.0,1,none,0,0,0,0.22556799990525178,240,20,240,240,0,8,0,0
breast-cancer,2,narrow,AdaptivePostFilter-IVF,569,30,10,23,0.040421792618629174,10,1.0,1,none,0,0,0,0.9832289999849309,569,23,569,569,0,18,0,0
breast-cancer,2,narrow,TenantPartition-IVF,569,30,10,23,0.040421792618629174,10,1.0,1,none,0,0,0,0.3049300000839139,240,20,240,240,0,8,0,0
breast-cancer,2,narrow,PreFilter-IVF,569,30,10,23,0.040421792618629174,10,1.0,1,none,0,0,0,0.3792840000187425,251,20,20,251,7,6,0,0
breast-cancer,2,narrow,PACER-A,569,30,10,23,0.040421792618629174,10,1.0,1,none,0,0,0,0.6466710001404863,29,23,29,29,12,9,1,0
breast-cancer,2,narrow,PACER-C,569,30,10,23,0.040421792618629174,10,1.0,1,none,0,0,0,0.6258490000163874,29,23,29,29,12,9,1,0
breast-cancer,2,narrow,PACER-X,569,30,10,23,0.040421792618629174,10,1.0,1,none,0,0,0,0.6233919998521742,29,23,29,29,12,9,1,0
breast-cancer,2,narrow,StaleNoRecheck,569,30,10,23,0.040421792618629174,10,0.9,0,ranking_truncation,0,1,0,0.23241299982146302,240,24,240,240,0,8,0,0
breast-cancer,2,narrow,NaiveNoPolicy,569,30,10,23,0.040421792618629174,10,0.3,0,ranking_truncation,7,1,0,0.10452499986968178,240,240,240,0,0,8,0,0
breast-cancer,3,cold,ExactSecure,569,30,10,22,0.03866432337434095,10,1.0,1,none,0,0,0,0.30889200002093276,569,22,22,569,0,0,1,0
breast-cancer,3,cold,PostFilter-IVF,569,30,10,22,0.03866432337434095,10,1.0,1,none,0,0,0,0.25809800013121276,240,20,240,240,0,8,0,0
breast-cancer,3,cold,AdaptivePostFilter-IVF,569,30,10,22,0.03866432337434095,10,1.0,1,none,0,0,0,0.9834129998580465,569,22,569,569,0,18,0,0
breast-cancer,3,cold,TenantPartition-IVF,569,30,10,22,0.03866432337434095,10,1.0,1,none,0,0,0,0.29042199980722216,240,20,240,240,0,8,0,0
breast-cancer,3,cold,PreFilter-IVF,569,30,10,22,0.03866432337434095,10,1.0,1,none,0,0,0,0.34236600004078355,170,22,22,170,18,6,0,0
breast-cancer,3,cold,PACER-A,569,30,10,22,0.03866432337434095,10,1.0,1,none,0,0,0,0.5443940001441661,22,22,22,22,9,6,1,0
breast-cancer,3,cold,PACER-C,569,30,10,22,0.03866432337434095,10,1.0,1,none,0,0,0,0.650530000029903,22,22,22,22,9,6,1,0
breast-cancer,3,cold,PACER-X,569,30,10,22,0.03866432337434095,10,1.0,1,none,0,0,0,0.4959069999586063,22,22,22,22,9,6,1,0
breast-cancer,3,cold,StaleNoRecheck,569,30,10,22,0.03866432337434095,10,1.0,1,none,0,0,0,0.22032300012142514,240,20,240,240,0,8,0,0
breast-cancer,3,cold,NaiveNoPolicy,569,30,10,22,0.03866432337434095,10,0.2,0,ranking_truncation,8,2,0,0.11568000013539859,240,240,240,0,0,8,0,0
breast-cancer,4,broad,ExactSecure,569,30,10,531,0.9332161687170475,10,1.0,1,none,0,0,0,0.6252069999845844,569,531,531,569,0,0,1,0
breast-cancer,4,broad,PostFilter-IVF,569,30,10,531,0.9332161687170475,10,1.0,1,none,0,0,0,0.25690100005704153,217,200,217,217,0,8,0,0
breast-cancer,4,broad,AdaptivePostFilter-IVF,569,30,10,531,0.9332161687170475,10,1.0,1,none,0,0,0,1.3248590000785043,569,531,569,569,0,18,0,0
breast-cancer,4,broad,TenantPartition-IVF,569,30,10,531,0.9332161687170475,10,1.0,1,none,0,0,0,0.24427399989690457,217,200,217,217,0,8,0,0
breast-cancer,4,broad,PreFilter-IVF,569,30,10,531,0.9332161687170475,10,1.0,1,none,0,0,0,1.1355889998867497,217,200,200,217,8,8,0,0
breast-cancer,4,broad,PACER-A,569,30,10,531,0.9332161687170475,10,1.0,1,none,0,0,0,1.1572920000162412,240,223,240,240,10,10,0,0
breast-cancer,4,broad,PACER-C,569,30,10,531,0.9332161687170475,10,1.0,1,none,0,0,0,1.4212190001217095,457,424,457,457,14,14,1,0
breast-cancer,4,broad,PACER-X,569,30,10,531,0.9332161687170475,10,1.0,1,none,0,0,0,1.6932649998580018,457,424,457,457,14,14,1,0
breast-cancer,4,broad,StaleNoRecheck,569,30,10,531,0.9332161687170475,10,0.9,0,ranking_truncation,0,1,0,0.25489300014669425,217,217,217,217,0,8,0,0
breast-cancer,4,broad,NaiveNoPolicy,569,30,10,531,0.9332161687170475,10,0.9,0,ranking_truncation,0,1,0,0.08134400013659615,217,217,217,0,0,8,0,0
breast-cancer,5,medium,ExactSecure,569,30,10,115,0.20210896309314588,10,1.0,1,none,0,0,0,0.4487920000428858,569,115,115,569,0,0,1,0
breast-cancer,5,medium,PostFilter-IVF,569,30,10,115,0.20210896309314588,10,1.0,1,none,0,0,0,0.3616340000007767,235,28,235,235,0,8,0,0
breast-cancer,5,medium,AdaptivePostFilter-IVF,569,30,10,115,0.20210896309314588,10,1.0,1,none,0,0,0,1.576870000008057,569,115,569,569,0,18,0,0
breast-cancer,5,medium,TenantPartition-IVF,569,30,10,115,0.20210896309314588,10,1.0,1,none,0,0,0,0.32530600014979427,235,28,235,235,0,8,0,0
breast-cancer,5,medium,PreFilter-IVF,569,30,10,115,0.20210896309314588,10,1.0,1,none,0,0,0,0.668182000026718,214,33,33,214,9,8,0,0
breast-cancer,5,medium,PACER-A,569,30,10,115,0.20210896309314588,10,1.0,1,none,0,0,0,1.6135870000653085,123,109,123,123,17,16,1,0
breast-cancer,5,medium,PACER-C,569,30,10,115,0.20210896309314588,10,1.0,1,none,0,0,0,1.5128320001167594,123,109,123,123,17,16,1,0
breast-cancer,5,medium,PACER-X,569,30,10,115,0.20210896309314588,10,1.0,1,none,0,0,0,1.3319270001375116,123,109,123,123,17,16,1,0
breast-cancer,5,medium,StaleNoRecheck,569,30,10,115,0.20210896309314588,10,0.8,0,ranking_truncation,0,2,0,0.2182649998303532,235,32,235,235,0,8,0,0
breast-cancer,5,medium,NaiveNoPolicy,569,30,10,115,0.20210896309314588,10,0.4,0,ranking_truncation,6,1,0,0.14386299994839646,235,235,235,0,0,8,0,0
breast-cancer,6,narrow,ExactSecure,569,30,10,10,0.01757469244288225,10,1.0,1,none,0,0,0,0.31333100014308,569,10,10,569,0,0,1,0
breast-cancer,6,narrow,PostFilter-IVF,569,30,10,10,0.01757469244288225,8,0.8,0,candidate_starvation,0,0,0,0.26959500019074767,240,8,240,240,0,8,0,0
breast-cancer,6,narrow,AdaptivePostFilter-IVF,569,30,10,10,0.01757469244288225,10,1.0,1,none,0,0,0,1.11610799990558,569,10,569,569,0,18,0,0
breast-cancer,6,narrow,TenantPartition-IVF,569,30,10,10,0.01757469244288225,8,0.8,0,candidate_starvation,0,0,0,0.3042520002054516,240,8,240,240,0,8,0,0
breast-cancer,6,narrow,PreFilter-IVF,569,30,10,10,0.01757469244288225,10,1.0,1,none,0,0,0,0.4318930000408727,152,10,10,152,18,4,0,0
breast-cancer,6,narrow,PACER-A,569,30,10,10,0.01757469244288225,10,1.0,1,none,0,0,0,0.38092199997663556,11,10,11,11,8,4,1,0
breast-cancer,6,narrow,PACER-C,569,30,10,10,0.01757469244288225,10,1.0,1,none,0,0,0,0.32615999998597545,11,10,11,11,8,4,1,0
breast-cancer,6,narrow,PACER-X,569,30,10,10,0.01757469244288225,10,1.0,1,none,0,0,0,0.3309520000129851,11,10,11,11,8,4,1,0
breast-cancer,6,narrow,StaleNoRecheck,569,30,10,10,0.01757469244288225,9,0.8,0,candidate_starvation,0,1,0,0.23171099996943667,240,9,240,240,0,8,0,0
breast-cancer,6,narrow,NaiveNoPolicy,569,30,10,10,0.01757469244288225,10,0.2,0,ranking_truncation,8,0,0,0.13871199985260318,240,240,240,0,0,8,0,0
breast-cancer,7,cold,ExactSecure,569,30,10,6,0.01054481546572935,6,1.0,1,none,0,0,0,0.380795999944894,569,6,6,569,0,0,1,0
breast-cancer,7,cold,PostFilter-IVF,569,30,10,6,0.01054481546572935,6,1.0,1,none,0,0,0,0.3052249999200285,240,6,240,240,0,8,0,0
breast-cancer,7,cold,AdaptivePostFilter-IVF,569,30,10,6,0.01054481546572935,6,1.0,1,none,0,0,0,0.9678740000254038,569,6,569,569,0,18,0,0
breast-cancer,7,cold,TenantPartition-IVF,569,30,10,6,0.01054481546572935,6,1.0,1,none,0,0,0,0.2820439999595692,240,6,240,240,0,8,0,0
breast-cancer,7,cold,PreFilter-IVF,569,30,10,6,0.01054481546572935,6,1.0,1,none,0,0,0,0.14734199999111297,35,6,6,35,18,1,0,0
breast-cancer,7,cold,PACER-A,569,30,10,6,0.01054481546572935,6,1.0,1,none,0,0,0,0.10973500002364744,7,6,7,7,1,1,1,0
breast-cancer,7,cold,PACER-C,569,30,10,6,0.01054481546572935,6,1.0,1,none,0,0,0,0.09644400006436626,7,6,7,7,1,1,1,0
breast-cancer,7,cold,PACER-X,569,30,10,6,0.01054481546572935,6,1.0,1,none,0,0,0,0.12659399999392917,7,6,7,7,1,1,1,0
breast-cancer,7,cold,StaleNoRecheck,569,30,10,6,0.01054481546572935,7,1.0,0,ranking_truncation,0,1,0,0.24397099991801952,240,7,240,240,0,8,0,0
breast-cancer,7,cold,NaiveNoPolicy,569,30,10,6,0.01054481546572935,10,0.5,0,ranking_truncation,6,1,1,0.10899600010816357,240,240,240,0,0,8,0,0
breast-cancer,8,broad,ExactSecure,569,30,10,526,0.9244288224956063,10,1.0,1,none,0,0,0,0.45090899993738276,569,526,526,569,0,0,1,0
breast-cancer,8,broad,PostFilter-IVF,569,30,10,526,0.9244288224956063,10,1.0,1,none,0,0,0,0.2424289998543827,240,229,240,240,0,8,0,0
breast-cancer,8,broad,AdaptivePostFilter-IVF,569,30,10,526,0.9244288224956063,10,1.0,1,none,0,0,0,1.0424919998968107,569,526,569,569,0,18,0,0
breast-cancer,8,broad,TenantPartition-IVF,569,30,10,526,0.9244288224956063,10,1.0,1,none,0,0,0,0.26435700010551955,240,229,240,240,0,8,0,0
breast-cancer,8,broad,PreFilter-IVF,569,30,10,526,0.9244288224956063,10,1.0,1,none,0,0,0,0.8895960002064385,251,236,236,251,6,6,0,0
breast-cancer,8,broad,PACER-A,569,30,10,526,0.9244288224956063,10,1.0,1,none,0,0,0,0.8555859999432869,240,226,240,240,6,6,0,0
breast-cancer,8,broad,PACER-C,569,30,10,526,0.9244288224956063,10,1.0,1,none,0,0,0,1.7836020001595898,526,488,526,526,16,16,1,0
breast-cancer,8,broad,PACER-X,569,30,10,526,0.9244288224956063,10,1.0,1,none,0,0,0,1.6791870000361087,526,488,526,526,16,16,1,0
breast-cancer,8,broad,StaleNoRecheck,569,30,10,526,0.9244288224956063,10,1.0,1,none,0,0,0,0.3168299999742885,240,240,240,240,0,8,0,0
breast-cancer,8,broad,NaiveNoPolicy,569,30,10,526,0.9244288224956063,10,1.0,1,none,0,0,0,0.09309600000051432,240,240,240,0,0,8,0,0
breast-cancer,9,medium,ExactSecure,569,30,10,108,0.18980667838312829,10,1.0,1,none,0,0,0,0.4298560002098384,569,108,108,569,0,0,1,0
breast-cancer,9,medium,PostFilter-IVF,569,30,10,108,0.18980667838312829,10,1.0,1,none,0,0,0,0.2435850001347717,240,72,240,240,0,8,0,0
breast-cancer,9,medium,AdaptivePostFilter-IVF,569,30,10,108,0.18980667838312829,10,1.0,1,none,0,0,0,0.9880120001071191,569,108,569,569,0,18,0,0
breast-cancer,9,medium,TenantPartition-IVF,569,30,10,108,0.18980667838312829,10,1.0,1,none,0,0,0,0.26525099997343204,240,72,240,240,0,8,0,0
breast-cancer,9,medium,PreFilter-IVF,569,30,10,108,0.18980667838312829,10,1.0,1,none,0,0,0,0.5642099999931816,253,76,76,253,9,8,0,0
breast-cancer,9,medium,PACER-A,569,30,10,108,0.18980667838312829,10,1.0,1,none,0,0,0,1.1813749999873835,102,94,102,102,16,14,1,0
breast-cancer,9,medium,PACER-C,569,30,10,108,0.18980667838312829,10,1.0,1,none,0,0,0,1.0821690000284434,102,94,102,102,16,14,1,0
breast-cancer,9,medium,PACER-X,569,30,10,108,0.18980667838312829,10,1.0,1,none,0,0,0,1.1813020000772667,102,94,102,102,16,14,1,0
breast-cancer,9,medium,StaleNoRecheck,569,30,10,108,0.18980667838312829,10,0.9,0,ranking_truncation,0,1,0,0.23552200013909896,240,77,240,240,0,8,0,0
breast-cancer,9,medium,NaiveNoPolicy,569,30,10,108,0.18980667838312829,10,0.5,0,ranking_truncation,5,1,0,0.1068949998170865,240,240,240,0,0,8,0,0
breast-cancer,10,narrow,ExactSecure,569,30,10,5,0.008787346221441126,5,1.0,1,none,0,0,0,0.3382949998922413,569,5,5,569,0,0,1,0
breast-cancer,10,narrow,PostFilter-IVF,569,30,10,5,0.008787346221441126,4,0.8,0,candidate_starvation,0,0,0,0.2826519998961885,239,4,239,239,0,8,0,0
breast-cancer,10,narrow,AdaptivePostFilter-IVF,569,30,10,5,0.008787346221441126,5,1.0,1,none,0,0,0,0.9355479999157978,569,5,569,569,0,18,0,0
breast-cancer,10,narrow,TenantPartition-IVF,569,30,10,5,0.008787346221441126,4,0.8,0,candidate_starvation,0,0,0,0.2502800000456773,239,4,239,239,0,8,0,0
breast-cancer,10,narrow,PreFilter-IVF,569,30,10,5,0.008787346221441126,5,1.0,1,none,0,0,0,0.40997299993250635,222,5,5,222,18,5,0,0
breast-cancer,10,narrow,PACER-A,569,30,10,5,0.008787346221441126,5,1.0,1,none,0,0,0,0.4329569999299565,6,5,6,6,12,5,1,0
breast-cancer,10,narrow,PACER-C,569,30,10,5,0.008787346221441126,5,1.0,1,none,0,0,0,0.45942700012346904,6,5,6,6,12,5,1,0
breast-cancer,10,narrow,PACER-X,569,30,10,5,0.008787346221441126,5,1.0,1,none,0,0,0,0.3386810001302365,6,5,6,6,12,5,1,0
breast-cancer,10,narrow,StaleNoRecheck,569,30,10,5,0.008787346221441126,5,0.8,0,ranking_truncation,0,1,0,0.1944659998116549,239,5,239,239,0,8,0,0
breast-cancer,10,narrow,NaiveNoPolicy,569,30,10,5,0.008787346221441126,10,0.2,0,ranking_truncation,9,0,0,0.07906900009402307,239,239,239,0,0,8,0,0
breast-cancer,11,cold,ExactSecure,569,30,10,11,0.019332161687170474,10,1.0,1,none,0,0,0,0.3328399998281384,569,11,11,569,0,0,1,0
breast-cancer,11,cold,PostFilter-IVF,569,30,10,11,0.019332161687170474,10,1.0,1,none,0,0,0,0.22638700011157198,240,11,240,240,0,8,0,0
breast-cancer,11,cold,AdaptivePostFilter-IVF,569,30,10,11,0.019332161687170474,10,1.0,1,none,0,0,0,0.9446439999010181,569,11,569,569,0,18,0,0
breast-cancer,11,cold,TenantPartition-IVF,569,30,10,11,0.019332161687170474,10,1.0,1,none,0,0,0,0.3245610000703891,240,11,240,240,0,8,0,0
breast-cancer,11,cold,PreFilter-IVF,569,30,10,11,0.019332161687170474,10,1.0,1,none,0,0,0,0.35840300006384496,150,11,11,150,18,5,0,0
breast-cancer,11,cold,PACER-A,569,30,10,11,0.019332161687170474,10,1.0,1,none,0,0,0,0.384502000088105,13,11,13,13,9,5,1,0
breast-cancer,11,cold,PACER-C,569,30,10,11,0.019332161687170474,10,1.0,1,none,0,0,0,0.41554300014468026,13,11,13,13,9,5,1,0
breast-cancer,11,cold,PACER-X,569,30,10,11,0.019332161687170474,10,1.0,1,none,0,0,0,0.46579399986512726,13,11,13,13,9,5,1,0
breast-cancer,11,cold,StaleNoRecheck,569,30,10,11,0.019332161687170474,10,0.9,0,ranking_truncation,0,1,0,0.26683800001592317,240,12,240,240,0,8,0,0
breast-cancer,11,cold,NaiveNoPolicy,569,30,10,11,0.019332161687170474,10,0.1,0,ranking_truncation,9,2,0,0.08981700011645444,240,240,240,0,0,8,0,0
breast-cancer,12,broad,ExactSecure,569,30,10,526,0.9244288224956063,10,1.0,1,none,0,0,0,0.36964000014449994,569,526,526,569,0,0,1,0
breast-cancer,12,broad,PostFilter-IVF,569,30,10,526,0.9244288224956063,10,1.0,1,none,0,0,0,0.2780719999009307,240,224,240,240,0,8,0,0
breast-cancer,12,broad,AdaptivePostFilter-IVF,569,30,10,526,0.9244288224956063,10,1.0,1,none,0,0,0,1.0362879997956043,569,526,569,569,0,18,0,0
breast-cancer,12,broad,TenantPartition-IVF,569,30,10,526,0.9244288224956063,10,1.0,1,none,0,0,0,0.26487199988878274,240,224,240,240,0,8,0,0
breast-cancer,12,broad,PreFilter-IVF,569,30,10,526,0.9244288224956063,10,1.0,1,none,0,0,0,0.9650229999351723,251,235,235,251,6,6,0,0
breast-cancer,12,broad,PACER-A,569,30,10,526,0.9244288224956063,10,1.0,1,none,0,0,0,0.7258849998379446,240,225,240,240,6,6,0,0
breast-cancer,12,broad,PACER-C,569,30,10,526,0.9244288224956063,10,1.0,1,none,0,0,0,1.1598769999636716,407,378,407,407,11,11,1,0
breast-cancer,12,broad,PACER-X,569,30,10,526,0.9244288224956063,10,1.0,1,none,0,0,0,1.15147400015303,407,378,407,407,11,11,1,0
breast-cancer,12,broad,StaleNoRecheck,569,30,10,526,0.9244288224956063,10,0.9,0,ranking_truncation,0,1,0,0.24411300000792835,240,240,240,240,0,8,0,0
breast-cancer,12,broad,NaiveNoPolicy,569,30,10,526,0.9244288224956063,10,0.9,0,ranking_truncation,0,1,0,0.08561000004192465,240,240,240,0,0,8,0,0
breast-cancer,13,medium,ExactSecure,569,30,10,119,0.20913884007029876,10,1.0,1,none,0,0,0,0.34374400001979666,569,119,119,569,0,0,1,0
breast-cancer,13,medium,PostFilter-IVF,569,30,10,119,0.20913884007029876,10,1.0,1,none,0,0,0,0.2658979999523581,240,66,240,240,0,8,0,0
breast-cancer,13,medium,AdaptivePostFilter-IVF,569,30,10,119,0.20913884007029876,10,1.0,1,none,0,0,0,0.9000990000913589,569,119,569,569,0,18,0,0
breast-cancer,13,medium,TenantPartition-IVF,569,30,10,119,0.20913884007029876,10,1.0,1,none,0,0,0,0.26032999994640704,240,66,240,240,0,8,0,0
breast-cancer,13,medium,PreFilter-IVF,569,30,10,119,0.20913884007029876,10,1.0,1,none,0,0,0,0.48255199999402976,255,63,63,255,6,6,0,0
breast-cancer,13,medium,PACER-A,569,30,10,119,0.20913884007029876,10,1.0,1,none,0,0,0,1.2005179999050597,130,117,130,130,16,15,1,0
breast-cancer,13,medium,PACER-C,569,30,10,119,0.20913884007029876,10,1.0,1,none,0,0,0,1.2728470001093228,130,117,130,130,16,15,1,0
breast-cancer,13,medium,PACER-X,569,30,10,119,0.20913884007029876,10,1.0,1,none,0,0,0,1.3383850000536768,130,117,130,130,16,15,1,0
breast-cancer,13,medium,StaleNoRecheck,569,30,10,119,0.20913884007029876,10,1.0,1,none,0,0,0,0.23089199999049015,240,72,240,240,0,8,0,0
breast-cancer,13,medium,NaiveNoPolicy,569,30,10,119,0.20913884007029876,10,0.5,0,ranking_truncation,5,0,0,0.08826600014799624,240,240,240,0,0,8,0,0
breast-cancer,14,narrow,ExactSecure,569,30,10,25,0.043936731107205626,10,1.0,1,none,0,0,0,0.36854699987998174,569,25,25,569,0,0,1,0
breast-cancer,14,narrow,PostFilter-IVF,569,30,10,25,0.043936731107205626,10,0.8,0,ranking_truncation,0,0,0,0.2035290001458634,217,15,217,217,0,8,0,0
breast-cancer,14,narrow,AdaptivePostFilter-IVF,569,30,10,25,0.043936731107205626,10,1.0,1,none,0,0,0,1.0390380000444566,569,25,569,569,0,18,0,0
breast-cancer,14,narrow,TenantPartition-IVF,569,30,10,25,0.043936731107205626,10,0.8,0,ranking_truncation,0,0,0,0.20882800004073943,217,15,217,217,0,8,0,0
breast-cancer,14,narrow,PreFilter-IVF,569,30,10,25,0.043936731107205626,10,1.0,1,none,0,0,0,0.545775000091453,238,25,25,238,14,8,0,0
breast-cancer,14,narrow,PACER-A,569,30,10,25,0.043936731107205626,10,1.0,1,none,0,0,0,0.5948389998593484,29,25,29,29,16,9,1,0
breast-cancer,14,narrow,PACER-C,569,30,10,25,0.043936731107205626,10,1.0,1,none,0,0,0,0.5699710000044433,29,25,29,29,16,9,1,0
breast-cancer,14,narrow,PACER-X,569,30,10,25,0.043936731107205626,10,1.0,1,none,0,0,0,0.570159999824682,29,25,29,29,16,9,1,0
breast-cancer,14,narrow,StaleNoRecheck,569,30,10,25,0.043936731107205626,10,0.8,0,ranking_truncation,0,1,0,0.20652400007747929,217,17,217,217,0,8,0,0
breast-cancer,14,narrow,NaiveNoPolicy,569,30,10,25,0.043936731107205626,10,0.1,0,ranking_truncation,9,2,6,0.0764569999773812,217,217,217,0,0,8,0,0
breast-cancer,15,cold,ExactSecure,569,30,10,30,0.05272407732864675,10,1.0,1,none,0,0,0,0.37549900002886716,569,30,30,569,0,0,1,0
breast-cancer,15,cold,PostFilter-IVF,569,30,10,30,0.05272407732864675,10,1.0,1,none,0,0,0,0.2208320001955144,219,30,219,219,0,8,0,0
breast-cancer,15,cold,AdaptivePostFilter-IVF,569,30,10,30,0.05272407732864675,10,1.0,1,none,0,0,0,0.9241289999408764,569,30,569,569,0,18,0,0
breast-cancer,15,cold,TenantPartition-IVF,569,30,10,30,0.05272407732864675,10,1.0,1,none,0,0,0,0.21949799997855735,219,30,219,219,0,8,0,0
breast-cancer,15,cold,PreFilter-IVF,569,30,10,30,0.05272407732864675,10,1.0,1,none,0,0,0,0.31309899986808887,155,30,30,155,18,5,0,0
breast-cancer,15,cold,PACER-A,569,30,10,30,0.05272407732864675,10,1.0,1,none,0,0,0,0.3988920000210783,32,30,32,32,8,5,1,0
breast-cancer,15,cold,PACER-C,569,30,10,30,0.05272407732864675,10,1.0,1,none,0,0,0,0.41108300001724274,32,30,32,32,8,5,1,0
breast-cancer,15,cold,PACER-X,569,30,10,30,0.05272407732864675,10,1.0,1,none,0,0,0,0.37389500016615784,32,30,32,32,8,5,1,0
breast-cancer,15,cold,StaleNoRecheck,569,30,10,30,0.05272407732864675,10,0.8,0,ranking_truncation,0,2,0,0.1890959999855113,219,32,219,219,0,8,0,0
breast-cancer,15,cold,NaiveNoPolicy,569,30,10,30,0.05272407732864675,10,0.3,0,ranking_truncation,6,1,0,0.07031599989204551,219,219,219,0,0,8,0,0
breast-cancer,16,broad,ExactSecure,569,30,10,521,0.9156414762741653,10,1.0,1,none,0,0,0,0.36355099996399076,569,521,521,569,0,0,1,0
breast-cancer,16,broad,PostFilter-IVF,569,30,10,521,0.9156414762741653,10,1.0,1,none,0,0,0,0.23359600004368986,240,217,240,240,0,8,0,0
breast-cancer,16,broad,AdaptivePostFilter-IVF,569,30,10,521,0.9156414762741653,10,1.0,1,none,0,0,0,0.8915349999369937,569,521,569,569,0,18,0,0
breast-cancer,16,broad,TenantPartition-IVF,569,30,10,521,0.9156414762741653,10,1.0,1,none,0,0,0,0.28305199998612807,240,217,240,240,0,8,0,0
breast-cancer,16,broad,PreFilter-IVF,569,30,10,521,0.9156414762741653,10,1.0,1,none,0,0,0,0.8118939999803843,251,228,228,251,6,6,0,0
breast-cancer,16,broad,PACER-A,569,30,10,521,0.9156414762741653,10,1.0,1,none,0,0,0,0.7332289999339991,240,217,240,240,6,6,0,0
breast-cancer,16,broad,PACER-C,569,30,10,521,0.9156414762741653,10,1.0,1,none,0,0,0,1.2865829999100242,386,354,386,386,12,12,1,0
breast-cancer,16,broad,PACER-X,569,30,10,521,0.9156414762741653,10,1.0,1,none,0,0,0,1.1366329999873415,386,354,386,386,12,12,1,0
breast-cancer,16,broad,StaleNoRecheck,569,30,10,521,0.9156414762741653,10,0.9,0,ranking_truncation,0,1,0,0.22569699990526715,240,240,240,240,0,8,0,0
breast-cancer,16,broad,NaiveNoPolicy,569,30,10,521,0.9156414762741653,10,0.9,0,ranking_truncation,0,1,0,0.08489599986205576,240,240,240,0,0,8,0,0
breast-cancer,17,medium,ExactSecure,569,30,10,87,0.15289982425307558,10,1.0,1,none,0,0,0,0.31432199989467335,569,87,87,569,0,0,1,0
breast-cancer,17,medium,PostFilter-IVF,569,30,10,87,0.15289982425307558,10,1.0,1,none,0,0,0,0.27945200008616666,240,66,240,240,0,8,0,0
breast-cancer,17,medium,AdaptivePostFilter-IVF,569,30,10,87,0.15289982425307558,10,1.0,1,none,0,0,0,0.9298059999309771,569,87,569,569,0,18,0,0
breast-cancer,17,medium,TenantPartition-IVF,569,30,10,87,0.15289982425307558,10,1.0,1,none,0,0,0,0.4506839998157375,240,66,240,240,0,8,0,0
breast-cancer,17,medium,PreFilter-IVF,569,30,10,87,0.15289982425307558,10,1.0,1,none,0,0,0,0.44881899998472363,251,59,59,251,6,6,0,0
breast-cancer,17,medium,PACER-A,569,30,10,87,0.15289982425307558,10,1.0,1,none,0,0,0,0.9334669998679601,90,83,90,90,11,10,1,0
breast-cancer,17,medium,PACER-C,569,30,10,87,0.15289982425307558,10,1.0,1,none,0,0,0,0.8669119999922259,90,83,90,90,11,10,1,0
breast-cancer,17,medium,PACER-X,569,30,10,87,0.15289982425307558,10,1.0,1,none,0,0,0,0.9422609998637199,90,83,90,90,11,10,1,0
breast-cancer,17,medium,StaleNoRecheck,569,30,10,87,0.15289982425307558,10,1.0,1,none,0,0,0,0.22862000014356454,240,71,240,240,0,8,0,0
breast-cancer,17,medium,NaiveNoPolicy,569,30,10,87,0.15289982425307558,10,0.6,0,ranking_truncation,4,0,0,0.09288800015383458,240,240,240,0,0,8,0,0
breast-cancer,18,narrow,ExactSecure,569,30,10,10,0.01757469244288225,10,1.0,1,none,0,0,0,0.30728000001545297,569,10,10,569,0,0,1,0
breast-cancer,18,narrow,PostFilter-IVF,569,30,10,10,0.01757469244288225,8,0.8,0,candidate_starvation,0,0,0,0.24869499998203537,240,8,240,240,0,8,0,0
breast-cancer,18,narrow,AdaptivePostFilter-IVF,569,30,10,10,0.01757469244288225,10,1.0,1,none,0,0,0,0.9459779998906015,569,10,569,569,0,18,0,0
breast-cancer,18,narrow,TenantPartition-IVF,569,30,10,10,0.01757469244288225,8,0.8,0,candidate_starvation,0,0,0,0.2722949998315016,240,8,240,240,0,8,0,0
breast-cancer,18,narrow,PreFilter-IVF,569,30,10,10,0.01757469244288225,10,1.0,1,none,0,0,0,0.28279000002839894,164,10,10,164,18,4,0,0
breast-cancer,18,narrow,PACER-A,569,30,10,10,0.01757469244288225,10,1.0,1,none,0,0,0,0.29212999993433186,11,10,11,11,16,4,1,0
breast-cancer,18,narrow,PACER-C,569,30,10,10,0.01757469244288225,10,1.0,1,none,0,0,0,0.31453799988412356,11,10,11,11,16,4,1,0
breast-cancer,18,narrow,PACER-X,569,30,10,10,0.01757469244288225,10,1.0,1,none,0,0,0,0.2703200000269135,11,10,11,11,16,4,1,0
breast-cancer,18,narrow,StaleNoRecheck,569,30,10,10,0.01757469244288225,9,0.8,0,candidate_starvation,0,1,0,0.20760400002473034,240,9,240,240,0,8,0,0
breast-cancer,18,narrow,NaiveNoPolicy,569,30,10,10,0.01757469244288225,10,0.6,0,ranking_truncation,4,1,1,0.08119499989334145,240,240,240,0,0,8,0,0
breast-cancer,19,cold,ExactSecure,569,30,10,19,0.033391915641476276,10,1.0,1,none,0,0,0,0.3528649999680056,569,19,19,569,0,0,1,0
breast-cancer,19,cold,PostFilter-IVF,569,30,10,19,0.033391915641476276,10,1.0,1,none,0,0,0,0.2509409998765477,240,18,240,240,0,8,0,0
breast-cancer,19,cold,AdaptivePostFilter-IVF,569,30,10,19,0.033391915641476276,10,1.0,1,none,0,0,0,0.8953909998581366,569,19,569,569,0,18,0,0
breast-cancer,19,cold,TenantPartition-IVF,569,30,10,19,0.033391915641476276,10,1.0,1,none,0,0,0,0.2592430000731838,240,18,240,240,0,8,0,0
breast-cancer,19,cold,PreFilter-IVF,569,30,10,19,0.033391915641476276,10,1.0,1,none,0,0,0,0.3240940000068804,197,19,19,197,18,5,0,0
breast-cancer,19,cold,PACER-A,569,30,10,19,0.033391915641476276,10,1.0,1,none,0,0,0,0.4607859998486674,20,19,20,20,6,5,1,0
breast-cancer,19,cold,PACER-C,569,30,10,19,0.033391915641476276,10,1.0,1,none,0,0,0,0.37037499987491174,20,19,20,20,6,5,1,0
breast-cancer,19,cold,PACER-X,569,30,10,19,0.033391915641476276,10,1.0,1,none,0,0,0,0.35691100015355914,20,19,20,20,6,5,1,0
breast-cancer,19,cold,StaleNoRecheck,569,30,10,19,0.033391915641476276,10,1.0,1,none,0,0,0,0.21407200006251514,240,19,240,240,0,8,0,0
breast-cancer,19,cold,NaiveNoPolicy,569,30,10,19,0.033391915641476276,10,0.3,0,ranking_truncation,7,0,0,0.09514299995316833,240,240,240,0,0,8,0,0
breast-cancer,20,broad,ExactSecure,569,30,10,536,0.9420035149384886,10,1.0,1,none,0,0,0,0.36621100002776075,569,536,536,569,0,0,1,0
breast-cancer,20,broad,PostFilter-IVF,569,30,10,536,0.9420035149384886,10,1.0,1,none,0,0,0,0.22661400021206646,240,227,240,240,0,8,0,0
breast-cancer,20,broad,AdaptivePostFilter-IVF,569,30,10,536,0.9420035149384886,10,1.0,1,none,0,0,0,1.0070200000882323,569,536,569,569,0,18,0,0
breast-cancer,20,broad,TenantPartition-IVF,569,30,10,536,0.9420035149384886,10,1.0,1,none,0,0,0,0.26042600006803696,240,227,240,240,0,8,0,0
breast-cancer,20,broad,PreFilter-IVF,569,30,10,536,0.9420035149384886,10,1.0,1,none,0,0,0,0.7323810000343656,241,229,229,241,6,6,0,0
breast-cancer,20,broad,PACER-A,569,30,10,536,0.9420035149384886,10,1.0,1,none,0,0,0,0.6912300000294636,240,228,240,240,6,6,0,0
breast-cancer,20,broad,PACER-C,569,30,10,536,0.9420035149384886,10,1.0,1,none,0,0,0,0.881569000057425,319,303,319,319,8,8,1,0
breast-cancer,20,broad,PACER-X,569,30,10,536,0.9420035149384886,10,1.0,1,none,0,0,0,0.8850199999415054,319,303,319,319,8,8,1,0
breast-cancer,20,broad,StaleNoRecheck,569,30,10,536,0.9420035149384886,10,1.0,1,none,0,0,0,0.22202900004231196,240,240,240,240,0,8,0,0
breast-cancer,20,broad,NaiveNoPolicy,569,30,10,536,0.9420035149384886,10,1.0,1,none,0,0,0,0.08266400004686147,240,240,240,0,0,8,0,0
breast-cancer,21,medium,ExactSecure,569,30,10,133,0.23374340949033393,10,1.0,1,none,0,0,0,0.3461629999037541,569,133,133,569,0,0,1,0
breast-cancer,21,medium,PostFilter-IVF,569,30,10,133,0.23374340949033393,10,1.0,1,none,0,0,0,0.23215899977913068,240,86,240,240,0,8,0,0
breast-cancer,21,medium,AdaptivePostFilter-IVF,569,30,10,133,0.23374340949033393,10,1.0,1,none,0,0,0,0.9778369999366987,569,133,569,569,0,18,0,0
breast-cancer,21,medium,TenantPartition-IVF,569,30,10,133,0.23374340949033393,10,1.0,1,none,0,0,0,0.34042699985548097,240,86,240,240,0,8,0,0
breast-cancer,21,medium,PreFilter-IVF,569,30,10,133,0.23374340949033393,10,1.0,1,none,0,0,0,0.5053419999967446,254,89,89,254,8,8,0,0
breast-cancer,21,medium,PACER-A,569,30,10,133,0.23374340949033393,10,1.0,1,none,0,0,0,1.1775630000556703,131,125,131,131,15,15,1,0
breast-cancer,21,medium,PACER-C,569,30,10,133,0.23374340949033393,10,1.0,1,none,0,0,0,1.1511840000366647,131,125,131,131,15,15,1,0
breast-cancer,21,medium,PACER-X,569,30,10,133,0.23374340949033393,10,1.0,1,none,0,0,0,1.1662969998269546,131,125,131,131,15,15,1,0
breast-cancer,21,medium,StaleNoRecheck,569,30,10,133,0.23374340949033393,10,1.0,1,none,0,0,0,0.2225079999789159,240,89,240,240,0,8,0,0
breast-cancer,21,medium,NaiveNoPolicy,569,30,10,133,0.23374340949033393,10,0.2,0,ranking_truncation,8,1,0,0.08369600004698441,240,240,240,0,0,8,0,0
breast-cancer,22,narrow,ExactSecure,569,30,10,17,0.029876977152899824,10,1.0,1,none,0,0,0,0.35836899996866123,569,17,17,569,0,0,1,0
breast-cancer,22,narrow,PostFilter-IVF,569,30,10,17,0.029876977152899824,10,1.0,1,none,0,0,0,0.20113000005039794,213,17,213,213,0,8,0,0
breast-cancer,22,narrow,AdaptivePostFilter-IVF,569,30,10,17,0.029876977152899824,10,1.0,1,none,0,0,0,0.9570790000452689,569,17,569,569,0,18,0,0
breast-cancer,22,narrow,TenantPartition-IVF,569,30,10,17,0.029876977152899824,10,1.0,1,none,0,0,0,0.22547899993696774,213,17,213,213,0,8,0,0
breast-cancer,22,narrow,PreFilter-IVF,569,30,10,17,0.029876977152899824,10,1.0,1,none,0,0,0,0.32693399998606765,142,17,17,142,18,4,0,0
breast-cancer,22,narrow,PACER-A,569,30,10,17,0.029876977152899824,10,1.0,1,none,0,0,0,0.3106960000422987,17,17,17,17,4,4,1,0
breast-cancer,22,narrow,PACER-C,569,30,10,17,0.029876977152899824,10,1.0,1,none,0,0,0,0.2929959998709819,17,17,17,17,4,4,1,0
breast-cancer,22,narrow,PACER-X,569,30,10,17,0.029876977152899824,10,1.0,1,none,0,0,0,0.3256160000546515,17,17,17,17,4,4,1,0
breast-cancer,22,narrow,StaleNoRecheck,569,30,10,17,0.029876977152899824,10,1.0,1,none,0,0,0,0.25096200010921166,213,17,213,213,0,8,0,0
breast-cancer,22,narrow,NaiveNoPolicy,569,30,10,17,0.029876977152899824,10,0.0,0,ranking_truncation,10,0,0,0.07873899994592648,213,213,213,0,0,8,0,0
breast-cancer,23,cold,ExactSecure,569,30,10,3,0.005272407732864675,3,1.0,1,none,0,0,0,0.3467799999725685,569,3,3,569,0,0,1,0
breast-cancer,23,cold,PostFilter-IVF,569,30,10,3,0.005272407732864675,3,1.0,1,none,0,0,0,0.19115000009151117,205,3,205,205,0,8,0,0
breast-cancer,23,cold,AdaptivePostFilter-IVF,569,30,10,3,0.005272407732864675,3,1.0,1,none,0,0,0,0.8921009998630325,569,3,569,569,0,18,0,0
breast-cancer,23,cold,TenantPartition-IVF,569,30,10,3,0.005272407732864675,3,1.0,1,none,0,0,0,0.18827700000656478,205,3,205,205,0,8,0,0
breast-cancer,23,cold,PreFilter-IVF,569,30,10,3,0.005272407732864675,3,1.0,1,none,0,0,0,0.2284760000748065,85,3,3,85,18,3,0,0
breast-cancer,23,cold,PACER-A,569,30,10,3,0.005272407732864675,3,1.0,1,none,0,0,0,0.23508499998570187,4,3,4,4,9,3,1,0
breast-cancer,23,cold,PACER-C,569,30,10,3,0.005272407732864675,3,1.0,1,none,0,0,0,0.19598500011852593,4,3,4,4,9,3,1,0
breast-cancer,23,cold,PACER-X,569,30,10,3,0.005272407732864675,3,1.0,1,none,0,0,0,0.18913500002781802,4,3,4,4,9,3,1,0
breast-cancer,23,cold,StaleNoRecheck,569,30,10,3,0.005272407732864675,3,1.0,1,none,0,0,0,0.17518100003144355,205,3,205,205,0,8,0,0
breast-cancer,23,cold,NaiveNoPolicy,569,30,10,3,0.005272407732864675,10,0.3333333333333333,0,ranking_truncation,9,1,1,0.07254000001921668,205,205,205,0,0,8,0,0
breast-cancer,24,broad,ExactSecure,569,30,10,531,0.9332161687170475,10,1.0,1,none,0,0,0,0.3541429998676904,569,531,531,569,0,0,1,0
breast-cancer,24,broad,PostFilter-IVF,569,30,10,531,0.9332161687170475,10,1.0,1,none,0,0,0,0.4093810000540543,240,220,240,240,0,8,0,0
breast-cancer,24,broad,AdaptivePostFilter-IVF,569,30,10,531,0.9332161687170475,10,1.0,1,none,0,0,0,0.9147439998287155,569,531,569,569,0,18,0,0
breast-cancer,24,broad,TenantPartition-IVF,569,30,10,531,0.9332161687170475,10,1.0,1,none,0,0,0,0.4393070000787702,240,220,240,240,0,8,0,0
breast-cancer,24,broad,PreFilter-IVF,569,30,10,531,0.9332161687170475,10,1.0,1,none,0,0,0,1.0431190000872448,270,250,250,270,8,8,0,0
breast-cancer,24,broad,PACER-A,569,30,10,531,0.9332161687170475,10,1.0,1,none,0,0,0,0.8838390001528751,240,220,240,240,8,8,0,0
breast-cancer,24,broad,PACER-C,569,30,10,531,0.9332161687170475,10,1.0,1,none,0,0,0,1.693841000133034,547,510,547,547,17,17,1,0
breast-cancer,24,broad,PACER-X,569,30,10,531,0.9332161687170475,10,1.0,1,none,0,0,0,1.67191500008812,547,510,547,547,17,17,1,0
breast-cancer,24,broad,StaleNoRecheck,569,30,10,531,0.9332161687170475,10,1.0,1,none,0,0,0,0.22944499983168498,240,240,240,240,0,8,0,0
breast-cancer,24,broad,NaiveNoPolicy,569,30,10,531,0.9332161687170475,10,1.0,1,none,0,0,0,0.11427200001890014,240,240,240,0,0,8,0,0
breast-cancer,25,medium,ExactSecure,569,30,10,127,0.22319859402460457,10,1.0,1,none,0,0,0,0.3169399999478628,569,127,127,569,0,0,1,0
breast-cancer,25,medium,PostFilter-IVF,569,30,10,127,0.22319859402460457,10,1.0,1,none,0,0,0,0.22246900016398286,234,65,234,234,0,8,0,0
breast-cancer,25,medium,AdaptivePostFilter-IVF,569,30,10,127,0.22319859402460457,10,1.0,1,none,0,0,0,0.9704279998459242,569,127,569,569,0,18,0,0
breast-cancer,25,medium,TenantPartition-IVF,569,30,10,127,0.22319859402460457,10,1.0,1,none,0,0,0,0.3110329998889938,234,65,234,234,0,8,0,0
breast-cancer,25,medium,PreFilter-IVF,569,30,10,127,0.22319859402460457,10,0.9,0,ranking_truncation,0,0,0,0.5028839998431067,247,78,78,247,8,7,0,0
breast-cancer,25,medium,PACER-A,569,30,10,127,0.22319859402460457,10,1.0,1,none,0,0,0,1.2937470000906615,142,127,142,142,18,16,1,0
breast-cancer,25,medium,PACER-C,569,30,10,127,0.22319859402460457,10,1.0,1,none,0,0,0,1.35518799993406,142,127,142,142,18,16,1,0
breast-cancer,25,medium,PACER-X,569,30,10,127,0.22319859402460457,10,1.0,1,none,0,0,0,1.2405510001372022,142,127,142,142,18,16,1,0
breast-cancer,25,medium,StaleNoRecheck,569,30,10,127,0.22319859402460457,10,1.0,1,none,0,0,0,0.22011099986229965,234,73,234,234,0,8,0,0
breast-cancer,25,medium,NaiveNoPolicy,569,30,10,127,0.22319859402460457,10,0.3,0,ranking_truncation,7,1,0,0.07859700008339132,234,234,234,0,0,8,0,0
breast-cancer,26,narrow,ExactSecure,569,30,10,5,0.008787346221441126,5,1.0,1,none,0,0,0,0.3046749998247833,569,5,5,569,0,0,1,0
breast-cancer,26,narrow,PostFilter-IVF,569,30,10,5,0.008787346221441126,3,0.6,0,candidate_starvation,0,0,0,0.2401390001978143,240,3,240,240,0,8,0,0
breast-cancer,26,narrow,AdaptivePostFilter-IVF,569,30,10,5,0.008787346221441126,5,1.0,1,none,0,0,0,0.9173199998713244,569,5,569,569,0,18,0,0
breast-cancer,26,narrow,TenantPartition-IVF,569,30,10,5,0.008787346221441126,3,0.6,0,candidate_starvation,0,0,0,0.1777059999312769,240,3,240,240,0,8,0,0
breast-cancer,26,narrow,PreFilter-IVF,569,30,10,5,0.008787346221441126,5,1.0,1,none,0,0,0,0.23566000004393572,104,5,5,104,18,3,0,0
breast-cancer,26,narrow,PACER-A,569,30,10,5,0.008787346221441126,5,1.0,1,none,0,0,0,0.22252999997363077,5,5,5,5,13,3,1,0
breast-cancer,26,narrow,PACER-C,569,30,10,5,0.008787346221441126,5,1.0,1,none,0,0,0,0.2329120000013063,5,5,5,5,13,3,1,0
breast-cancer,26,narrow,PACER-X,569,30,10,5,0.008787346221441126,5,1.0,1,none,0,0,0,0.22822500000074797,5,5,5,5,13,3,1,0
breast-cancer,26,narrow,StaleNoRecheck,569,30,10,5,0.008787346221441126,3,0.6,0,candidate_starvation,0,0,0,0.20876700000371784,240,3,240,240,0,8,0,0
breast-cancer,26,narrow,NaiveNoPolicy,569,30,10,5,0.008787346221441126,10,0.2,0,ranking_truncation,9,0,7,0.08532600008948066,240,240,240,0,0,8,0,0
breast-cancer,27,cold,ExactSecure,569,30,10,10,0.01757469244288225,10,1.0,1,none,0,0,0,0.3274599998803751,569,10,10,569,0,0,1,0
breast-cancer,27,cold,PostFilter-IVF,569,30,10,10,0.01757469244288225,2,0.2,0,candidate_starvation,0,0,0,0.19283699998595694,195,2,195,195,0,8,0,0
breast-cancer,27,cold,AdaptivePostFilter-IVF,569,30,10,10,0.01757469244288225,10,1.0,1,none,0,0,0,0.9113529999922321,569,10,569,569,0,18,0,0
breast-cancer,27,cold,TenantPartition-IVF,569,30,10,10,0.01757469244288225,2,0.2,0,candidate_starvation,0,0,0,0.21491300003617653,195,2,195,195,0,8,0,0
breast-cancer,27,cold,PreFilter-IVF,569,30,10,10,0.01757469244288225,10,1.0,1,none,0,0,0,0.20963600013601535,75,10,10,75,18,3,0,0
breast-cancer,27,cold,PACER-A,569,30,10,10,0.01757469244288225,10,1.0,1,none,0,0,0,0.2526440000565344,11,10,11,11,11,3,1,0
breast-cancer,27,cold,PACER-C,569,30,10,10,0.01757469244288225,10,1.0,1,none,0,0,0,0.2183659998991061,11,10,11,11,11,3,1,0
breast-cancer,27,cold,PACER-X,569,30,10,10,0.01757469244288225,10,1.0,1,none,0,0,0,0.23545200019725598,11,10,11,11,11,3,1,0
breast-cancer,27,cold,StaleNoRecheck,569,30,10,10,0.01757469244288225,2,0.2,0,candidate_starvation,0,0,0,0.16802799996185058,195,2,195,195,0,8,0,0
breast-cancer,27,cold,NaiveNoPolicy,569,30,10,10,0.01757469244288225,10,0.1,0,ranking_truncation,9,0,0,0.09146200000031968,195,195,195,0,0,8,0,0
breast-cancer,28,broad,ExactSecure,569,30,10,536,0.9420035149384886,10,1.0,1,none,0,0,0,0.34990099993592594,569,536,536,569,0,0,1,0
breast-cancer,28,broad,PostFilter-IVF,569,30,10,536,0.9420035149384886,10,1.0,1,none,0,0,0,0.2525450001940044,240,227,240,240,0,8,0,0
breast-cancer,28,broad,AdaptivePostFilter-IVF,569,30,10,536,0.9420035149384886,10,1.0,1,none,0,0,0,1.1906909999197524,569,536,569,569,0,18,0,0
breast-cancer,28,broad,TenantPartition-IVF,569,30,10,536,0.9420035149384886,10,1.0,1,none,0,0,0,0.2818620000653027,240,227,240,240,0,8,0,0
breast-cancer,28,broad,PreFilter-IVF,569,30,10,536,0.9420035149384886,10,1.0,1,none,0,0,0,0.9845140000379615,251,238,238,251,6,6,0,0
breast-cancer,28,broad,PACER-A,569,30,10,536,0.9420035149384886,10,1.0,1,none,0,0,0,0.7028279999303777,240,228,240,240,6,6,0,0
breast-cancer,28,broad,PACER-C,569,30,10,536,0.9420035149384886,10,1.0,1,none,0,0,0,1.2121039999328787,430,405,430,430,12,12,1,0
breast-cancer,28,broad,PACER-X,569,30,10,536,0.9420035149384886,10,1.0,1,none,0,0,0,1.28040399999918,430,405,430,430,12,12,1,0
breast-cancer,28,broad,StaleNoRecheck,569,30,10,536,0.9420035149384886,10,1.0,1,none,0,0,0,0.2801559999170422,240,240,240,240,0,8,0,0
breast-cancer,28,broad,NaiveNoPolicy,569,30,10,536,0.9420035149384886,10,1.0,1,none,0,0,0,0.08755900012147322,240,240,240,0,0,8,0,0
breast-cancer,29,medium,ExactSecure,569,30,10,108,0.18980667838312829,10,1.0,1,none,0,0,0,0.33108699994954804,569,108,108,569,0,0,1,0
breast-cancer,29,medium,PostFilter-IVF,569,30,10,108,0.18980667838312829,10,1.0,1,none,0,0,0,0.2336780000860017,217,61,217,217,0,8,0,0
breast-cancer,29,medium,AdaptivePostFilter-IVF,569,30,10,108,0.18980667838312829,10,1.0,1,none,0,0,0,0.9823020000112592,569,108,569,569,0,18,0,0
breast-cancer,29,medium,TenantPartition-IVF,569,30,10,108,0.18980667838312829,10,1.0,1,none,0,0,0,0.229434999937439,217,61,217,217,0,8,0,0
breast-cancer,29,medium,PreFilter-IVF,569,30,10,108,0.18980667838312829,10,1.0,1,none,0,0,0,0.6195959999786282,252,58,58,252,8,8,0,0
breast-cancer,29,medium,PACER-A,569,30,10,108,0.18980667838312829,10,1.0,1,none,0,0,0,1.2662169999657635,118,108,118,118,18,17,1,0
breast-cancer,29,medium,PACER-C,569,30,10,108,0.18980667838312829,10,1.0,1,none,0,0,0,1.2155219999385736,118,108,118,118,18,17,1,0
breast-cancer,29,medium,PACER-X,569,30,10,108,0.18980667838312829,10,1.0,1,none,0,0,0,1.2480079999477312,118,108,118,118,18,17,1,0
breast-cancer,29,medium,StaleNoRecheck,569,30,10,108,0.18980667838312829,10,0.8,0,ranking_truncation,0,2,0,0.1949059999333258,217,68,217,217,0,8,0,0
breast-cancer,29,medium,NaiveNoPolicy,569,30,10,108,0.18980667838312829,10,0.1,0,ranking_truncation,7,3,0,0.07101200003489794,217,217,217,0,0,8,0,0
breast-cancer,30,narrow,ExactSecure,569,30,10,22,0.03866432337434095,10,1.0,1,none,0,0,0,0.3258500000811182,569,22,22,569,0,0,1,0
breast-cancer,30,narrow,PostFilter-IVF,569,30,10,22,0.03866432337434095,10,1.0,1,none,0,0,0,0.2250079999157606,240,18,240,240,0,8,0,0
breast-cancer,30,narrow,AdaptivePostFilter-IVF,569,30,10,22,0.03866432337434095,10,1.0,1,none,0,0,0,0.9198390000619838,569,22,569,569,0,18,0,0
breast-cancer,30,narrow,TenantPartition-IVF,569,30,10,22,0.03866432337434095,10,1.0,1,none,0,0,0,0.28057699978489836,240,18,240,240,0,8,0,0
breast-cancer,30,narrow,PreFilter-IVF,569,30,10,22,0.03866432337434095,10,1.0,1,none,0,0,0,0.41512799998599803,243,22,22,243,10,7,0,0
breast-cancer,30,narrow,PACER-A,569,30,10,22,0.03866432337434095,10,1.0,1,none,0,0,0,0.5579159999342664,22,22,22,22,10,7,1,0
breast-cancer,30,narrow,PACER-C,569,30,10,22,0.03866432337434095,10,1.0,1,none,0,0,0,0.5794119999791292,22,22,22,22,10,7,1,0
breast-cancer,30,narrow,PACER-X,569,30,10,22,0.03866432337434095,10,1.0,1,none,0,0,0,0.5439649999061658,22,22,22,22,10,7,1,0
breast-cancer,30,narrow,StaleNoRecheck,569,30,10,22,0.03866432337434095,10,1.0,1,none,0,0,0,0.26618299989422667,240,18,240,240,0,8,0,0
breast-cancer,30,narrow,NaiveNoPolicy,569,30,10,22,0.03866432337434095,10,0.3,0,ranking_truncation,7,0,1,0.08625300006315229,240,240,240,0,0,8,0,0
breast-cancer,31,cold,ExactSecure,569,30,10,11,0.019332161687170474,10,1.0,1,none,0,0,0,0.3473710000889696,569,11,11,569,0,0,1,0
breast-cancer,31,cold,PostFilter-IVF,569,30,10,11,0.019332161687170474,9,0.9,0,candidate_starvation,0,0,0,0.21486100013135,240,9,240,240,0,8,0,0
breast-cancer,31,cold,AdaptivePostFilter-IVF,569,30,10,11,0.019332161687170474,10,1.0,1,none,0,0,0,0.9160029999293329,569,11,569,569,0,18,0,0
breast-cancer,31,cold,TenantPartition-IVF,569,30,10,11,0.019332161687170474,9,0.9,0,candidate_starvation,0,0,0,0.22063899996282998,240,9,240,240,0,8,0,0
breast-cancer,31,cold,PreFilter-IVF,569,30,10,11,0.019332161687170474,10,1.0,1,none,0,0,0,0.42561999998724787,235,11,11,235,18,7,0,0
breast-cancer,31,cold,PACER-A,569,30,10,11,0.019332161687170474,10,1.0,1,none,0,0,0,0.440301000026011,12,11,12,12,14,7,1,0
breast-cancer,31,cold,PACER-C,569,30,10,11,0.019332161687170474,10,1.0,1,none,0,0,0,0.578488999963156,12,11,12,12,14,7,1,0
breast-cancer,31,cold,PACER-X,569,30,10,11,0.019332161687170474,10,1.0,1,none,0,0,0,0.46175300008144404,12,11,12,12,14,7,1,0
breast-cancer,31,cold,StaleNoRecheck,569,30,10,11,0.019332161687170474,10,0.9,0,ranking_truncation,0,1,0,0.20559899985528318,240,10,240,240,0,8,0,0
breast-cancer,31,cold,NaiveNoPolicy,569,30,10,11,0.019332161687170474,10,0.3,0,ranking_truncation,7,1,0,0.08296000009977433,240,240,240,0,0,8,0,0
breast-cancer,32,broad,ExactSecure,569,30,10,531,0.9332161687170475,10,1.0,1,none,0,0,0,0.37333400018724205,569,531,531,569,0,0,1,0
breast-cancer,32,broad,PostFilter-IVF,569,30,10,531,0.9332161687170475,10,1.0,1,none,0,0,0,0.1856659998793475,179,168,179,179,0,8,0,0
breast-cancer,32,broad,AdaptivePostFilter-IVF,569,30,10,531,0.9332161687170475,10,1.0,1,none,0,0,0,0.8757359998980974,569,531,569,569,0,18,0,0
breast-cancer,32,broad,TenantPartition-IVF,569,30,10,531,0.9332161687170475,10,1.0,1,none,0,0,0,0.20045399992341117,179,168,179,179,0,8,0,0
breast-cancer,32,broad,PreFilter-IVF,569,30,10,531,0.9332161687170475,10,1.0,1,none,0,0,0,1.0090480000144453,200,187,187,200,8,8,0,0
breast-cancer,32,broad,PACER-A,569,30,10,531,0.9332161687170475,10,1.0,1,none,0,0,0,1.0235070001272106,240,225,240,240,10,10,0,0
breast-cancer,32,broad,PACER-C,569,30,10,531,0.9332161687170475,10,1.0,1,none,0,0,0,1.7400010001438204,569,531,569,569,18,18,1,0
breast-cancer,32,broad,PACER-X,569,30,10,531,0.9332161687170475,10,1.0,1,none,0,0,0,1.7095850000714563,569,531,569,569,18,18,1,0
breast-cancer,32,broad,StaleNoRecheck,569,30,10,531,0.9332161687170475,10,0.8,0,ranking_truncation,0,2,0,0.17812500004765752,179,179,179,179,0,8,0,0
breast-cancer,32,broad,NaiveNoPolicy,569,30,10,531,0.9332161687170475,10,0.8,0,ranking_truncation,0,2,0,0.0651779998861457,179,179,179,0,0,8,0,0
breast-cancer,33,medium,ExactSecure,569,30,10,77,0.13532513181019332,10,1.0,1,none,0,0,0,0.3146260000903567,569,77,77,569,0,0,1,0
breast-cancer,33,medium,PostFilter-IVF,569,30,10,77,0.13532513181019332,10,1.0,1,none,0,0,0,0.21020700000917714,235,35,235,235,0,8,0,0
breast-cancer,33,medium,AdaptivePostFilter-IVF,569,30,10,77,0.13532513181019332,10,1.0,1,none,0,0,0,0.9473229999912292,569,77,569,569,0,18,0,0
breast-cancer,33,medium,TenantPartition-IVF,569,30,10,77,0.13532513181019332,10,1.0,1,none,0,0,0,0.2735059999849909,235,35,235,235,0,8,0,0
breast-cancer,33,medium,PreFilter-IVF,569,30,10,77,0.13532513181019332,10,1.0,1,none,0,0,0,0.5843989999902988,205,39,39,205,9,8,0,0
breast-cancer,33,medium,PACER-A,569,30,10,77,0.13532513181019332,10,1.0,1,none,0,0,0,1.1459310001100675,85,77,85,85,17,13,1,0
breast-cancer,33,medium,PACER-C,569,30,10,77,0.13532513181019332,10,1.0,1,none,0,0,0,1.189957999940816,85,77,85,85,17,13,1,0
breast-cancer,33,medium,PACER-X,569,30,10,77,0.13532513181019332,10,1.0,1,none,0,0,0,1.0394670000550832,85,77,85,85,17,13,1,0
breast-cancer,33,medium,StaleNoRecheck,569,30,10,77,0.13532513181019332,10,0.9,0,ranking_truncation,0,1,0,0.3113430000212247,235,38,235,235,0,8,0,0
breast-cancer,33,medium,NaiveNoPolicy,569,30,10,77,0.13532513181019332,10,0.3,0,ranking_truncation,6,1,0,0.08000499997251609,235,235,235,0,0,8,0,0
breast-cancer,34,narrow,ExactSecure,569,30,10,30,0.05272407732864675,10,1.0,1,none,0,0,0,0.3119259999948554,569,30,30,569,0,0,1,0
breast-cancer,34,narrow,PostFilter-IVF,569,30,10,30,0.05272407732864675,10,1.0,1,none,0,0,0,0.2375619999384071,240,30,240,240,0,8,0,0
breast-cancer,34,narrow,AdaptivePostFilter-IVF,569,30,10,30,0.05272407732864675,10,1.0,1,none,0,0,0,0.8941270000377699,569,30,569,569,0,18,0,0
breast-cancer,34,narrow,TenantPartition-IVF,569,30,10,30,0.05272407732864675,10,1.0,1,none,0,0,0,0.23184499991657503,240,30,240,240,0,8,0,0
breast-cancer,34,narrow,PreFilter-IVF,569,30,10,30,0.05272407732864675,10,1.0,1,none,0,0,0,0.3418220001094596,155,30,30,155,18,5,0,0
breast-cancer,34,narrow,PACER-A,569,30,10,30,0.05272407732864675,10,1.0,1,none,0,0,0,0.43536299995139416,32,30,32,32,6,5,1,0
breast-cancer,34,narrow,PACER-C,569,30,10,30,0.05272407732864675,10,1.0,1,none,0,0,0,0.40509900009055855,32,30,32,32,6,5,1,0
breast-cancer,34,narrow,PACER-X,569,30,10,30,0.05272407732864675,10,1.0,1,none,0,0,0,0.5144919998656405,32,30,32,32,6,5,1,0
breast-cancer,34,narrow,StaleNoRecheck,569,30,10,30,0.05272407732864675,10,1.0,1,none,0,0,0,0.2468970001245907,240,32,240,240,0,8,0,0
breast-cancer,34,narrow,NaiveNoPolicy,569,30,10,30,0.05272407732864675,10,0.5,0,ranking_truncation,5,0,0,0.10762400006569806,240,240,240,0,0,8,0,0
breast-cancer,35,cold,ExactSecure,569,30,10,31,0.054481546572934976,10,1.0,1,none,0,0,0,0.3357079999659618,569,31,31,569,0,0,1,0
breast-cancer,35,cold,PostFilter-IVF,569,30,10,31,0.054481546572934976,10,1.0,1,none,0,0,0,0.19790900000771217,213,31,213,213,0,8,0,0
breast-cancer,35,cold,AdaptivePostFilter-IVF,569,30,10,31,0.054481546572934976,10,1.0,1,none,0,0,0,0.9085980000236304,569,31,569,569,0,18,0,0
breast-cancer,35,cold,TenantPartition-IVF,569,30,10,31,0.054481546572934976,10,1.0,1,none,0,0,0,0.2566949999618373,213,31,213,213,0,8,0,0
breast-cancer,35,cold,PreFilter-IVF,569,30,10,31,0.054481546572934976,10,1.0,1,none,0,0,0,0.2572480000253563,133,31,31,133,18,4,0,0
breast-cancer,35,cold,PACER-A,569,30,10,31,0.054481546572934976,10,1.0,1,none,0,0,0,0.3816050000295945,33,31,33,33,4,4,1,0
breast-cancer,35,cold,PACER-C,569,30,10,31,0.054481546572934976,10,1.0,1,none,0,0,0,0.32974999999169086,33,31,33,33,4,4,1,0
breast-cancer,35,cold,PACER-X,569,30,10,31,0.054481546572934976,10,1.0,1,none,0,0,0,0.3759090000130527,33,31,33,33,4,4,1,0
breast-cancer,35,cold,StaleNoRecheck,569,30,10,31,0.054481546572934976,10,1.0,1,none,0,0,0,0.26036400004159077,213,33,213,213,0,8,0,0
breast-cancer,35,cold,NaiveNoPolicy,569,30,10,31,0.054481546572934976,10,0.4,0,ranking_truncation,6,0,0,0.07323199997699703,213,213,213,0,0,8,0,0
breast-cancer,36,broad,ExactSecure,569,30,10,526,0.9244288224956063,10,1.0,1,none,0,0,0,0.35604099980446335,569,526,526,569,0,0,1,0
breast-cancer,36,broad,PostFilter-IVF,569,30,10,526,0.9244288224956063,10,1.0,1,none,0,0,0,0.2313649999905465,240,223,240,240,0,8,0,0
breast-cancer,36,broad,AdaptivePostFilter-IVF,569,30,10,526,0.9244288224956063,10,1.0,1,none,0,0,0,0.9258009999939532,569,526,569,569,0,18,0,0
breast-cancer,36,broad,TenantPartition-IVF,569,30,10,526,0.9244288224956063,10,1.0,1,none,0,0,0,0.26175800007877115,240,223,240,240,0,8,0,0
breast-cancer,36,broad,PreFilter-IVF,569,30,10,526,0.9244288224956063,10,1.0,1,none,0,0,0,0.8475069998894469,251,235,235,251,6,6,0,0
breast-cancer,36,broad,PACER-A,569,30,10,526,0.9244288224956063,10,1.0,1,none,0,0,0,0.7148529998630693,240,225,240,240,6,6,0,0
breast-cancer,36,broad,PACER-C,569,30,10,526,0.9244288224956063,10,1.0,1,none,0,0,0,1.4163199998620257,447,417,447,447,13,13,1,0
breast-cancer,36,broad,PACER-X,569,30,10,526,0.9244288224956063,10,1.0,1,none,0,0,0,1.4829409999492782,447,417,447,447,13,13,1,0
breast-cancer,36,broad,StaleNoRecheck,569,30,10,526,0.9244288224956063,10,0.9,0,ranking_truncation,0,1,0,0.2659900001162896,240,240,240,240,0,8,0,0
breast-cancer,36,broad,NaiveNoPolicy,569,30,10,526,0.9244288224956063,10,0.9,0,ranking_truncation,0,1,0,0.08795099984126864,240,240,240,0,0,8,0,0
breast-cancer,37,medium,ExactSecure,569,30,10,119,0.20913884007029876,10,1.0,1,none,0,0,0,0.3263049998167844,569,119,119,569,0,0,1,0
breast-cancer,37,medium,PostFilter-IVF,569,30,10,119,0.20913884007029876,10,1.0,1,none,0,0,0,0.23181799997473718,240,69,240,240,0,8,0,0
breast-cancer,37,medium,AdaptivePostFilter-IVF,569,30,10,119,0.20913884007029876,10,1.0,1,none,0,0,0,0.9267970001474168,569,119,569,569,0,18,0,0
breast-cancer,37,medium,TenantPartition-IVF,569,30,10,119,0.20913884007029876,10,1.0,1,none,0,0,0,0.26458199999979115,240,69,240,240,0,8,0,0
breast-cancer,37,medium,PreFilter-IVF,569,30,10,119,0.20913884007029876,10,0.8,0,ranking_truncation,0,0,0,0.4870220000157133,256,78,78,256,7,7,0,0
breast-cancer,37,medium,PACER-A,569,30,10,119,0.20913884007029876,10,1.0,1,none,0,0,0,0.9764789999735513,117,111,117,117,12,12,1,0
breast-cancer,37,medium,PACER-C,569,30,10,119,0.20913884007029876,10,1.0,1,none,0,0,0,0.9603369999240385,117,111,117,117,12,12,1,0
breast-cancer,37,medium,PACER-X,569,30,10,119,0.20913884007029876,10,1.0,1,none,0,0,0,1.0365030000230036,117,111,117,117,12,12,1,0
breast-cancer,37,medium,StaleNoRecheck,569,30,10,119,0.20913884007029876,10,0.9,0,ranking_truncation,0,1,0,0.26137700001527264,240,75,240,240,0,8,0,0
breast-cancer,37,medium,NaiveNoPolicy,569,30,10,119,0.20913884007029876,10,0.1,0,ranking_truncation,8,1,0,0.09232499996869592,240,240,240,0,0,8,0,0
breast-cancer,38,narrow,ExactSecure,569,30,10,22,0.03866432337434095,10,1.0,1,none,0,0,0,0.31696000019110215,569,22,22,569,0,0,1,0
breast-cancer,38,narrow,PostFilter-IVF,569,30,10,22,0.03866432337434095,10,1.0,1,none,0,0,0,0.2656060000845173,240,14,240,240,0,8,0,0
breast-cancer,38,narrow,AdaptivePostFilter-IVF,569,30,10,22,0.03866432337434095,10,1.0,1,none,0,0,0,0.8767639999405219,569,22,569,569,0,18,0,0
breast-cancer,38,narrow,TenantPartition-IVF,569,30,10,22,0.03866432337434095,10,1.0,1,none,0,0,0,0.25419399980819435,240,14,240,240,0,8,0,0
breast-cancer,38,narrow,PreFilter-IVF,569,30,10,22,0.03866432337434095,10,1.0,1,none,0,0,0,0.4096239999853424,170,22,22,170,18,6,0,0
breast-cancer,38,narrow,PACER-A,569,30,10,22,0.03866432337434095,10,1.0,1,none,0,0,0,0.46971599999778846,22,22,22,22,10,6,1,0
breast-cancer,38,narrow,PACER-C,569,30,10,22,0.03866432337434095,10,1.0,1,none,0,0,0,0.460497999938525,22,22,22,22,10,6,1,0
breast-cancer,38,narrow,PACER-X,569,30,10,22,0.03866432337434095,10,1.0,1,none,0,0,0,0.41654599999674247,22,22,22,22,10,6,1,0
breast-cancer,38,narrow,StaleNoRecheck,569,30,10,22,0.03866432337434095,10,1.0,1,none,0,0,0,0.2135380000254372,240,14,240,240,0,8,0,0
breast-cancer,38,narrow,NaiveNoPolicy,569,30,10,22,0.03866432337434095,10,0.1,0,ranking_truncation,9,2,0,0.0833209999200335,240,240,240,0,0,8,0,0
breast-cancer,39,cold,ExactSecure,569,30,10,32,0.056239015817223195,10,1.0,1,none,0,0,0,0.3061179997985164,569,32,32,569,0,0,1,0
breast-cancer,39,cold,PostFilter-IVF,569,30,10,32,0.056239015817223195,10,1.0,1,none,0,0,0,0.20345799998722214,223,31,223,223,0,8,0,0
breast-cancer,39,cold,AdaptivePostFilter-IVF,569,30,10,32,0.056239015817223195,10,1.0,1,none,0,0,0,0.8962520000750374,569,32,569,569,0,18,0,0
breast-cancer,39,cold,TenantPartition-IVF,569,30,10,32,0.056239015817223195,10,1.0,1,none,0,0,0,0.24068900006568583,223,31,223,223,0,8,0,0
breast-cancer,39,cold,PreFilter-IVF,569,30,10,32,0.056239015817223195,10,1.0,1,none,0,0,0,0.28705099998660444,155,32,32,155,18,5,0,0
breast-cancer,39,cold,PACER-A,569,30,10,32,0.056239015817223195,10,1.0,1,none,0,0,0,0.39697500005786424,32,32,32,32,9,5,1,0
breast-cancer,39,cold,PACER-C,569,30,10,32,0.056239015817223195,10,1.0,1,none,0,0,0,0.37866399998165434,32,32,32,32,9,5,1,0
breast-cancer,39,cold,PACER-X,569,30,10,32,0.056239015817223195,10,1.0,1,none,0,0,0,0.3725850001501385,32,32,32,32,9,5,1,0
breast-cancer,39,cold,StaleNoRecheck,569,30,10,32,0.056239015817223195,10,1.0,1,none,0,0,0,0.19039400012843544,223,31,223,223,0,8,0,0
breast-cancer,39,cold,NaiveNoPolicy,569,30,10,32,0.056239015817223195,10,0.3,0,ranking_truncation,7,2,0,0.07825400007277494,223,223,223,0,0,8,0,0
breast-cancer,40,broad,ExactSecure,569,30,10,526,0.9244288224956063,10,1.0,1,none,0,0,0,0.4345480001575197,569,526,526,569,0,0,1,0
breast-cancer,40,broad,PostFilter-IVF,569,30,10,526,0.9244288224956063,10,1.0,1,none,0,0,0,0.23372700002255442,240,222,240,240,0,8,0,0
breast-cancer,40,broad,AdaptivePostFilter-IVF,569,30,10,526,0.9244288224956063,10,1.0,1,none,0,0,0,1.060931999973036,569,526,569,569,0,18,0,0
breast-cancer,40,broad,TenantPartition-IVF,569,30,10,526,0.9244288224956063,10,1.0,1,none,0,0,0,0.26517900005273987,240,222,240,240,0,8,0,0
breast-cancer,40,broad,PreFilter-IVF,569,30,10,526,0.9244288224956063,10,1.0,1,none,0,0,0,0.947734000192213,272,252,252,272,7,7,0,0
breast-cancer,40,broad,PACER-A,569,30,10,526,0.9244288224956063,10,1.0,1,none,0,0,0,0.7407079999666166,240,225,240,240,7,7,0,0
breast-cancer,40,broad,PACER-C,569,30,10,526,0.9244288224956063,10,1.0,1,none,0,0,0,1.0540759999457805,369,341,369,369,11,11,1,0
breast-cancer,40,broad,PACER-X,569,30,10,526,0.9244288224956063,10,1.0,1,none,0,0,0,1.1039080000045942,369,341,369,369,11,11,1,0
breast-cancer,40,broad,StaleNoRecheck,569,30,10,526,0.9244288224956063,10,0.8,0,ranking_truncation,0,2,0,0.2225099999577651,240,240,240,240,0,8,0,0
breast-cancer,40,broad,NaiveNoPolicy,569,30,10,526,0.9244288224956063,10,0.8,0,ranking_truncation,0,2,0,0.08291099993584794,240,240,240,0,0,8,0,0
breast-cancer,41,medium,ExactSecure,569,30,10,104,0.1827768014059754,10,1.0,1,none,0,0,0,0.30987600007392757,569,104,104,569,0,0,1,0
breast-cancer,41,medium,PostFilter-IVF,569,30,10,104,0.1827768014059754,10,1.0,1,none,0,0,0,0.18924100004369393,192,61,192,192,0,8,0,0
breast-cancer,41,medium,AdaptivePostFilter-IVF,569,30,10,104,0.1827768014059754,10,1.0,1,none,0,0,0,0.8963129998846853,569,104,569,569,0,18,0,0
breast-cancer,41,medium,TenantPartition-IVF,569,30,10,104,0.1827768014059754,10,1.0,1,none,0,0,0,0.21334200005185266,192,61,192,192,0,8,0,0
breast-cancer,41,medium,PreFilter-IVF,569,30,10,104,0.1827768014059754,10,1.0,1,none,0,0,0,0.5576940000082686,192,61,61,192,9,8,0,0
breast-cancer,41,medium,PACER-A,569,30,10,104,0.1827768014059754,10,1.0,1,none,0,0,0,1.1062089999995806,111,104,111,111,17,14,1,0
breast-cancer,41,medium,PACER-C,569,30,10,104,0.1827768014059754,10,1.0,1,none,0,0,0,1.1102029998255603,111,104,111,111,17,14,1,0
breast-cancer,41,medium,PACER-X,569,30,10,104,0.1827768014059754,10,1.0,1,none,0,0,0,1.0390720001396403,111,104,111,111,17,14,1,0
breast-cancer,41,medium,StaleNoRecheck,569,30,10,104,0.1827768014059754,10,1.0,1,none,0,0,0,0.19145700002809463,192,66,192,192,0,8,0,0
breast-cancer,41,medium,NaiveNoPolicy,569,30,10,104,0.1827768014059754,10,0.2,0,ranking_truncation,8,2,0,0.07285099991349853,192,192,192,0,0,8,0,0
breast-cancer,42,narrow,ExactSecure,569,30,10,7,0.012302284710017574,7,1.0,1,none,0,0,0,0.30172099991432333,569,7,7,569,0,0,1,0
breast-cancer,42,narrow,PostFilter-IVF,569,30,10,7,0.012302284710017574,7,1.0,1,none,0,0,0,0.22872399995321757,217,7,217,217,0,8,0,0
breast-cancer,42,narrow,AdaptivePostFilter-IVF,569,30,10,7,0.012302284710017574,7,1.0,1,none,0,0,0,0.8688870000241877,569,7,569,569,0,18,0,0
breast-cancer,42,narrow,TenantPartition-IVF,569,30,10,7,0.012302284710017574,7,1.0,1,none,0,0,0,0.2108349999616621,217,7,217,217,0,8,0,0
breast-cancer,42,narrow,PreFilter-IVF,569,30,10,7,0.012302284710017574,7,1.0,1,none,0,0,0,0.22360699995260802,100,7,7,100,18,3,0,0
breast-cancer,42,narrow,PACER-A,569,30,10,7,0.012302284710017574,7,1.0,1,none,0,0,0,0.2524450001146761,9,7,9,9,6,3,1,0
breast-cancer,42,narrow,PACER-C,569,30,10,7,0.012302284710017574,7,1.0,1,none,0,0,0,0.2499489999081561,9,7,9,9,6,3,1,0
breast-cancer,42,narrow,PACER-X,569,30,10,7,0.012302284710017574,7,1.0,1,none,0,0,0,0.21303199991962174,9,7,9,9,6,3,1,0
breast-cancer,42,narrow,StaleNoRecheck,569,30,10,7,0.012302284710017574,9,1.0,0,ranking_truncation,0,2,0,0.18432499996379192,217,9,217,217,0,8,0,0
breast-cancer,42,narrow,NaiveNoPolicy,569,30,10,7,0.012302284710017574,10,0.2857142857142857,0,ranking_truncation,8,1,0,0.07801900005688367,217,217,217,0,0,8,0,0
breast-cancer,43,cold,ExactSecure,569,30,10,26,0.04569420035149385,10,1.0,1,none,0,0,0,0.31420899995282525,569,26,26,569,0,0,1,0
breast-cancer,43,cold,PostFilter-IVF,569,30,10,26,0.04569420035149385,10,1.0,1,none,0,0,0,0.2773339999748714,240,21,240,240,0,8,0,0
breast-cancer,43,cold,AdaptivePostFilter-IVF,569,30,10,26,0.04569420035149385,10,1.0,1,none,0,0,0,0.942568000027677,569,26,569,569,0,18,0,0
breast-cancer,43,cold,TenantPartition-IVF,569,30,10,26,0.04569420035149385,10,1.0,1,none,0,0,0,0.29405500004031637,240,21,240,240,0,8,0,0
breast-cancer,43,cold,PreFilter-IVF,569,30,10,26,0.04569420035149385,10,1.0,1,none,0,0,0,0.4041839999899821,245,22,22,245,8,6,0,0
breast-cancer,43,cold,PACER-A,569,30,10,26,0.04569420035149385,10,1.0,1,none,0,0,0,0.7019839999884425,29,26,29,29,11,9,1,0
breast-cancer,43,cold,PACER-C,569,30,10,26,0.04569420035149385,10,1.0,1,none,0,0,0,0.6053000001884357,29,26,29,29,11,9,1,0
breast-cancer,43,cold,PACER-X,569,30,10,26,0.04569420035149385,10,1.0,1,none,0,0,0,0.6160049999834882,29,26,29,29,11,9,1,0
breast-cancer,43,cold,StaleNoRecheck,569,30,10,26,0.04569420035149385,10,0.9,0,ranking_truncation,0,1,0,0.21850600001016574,240,23,240,240,0,8,0,0
breast-cancer,43,cold,NaiveNoPolicy,569,30,10,26,0.04569420035149385,10,0.3,0,ranking_truncation,6,3,0,0.08329900015269232,240,240,240,0,0,8,0,0
breast-cancer,44,broad,ExactSecure,569,30,10,526,0.9244288224956063,10,1.0,1,none,0,0,0,0.3569370001059724,569,526,526,569,0,0,1,0
breast-cancer,44,broad,PostFilter-IVF,569,30,10,526,0.9244288224956063,10,1.0,1,none,0,0,0,0.2863990000605554,240,225,240,240,0,8,0,0
breast-cancer,44,broad,AdaptivePostFilter-IVF,569,30,10,526,0.9244288224956063,10,1.0,1,none,0,0,0,1.4858040001399786,569,526,569,569,0,18,0,0
breast-cancer,44,broad,TenantPartition-IVF,569,30,10,526,0.9244288224956063,10,1.0,1,none,0,0,0,0.29936900000393507,240,225,240,240,0,8,0,0
breast-cancer,44,broad,PreFilter-IVF,569,30,10,526,0.9244288224956063,10,1.0,1,none,0,0,0,1.0177159999784635,274,257,257,274,7,7,0,0
breast-cancer,44,broad,PACER-A,569,30,10,526,0.9244288224956063,10,1.0,1,none,0,0,0,0.8699559998603945,240,225,240,240,7,7,0,0
breast-cancer,44,broad,PACER-C,569,30,10,526,0.9244288224956063,10,1.0,1,none,0,0,0,1.8970210001043597,543,503,543,543,17,17,1,0
breast-cancer,44,broad,PACER-X,569,30,10,526,0.9244288224956063,10,1.0,1,none,0,0,0,1.8002159999923606,543,503,543,543,17,17,1,0
breast-cancer,44,broad,StaleNoRecheck,569,30,10,526,0.9244288224956063,10,1.0,1,none,0,0,0,0.24029400015024294,240,240,240,240,0,8,0,0
breast-cancer,44,broad,NaiveNoPolicy,569,30,10,526,0.9244288224956063,10,1.0,1,none,0,0,0,0.08705000004738395,240,240,240,0,0,8,0,0
breast-cancer,45,medium,ExactSecure,569,30,10,86,0.15114235500878734,10,1.0,1,none,0,0,0,0.3956269999889628,569,86,86,569,0,0,1,0
breast-cancer,45,medium,PostFilter-IVF,569,30,10,86,0.15114235500878734,10,1.0,1,none,0,0,0,0.28376900013427075,240,55,240,240,0,8,0,0
breast-cancer,45,medium,AdaptivePostFilter-IVF,569,30,10,86,0.15114235500878734,10,1.0,1,none,0,0,0,1.1533039998994354,569,86,569,569,0,18,0,0
breast-cancer,45,medium,TenantPartition-IVF,569,30,10,86,0.15114235500878734,10,1.0,1,none,0,0,0,0.4330700000991783,240,55,240,240,0,8,0,0
breast-cancer,45,medium,PreFilter-IVF,569,30,10,86,0.15114235500878734,10,1.0,1,none,0,0,0,0.6555400000252121,255,59,59,255,6,6,0,0
breast-cancer,45,medium,PACER-A,569,30,10,86,0.15114235500878734,10,1.0,1,none,0,0,0,0.8949079999638343,81,75,81,81,11,10,1,0
breast-cancer,45,medium,PACER-C,569,30,10,86,0.15114235500878734,10,1.0,1,none,0,0,0,0.9888930001125118,81,75,81,81,11,10,1,0
breast-cancer,45,medium,PACER-X,569,30,10,86,0.15114235500878734,10,1.0,1,none,0,0,0,0.9053839999069169,81,75,81,81,11,10,1,0
breast-cancer,45,medium,StaleNoRecheck,569,30,10,86,0.15114235500878734,10,1.0,1,none,0,0,0,0.300117000051614,240,60,240,240,0,8,0,0
breast-cancer,45,medium,NaiveNoPolicy,569,30,10,86,0.15114235500878734,10,0.2,0,ranking_truncation,8,1,0,0.09921299988491228,240,240,240,0,0,8,0,0
breast-cancer,46,narrow,ExactSecure,569,30,10,10,0.01757469244288225,10,1.0,1,none,0,0,0,0.4882580001321912,569,10,10,569,0,0,1,0
breast-cancer,46,narrow,PostFilter-IVF,569,30,10,10,0.01757469244288225,6,0.6,0,candidate_starvation,0,0,0,0.3670000000965956,205,6,205,205,0,8,0,0
breast-cancer,46,narrow,AdaptivePostFilter-IVF,569,30,10,10,0.01757469244288225,10,1.0,1,none,0,0,0,1.3671960000465333,569,10,569,569,0,18,0,0
breast-cancer,46,narrow,TenantPartition-IVF,569,30,10,10,0.01757469244288225,6,0.6,0,candidate_starvation,0,0,0,0.19265299988546758,205,6,205,205,0,8,0,0
breast-cancer,46,narrow,PreFilter-IVF,569,30,10,10,0.01757469244288225,10,1.0,1,none,0,0,0,0.22412899988921708,81,10,10,81,18,3,0,0
breast-cancer,46,narrow,PACER-A,569,30,10,10,0.01757469244288225,10,1.0,1,none,0,0,0,0.2524330000142072,10,10,10,10,13,3,1,0
breast-cancer,46,narrow,PACER-C,569,30,10,10,0.01757469244288225,10,1.0,1,none,0,0,0,0.26667100019039935,10,10,10,10,13,3,1,0
breast-cancer,46,narrow,PACER-X,569,30,10,10,0.01757469244288225,10,1.0,1,none,0,0,0,0.22225800012165564,10,10,10,10,13,3,1,0
breast-cancer,46,narrow,StaleNoRecheck,569,30,10,10,0.01757469244288225,6,0.6,0,candidate_starvation,0,0,0,0.17696199984129635,205,6,205,205,0,8,0,0
breast-cancer,46,narrow,NaiveNoPolicy,569,30,10,10,0.01757469244288225,10,0.1,0,ranking_truncation,9,1,2,0.09256399994228559,205,205,205,0,0,8,0,0
breast-cancer,47,cold,ExactSecure,569,30,10,6,0.01054481546572935,6,1.0,1,none,0,0,0,0.3032399999938207,569,6,6,569,0,0,1,0
breast-cancer,47,cold,PostFilter-IVF,569,30,10,6,0.01054481546572935,6,1.0,1,none,0,0,0,0.2201859999786393,240,6,240,240,0,8,0,0
breast-cancer,47,cold,AdaptivePostFilter-IVF,569,30,10,6,0.01054481546572935,6,1.0,1,none,0,0,0,0.8860360001108347,569,6,569,569,0,18,0,0
breast-cancer,47,cold,TenantPartition-IVF,569,30,10,6,0.01054481546572935,6,1.0,1,none,0,0,0,0.31844900013311417,240,6,240,240,0,8,0,0
breast-cancer,47,cold,PreFilter-IVF,569,30,10,6,0.01054481546572935,6,1.0,1,none,0,0,0,0.33273200006078696,216,6,6,216,18,5,0,0
breast-cancer,47,cold,PACER-A,569,30,10,6,0.01054481546572935,6,1.0,1,none,0,0,0,0.374474999944141,6,6,6,6,6,5,1,0
breast-cancer,47,cold,PACER-C,569,30,10,6,0.01054481546572935,6,1.0,1,none,0,0,0,0.4130569998324063,6,6,6,6,6,5,1,0
breast-cancer,47,cold,PACER-X,569,30,10,6,0.01054481546572935,6,1.0,1,none,0,0,0,0.3108089999841468,6,6,6,6,6,5,1,0
breast-cancer,47,cold,StaleNoRecheck,569,30,10,6,0.01054481546572935,6,1.0,1,none,0,0,0,0.23493100002269784,240,6,240,240,0,8,0,0
breast-cancer,47,cold,NaiveNoPolicy,569,30,10,6,0.01054481546572935,10,0.3333333333333333,0,ranking_truncation,8,1,0,0.09015699993142334,240,240,240,0,0,8,0,0
breast-cancer,48,broad,ExactSecure,569,30,10,531,0.9332161687170475,10,1.0,1,none,0,0,0,0.3643809998266079,569,531,531,569,0,0,1,0
breast-cancer,48,broad,PostFilter-IVF,569,30,10,531,0.9332161687170475,10,1.0,1,none,0,0,0,0.26102900005753327,240,222,240,240,0,8,0,0
breast-cancer,48,broad,AdaptivePostFilter-IVF,569,30,10,531,0.9332161687170475,10,1.0,1,none,0,0,0,0.9539029999814375,569,531,569,569,0,18,0,0
breast-cancer,48,broad,TenantPartition-IVF,569,30,10,531,0.9332161687170475,10,1.0,1,none,0,0,0,0.2625639999678242,240,222,240,240,0,8,0,0
breast-cancer,48,broad,PreFilter-IVF,569,30,10,531,0.9332161687170475,10,1.0,1,none,0,0,0,0.8408870000948809,251,233,233,251,6,6,0,0
breast-cancer,48,broad,PACER-A,569,30,10,531,0.9332161687170475,10,1.0,1,none,0,0,0,0.7543359999999666,240,225,240,240,6,6,0,0
breast-cancer,48,broad,PACER-C,569,30,10,531,0.9332161687170475,10,1.0,1,none,0,0,0,1.2717179999981454,430,403,430,430,12,12,1,0
breast-cancer,48,broad,PACER-X,569,30,10,531,0.9332161687170475,10,1.0,1,none,0,0,0,1.3535299999603012,430,403,430,430,12,12,1,0
breast-cancer,48,broad,StaleNoRecheck,569,30,10,531,0.9332161687170475,10,0.8,0,ranking_truncation,0,2,0,0.24880299997676047,240,240,240,240,0,8,0,0
breast-cancer,48,broad,NaiveNoPolicy,569,30,10,531,0.9332161687170475,10,0.8,0,ranking_truncation,0,2,0,0.11563400016711967,240,240,240,0,0,8,0,0
breast-cancer,49,medium,ExactSecure,569,30,10,127,0.22319859402460457,10,1.0,1,none,0,0,0,0.314601000127368,569,127,127,569,0,0,1,0
breast-cancer,49,medium,PostFilter-IVF,569,30,10,127,0.22319859402460457,10,1.0,1,none,0,0,0,0.2309710000645282,240,77,240,240,0,8,0,0
breast-cancer,49,medium,AdaptivePostFilter-IVF,569,30,10,127,0.22319859402460457,10,1.0,1,none,0,0,0,0.9144790001300862,569,127,569,569,0,18,0,0
breast-cancer,49,medium,TenantPartition-IVF,569,30,10,127,0.22319859402460457,10,1.0,1,none,0,0,0,0.25994299994636094,240,77,240,240,0,8,0,0
breast-cancer,49,medium,PreFilter-IVF,569,30,10,127,0.22319859402460457,10,1.0,1,none,0,0,0,0.6368719998590677,251,70,70,251,6,6,0,0
breast-cancer,49,medium,PACER-A,569,30,10,127,0.22319859402460457,10,1.0,1,none,0,0,0,0.9982079998280824,127,118,127,127,12,12,1,0
breast-cancer,49,medium,PACER-C,569,30,10,127,0.22319859402460457,10,1.0,1,none,0,0,0,0.9532640001452819,127,118,127,127,12,12,1,0
breast-cancer,49,medium,PACER-X,569,30,10,127,0.22319859402460457,10,1.0,1,none,0,0,0,1.0348509999857924,127,118,127,127,12,12,1,0
breast-cancer,49,medium,StaleNoRecheck,569,30,10,127,0.22319859402460457,10,1.0,1,none,0,0,0,0.23011500002212415,240,84,240,240,0,8,0,0
breast-cancer,49,medium,NaiveNoPolicy,569,30,10,127,0.22319859402460457,10,0.3,0,ranking_truncation,7,0,0,0.08632300000499527,240,240,240,0,0,8,0,0
breast-cancer,50,narrow,ExactSecure,569,30,10,18,0.03163444639718805,10,1.0,1,none,0,0,0,0.3480259999832924,569,18,18,569,0,0,1,0
breast-cancer,50,narrow,PostFilter-IVF,569,30,10,18,0.03163444639718805,10,1.0,1,none,0,0,0,0.23278300000129093,240,16,240,240,0,8,0,0
breast-cancer,50,narrow,AdaptivePostFilter-IVF,569,30,10,18,0.03163444639718805,10,1.0,1,none,0,0,0,1.0894839999764372,569,18,569,569,0,18,0,0
breast-cancer,50,narrow,TenantPartition-IVF,569,30,10,18,0.03163444639718805,10,1.0,1,none,0,0,0,0.2718759999424947,240,16,240,240,0,8,0,0
breast-cancer,50,narrow,PreFilter-IVF,569,30,10,18,0.03163444639718805,10,1.0,1,none,0,0,0,0.4758999998557556,132,18,18,132,18,5,0,0
breast-cancer,50,narrow,PACER-A,569,30,10,18,0.03163444639718805,10,1.0,1,none,0,0,0,0.4559639999115461,18,18,18,18,9,5,1,0
breast-cancer,50,narrow,PACER-C,569,30,10,18,0.03163444639718805,10,1.0,1,none,0,0,0,0.4571310000756057,18,18,18,18,9,5,1,0
breast-cancer,50,narrow,PACER-X,569,30,10,18,0.03163444639718805,10,1.0,1,none,0,0,0,0.3839430000880384,18,18,18,18,9,5,1,0
breast-cancer,50,narrow,StaleNoRecheck,569,30,10,18,0.03163444639718805,10,1.0,1,none,0,0,0,0.25147099995592725,240,16,240,240,0,8,0,0
breast-cancer,50,narrow,NaiveNoPolicy,569,30,10,18,0.03163444639718805,10,0.3,0,ranking_truncation,7,1,0,0.09222700009559048,240,240,240,0,0,8,0,0
breast-cancer,51,cold,ExactSecure,569,30,10,13,0.022847100175746926,10,1.0,1,none,0,0,0,0.3186569999797939,569,13,13,569,0,0,1,0
breast-cancer,51,cold,PostFilter-IVF,569,30,10,13,0.022847100175746926,10,1.0,1,none,0,0,0,0.4257260000031238,240,13,240,240,0,8,0,0
breast-cancer,51,cold,AdaptivePostFilter-IVF,569,30,10,13,0.022847100175746926,10,1.0,1,none,0,0,0,0.9262900000521768,569,13,569,569,0,18,0,0
breast-cancer,51,cold,TenantPartition-IVF,569,30,10,13,0.022847100175746926,10,1.0,1,none,0,0,0,0.29014999995524704,240,13,240,240,0,8,0,0
breast-cancer,51,cold,PreFilter-IVF,569,30,10,13,0.022847100175746926,10,1.0,1,none,0,0,0,0.5023899998377601,242,13,13,242,10,6,0,0
breast-cancer,51,cold,PACER-A,569,30,10,13,0.022847100175746926,10,1.0,1,none,0,0,0,0.49627999987933435,15,13,15,15,10,6,1,0
breast-cancer,51,cold,PACER-C,569,30,10,13,0.022847100175746926,10,1.0,1,none,0,0,0,0.4485029999159451,15,13,15,15,10,6,1,0
breast-cancer,51,cold,PACER-X,569,30,10,13,0.022847100175746926,10,1.0,1,none,0,0,0,0.3947180000523076,15,13,15,15,10,6,1,0
breast-cancer,51,cold,StaleNoRecheck,569,30,10,13,0.022847100175746926,10,0.8,0,ranking_truncation,0,2,0,0.21574099991994444,240,15,240,240,0,8,0,0
breast-cancer,51,cold,NaiveNoPolicy,569,30,10,13,0.022847100175746926,10,0.0,0,ranking_truncation,9,1,0,0.08884999988367781,240,240,240,0,0,8,0,0
breast-cancer,52,broad,ExactSecure,569,30,10,526,0.9244288224956063,10,1.0,1,none,0,0,0,0.3453499998613552,569,526,526,569,0,0,1,0
breast-cancer,52,broad,PostFilter-IVF,569,30,10,526,0.9244288224956063,10,1.0,1,none,0,0,0,0.24674300016158668,213,197,213,213,0,8,0,0
breast-cancer,52,broad,AdaptivePostFilter-IVF,569,30,10,526,0.9244288224956063,10,1.0,1,none,0,0,0,1.1286120000022493,569,526,569,569,0,18,0,0
breast-cancer,52,broad,TenantPartition-IVF,569,30,10,526,0.9244288224956063,10,1.0,1,none,0,0,0,0.4418670000632119,213,197,213,213,0,8,0,0
breast-cancer,52,broad,PreFilter-IVF,569,30,10,526,0.9244288224956063,10,1.0,1,none,0,0,0,1.1262779999015038,213,197,197,213,8,8,0,0
breast-cancer,52,broad,PACER-A,569,30,10,526,0.9244288224956063,10,1.0,1,none,0,0,0,1.081532999933188,240,222,240,240,9,9,0,0
breast-cancer,52,broad,PACER-C,569,30,10,526,0.9244288224956063,10,1.0,1,none,0,0,0,1.0508880000088539,271,251,271,271,10,10,1,0
breast-cancer,52,broad,PACER-X,569,30,10,526,0.9244288224956063,10,1.0,1,none,0,0,0,1.1646920002021943,271,251,271,271,10,10,1,0
breast-cancer,52,broad,StaleNoRecheck,569,30,10,526,0.9244288224956063,10,1.0,1,none,0,0,0,0.21920399990449368,213,213,213,213,0,8,0,0
breast-cancer,52,broad,NaiveNoPolicy,569,30,10,526,0.9244288224956063,10,1.0,1,none,0,0,0,0.09578699996382056,213,213,213,0,0,8,0,0
breast-cancer,53,medium,ExactSecure,569,30,10,100,0.1757469244288225,10,1.0,1,none,0,0,0,0.34513399987190496,569,100,100,569,0,0,1,0
breast-cancer,53,medium,PostFilter-IVF,569,30,10,100,0.1757469244288225,10,1.0,1,none,0,0,0,0.18169700001635647,173,37,173,173,0,8,0,0
breast-cancer,53,medium,AdaptivePostFilter-IVF,569,30,10,100,0.1757469244288225,10,1.0,1,none,0,0,0,0.9228890000940737,569,100,569,569,0,18,0,0
breast-cancer,53,medium,TenantPartition-IVF,569,30,10,100,0.1757469244288225,10,1.0,1,none,0,0,0,0.20336099987616763,173,37,173,173,0,8,0,0
breast-cancer,53,medium,PreFilter-IVF,569,30,10,100,0.1757469244288225,10,1.0,1,none,0,0,0,0.5321829999047623,204,49,49,204,9,8,0,0
breast-cancer,53,medium,PACER-A,569,30,10,100,0.1757469244288225,10,1.0,1,none,0,0,0,1.2675599998601683,117,100,117,117,18,16,1,0
breast-cancer,53,medium,PACER-C,569,30,10,100,0.1757469244288225,10,1.0,1,none,0,0,0,1.179360999913115,117,100,117,117,18,16,1,0
breast-cancer,53,medium,PACER-X,569,30,10,100,0.1757469244288225,10,1.0,1,none,0,0,0,1.1884240000199497,117,100,117,117,18,16,1,0
breast-cancer,53,medium,StaleNoRecheck,569,30,10,100,0.1757469244288225,10,1.0,1,none,0,0,0,0.20612299999811512,173,40,173,173,0,8,0,0
breast-cancer,53,medium,NaiveNoPolicy,569,30,10,100,0.1757469244288225,10,0.1,0,ranking_truncation,9,1,0,0.07094099987625668,173,173,173,0,0,8,0,0
breast-cancer,54,narrow,ExactSecure,569,30,10,17,0.029876977152899824,10,1.0,1,none,0,0,0,0.39049200017871044,569,17,17,569,0,0,1,0
breast-cancer,54,narrow,PostFilter-IVF,569,30,10,17,0.029876977152899824,10,1.0,1,none,0,0,0,0.23525699998572236,240,16,240,240,0,8,0,0
breast-cancer,54,narrow,AdaptivePostFilter-IVF,569,30,10,17,0.029876977152899824,10,1.0,1,none,0,0,0,0.9249140000520129,569,17,569,569,0,18,0,0
breast-cancer,54,narrow,TenantPartition-IVF,569,30,10,17,0.029876977152899824,10,1.0,1,none,0,0,0,0.26204400001006434,240,16,240,240,0,8,0,0
breast-cancer,54,narrow,PreFilter-IVF,569,30,10,17,0.029876977152899824,10,1.0,1,none,0,0,0,0.30513799993059365,150,17,17,150,18,3,0,0
breast-cancer,54,narrow,PACER-A,569,30,10,17,0.029876977152899824,10,1.0,1,none,0,0,0,0.2922560001934471,19,17,19,19,4,3,1,0
breast-cancer,54,narrow,PACER-C,569,30,10,17,0.029876977152899824,10,1.0,1,none,0,0,0,0.24765500006651564,19,17,19,19,4,3,1,0
breast-cancer,54,narrow,PACER-X,569,30,10,17,0.029876977152899824,10,1.0,1,none,0,0,0,0.28239899984328076,19,17,19,19,4,3,1,0
breast-cancer,54,narrow,StaleNoRecheck,569,30,10,17,0.029876977152899824,10,0.8,0,ranking_truncation,0,2,0,0.2418139999917912,240,18,240,240,0,8,0,0
breast-cancer,54,narrow,NaiveNoPolicy,569,30,10,17,0.029876977152899824,10,0.2,0,ranking_truncation,7,2,0,0.08582399982515199,240,240,240,0,0,8,0,0
breast-cancer,55,cold,ExactSecure,569,30,10,12,0.0210896309314587,10,1.0,1,none,0,0,0,0.38451699992947397,569,12,12,569,0,0,1,0
breast-cancer,55,cold,PostFilter-IVF,569,30,10,12,0.0210896309314587,9,0.9,0,candidate_starvation,0,0,0,0.1967230000445852,223,9,223,223,0,8,0,0
breast-cancer,55,cold,AdaptivePostFilter-IVF,569,30,10,12,0.0210896309314587,10,1.0,1,none,0,0,0,0.927744999899005,569,12,569,569,0,18,0,0
breast-cancer,55,cold,TenantPartition-IVF,569,30,10,12,0.0210896309314587,9,0.9,0,candidate_starvation,0,0,0,0.20883999991383462,223,9,223,223,0,8,0,0
breast-cancer,55,cold,PreFilter-IVF,569,30,10,12,0.0210896309314587,10,1.0,1,none,0,0,0,0.42739800005620054,228,12,12,228,18,6,0,0
breast-cancer,55,cold,PACER-A,569,30,10,12,0.0210896309314587,10,1.0,1,none,0,0,0,0.41694399988045916,12,12,12,12,16,6,1,0
breast-cancer,55,cold,PACER-C,569,30,10,12,0.0210896309314587,10,1.0,1,none,0,0,0,0.43446600011520786,12,12,12,12,16,6,1,0
breast-cancer,55,cold,PACER-X,569,30,10,12,0.0210896309314587,10,1.0,1,none,0,0,0,0.4227700001138146,12,12,12,12,16,6,1,0
breast-cancer,55,cold,StaleNoRecheck,569,30,10,12,0.0210896309314587,9,0.9,0,candidate_starvation,0,0,0,0.18213699991065369,223,9,223,223,0,8,0,0
breast-cancer,55,cold,NaiveNoPolicy,569,30,10,12,0.0210896309314587,10,0.1,0,ranking_truncation,9,0,0,0.06953500019335479,223,223,223,0,0,8,0,0
breast-cancer,56,broad,ExactSecure,569,30,10,531,0.9332161687170475,10,1.0,1,none,0,0,0,0.365957999974853,569,531,531,569,0,0,1,0
breast-cancer,56,broad,PostFilter-IVF,569,30,10,531,0.9332161687170475,10,1.0,1,none,0,0,0,0.21125300008861814,206,193,206,206,0,8,0,0
breast-cancer,56,broad,AdaptivePostFilter-IVF,569,30,10,531,0.9332161687170475,10,1.0,1,none,0,0,0,0.8913100000427221,569,531,569,569,0,18,0,0
breast-cancer,56,broad,TenantPartition-IVF,569,30,10,531,0.9332161687170475,10,1.0,1,none,0,0,0,0.2600880000045436,206,193,206,206,0,8,0,0
breast-cancer,56,broad,PreFilter-IVF,569,30,10,531,0.9332161687170475,10,1.0,1,none,0,0,0,0.8734089999506978,250,236,236,250,8,8,0,0
breast-cancer,56,broad,PACER-A,569,30,10,531,0.9332161687170475,10,1.0,1,none,0,0,0,0.8527099998900667,240,226,240,240,8,8,0,0
breast-cancer,56,broad,PACER-C,569,30,10,531,0.9332161687170475,10,1.0,1,none,0,0,0,1.0731679999480548,323,303,323,323,11,11,1,0
breast-cancer,56,broad,PACER-X,569,30,10,531,0.9332161687170475,10,1.0,1,none,0,0,0,1.1348550001457625,323,303,323,323,11,11,1,0
breast-cancer,56,broad,StaleNoRecheck,569,30,10,531,0.9332161687170475,10,0.8,0,ranking_truncation,0,2,0,0.20811899980799353,206,206,206,206,0,8,0,0
breast-cancer,56,broad,NaiveNoPolicy,569,30,10,531,0.9332161687170475,10,0.8,0,ranking_truncation,0,2,0,0.06932300016160298,206,206,206,0,0,8,0,0
breast-cancer,57,medium,ExactSecure,569,30,10,99,0.17398945518453426,10,1.0,1,none,0,0,0,0.40217099990513816,569,99,99,569,0,0,1,0
breast-cancer,57,medium,PostFilter-IVF,569,30,10,99,0.17398945518453426,10,1.0,1,none,0,0,0,0.2309199999217526,240,53,240,240,0,8,0,0
breast-cancer,57,medium,AdaptivePostFilter-IVF,569,30,10,99,0.17398945518453426,10,1.0,1,none,0,0,0,0.9854190000169183,569,99,569,569,0,18,0,0
breast-cancer,57,medium,TenantPartition-IVF,569,30,10,99,0.17398945518453426,10,1.0,1,none,0,0,0,0.2946390000033716,240,53,240,240,0,8,0,0
breast-cancer,57,medium,PreFilter-IVF,569,30,10,99,0.17398945518453426,10,1.0,1,none,0,0,0,0.7849629998872842,251,47,47,251,6,6,0,0
breast-cancer,57,medium,PACER-A,569,30,10,99,0.17398945518453426,10,1.0,1,none,0,0,0,1.470049999852563,86,79,86,86,11,11,1,0
breast-cancer,57,medium,PACER-C,569,30,10,99,0.17398945518453426,10,1.0,1,none,0,0,0,1.4438479997807008,86,79,86,86,11,11,1,0
breast-cancer,57,medium,PACER-X,569,30,10,99,0.17398945518453426,10,1.0,1,none,0,0,0,1.528186000086862,86,79,86,86,11,11,1,0
breast-cancer,57,medium,StaleNoRecheck,569,30,10,99,0.17398945518453426,10,0.8,0,ranking_truncation,0,2,0,0.41006700007528707,240,58,240,240,0,8,0,0
breast-cancer,57,medium,NaiveNoPolicy,569,30,10,99,0.17398945518453426,10,0.2,0,ranking_truncation,7,2,0,0.15108099978533573,240,240,240,0,0,8,0,0
breast-cancer,58,narrow,ExactSecure,569,30,10,28,0.0492091388400703,10,1.0,1,none,0,0,0,0.6492229999821575,569,28,28,569,0,0,1,0
breast-cancer,58,narrow,PostFilter-IVF,569,30,10,28,0.0492091388400703,10,1.0,1,none,0,0,0,0.46955599987086316,240,21,240,240,0,8,0,0
breast-cancer,58,narrow,AdaptivePostFilter-IVF,569,30,10,28,0.0492091388400703,10,1.0,1,none,0,0,0,1.6257549998499599,569,28,569,569,0,18,0,0
breast-cancer,58,narrow,TenantPartition-IVF,569,30,10,28,0.0492091388400703,10,1.0,1,none,0,0,0,0.4809290001048794,240,21,240,240,0,8,0,0
breast-cancer,58,narrow,PreFilter-IVF,569,30,10,28,0.0492091388400703,10,1.0,1,none,0,0,0,0.6684880002012505,255,17,17,255,6,6,0,0
breast-cancer,58,narrow,PACER-A,569,30,10,28,0.0492091388400703,10,1.0,1,none,0,0,0,1.2383929999941756,31,28,31,31,12,10,1,0
breast-cancer,58,narrow,PACER-C,569,30,10,28,0.0492091388400703,10,1.0,1,none,0,0,0,1.2865729997884046,31,28,31,31,12,10,1,0
breast-cancer,58,narrow,PACER-X,569,30,10,28,0.0492091388400703,10,1.0,1,none,0,0,0,0.8687189999818656,31,28,31,31,12,10,1,0
breast-cancer,58,narrow,StaleNoRecheck,569,30,10,28,0.0492091388400703,10,0.9,0,ranking_truncation,0,1,0,0.228369000069506,240,24,240,240,0,8,0,0
breast-cancer,58,narrow,NaiveNoPolicy,569,30,10,28,0.0492091388400703,10,0.4,0,ranking_truncation,6,0,0,0.088637999851926,240,240,240,0,0,8,0,0
breast-cancer,59,cold,ExactSecure,569,30,10,27,0.04745166959578207,10,1.0,1,none,0,0,0,0.3461020000941062,569,27,27,569,0,0,1,0
breast-cancer,59,cold,PostFilter-IVF,569,30,10,27,0.04745166959578207,10,0.9,0,ranking_truncation,0,0,0,0.24349000000256638,212,11,212,212,0,8,0,0
breast-cancer,59,cold,AdaptivePostFilter-IVF,569,30,10,27,0.04745166959578207,10,1.0,1,none,0,0,0,0.9246749998510495,569,27,569,569,0,18,0,0
breast-cancer,59,cold,TenantPartition-IVF,569,30,10,27,0.04745166959578207,10,0.9,0,ranking_truncation,0,0,0,0.2164229999834788,212,11,212,212,0,8,0,0
breast-cancer,59,cold,PreFilter-IVF,569,30,10,27,0.04745166959578207,10,1.0,1,none,0,0,0,0.46396300012929714,272,27,27,272,13,8,0,0
breast-cancer,59,cold,PACER-A,569,30,10,27,0.04745166959578207,10,1.0,1,none,0,0,0,0.6052230000932468,27,27,27,27,13,8,1,0
breast-cancer,59,cold,PACER-C,569,30,10,27,0.04745166959578207,10,1.0,1,none,0,0,0,0.6257550001009804,27,27,27,27,13,8,1,0
breast-cancer,59,cold,PACER-X,569,30,10,27,0.04745166959578207,10,1.0,1,none,0,0,0,0.576740000042264,27,27,27,27,13,8,1,0
breast-cancer,59,cold,StaleNoRecheck,569,30,10,27,0.04745166959578207,10,0.9,0,ranking_truncation,0,0,0,0.19065800006501377,212,11,212,212,0,8,0,0
breast-cancer,59,cold,NaiveNoPolicy,569,30,10,27,0.04745166959578207,10,0.2,0,ranking_truncation,8,0,0,0.08052799989854975,212,212,212,0,0,8,0,0
breast-cancer,60,broad,ExactSecure,569,30,10,531,0.9332161687170475,10,1.0,1,none,0,0,0,0.3956600000947219,569,531,531,569,0,0,1,0
breast-cancer,60,broad,PostFilter-IVF,569,30,10,531,0.9332161687170475,10,1.0,1,none,0,0,0,0.28893199987578555,240,222,240,240,0,8,0,0
breast-cancer,60,broad,AdaptivePostFilter-IVF,569,30,10,531,0.9332161687170475,10,1.0,1,none,0,0,0,1.003300000093077,569,531,569,569,0,18,0,0
breast-cancer,60,broad,TenantPartition-IVF,569,30,10,531,0.9332161687170475,10,1.0,1,none,0,0,0,0.2620100001422543,240,222,240,240,0,8,0,0
breast-cancer,60,broad,PreFilter-IVF,569,30,10,531,0.9332161687170475,10,1.0,1,none,0,0,0,0.8885709999049141,251,233,233,251,6,6,0,0
breast-cancer,60,broad,PACER-A,569,30,10,531,0.9332161687170475,10,1.0,1,none,0,0,0,0.8297229999243427,240,224,240,240,6,6,0,0
breast-cancer,60,broad,PACER-C,569,30,10,531,0.9332161687170475,10,1.0,1,none,0,0,0,1.0812259999966045,369,343,369,369,11,11,1,0
breast-cancer,60,broad,PACER-X,569,30,10,531,0.9332161687170475,10,1.0,1,none,0,0,0,1.1610240001118655,369,343,369,369,11,11,1,0
breast-cancer,60,broad,StaleNoRecheck,569,30,10,531,0.9332161687170475,10,0.8,0,ranking_truncation,0,2,0,0.23162399998000183,240,240,240,240,0,8,0,0
breast-cancer,60,broad,NaiveNoPolicy,569,30,10,531,0.9332161687170475,10,0.8,0,ranking_truncation,0,2,0,0.08263099994110235,240,240,240,0,0,8,0,0
breast-cancer,61,medium,ExactSecure,569,30,10,102,0.17926186291739896,10,1.0,1,none,0,0,0,0.34445800019966555,569,102,102,569,0,0,1,0
breast-cancer,61,medium,PostFilter-IVF,569,30,10,102,0.17926186291739896,10,1.0,1,none,0,0,0,0.22524699988935026,240,60,240,240,0,8,0,0
breast-cancer,61,medium,AdaptivePostFilter-IVF,569,30,10,102,0.17926186291739896,10,1.0,1,none,0,0,0,0.9072049999758747,569,102,569,569,0,18,0,0
breast-cancer,61,medium,TenantPartition-IVF,569,30,10,102,0.17926186291739896,10,1.0,1,none,0,0,0,0.29495300009330094,240,60,240,240,0,8,0,0
breast-cancer,61,medium,PreFilter-IVF,569,30,10,102,0.17926186291739896,10,1.0,1,none,0,0,0,0.5047670001658844,244,64,64,244,7,7,0,0
breast-cancer,61,medium,PACER-A,569,30,10,102,0.17926186291739896,10,1.0,1,none,0,0,0,1.0099109999828215,102,94,102,102,13,13,1,0
breast-cancer,61,medium,PACER-C,569,30,10,102,0.17926186291739896,10,1.0,1,none,0,0,0,0.9840100001383689,102,94,102,102,13,13,1,0
breast-cancer,61,medium,PACER-X,569,30,10,102,0.17926186291739896,10,1.0,1,none,0,0,0,0.9783719999632012,102,94,102,102,13,13,1,0
breast-cancer,61,medium,StaleNoRecheck,569,30,10,102,0.17926186291739896,10,1.0,1,none,0,0,0,0.22462800006906036,240,67,240,240,0,8,0,0
breast-cancer,61,medium,NaiveNoPolicy,569,30,10,102,0.17926186291739896,10,0.5,0,ranking_truncation,5,0,0,0.08505200003128266,240,240,240,0,0,8,0,0
breast-cancer,62,narrow,ExactSecure,569,30,10,16,0.028119507908611598,10,1.0,1,none,0,0,0,0.31398900000567664,569,16,16,569,0,0,1,0
breast-cancer,62,narrow,PostFilter-IVF,569,30,10,16,0.028119507908611598,10,1.0,1,none,0,0,0,0.2829709999332408,240,14,240,240,0,8,0,0
breast-cancer,62,narrow,AdaptivePostFilter-IVF,569,30,10,16,0.028119507908611598,10,1.0,1,none,0,0,0,0.8837240000048041,569,16,569,569,0,18,0,0
breast-cancer,62,narrow,TenantPartition-IVF,569,30,10,16,0.028119507908611598,10,1.0,1,none,0,0,0,0.25621500003580877,240,14,240,240,0,8,0,0
breast-cancer,62,narrow,PreFilter-IVF,569,30,10,16,0.028119507908611598,10,1.0,1,none,0,0,0,0.31439599979421473,174,16,16,174,18,4,0,0
breast-cancer,62,narrow,PACER-A,569,30,10,16,0.028119507908611598,10,1.0,1,none,0,0,0,0.3192560000115918,17,16,17,17,10,4,1,0
breast-cancer,62,narrow,PACER-C,569,30,10,16,0.028119507908611598,10,1.0,1,none,0,0,0,0.3539159999945696,17,16,17,17,10,4,1,0
breast-cancer,62,narrow,PACER-X,569,30,10,16,0.028119507908611598,10,1.0,1,none,0,0,0,0.30678400003125716,17,16,17,17,10,4,1,0
breast-cancer,62,narrow,StaleNoRecheck,569,30,10,16,0.028119507908611598,10,0.9,0,ranking_truncation,0,1,0,0.2175859999624663,240,15,240,240,0,8,0,0
breast-cancer,62,narrow,NaiveNoPolicy,569,30,10,16,0.028119507908611598,10,0.2,0,ranking_truncation,8,0,0,0.08384700004171464,240,240,240,0,0,8,0,0
breast-cancer,63,cold,ExactSecure,569,30,10,5,0.008787346221441126,5,1.0,1,none,0,0,0,0.30297600005724235,569,5,5,569,0,0,1,0
breast-cancer,63,cold,PostFilter-IVF,569,30,10,5,0.008787346221441126,2,0.4,0,candidate_starvation,0,0,0,0.17329399997834116,185,2,185,185,0,8,0,0
breast-cancer,63,cold,AdaptivePostFilter-IVF,569,30,10,5,0.008787346221441126,5,1.0,1,none,0,0,0,0.8320930000991211,569,5,569,569,0,18,0,0
breast-cancer,63,cold,TenantPartition-IVF,569,30,10,5,0.008787346221441126,2,0.4,0,candidate_starvation,0,0,0,0.17079300005207187,185,2,185,185,0,8,0,0
breast-cancer,63,cold,PreFilter-IVF,569,30,10,5,0.008787346221441126,5,1.0,1,none,0,0,0,0.2838100001554267,129,5,5,129,18,5,0,0
breast-cancer,63,cold,PACER-A,569,30,10,5,0.008787346221441126,5,1.0,1,none,0,0,0,0.35491400012688246,6,5,6,6,15,5,1,0
breast-cancer,63,cold,PACER-C,569,30,10,5,0.008787346221441126,5,1.0,1,none,0,0,0,0.3374769999027194,6,5,6,6,15,5,1,0
breast-cancer,63,cold,PACER-X,569,30,10,5,0.008787346221441126,5,1.0,1,none,0,0,0,0.3263099999912811,6,5,6,6,15,5,1,0
breast-cancer,63,cold,StaleNoRecheck,569,30,10,5,0.008787346221441126,2,0.4,0,candidate_starvation,0,0,0,0.16233600013038085,185,2,185,185,0,8,0,0
breast-cancer,63,cold,NaiveNoPolicy,569,30,10,5,0.008787346221441126,10,0.2,0,ranking_truncation,9,1,1,0.06582299988622253,185,185,185,0,0,8,0,0
breast-cancer,64,broad,ExactSecure,569,30,10,531,0.9332161687170475,10,1.0,1,none,0,0,0,0.3604710000217892,569,531,531,569,0,0,1,0
breast-cancer,64,broad,PostFilter-IVF,569,30,10,531,0.9332161687170475,10,1.0,1,none,0,0,0,0.22917599994798366,240,220,240,240,0,8,0,0
breast-cancer,64,broad,AdaptivePostFilter-IVF,569,30,10,531,0.9332161687170475,10,1.0,1,none,0,0,0,0.8913839999422635,569,531,569,569,0,18,0,0
breast-cancer,64,broad,TenantPartition-IVF,569,30,10,531,0.9332161687170475,10,1.0,1,none,0,0,0,0.2611300001262862,240,220,240,240,0,8,0,0
breast-cancer,64,broad,PreFilter-IVF,569,30,10,531,0.9332161687170475,10,1.0,1,none,0,0,0,0.8127969999804918,255,237,237,255,6,6,0,0
breast-cancer,64,broad,PACER-A,569,30,10,531,0.9332161687170475,10,1.0,1,none,0,0,0,0.8440269998573058,240,222,240,240,6,6,0,0
breast-cancer,64,broad,PACER-C,569,30,10,531,0.9332161687170475,10,1.0,1,none,0,0,0,1.1729529999229271,381,355,381,381,12,12,1,0
breast-cancer,64,broad,PACER-X,569,30,10,531,0.9332161687170475,10,1.0,1,none,0,0,0,1.239144999999553,381,355,381,381,12,12,1,0
breast-cancer,64,broad,StaleNoRecheck,569,30,10,531,0.9332161687170475,10,0.9,0,ranking_truncation,0,1,0,0.27712600012819166,240,240,240,240,0,8,0,0
breast-cancer,64,broad,NaiveNoPolicy,569,30,10,531,0.9332161687170475,10,0.9,0,ranking_truncation,0,1,0,0.08965300003183074,240,240,240,0,0,8,0,0
breast-cancer,65,medium,ExactSecure,569,30,10,132,0.23198594024604569,10,1.0,1,none,0,0,0,0.3187570000591222,569,132,132,569,0,0,1,0
breast-cancer,65,medium,PostFilter-IVF,569,30,10,132,0.23198594024604569,10,1.0,1,none,0,0,0,0.23284400003831252,213,61,213,213,0,8,0,0
breast-cancer,65,medium,AdaptivePostFilter-IVF,569,30,10,132,0.23198594024604569,10,1.0,1,none,0,0,0,0.8844689998568356,569,132,569,569,0,18,0,0
breast-cancer,65,medium,TenantPartition-IVF,569,30,10,132,0.23198594024604569,10,1.0,1,none,0,0,0,0.22391300012714055,213,61,213,213,0,8,0,0
breast-cancer,65,medium,PreFilter-IVF,569,30,10,132,0.23198594024604569,10,1.0,1,none,0,0,0,0.644091000140179,240,57,57,240,8,8,0,0
breast-cancer,65,medium,PACER-A,569,30,10,132,0.23198594024604569,10,1.0,1,none,0,0,0,0.7903050000095391,71,67,71,71,10,10,1,0
breast-cancer,65,medium,PACER-C,569,30,10,132,0.23198594024604569,10,1.0,1,none,0,0,0,0.7428199999139906,71,67,71,71,10,10,1,0
breast-cancer,65,medium,PACER-X,569,30,10,132,0.23198594024604569,10,1.0,1,none,0,0,0,0.7761449999179604,71,67,71,71,10,10,1,0
breast-cancer,65,medium,StaleNoRecheck,569,30,10,132,0.23198594024604569,10,0.9,0,ranking_truncation,0,1,0,0.1927460000388237,213,65,213,213,0,8,0,0
breast-cancer,65,medium,NaiveNoPolicy,569,30,10,132,0.23198594024604569,10,0.4,0,ranking_truncation,6,1,0,0.07024799992905173,213,213,213,0,0,8,0,0
breast-cancer,66,narrow,ExactSecure,569,30,10,17,0.029876977152899824,10,1.0,1,none,0,0,0,0.36315400006969867,569,17,17,569,0,0,1,0
breast-cancer,66,narrow,PostFilter-IVF,569,30,10,17,0.029876977152899824,10,1.0,1,none,0,0,0,0.2644329999839101,240,16,240,240,0,8,0,0
breast-cancer,66,narrow,AdaptivePostFilter-IVF,569,30,10,17,0.029876977152899824,10,1.0,1,none,0,0,0,0.888212999825555,569,17,569,569,0,18,0,0
breast-cancer,66,narrow,TenantPartition-IVF,569,30,10,17,0.029876977152899824,10,1.0,1,none,0,0,0,0.25423400006729935,240,16,240,240,0,8,0,0
breast-cancer,66,narrow,PreFilter-IVF,569,30,10,17,0.029876977152899824,10,1.0,1,none,0,0,0,0.28149300010227307,150,17,17,150,18,3,0,0
breast-cancer,66,narrow,PACER-A,569,30,10,17,0.029876977152899824,10,1.0,1,none,0,0,0,0.26440500005264767,19,17,19,19,6,3,1,0
breast-cancer,66,narrow,PACER-C,569,30,10,17,0.029876977152899824,10,1.0,1,none,0,0,0,0.2473910001299373,19,17,19,19,6,3,1,0
breast-cancer,66,narrow,PACER-X,569,30,10,17,0.029876977152899824,10,1.0,1,none,0,0,0,0.24426699997093237,19,17,19,19,6,3,1,0
breast-cancer,66,narrow,StaleNoRecheck,569,30,10,17,0.029876977152899824,10,0.8,0,ranking_truncation,0,2,0,0.21701199989365705,240,18,240,240,0,8,0,0
breast-cancer,66,narrow,NaiveNoPolicy,569,30,10,17,0.029876977152899824,10,0.3,0,ranking_truncation,6,1,0,0.08191099982468586,240,240,240,0,0,8,0,0
breast-cancer,67,cold,ExactSecure,569,30,10,22,0.03866432337434095,10,1.0,1,none,0,0,0,0.36615099998016376,569,22,22,569,0,0,1,0
breast-cancer,67,cold,PostFilter-IVF,569,30,10,22,0.03866432337434095,10,1.0,1,none,0,0,0,0.22171699993123184,240,20,240,240,0,8,0,0
breast-cancer,67,cold,AdaptivePostFilter-IVF,569,30,10,22,0.03866432337434095,10,1.0,1,none,0,0,0,0.8825620000152412,569,22,569,569,0,18,0,0
breast-cancer,67,cold,TenantPartition-IVF,569,30,10,22,0.03866432337434095,10,1.0,1,none,0,0,0,0.25124700005108025,240,20,240,240,0,8,0,0
breast-cancer,67,cold,PreFilter-IVF,569,30,10,22,0.03866432337434095,10,1.0,1,none,0,0,0,0.33644100017227174,170,22,22,170,18,6,0,0
breast-cancer,67,cold,PACER-A,569,30,10,22,0.03866432337434095,10,1.0,1,none,0,0,0,0.4634420001821127,22,22,22,22,10,6,1,0
breast-cancer,67,cold,PACER-C,569,30,10,22,0.03866432337434095,10,1.0,1,none,0,0,0,0.45386199985841813,22,22,22,22,10,6,1,0
breast-cancer,67,cold,PACER-X,569,30,10,22,0.03866432337434095,10,1.0,1,none,0,0,0,0.44155499995213177,22,22,22,22,10,6,1,0
breast-cancer,67,cold,StaleNoRecheck,569,30,10,22,0.03866432337434095,10,1.0,1,none,0,0,0,0.21585699983006634,240,20,240,240,0,8,0,0
breast-cancer,67,cold,NaiveNoPolicy,569,30,10,22,0.03866432337434095,10,0.4,0,ranking_truncation,6,1,0,0.08185299998331175,240,240,240,0,0,8,0,0
breast-cancer,68,broad,ExactSecure,569,30,10,521,0.9156414762741653,10,1.0,1,none,0,0,0,0.833515000067564,569,521,521,569,0,0,1,0
breast-cancer,68,broad,PostFilter-IVF,569,30,10,521,0.9156414762741653,10,1.0,1,none,0,0,0,0.34761799997795606,206,187,206,206,0,8,0,0
breast-cancer,68,broad,AdaptivePostFilter-IVF,569,30,10,521,0.9156414762741653,10,1.0,1,none,0,0,0,1.0694410000269272,569,521,569,569,0,18,0,0
breast-cancer,68,broad,TenantPartition-IVF,569,30,10,521,0.9156414762741653,10,1.0,1,none,0,0,0,0.23837599997023062,206,187,206,206,0,8,0,0
breast-cancer,68,broad,PreFilter-IVF,569,30,10,521,0.9156414762741653,10,1.0,1,none,0,0,0,1.0967509999773029,200,182,182,200,8,8,0,0
breast-cancer,68,broad,PACER-A,569,30,10,521,0.9156414762741653,10,1.0,1,none,0,0,0,1.0247559998788347,240,218,240,240,10,10,0,0
breast-cancer,68,broad,PACER-C,569,30,10,521,0.9156414762741653,10,1.0,1,none,0,0,0,2.043686999968486,530,486,530,530,17,17,1,0
breast-cancer,68,broad,PACER-X,569,30,10,521,0.9156414762741653,10,1.0,1,none,0,0,0,1.9239849998484715,530,486,530,530,17,17,1,0
breast-cancer,68,broad,StaleNoRecheck,569,30,10,521,0.9156414762741653,10,0.9,0,ranking_truncation,0,1,0,0.23171400016508414,206,206,206,206,0,8,0,0
breast-cancer,68,broad,NaiveNoPolicy,569,30,10,521,0.9156414762741653,10,0.9,0,ranking_truncation,0,1,0,0.07351499994001642,206,206,206,0,0,8,0,0
breast-cancer,69,medium,ExactSecure,569,30,10,130,0.22847100175746923,10,1.0,1,none,0,0,0,0.37063799982206547,569,130,130,569,0,0,1,0
breast-cancer,69,medium,PostFilter-IVF,569,30,10,130,0.22847100175746923,10,1.0,1,none,0,0,0,0.2499039999293018,240,95,240,240,0,8,0,0
breast-cancer,69,medium,AdaptivePostFilter-IVF,569,30,10,130,0.22847100175746923,10,1.0,1,none,0,0,0,0.9740739999415382,569,130,569,569,0,18,0,0
breast-cancer,69,medium,TenantPartition-IVF,569,30,10,130,0.22847100175746923,10,1.0,1,none,0,0,0,0.2702060000956408,240,95,240,240,0,8,0,0
breast-cancer,69,medium,PreFilter-IVF,569,30,10,130,0.22847100175746923,10,1.0,1,none,0,0,0,0.44815799992647953,241,86,86,241,6,6,0,0
breast-cancer,69,medium,PACER-A,569,30,10,130,0.22847100175746923,10,1.0,1,none,0,0,0,0.9452290000808716,111,104,111,111,10,10,1,0
breast-cancer,69,medium,PACER-C,569,30,10,130,0.22847100175746923,10,1.0,1,none,0,0,0,0.8578290000968991,111,104,111,111,10,10,1,0
breast-cancer,69,medium,PACER-X,569,30,10,130,0.22847100175746923,10,1.0,1,none,0,0,0,0.8445410001058917,111,104,111,111,10,10,1,0
breast-cancer,69,medium,StaleNoRecheck,569,30,10,130,0.22847100175746923,10,1.0,1,none,0,0,0,0.2362200000334269,240,101,240,240,0,8,0,0
breast-cancer,69,medium,NaiveNoPolicy,569,30,10,130,0.22847100175746923,10,0.9,0,ranking_truncation,1,0,0,0.10399500001767592,240,240,240,0,0,8,0,0
breast-cancer,70,narrow,ExactSecure,569,30,10,16,0.028119507908611598,10,1.0,1,none,0,0,0,0.34789300002557866,569,16,16,569,0,0,1,0
breast-cancer,70,narrow,PostFilter-IVF,569,30,10,16,0.028119507908611598,10,1.0,1,none,0,0,0,0.23113599991120282,240,15,240,240,0,8,0,0
breast-cancer,70,narrow,AdaptivePostFilter-IVF,569,30,10,16,0.028119507908611598,10,1.0,1,none,0,0,0,0.9240530000624858,569,16,569,569,0,18,0,0
breast-cancer,70,narrow,TenantPartition-IVF,569,30,10,16,0.028119507908611598,10,1.0,1,none,0,0,0,0.2881160000924865,240,15,240,240,0,8,0,0
breast-cancer,70,narrow,PreFilter-IVF,569,30,10,16,0.028119507908611598,10,1.0,1,none,0,0,0,0.3275789999861445,174,16,16,174,18,4,0,0
breast-cancer,70,narrow,PACER-A,569,30,10,16,0.028119507908611598,10,1.0,1,none,0,0,0,0.32809699996505515,17,16,17,17,5,4,1,0
breast-cancer,70,narrow,PACER-C,569,30,10,16,0.028119507908611598,10,1.0,1,none,0,0,0,0.36919899980603077,17,16,17,17,5,4,1,0
breast-cancer,70,narrow,PACER-X,569,30,10,16,0.028119507908611598,10,1.0,1,none,0,0,0,0.343733999898177,17,16,17,17,5,4,1,0
breast-cancer,70,narrow,StaleNoRecheck,569,30,10,16,0.028119507908611598,10,0.9,0,ranking_truncation,0,1,0,0.2586250000149448,240,16,240,240,0,8,0,0
breast-cancer,70,narrow,NaiveNoPolicy,569,30,10,16,0.028119507908611598,10,0.3,0,ranking_truncation,7,0,0,0.08821500000522065,240,240,240,0,0,8,0,0
breast-cancer,71,cold,ExactSecure,569,30,10,12,0.0210896309314587,10,1.0,1,none,0,0,0,0.3361530000347557,569,12,12,569,0,0,1,0
breast-cancer,71,cold,PostFilter-IVF,569,30,10,12,0.0210896309314587,10,1.0,1,none,0,0,0,0.2230520001376135,240,12,240,240,0,8,0,0
breast-cancer,71,cold,AdaptivePostFilter-IVF,569,30,10,12,0.0210896309314587,10,1.0,1,none,0,0,0,0.9519759998966038,569,12,569,569,0,18,0,0
breast-cancer,71,cold,TenantPartition-IVF,569,30,10,12,0.0210896309314587,10,1.0,1,none,0,0,0,0.25583800015738234,240,12,240,240,0,8,0,0
breast-cancer,71,cold,PreFilter-IVF,569,30,10,12,0.0210896309314587,10,1.0,1,none,0,0,0,0.4271280001830746,228,12,12,228,18,6,0,0
breast-cancer,71,cold,PACER-A,569,30,10,12,0.0210896309314587,10,1.0,1,none,0,0,0,0.4423180000685534,12,12,12,12,8,6,1,0
breast-cancer,71,cold,PACER-C,569,30,10,12,0.0210896309314587,10,1.0,1,none,0,0,0,0.46993799992378626,12,12,12,12,8,6,1,0
breast-cancer,71,cold,PACER-X,569,30,10,12,0.0210896309314587,10,1.0,1,none,0,0,0,0.4074689998105896,12,12,12,12,8,6,1,0
breast-cancer,71,cold,StaleNoRecheck,569,30,10,12,0.0210896309314587,10,1.0,1,none,0,0,0,0.24135700004990213,240,12,240,240,0,8,0,0
breast-cancer,71,cold,NaiveNoPolicy,569,30,10,12,0.0210896309314587,10,0.1,0,ranking_truncation,9,0,0,0.10783899983834999,240,240,240,0,0,8,0,0
breast-cancer,72,broad,ExactSecure,569,30,10,526,0.9244288224956063,10,1.0,1,none,0,0,0,0.38978799989308754,569,526,526,569,0,0,1,0
breast-cancer,72,broad,PostFilter-IVF,569,30,10,526,0.9244288224956063,10,1.0,1,none,0,0,0,0.2572529999724793,240,216,240,240,0,8,0,0
breast-cancer,72,broad,AdaptivePostFilter-IVF,569,30,10,526,0.9244288224956063,10,1.0,1,none,0,0,0,1.0383450000972516,569,526,569,569,0,18,0,0
breast-cancer,72,broad,TenantPartition-IVF,569,30,10,526,0.9244288224956063,10,1.0,1,none,0,0,0,0.319048999926963,240,216,240,240,0,8,0,0
breast-cancer,72,broad,PreFilter-IVF,569,30,10,526,0.9244288224956063,10,1.0,1,none,0,0,0,0.9692410001207463,256,234,234,256,7,7,0,0
breast-cancer,72,broad,PACER-A,569,30,10,526,0.9244288224956063,10,1.0,1,none,0,0,0,0.8072279999851162,240,218,240,240,7,7,0,0
breast-cancer,72,broad,PACER-C,569,30,10,526,0.9244288224956063,10,1.0,1,none,0,0,0,1.4873709999392304,470,433,470,470,15,15,1,0
breast-cancer,72,broad,PACER-X,569,30,10,526,0.9244288224956063,10,1.0,1,none,0,0,0,1.418736000005083,470,433,470,470,15,15,1,0
breast-cancer,72,broad,StaleNoRecheck,569,30,10,526,0.9244288224956063,10,0.8,0,ranking_truncation,0,2,0,0.24556299990763364,240,240,240,240,0,8,0,0
breast-cancer,72,broad,NaiveNoPolicy,569,30,10,526,0.9244288224956063,10,0.8,0,ranking_truncation,0,2,0,0.08641099998385471,240,240,240,0,0,8,0,0
breast-cancer,73,medium,ExactSecure,569,30,10,115,0.20210896309314588,10,1.0,1,none,0,0,0,0.3199269999640819,569,115,115,569,0,0,1,0
breast-cancer,73,medium,PostFilter-IVF,569,30,10,115,0.20210896309314588,10,1.0,1,none,0,0,0,0.2289829999426729,240,52,240,240,0,8,0,0
breast-cancer,73,medium,AdaptivePostFilter-IVF,569,30,10,115,0.20210896309314588,10,1.0,1,none,0,0,0,0.8892760001799616,569,115,569,569,0,18,0,0
breast-cancer,73,medium,TenantPartition-IVF,569,30,10,115,0.20210896309314588,10,1.0,1,none,0,0,0,0.32462299986946164,240,52,240,240,0,8,0,0
breast-cancer,73,medium,PreFilter-IVF,569,30,10,115,0.20210896309314588,10,1.0,1,none,0,0,0,0.4872160000104486,261,55,55,261,8,7,0,0
breast-cancer,73,medium,PACER-A,569,30,10,115,0.20210896309314588,10,1.0,1,none,0,0,0,0.7129410000743519,67,59,67,67,9,8,1,0
breast-cancer,73,medium,PACER-C,569,30,10,115,0.20210896309314588,10,1.0,1,none,0,0,0,0.6599119999464165,67,59,67,67,9,8,1,0
breast-cancer,73,medium,PACER-X,569,30,10,115,0.20210896309314588,10,1.0,1,none,0,0,0,0.5836919999637757,67,59,67,67,9,8,1,0
breast-cancer,73,medium,StaleNoRecheck,569,30,10,115,0.20210896309314588,10,1.0,1,none,0,0,0,0.2675539999472676,240,59,240,240,0,8,0,0
breast-cancer,73,medium,NaiveNoPolicy,569,30,10,115,0.20210896309314588,10,0.8,0,ranking_truncation,2,0,0,0.0879080000686372,240,240,240,0,0,8,0,0
breast-cancer,74,narrow,ExactSecure,569,30,10,5,0.008787346221441126,5,1.0,1,none,0,0,0,0.316025999836711,569,5,5,569,0,0,1,0
breast-cancer,74,narrow,PostFilter-IVF,569,30,10,5,0.008787346221441126,5,1.0,1,none,0,0,0,0.23543800011793792,239,5,239,239,0,8,0,0
breast-cancer,74,narrow,AdaptivePostFilter-IVF,569,30,10,5,0.008787346221441126,5,1.0,1,none,0,0,0,0.9123969998654502,569,5,569,569,0,18,0,0
breast-cancer,74,narrow,TenantPartition-IVF,569,30,10,5,0.008787346221441126,5,1.0,1,none,0,0,0,0.23060900002747076,239,5,239,239,0,8,0,0
breast-cancer,74,narrow,PreFilter-IVF,569,30,10,5,0.008787346221441126,5,1.0,1,none,0,0,0,0.24675400004525727,104,5,5,104,18,3,0,0
breast-cancer,74,narrow,PACER-A,569,30,10,5,0.008787346221441126,5,1.0,1,none,0,0,0,0.26784300007420825,5,5,5,5,7,3,1,0
breast-cancer,74,narrow,PACER-C,569,30,10,5,0.008787346221441126,5,1.0,1,none,0,0,0,0.21674399999938032,5,5,5,5,7,3,1,0
breast-cancer,74,narrow,PACER-X,569,30,10,5,0.008787346221441126,5,1.0,1,none,0,0,0,0.20256699986020976,5,5,5,5,7,3,1,0
breast-cancer,74,narrow,StaleNoRecheck,569,30,10,5,0.008787346221441126,5,1.0,1,none,0,0,0,0.19035099990105664,239,5,239,239,0,8,0,0
breast-cancer,74,narrow,NaiveNoPolicy,569,30,10,5,0.008787346221441126,10,0.2,0,ranking_truncation,9,1,0,0.07175200016718009,239,239,239,0,0,8,0,0
breast-cancer,75,cold,ExactSecure,569,30,10,3,0.005272407732864675,3,1.0,1,none,0,0,0,0.2998600000410079,569,3,3,569,0,0,1,0
breast-cancer,75,cold,PostFilter-IVF,569,30,10,3,0.005272407732864675,2,0.6666666666666666,0,candidate_starvation,0,0,0,0.21500599996215897,240,2,240,240,0,8,0,0
breast-cancer,75,cold,AdaptivePostFilter-IVF,569,30,10,3,0.005272407732864675,3,1.0,1,none,0,0,0,0.8893670001270948,569,3,569,569,0,18,0,0
breast-cancer,75,cold,TenantPartition-IVF,569,30,10,3,0.005272407732864675,2,0.6666666666666666,0,candidate_starvation,0,0,0,0.15268599986484332,240,2,240,240,0,8,0,0
breast-cancer,75,cold,PreFilter-IVF,569,30,10,3,0.005272407732864675,3,1.0,1,none,0,0,0,0.2263809999476507,85,3,3,85,18,3,0,0
breast-cancer,75,cold,PACER-A,569,30,10,3,0.005272407732864675,3,1.0,1,none,0,0,0,0.22124800011624757,4,3,4,4,14,3,1,0
breast-cancer,75,cold,PACER-C,569,30,10,3,0.005272407732864675,3,1.0,1,none,0,0,0,0.1915200000439654,4,3,4,4,14,3,1,0
breast-cancer,75,cold,PACER-X,569,30,10,3,0.005272407732864675,3,1.0,1,none,0,0,0,0.23247700005413208,4,3,4,4,14,3,1,0
breast-cancer,75,cold,StaleNoRecheck,569,30,10,3,0.005272407732864675,3,0.6666666666666666,0,ranking_truncation,0,1,0,0.24619500004519068,240,3,240,240,0,8,0,0
breast-cancer,75,cold,NaiveNoPolicy,569,30,10,3,0.005272407732864675,10,0.0,0,ranking_truncation,9,1,9,0.11708500005624956,240,240,240,0,0,8,0,0
breast-cancer,76,broad,ExactSecure,569,30,10,519,0.9121265377855887,10,1.0,1,none,0,0,0,0.41952900005526317,569,519,519,569,0,0,1,0
breast-cancer,76,broad,PostFilter-IVF,569,30,10,519,0.9121265377855887,10,1.0,1,none,0,0,0,0.2299309999216348,240,226,240,240,0,8,0,0
breast-cancer,76,broad,AdaptivePostFilter-IVF,569,30,10,519,0.9121265377855887,10,1.0,1,none,0,0,0,0.9812699997837626,569,519,569,569,0,18,0,0
breast-cancer,76,broad,TenantPartition-IVF,569,30,10,519,0.9121265377855887,10,1.0,1,none,0,0,0,0.2693739997994271,240,226,240,240,0,8,0,0
breast-cancer,76,broad,PreFilter-IVF,569,30,10,519,0.9121265377855887,10,1.0,1,none,0,0,0,1.011357000152202,267,248,248,267,7,7,0,0
breast-cancer,76,broad,PACER-A,569,30,10,519,0.9121265377855887,10,1.0,1,none,0,0,0,0.9392520000801596,240,227,240,240,7,7,0,0
breast-cancer,76,broad,PACER-C,569,30,10,519,0.9121265377855887,10,1.0,1,none,0,0,0,1.0104760001468094,323,298,323,323,9,9,1,0
breast-cancer,76,broad,PACER-X,569,30,10,519,0.9121265377855887,10,1.0,1,none,0,0,0,0.9819680001328379,323,298,323,323,9,9,1,0
breast-cancer,76,broad,StaleNoRecheck,569,30,10,519,0.9121265377855887,10,1.0,1,none,0,0,0,0.260394999941127,240,240,240,240,0,8,0,0
breast-cancer,76,broad,NaiveNoPolicy,569,30,10,519,0.9121265377855887,10,1.0,1,none,0,0,0,0.12506400003076124,240,240,240,0,0,8,0,0
breast-cancer,77,medium,ExactSecure,569,30,10,120,0.210896309314587,10,1.0,1,none,0,0,0,0.3217410001070675,569,120,120,569,0,0,1,0
breast-cancer,77,medium,PostFilter-IVF,569,30,10,120,0.210896309314587,10,1.0,1,none,0,0,0,0.23134499997468083,219,66,219,219,0,8,0,0
breast-cancer,77,medium,AdaptivePostFilter-IVF,569,30,10,120,0.210896309314587,10,1.0,1,none,0,0,0,0.9513570000763139,569,120,569,569,0,18,0,0
breast-cancer,77,medium,TenantPartition-IVF,569,30,10,120,0.210896309314587,10,1.0,1,none,0,0,0,0.2520119999189774,219,66,219,219,0,8,0,0
breast-cancer,77,medium,PreFilter-IVF,569,30,10,120,0.210896309314587,10,1.0,1,none,0,0,0,0.541878999911205,219,66,66,219,8,8,0,0
breast-cancer,77,medium,PACER-A,569,30,10,120,0.210896309314587,10,1.0,1,none,0,0,0,0.8350749999408436,94,87,94,94,10,10,1,0
breast-cancer,77,medium,PACER-C,569,30,10,120,0.210896309314587,10,1.0,1,none,0,0,0,0.803560000122161,94,87,94,94,10,10,1,0
breast-cancer,77,medium,PACER-X,569,30,10,120,0.210896309314587,10,1.0,1,none,0,0,0,0.8425309999893216,94,87,94,94,10,10,1,0
breast-cancer,77,medium,StaleNoRecheck,569,30,10,120,0.210896309314587,10,1.0,1,none,0,0,0,0.20731200015688955,219,70,219,219,0,8,0,0
breast-cancer,77,medium,NaiveNoPolicy,569,30,10,120,0.210896309314587,10,0.5,0,ranking_truncation,5,0,0,0.07581599993500276,219,219,219,0,0,8,0,0
breast-cancer,78,narrow,ExactSecure,569,30,10,27,0.04745166959578207,10,1.0,1,none,0,0,0,0.31105299990485946,569,27,27,569,0,0,1,0
breast-cancer,78,narrow,PostFilter-IVF,569,30,10,27,0.04745166959578207,10,0.7,0,ranking_truncation,0,0,0,0.2685850001853396,240,12,240,240,0,8,0,0
breast-cancer,78,narrow,AdaptivePostFilter-IVF,569,30,10,27,0.04745166959578207,10,1.0,1,none,0,0,0,0.9070529999917198,569,27,569,569,0,18,0,0
breast-cancer,78,narrow,TenantPartition-IVF,569,30,10,27,0.04745166959578207,10,0.7,0,ranking_truncation,0,0,0,0.2849239999704878,240,12,240,240,0,8,0,0
breast-cancer,78,narrow,PreFilter-IVF,569,30,10,27,0.04745166959578207,10,1.0,1,none,0,0,0,0.4260969999450026,272,27,27,272,13,8,0,0
breast-cancer,78,narrow,PACER-A,569,30,10,27,0.04745166959578207,10,1.0,1,none,0,0,0,0.6259290000798501,27,27,27,27,13,8,1,0
breast-cancer,78,narrow,PACER-C,569,30,10,27,0.04745166959578207,10,1.0,1,none,0,0,0,0.6105710001520492,27,27,27,27,13,8,1,0
breast-cancer,78,narrow,PACER-X,569,30,10,27,0.04745166959578207,10,1.0,1,none,0,0,0,0.5765719999999419,27,27,27,27,13,8,1,0
breast-cancer,78,narrow,StaleNoRecheck,569,30,10,27,0.04745166959578207,10,0.7,0,ranking_truncation,0,0,0,0.2324050001334399,240,12,240,240,0,8,0,0
breast-cancer,78,narrow,NaiveNoPolicy,569,30,10,27,0.04745166959578207,10,0.2,0,ranking_truncation,8,0,0,0.08952600001066457,240,240,240,0,0,8,0,0
breast-cancer,79,cold,ExactSecure,569,30,10,23,0.040421792618629174,10,1.0,1,none,0,0,0,0.3307929998754844,569,23,23,569,0,0,1,0
breast-cancer,79,cold,PostFilter-IVF,569,30,10,23,0.040421792618629174,10,1.0,1,none,0,0,0,0.24387799999203708,233,21,233,233,0,8,0,0
breast-cancer,79,cold,AdaptivePostFilter-IVF,569,30,10,23,0.040421792618629174,10,1.0,1,none,0,0,0,0.8773590000146214,569,23,569,569,0,18,0,0
breast-cancer,79,cold,TenantPartition-IVF,569,30,10,23,0.040421792618629174,10,1.0,1,none,0,0,0,0.2580660000148782,233,21,233,233,0,8,0,0
breast-cancer,79,cold,PreFilter-IVF,569,30,10,23,0.040421792618629174,10,1.0,1,none,0,0,0,0.34590100017339864,245,20,20,245,7,6,0,0
breast-cancer,79,cold,PACER-A,569,30,10,23,0.040421792618629174,10,1.0,1,none,0,0,0,0.6468589999713004,29,23,29,29,12,9,1,0
breast-cancer,79,cold,PACER-C,569,30,10,23,0.040421792618629174,10,1.0,1,none,0,0,0,0.6012219998865476,29,23,29,29,12,9,1,0
breast-cancer,79,cold,PACER-X,569,30,10,23,0.040421792618629174,10,1.0,1,none,0,0,0,0.5732480001370277,29,23,29,29,12,9,1,0
breast-cancer,79,cold,StaleNoRecheck,569,30,10,23,0.040421792618629174,10,0.9,0,ranking_truncation,0,1,0,0.1982769999813172,233,25,233,233,0,8,0,0
breast-cancer,79,cold,NaiveNoPolicy,569,30,10,23,0.040421792618629174,10,0.4,0,ranking_truncation,5,1,0,0.10392900003353134,233,233,233,0,0,8,0,0
