dataset,query_id,regime,method,n,dim,k,allowed_count,selectivity,returned,recall_at_k,secure_topk_exact,failure_mode,policy_violations,deleted_violations,tenant_violations,latency_ms,raw_candidates,candidates,distance_evals,policy_checks,summary_checks,visited_cluster_count,certified,certificate_false_positive
digits,0,broad,ExactSecure,1797,64,10,1617,0.8998330550918197,10,1.0,1,none,0,0,0,1.013496000041414,1797,1617,1617,1797,0,0,1,0
digits,0,broad,PostFilter-IVF,1797,64,10,1617,0.8998330550918197,10,1.0,1,none,0,0,0,0.44200699994689785,443,396,443,443,0,8,0,0
digits,0,broad,AdaptivePostFilter-IVF,1797,64,10,1617,0.8998330550918197,10,1.0,1,none,0,0,0,2.2775439999804803,1797,1617,1797,1797,0,28,0,0
digits,0,broad,TenantPartition-IVF,1797,64,10,1617,0.8998330550918197,10,1.0,1,none,0,0,0,0.47939699993548857,443,396,443,443,0,8,0,0
digits,0,broad,PreFilter-IVF,1797,64,10,1617,0.8998330550918197,10,1.0,1,none,0,0,0,2.0876409998891177,509,461,461,509,8,8,0,0
digits,0,broad,PACER-A,1797,64,10,1617,0.8998330550918197,10,1.0,1,none,0,0,0,1.6637510000236944,720,661,720,720,11,11,0,0
digits,0,broad,PACER-C,1797,64,10,1617,0.8998330550918197,10,1.0,1,none,0,0,0,3.8034440001410985,1797,1617,1797,1797,28,28,1,0
digits,0,broad,PACER-X,1797,64,10,1617,0.8998330550918197,10,1.0,1,none,0,0,0,3.867015999958312,1797,1617,1797,1797,28,28,1,0
digits,0,broad,StaleNoRecheck,1797,64,10,1617,0.8998330550918197,10,0.7,0,ranking_truncation,0,3,0,0.3609870000218507,443,443,443,443,0,8,0,0
digits,0,broad,NaiveNoPolicy,1797,64,10,1617,0.8998330550918197,10,0.7,0,ranking_truncation,0,3,0,0.11115100005554268,443,443,443,0,0,8,0,0
digits,1,medium,ExactSecure,1797,64,10,272,0.15136338341680577,10,1.0,1,none,0,0,0,1.0198800000580377,1797,272,272,1797,0,0,1,0
digits,1,medium,PostFilter-IVF,1797,64,10,272,0.15136338341680577,10,1.0,1,none,0,0,0,0.5734249998567975,605,191,605,605,0,8,0,0
digits,1,medium,AdaptivePostFilter-IVF,1797,64,10,272,0.15136338341680577,10,1.0,1,none,0,0,0,2.2586430000046676,1797,272,1797,1797,0,28,0,0
digits,1,medium,TenantPartition-IVF,1797,64,10,272,0.15136338341680577,10,1.0,1,none,0,0,0,0.5030560000705009,605,191,605,605,0,8,0,0
digits,1,medium,PreFilter-IVF,1797,64,10,272,0.15136338341680577,10,1.0,1,none,0,0,0,0.987351000048875,697,199,199,697,10,8,0,0
digits,1,medium,PACER-A,1797,64,10,272,0.15136338341680577,10,1.0,1,none,0,0,0,1.6067740000380581,301,272,301,301,28,18,1,0
digits,1,medium,PACER-C,1797,64,10,272,0.15136338341680577,10,1.0,1,none,0,0,0,1.6742279999562015,301,272,301,301,28,18,1,0
digits,1,medium,PACER-X,1797,64,10,272,0.15136338341680577,10,1.0,1,none,0,0,0,1.4976950001255318,301,272,301,301,28,18,1,0
digits,1,medium,StaleNoRecheck,1797,64,10,272,0.15136338341680577,10,0.9,0,ranking_truncation,0,1,0,0.5147659999238385,605,211,605,605,0,8,0,0
digits,1,medium,NaiveNoPolicy,1797,64,10,272,0.15136338341680577,10,0.6,0,ranking_truncation,3,0,2,0.14713800010213163,605,605,605,0,0,8,0,0
digits,2,narrow,ExactSecure,1797,64,10,8,0.004451864218141347,8,1.0,1,none,0,0,0,0.978155999973751,1797,8,8,1797,0,0,1,0
digits,2,narrow,PostFilter-IVF,1797,64,10,8,0.004451864218141347,5,0.625,0,candidate_starvation,0,0,0,0.4093740001280821,552,5,552,552,0,8,0,0
digits,2,narrow,AdaptivePostFilter-IVF,1797,64,10,8,0.004451864218141347,8,1.0,1,none,0,0,0,1.9590399999742658,1797,8,1797,1797,0,28,0,0
digits,2,narrow,TenantPartition-IVF,1797,64,10,8,0.004451864218141347,5,0.625,0,candidate_starvation,0,0,0,0.40272500018545543,552,5,552,552,0,8,0,0
digits,2,narrow,PreFilter-IVF,1797,64,10,8,0.004451864218141347,8,1.0,1,none,0,0,0,0.4230950000874145,373,8,8,373,28,5,0,0
digits,2,narrow,PACER-A,1797,64,10,8,0.004451864218141347,8,1.0,1,none,0,0,0,0.4460669999843958,8,8,8,8,15,5,1,0
digits,2,narrow,PACER-C,1797,64,10,8,0.004451864218141347,8,1.0,1,none,0,0,0,0.3454979998878116,8,8,8,8,15,5,1,0
digits,2,narrow,PACER-X,1797,64,10,8,0.004451864218141347,8,1.0,1,none,0,0,0,0.327960000049643,8,8,8,8,15,5,1,0
digits,2,narrow,StaleNoRecheck,1797,64,10,8,0.004451864218141347,5,0.625,0,candidate_starvation,0,0,0,0.4974549999587907,552,5,552,552,0,8,0,0
digits,2,narrow,NaiveNoPolicy,1797,64,10,8,0.004451864218141347,10,0.125,0,ranking_truncation,9,0,4,0.14578000013898418,552,552,552,0,0,8,0,0
digits,3,cold,ExactSecure,1797,64,10,13,0.007234279354479688,10,1.0,1,none,0,0,0,1.0233689999950002,1797,13,13,1797,0,0,1,0
digits,3,cold,PostFilter-IVF,1797,64,10,13,0.007234279354479688,10,0.9,0,ranking_truncation,0,0,0,0.34440800004631456,418,12,418,418,0,8,0,0
digits,3,cold,AdaptivePostFilter-IVF,1797,64,10,13,0.007234279354479688,10,1.0,1,none,0,0,0,1.8953940000301372,1797,13,1797,1797,0,28,0,0
digits,3,cold,TenantPartition-IVF,1797,64,10,13,0.007234279354479688,10,0.9,0,ranking_truncation,0,0,0,0.27243600015935954,418,12,418,418,0,8,0,0
digits,3,cold,PreFilter-IVF,1797,64,10,13,0.007234279354479688,10,1.0,1,none,0,0,0,0.27837199991154193,167,13,13,167,28,3,0,0
digits,3,cold,PACER-A,1797,64,10,13,0.007234279354479688,10,1.0,1,none,0,0,0,0.28705999989142583,13,13,13,13,22,3,1,0
digits,3,cold,PACER-C,1797,64,10,13,0.007234279354479688,10,1.0,1,none,0,0,0,0.32128299994838017,13,13,13,13,22,3,1,0
digits,3,cold,PACER-X,1797,64,10,13,0.007234279354479688,10,1.0,1,none,0,0,0,0.25119900010395213,13,13,13,13,22,3,1,0
digits,3,cold,StaleNoRecheck,1797,64,10,13,0.007234279354479688,10,0.9,0,ranking_truncation,0,0,0,0.35800399996333,418,12,418,418,0,8,0,0
digits,3,cold,NaiveNoPolicy,1797,64,10,13,0.007234279354479688,10,0.1,0,ranking_truncation,9,0,8,0.1142910000453412,418,418,418,0,0,8,0,0
digits,4,broad,ExactSecure,1797,64,10,1597,0.8887033945464663,10,1.0,1,none,0,0,0,1.099249999924723,1797,1597,1597,1797,0,0,1,0
digits,4,broad,PostFilter-IVF,1797,64,10,1597,0.8887033945464663,10,1.0,1,none,0,0,0,0.5537730000924057,612,553,612,612,0,8,0,0
digits,4,broad,AdaptivePostFilter-IVF,1797,64,10,1597,0.8887033945464663,10,1.0,1,none,0,0,0,2.1581160001460375,1797,1597,1797,1797,0,28,0,0
digits,4,broad,TenantPartition-IVF,1797,64,10,1597,0.8887033945464663,10,1.0,1,none,0,0,0,0.5963109999811422,612,553,612,612,0,8,0,0
digits,4,broad,PreFilter-IVF,1797,64,10,1597,0.8887033945464663,10,0.8,0,ranking_truncation,0,0,0,2.0704099999875325,701,645,645,701,8,8,0,0
digits,4,broad,PACER-A,1797,64,10,1597,0.8887033945464663,10,1.0,1,none,0,0,0,1.5806409999186144,720,662,720,720,9,9,0,0
digits,4,broad,PACER-C,1797,64,10,1597,0.8887033945464663,10,1.0,1,none,0,0,0,5.539932000147019,1797,1597,1797,1797,28,28,1,0
digits,4,broad,PACER-X,1797,64,10,1597,0.8887033945464663,10,1.0,1,none,0,0,0,7.188978999920437,1797,1597,1797,1797,28,28,1,0
digits,4,broad,StaleNoRecheck,1797,64,10,1597,0.8887033945464663,10,1.0,1,none,0,0,0,1.0246249998999701,612,612,612,612,0,8,0,0
digits,4,broad,NaiveNoPolicy,1797,64,10,1597,0.8887033945464663,10,1.0,1,none,0,0,0,0.21432500011542288,612,612,612,0,0,8,0,0
digits,5,medium,ExactSecure,1797,64,10,218,0.1213132999443517,10,1.0,1,none,0,0,0,2.115471000024627,1797,218,218,1797,0,0,1,0
digits,5,medium,PostFilter-IVF,1797,64,10,218,0.1213132999443517,10,1.0,1,none,0,0,0,1.2660869999763236,720,168,720,720,0,8,0,0
digits,5,medium,AdaptivePostFilter-IVF,1797,64,10,218,0.1213132999443517,10,1.0,1,none,0,0,0,3.996493999920858,1797,218,1797,1797,0,28,0,0
digits,5,medium,TenantPartition-IVF,1797,64,10,218,0.1213132999443517,10,1.0,1,none,0,0,0,1.1454810000941507,720,168,720,720,0,8,0,0
digits,5,medium,PreFilter-IVF,1797,64,10,218,0.1213132999443517,10,1.0,1,none,0,0,0,0.977559000148176,722,172,172,722,8,8,0,0
digits,5,medium,PACER-A,1797,64,10,218,0.1213132999443517,10,1.0,1,none,0,0,0,1.4546519998930307,248,218,248,248,19,15,1,0
digits,5,medium,PACER-C,1797,64,10,218,0.1213132999443517,10,1.0,1,none,0,0,0,1.5000079999936133,248,218,248,248,19,15,1,0
digits,5,medium,PACER-X,1797,64,10,218,0.1213132999443517,10,1.0,1,none,0,0,0,1.3158660001408862,248,218,248,248,19,15,1,0
digits,5,medium,StaleNoRecheck,1797,64,10,218,0.1213132999443517,10,0.9,0,ranking_truncation,0,1,0,0.5626639999718464,720,195,720,720,0,8,0,0
digits,5,medium,NaiveNoPolicy,1797,64,10,218,0.1213132999443517,10,0.6,0,ranking_truncation,3,1,0,0.18244199986838794,720,720,720,0,0,8,0,0
digits,6,narrow,ExactSecure,1797,64,10,9,0.005008347245409015,9,1.0,1,none,0,0,0,0.9462629998324701,1797,9,9,1797,0,0,1,0
digits,6,narrow,PostFilter-IVF,1797,64,10,9,0.005008347245409015,7,0.7777777777777778,0,candidate_starvation,0,0,0,0.2674190000107046,271,7,271,271,0,8,0,0
digits,6,narrow,AdaptivePostFilter-IVF,1797,64,10,9,0.005008347245409015,9,1.0,1,none,0,0,0,1.9563900000321155,1797,9,1797,1797,0,28,0,0
digits,6,narrow,TenantPartition-IVF,1797,64,10,9,0.005008347245409015,7,0.7777777777777778,0,candidate_starvation,0,0,0,0.20246799999767973,271,7,271,271,0,8,0,0
digits,6,narrow,PreFilter-IVF,1797,64,10,9,0.005008347245409015,9,1.0,1,none,0,0,0,0.26193699977739016,99,9,9,99,28,4,0,0
digits,6,narrow,PACER-A,1797,64,10,9,0.005008347245409015,9,1.0,1,none,0,0,0,0.321708999990733,9,9,9,9,28,4,1,0
digits,6,narrow,PACER-C,1797,64,10,9,0.005008347245409015,9,1.0,1,none,0,0,0,0.2846899999440211,9,9,9,9,28,4,1,0
digits,6,narrow,PACER-X,1797,64,10,9,0.005008347245409015,9,1.0,1,none,0,0,0,0.2770670000700193,9,9,9,9,28,4,1,0
digits,6,narrow,StaleNoRecheck,1797,64,10,9,0.005008347245409015,7,0.7777777777777778,0,candidate_starvation,0,0,0,0.21943699994153576,271,7,271,271,0,8,0,0
digits,6,narrow,NaiveNoPolicy,1797,64,10,9,0.005008347245409015,10,0.2222222222222222,0,ranking_truncation,8,0,1,0.08484899990435224,271,271,271,0,0,8,0,0
digits,7,cold,ExactSecure,1797,64,10,30,0.01669449081803005,10,1.0,1,none,0,0,0,0.9126970001034351,1797,30,30,1797,0,0,1,0
digits,7,cold,PostFilter-IVF,1797,64,10,30,0.01669449081803005,10,1.0,1,none,0,0,0,0.5409850000432925,720,29,720,720,0,8,0,0
digits,7,cold,AdaptivePostFilter-IVF,1797,64,10,30,0.01669449081803005,10,1.0,1,none,0,0,0,1.8282249998264888,1797,30,1797,1797,0,28,0,0
digits,7,cold,TenantPartition-IVF,1797,64,10,30,0.01669449081803005,10,1.0,1,none,0,0,0,0.39940500005286594,720,29,720,720,0,8,0,0
digits,7,cold,PreFilter-IVF,1797,64,10,30,0.01669449081803005,10,1.0,1,none,0,0,0,0.4913249999844993,541,30,30,541,28,5,0,0
digits,7,cold,PACER-A,1797,64,10,30,0.01669449081803005,10,1.0,1,none,0,0,0,0.4031019998365082,31,30,31,31,20,5,1,0
digits,7,cold,PACER-C,1797,64,10,30,0.01669449081803005,10,1.0,1,none,0,0,0,0.45631800003320677,31,30,31,31,20,5,1,0
digits,7,cold,PACER-X,1797,64,10,30,0.01669449081803005,10,1.0,1,none,0,0,0,0.3959020000365854,31,30,31,31,20,5,1,0
digits,7,cold,StaleNoRecheck,1797,64,10,30,0.01669449081803005,10,1.0,1,none,0,0,0,0.5242789998192166,720,30,720,720,0,8,0,0
digits,7,cold,NaiveNoPolicy,1797,64,10,30,0.01669449081803005,10,0.1,0,ranking_truncation,9,0,3,0.17927999988387455,720,720,720,0,0,8,0,0
digits,8,broad,ExactSecure,1797,64,10,1631,0.907623817473567,10,1.0,1,none,0,0,0,0.9572540000135632,1797,1631,1631,1797,0,0,1,0
digits,8,broad,PostFilter-IVF,1797,64,10,1631,0.907623817473567,10,0.9,0,ranking_truncation,0,0,0,0.33322100011901057,399,351,399,399,0,8,0,0
digits,8,broad,AdaptivePostFilter-IVF,1797,64,10,1631,0.907623817473567,10,1.0,1,none,0,0,0,2.3527339999418473,1797,1631,1797,1797,0,28,0,0
digits,8,broad,TenantPartition-IVF,1797,64,10,1631,0.907623817473567,10,0.9,0,ranking_truncation,0,0,0,0.3958979998515133,399,351,399,399,0,8,0,0
digits,8,broad,PreFilter-IVF,1797,64,10,1631,0.907623817473567,10,0.9,0,ranking_truncation,0,0,0,1.6809569999622909,623,568,568,623,8,8,0,0
digits,8,broad,PACER-A,1797,64,10,1631,0.907623817473567,10,0.9,0,ranking_truncation,0,0,0,2.156148000040048,720,663,720,720,10,10,0,0
digits,8,broad,PACER-C,1797,64,10,1631,0.907623817473567,10,1.0,1,none,0,0,0,3.7904639998487255,1797,1631,1797,1797,28,28,1,0
digits,8,broad,PACER-X,1797,64,10,1631,0.907623817473567,10,1.0,1,none,0,0,0,3.686926999989737,1797,1631,1797,1797,28,28,1,0
digits,8,broad,StaleNoRecheck,1797,64,10,1631,0.907623817473567,10,0.7,0,ranking_truncation,0,3,0,0.5577609999818378,399,399,399,399,0,8,0,0
digits,8,broad,NaiveNoPolicy,1797,64,10,1631,0.907623817473567,10,0.7,0,ranking_truncation,0,3,0,0.11653100000330596,399,399,399,0,0,8,0,0
digits,9,medium,ExactSecure,1797,64,10,342,0.19031719532554256,10,1.0,1,none,0,0,0,1.0702150000270194,1797,342,342,1797,0,0,1,0
digits,9,medium,PostFilter-IVF,1797,64,10,342,0.19031719532554256,10,1.0,1,none,0,0,0,0.6674690000636474,711,143,711,711,0,8,0,0
digits,9,medium,AdaptivePostFilter-IVF,1797,64,10,342,0.19031719532554256,10,1.0,1,none,0,0,0,2.051520000122764,1797,342,1797,1797,0,28,0,0
digits,9,medium,TenantPartition-IVF,1797,64,10,342,0.19031719532554256,10,1.0,1,none,0,0,0,0.4920339999898715,711,143,711,711,0,8,0,0
digits,9,medium,PreFilter-IVF,1797,64,10,342,0.19031719532554256,10,1.0,1,none,0,0,0,1.0942579999664304,728,200,200,728,10,8,0,0
digits,9,medium,PACER-A,1797,64,10,342,0.19031719532554256,10,1.0,1,none,0,0,0,1.8082159999721625,364,342,364,364,28,17,1,0
digits,9,medium,PACER-C,1797,64,10,342,0.19031719532554256,10,1.0,1,none,0,0,0,1.6499669998211175,364,342,364,364,28,17,1,0
digits,9,medium,PACER-X,1797,64,10,342,0.19031719532554256,10,1.0,1,none,0,0,0,1.6022870001961564,364,342,364,364,28,17,1,0
digits,9,medium,StaleNoRecheck,1797,64,10,342,0.19031719532554256,10,1.0,1,none,0,0,0,0.5630810001093778,711,150,711,711,0,8,0,0
digits,9,medium,NaiveNoPolicy,1797,64,10,342,0.19031719532554256,10,0.8,0,ranking_truncation,2,0,1,0.16317499989781936,711,711,711,0,0,8,0,0
digits,10,narrow,ExactSecure,1797,64,10,7,0.0038953811908736783,7,1.0,1,none,0,0,0,0.9896139999909792,1797,7,7,1797,0,0,1,0
digits,10,narrow,PostFilter-IVF,1797,64,10,7,0.0038953811908736783,5,0.7142857142857143,0,candidate_starvation,0,0,0,0.4142589998537005,571,5,571,571,0,8,0,0
digits,10,narrow,AdaptivePostFilter-IVF,1797,64,10,7,0.0038953811908736783,7,1.0,1,none,0,0,0,2.4475239999901532,1797,7,1797,1797,0,28,0,0
digits,10,narrow,TenantPartition-IVF,1797,64,10,7,0.0038953811908736783,5,0.7142857142857143,0,candidate_starvation,0,0,0,0.2887299999656534,571,5,571,571,0,8,0,0
digits,10,narrow,PreFilter-IVF,1797,64,10,7,0.0038953811908736783,7,1.0,1,none,0,0,0,0.42928199991365545,211,7,7,211,28,3,0,0
digits,10,narrow,PACER-A,1797,64,10,7,0.0038953811908736783,7,1.0,1,none,0,0,0,0.2924279999660939,7,7,7,7,11,3,1,0
digits,10,narrow,PACER-C,1797,64,10,7,0.0038953811908736783,7,1.0,1,none,0,0,0,0.3013010000358918,7,7,7,7,11,3,1,0
digits,10,narrow,PACER-X,1797,64,10,7,0.0038953811908736783,7,1.0,1,none,0,0,0,0.27010400003746327,7,7,7,7,11,3,1,0
digits,10,narrow,StaleNoRecheck,1797,64,10,7,0.0038953811908736783,5,0.7142857142857143,0,candidate_starvation,0,0,0,0.526593999893521,571,5,571,571,0,8,0,0
digits,10,narrow,NaiveNoPolicy,1797,64,10,7,0.0038953811908736783,10,0.14285714285714285,0,ranking_truncation,9,0,5,0.15105199986464868,571,571,571,0,0,8,0,0
digits,11,cold,ExactSecure,1797,64,10,16,0.008903728436282694,10,1.0,1,none,0,0,0,1.0128799999620242,1797,16,16,1797,0,0,1,0
digits,11,cold,PostFilter-IVF,1797,64,10,16,0.008903728436282694,10,0.7,0,ranking_truncation,0,0,0,0.6791780001549341,705,11,705,705,0,8,0,0
digits,11,cold,AdaptivePostFilter-IVF,1797,64,10,16,0.008903728436282694,10,1.0,1,none,0,0,0,2.0078649999959453,1797,16,1797,1797,0,28,0,0
digits,11,cold,TenantPartition-IVF,1797,64,10,16,0.008903728436282694,10,0.7,0,ranking_truncation,0,0,0,0.3546810000898404,705,11,705,705,0,8,0,0
digits,11,cold,PreFilter-IVF,1797,64,10,16,0.008903728436282694,10,1.0,1,none,0,0,0,0.5420489999323763,500,16,16,500,28,6,0,0
digits,11,cold,PACER-A,1797,64,10,16,0.008903728436282694,10,1.0,1,none,0,0,0,0.5312470000262692,18,16,18,18,17,6,1,0
digits,11,cold,PACER-C,1797,64,10,16,0.008903728436282694,10,1.0,1,none,0,0,0,0.4720110000562272,18,16,18,18,17,6,1,0
digits,11,cold,PACER-X,1797,64,10,16,0.008903728436282694,10,1.0,1,none,0,0,0,0.4228850000345119,18,16,18,18,17,6,1,0
digits,11,cold,StaleNoRecheck,1797,64,10,16,0.008903728436282694,10,0.7,0,ranking_truncation,0,2,0,0.6776469999749679,705,13,705,705,0,8,0,0
digits,11,cold,NaiveNoPolicy,1797,64,10,16,0.008903728436282694,10,0.2,0,ranking_truncation,7,2,8,0.2098320001095999,705,705,705,0,0,8,0,0
digits,12,broad,ExactSecure,1797,64,10,1649,0.9176405119643851,10,1.0,1,none,0,0,0,1.4892410001721146,1797,1649,1649,1797,0,0,1,0
digits,12,broad,PostFilter-IVF,1797,64,10,1649,0.9176405119643851,10,1.0,1,none,0,0,0,1.0858240000288788,676,625,676,676,0,8,0,0
digits,12,broad,AdaptivePostFilter-IVF,1797,64,10,1649,0.9176405119643851,10,1.0,1,none,0,0,0,4.164044000162903,1797,1649,1797,1797,0,28,0,0
digits,12,broad,TenantPartition-IVF,1797,64,10,1649,0.9176405119643851,10,1.0,1,none,0,0,0,1.3435519999802636,676,625,676,676,0,8,0,0
digits,12,broad,PreFilter-IVF,1797,64,10,1649,0.9176405119643851,10,1.0,1,none,0,0,0,3.5218970001551497,682,633,633,682,8,8,0,0
digits,12,broad,PACER-A,1797,64,10,1649,0.9176405119643851,10,1.0,1,none,0,0,0,2.8982339999856777,720,669,720,720,9,9,0,0
digits,12,broad,PACER-C,1797,64,10,1649,0.9176405119643851,10,1.0,1,none,0,0,0,4.956871000104002,1797,1649,1797,1797,28,28,1,0
digits,12,broad,PACER-X,1797,64,10,1649,0.9176405119643851,10,1.0,1,none,0,0,0,4.2861570000241045,1797,1649,1797,1797,28,28,1,0
digits,12,broad,StaleNoRecheck,1797,64,10,1649,0.9176405119643851,10,1.0,1,none,0,0,0,0.5541410000660107,676,676,676,676,0,8,0,0
digits,12,broad,NaiveNoPolicy,1797,64,10,1649,0.9176405119643851,10,1.0,1,none,0,0,0,0.1451670000278682,676,676,676,0,0,8,0,0
digits,13,medium,ExactSecure,1797,64,10,256,0.1424596549805231,10,1.0,1,none,0,0,0,0.9331459998520586,1797,256,256,1797,0,0,1,0
digits,13,medium,PostFilter-IVF,1797,64,10,256,0.1424596549805231,10,1.0,1,none,0,0,0,0.41870800009746745,430,174,430,430,0,8,0,0
digits,13,medium,AdaptivePostFilter-IVF,1797,64,10,256,0.1424596549805231,10,1.0,1,none,0,0,0,1.9074510000791634,1797,256,1797,1797,0,28,0,0
digits,13,medium,TenantPartition-IVF,1797,64,10,256,0.1424596549805231,10,1.0,1,none,0,0,0,0.37545200007116364,430,174,430,430,0,8,0,0
digits,13,medium,PreFilter-IVF,1797,64,10,256,0.1424596549805231,10,1.0,1,none,0,0,0,0.9127049997914582,583,178,178,583,10,8,0,0
digits,13,medium,PACER-A,1797,64,10,256,0.1424596549805231,10,1.0,1,none,0,0,0,1.3041839999914373,291,256,291,291,25,13,1,0
digits,13,medium,PACER-C,1797,64,10,256,0.1424596549805231,10,1.0,1,none,0,0,0,1.2207229999603442,291,256,291,291,25,13,1,0
digits,13,medium,PACER-X,1797,64,10,256,0.1424596549805231,10,1.0,1,none,0,0,0,1.2309139999615581,291,256,291,291,25,13,1,0
digits,13,medium,StaleNoRecheck,1797,64,10,256,0.1424596549805231,10,0.8,0,ranking_truncation,0,2,0,0.3727559999333607,430,197,430,430,0,8,0,0
digits,13,medium,NaiveNoPolicy,1797,64,10,256,0.1424596549805231,10,0.3,0,ranking_truncation,5,2,0,0.11169000003974361,430,430,430,0,0,8,0,0
digits,14,narrow,ExactSecure,1797,64,10,44,0.02448525319977741,10,1.0,1,none,0,0,0,0.8597570001711574,1797,44,44,1797,0,0,1,0
digits,14,narrow,PostFilter-IVF,1797,64,10,44,0.02448525319977741,10,1.0,1,none,0,0,0,0.3348669999923004,433,44,433,433,0,8,0,0
digits,14,narrow,AdaptivePostFilter-IVF,1797,64,10,44,0.02448525319977741,10,1.0,1,none,0,0,0,1.8485729999611067,1797,44,1797,1797,0,28,0,0
digits,14,narrow,TenantPartition-IVF,1797,64,10,44,0.02448525319977741,10,1.0,1,none,0,0,0,0.4484959999899729,433,44,433,433,0,8,0,0
digits,14,narrow,PreFilter-IVF,1797,64,10,44,0.02448525319977741,10,1.0,1,none,0,0,0,0.3056090001791745,200,44,44,200,28,3,0,0
digits,14,narrow,PACER-A,1797,64,10,44,0.02448525319977741,10,1.0,1,none,0,0,0,0.3848290000405541,48,44,48,48,9,3,1,0
digits,14,narrow,PACER-C,1797,64,10,44,0.02448525319977741,10,1.0,1,none,0,0,0,0.3201990000434307,48,44,48,48,9,3,1,0
digits,14,narrow,PACER-X,1797,64,10,44,0.02448525319977741,10,1.0,1,none,0,0,0,0.2807060000122874,48,44,48,48,9,3,1,0
digits,14,narrow,StaleNoRecheck,1797,64,10,44,0.02448525319977741,10,1.0,1,none,0,0,0,0.3271170000971324,433,48,433,433,0,8,0,0
digits,14,narrow,NaiveNoPolicy,1797,64,10,44,0.02448525319977741,10,0.2,0,ranking_truncation,8,0,7,0.21002599987696158,433,433,433,0,0,8,0,0
digits,15,cold,ExactSecure,1797,64,10,10,0.005564830272676683,10,1.0,1,none,0,0,0,0.9312590000263299,1797,10,10,1797,0,0,1,0
digits,15,cold,PostFilter-IVF,1797,64,10,10,0.005564830272676683,10,1.0,1,none,0,0,0,0.5235529999936261,632,10,632,632,0,8,0,0
digits,15,cold,AdaptivePostFilter-IVF,1797,64,10,10,0.005564830272676683,10,1.0,1,none,0,0,0,2.0178989998385077,1797,10,1797,1797,0,28,0,0
digits,15,cold,TenantPartition-IVF,1797,64,10,10,0.005564830272676683,10,1.0,1,none,0,0,0,0.3594220002014481,632,10,632,632,0,8,0,0
digits,15,cold,PreFilter-IVF,1797,64,10,10,0.005564830272676683,10,1.0,1,none,0,0,0,0.26819099980457395,216,10,10,216,28,2,0,0
digits,15,cold,PACER-A,1797,64,10,10,0.005564830272676683,10,1.0,1,none,0,0,0,0.19145300007039623,11,10,11,11,2,2,1,0
digits,15,cold,PACER-C,1797,64,10,10,0.005564830272676683,10,1.0,1,none,0,0,0,0.170506999893405,11,10,11,11,2,2,1,0
digits,15,cold,PACER-X,1797,64,10,10,0.005564830272676683,10,1.0,1,none,0,0,0,0.16675599999871338,11,10,11,11,2,2,1,0
digits,15,cold,StaleNoRecheck,1797,64,10,10,0.005564830272676683,10,0.9,0,ranking_truncation,0,1,0,0.44752799999514536,632,11,632,632,0,8,0,0
digits,15,cold,NaiveNoPolicy,1797,64,10,10,0.005564830272676683,10,0.0,0,ranking_truncation,10,1,8,0.14476299998023023,632,632,632,0,0,8,0,0
digits,16,broad,ExactSecure,1797,64,10,1631,0.907623817473567,10,1.0,1,none,0,0,0,1.1100079998414003,1797,1631,1631,1797,0,0,1,0
digits,16,broad,PostFilter-IVF,1797,64,10,1631,0.907623817473567,10,1.0,1,none,0,0,0,0.6243230000109179,720,657,720,720,0,8,0,0
digits,16,broad,AdaptivePostFilter-IVF,1797,64,10,1631,0.907623817473567,10,1.0,1,none,0,0,0,2.049476000138384,1797,1631,1797,1797,0,28,0,0
digits,16,broad,TenantPartition-IVF,1797,64,10,1631,0.907623817473567,10,1.0,1,none,0,0,0,0.7373589999133401,720,657,720,720,0,8,0,0
digits,16,broad,PreFilter-IVF,1797,64,10,1631,0.907623817473567,10,0.9,0,ranking_truncation,0,0,0,1.9930390001263731,685,633,633,685,8,8,0,0
digits,16,broad,PACER-A,1797,64,10,1631,0.907623817473567,10,0.9,0,ranking_truncation,0,0,0,1.42677899998489,720,663,720,720,9,9,0,0
digits,16,broad,PACER-C,1797,64,10,1631,0.907623817473567,10,1.0,1,none,0,0,0,4.445135999958438,1797,1631,1797,1797,28,28,1,0
digits,16,broad,PACER-X,1797,64,10,1631,0.907623817473567,10,1.0,1,none,0,0,0,5.065202999958274,1797,1631,1797,1797,28,28,1,0
digits,16,broad,StaleNoRecheck,1797,64,10,1631,0.907623817473567,10,0.8,0,ranking_truncation,0,2,0,0.6179839999731485,720,720,720,720,0,8,0,0
digits,16,broad,NaiveNoPolicy,1797,64,10,1631,0.907623817473567,10,0.8,0,ranking_truncation,0,2,0,0.19937399997616012,720,720,720,0,0,8,0,0
digits,17,medium,ExactSecure,1797,64,10,240,0.1335559265442404,10,1.0,1,none,0,0,0,1.0758700000224053,1797,240,240,1797,0,0,1,0
digits,17,medium,PostFilter-IVF,1797,64,10,240,0.1335559265442404,10,1.0,1,none,0,0,0,0.5907980000756652,550,152,550,550,0,8,0,0
digits,17,medium,AdaptivePostFilter-IVF,1797,64,10,240,0.1335559265442404,10,1.0,1,none,0,0,0,2.2818869999809976,1797,240,1797,1797,0,28,0,0
digits,17,medium,TenantPartition-IVF,1797,64,10,240,0.1335559265442404,10,1.0,1,none,0,0,0,0.4674070000874053,550,152,550,550,0,8,0,0
digits,17,medium,PreFilter-IVF,1797,64,10,240,0.1335559265442404,10,1.0,1,none,0,0,0,0.9946200000285899,682,144,144,682,13,8,0,0
digits,17,medium,PACER-A,1797,64,10,240,0.1335559265442404,10,1.0,1,none,0,0,0,1.3528140000289568,269,240,269,269,25,13,1,0
digits,17,medium,PACER-C,1797,64,10,240,0.1335559265442404,10,1.0,1,none,0,0,0,1.2184709999019105,269,240,269,269,25,13,1,0
digits,17,medium,PACER-X,1797,64,10,240,0.1335559265442404,10,1.0,1,none,0,0,0,1.1174390001542633,269,240,269,269,25,13,1,0
digits,17,medium,StaleNoRecheck,1797,64,10,240,0.1335559265442404,10,1.0,1,none,0,0,0,0.4421329999786394,550,169,550,550,0,8,0,0
digits,17,medium,NaiveNoPolicy,1797,64,10,240,0.1335559265442404,10,0.6,0,ranking_truncation,4,0,3,0.13148399989404425,550,550,550,0,0,8,0,0
digits,18,narrow,ExactSecure,1797,64,10,29,0.016138007790762382,10,1.0,1,none,0,0,0,0.8703450000666635,1797,29,29,1797,0,0,1,0
digits,18,narrow,PostFilter-IVF,1797,64,10,29,0.016138007790762382,1,0.1,0,candidate_starvation,0,0,0,0.253705999966769,313,1,313,313,0,8,0,0
digits,18,narrow,AdaptivePostFilter-IVF,1797,64,10,29,0.016138007790762382,10,1.0,1,none,0,0,0,2.46843800005081,1797,29,1797,1797,0,28,0,0
digits,18,narrow,TenantPartition-IVF,1797,64,10,29,0.016138007790762382,1,0.1,0,candidate_starvation,0,0,0,0.22009200006323226,313,1,313,313,0,8,0,0
digits,18,narrow,PreFilter-IVF,1797,64,10,29,0.016138007790762382,10,1.0,1,none,0,0,0,0.6401489999916521,361,29,29,361,28,4,0,0
digits,18,narrow,PACER-A,1797,64,10,29,0.016138007790762382,10,1.0,1,none,0,0,0,0.6084829999508656,30,29,30,30,22,4,1,0
digits,18,narrow,PACER-C,1797,64,10,29,0.016138007790762382,10,1.0,1,none,0,0,0,0.5913889999646926,30,29,30,30,22,4,1,0
digits,18,narrow,PACER-X,1797,64,10,29,0.016138007790762382,10,1.0,1,none,0,0,0,0.4523170000538812,30,29,30,30,22,4,1,0
digits,18,narrow,StaleNoRecheck,1797,64,10,29,0.016138007790762382,1,0.1,0,candidate_starvation,0,0,0,0.3853919999983191,313,1,313,313,0,8,0,0
digits,18,narrow,NaiveNoPolicy,1797,64,10,29,0.016138007790762382,10,0.0,0,ranking_truncation,10,1,10,0.14923899993846135,313,313,313,0,0,8,0,0
digits,19,cold,ExactSecure,1797,64,10,53,0.02949360044518642,10,1.0,1,none,0,0,0,1.2645189999602735,1797,53,53,1797,0,0,1,0
digits,19,cold,PostFilter-IVF,1797,64,10,53,0.02949360044518642,10,1.0,1,none,0,0,0,0.373144999912256,307,53,307,307,0,8,0,0
digits,19,cold,AdaptivePostFilter-IVF,1797,64,10,53,0.02949360044518642,10,1.0,1,none,0,0,0,2.636276999965048,1797,53,1797,1797,0,28,0,0
digits,19,cold,TenantPartition-IVF,1797,64,10,53,0.02949360044518642,10,1.0,1,none,0,0,0,0.34567800003060256,307,53,307,307,0,8,0,0
digits,19,cold,PreFilter-IVF,1797,64,10,53,0.02949360044518642,10,1.0,1,none,0,0,0,0.5635540001094341,202,53,53,202,28,7,0,0
digits,19,cold,PACER-A,1797,64,10,53,0.02949360044518642,10,1.0,1,none,0,0,0,0.7120899999790709,56,53,56,56,25,7,1,0
digits,19,cold,PACER-C,1797,64,10,53,0.02949360044518642,10,1.0,1,none,0,0,0,0.6789379999645462,56,53,56,56,25,7,1,0
digits,19,cold,PACER-X,1797,64,10,53,0.02949360044518642,10,1.0,1,none,0,0,0,0.614978000157862,56,53,56,56,25,7,1,0
digits,19,cold,StaleNoRecheck,1797,64,10,53,0.02949360044518642,10,1.0,1,none,0,0,0,0.4157679998115782,307,56,307,307,0,8,0,0
digits,19,cold,NaiveNoPolicy,1797,64,10,53,0.02949360044518642,10,0.6,0,ranking_truncation,4,0,0,0.1320510000368813,307,307,307,0,0,8,0,0
digits,20,broad,ExactSecure,1797,64,10,1631,0.907623817473567,10,1.0,1,none,0,0,0,1.5275939999810362,1797,1631,1631,1797,0,0,1,0
digits,20,broad,PostFilter-IVF,1797,64,10,1631,0.907623817473567,10,1.0,1,none,0,0,0,0.8060949999162403,720,659,720,720,0,8,0,0
digits,20,broad,AdaptivePostFilter-IVF,1797,64,10,1631,0.907623817473567,10,1.0,1,none,0,0,0,2.67557899996973,1797,1631,1797,1797,0,28,0,0
digits,20,broad,TenantPartition-IVF,1797,64,10,1631,0.907623817473567,10,1.0,1,none,0,0,0,0.8783490000041638,720,659,720,720,0,8,0,0
digits,20,broad,PreFilter-IVF,1797,64,10,1631,0.907623817473567,10,0.9,0,ranking_truncation,0,0,0,2.416968000034103,720,662,662,720,7,7,0,0
digits,20,broad,PACER-A,1797,64,10,1631,0.907623817473567,10,0.9,0,ranking_truncation,0,0,0,1.571836000039184,720,662,720,720,7,7,0,0
digits,20,broad,PACER-C,1797,64,10,1631,0.907623817473567,10,1.0,1,none,0,0,0,4.064831000050617,1759,1597,1759,1759,26,26,1,0
digits,20,broad,PACER-X,1797,64,10,1631,0.907623817473567,10,1.0,1,none,0,0,0,4.493353999805549,1759,1597,1759,1759,26,26,1,0
digits,20,broad,StaleNoRecheck,1797,64,10,1631,0.907623817473567,10,0.9,0,ranking_truncation,0,1,0,0.5688379999355675,720,720,720,720,0,8,0,0
digits,20,broad,NaiveNoPolicy,1797,64,10,1631,0.907623817473567,10,0.9,0,ranking_truncation,0,1,0,0.18927099995380559,720,720,720,0,0,8,0,0
digits,21,medium,ExactSecure,1797,64,10,206,0.11463550361713967,10,1.0,1,none,0,0,0,1.547882000068057,1797,206,206,1797,0,0,1,0
digits,21,medium,PostFilter-IVF,1797,64,10,206,0.11463550361713967,10,1.0,1,none,0,0,0,0.7130669998787198,575,94,575,575,0,8,0,0
digits,21,medium,AdaptivePostFilter-IVF,1797,64,10,206,0.11463550361713967,10,1.0,1,none,0,0,0,3.2954339999378135,1797,206,1797,1797,0,28,0,0
digits,21,medium,TenantPartition-IVF,1797,64,10,206,0.11463550361713967,10,1.0,1,none,0,0,0,0.7588070000110747,575,94,575,575,0,8,0,0
digits,21,medium,PreFilter-IVF,1797,64,10,206,0.11463550361713967,10,1.0,1,none,0,0,0,1.282162000052267,562,131,131,562,8,8,0,0
digits,21,medium,PACER-A,1797,64,10,206,0.11463550361713967,10,1.0,1,none,0,0,0,2.117933000135963,230,206,230,230,23,16,1,0
digits,21,medium,PACER-C,1797,64,10,206,0.11463550361713967,10,1.0,1,none,0,0,0,2.2485660001621,230,206,230,230,23,16,1,0
digits,21,medium,PACER-X,1797,64,10,206,0.11463550361713967,10,1.0,1,none,0,0,0,2.1191860000726592,230,206,230,230,23,16,1,0
digits,21,medium,StaleNoRecheck,1797,64,10,206,0.11463550361713967,10,1.0,1,none,0,0,0,0.7116360000054556,575,112,575,575,0,8,0,0
digits,21,medium,NaiveNoPolicy,1797,64,10,206,0.11463550361713967,10,0.3,0,ranking_truncation,6,2,1,0.18347199988966167,575,575,575,0,0,8,0,0
digits,22,narrow,ExactSecure,1797,64,10,23,0.012799109627156371,10,1.0,1,none,0,0,0,1.026084999921295,1797,23,23,1797,0,0,1,0
digits,22,narrow,PostFilter-IVF,1797,64,10,23,0.012799109627156371,10,1.0,1,none,0,0,0,0.5397359998369211,640,23,640,640,0,8,0,0
digits,22,narrow,AdaptivePostFilter-IVF,1797,64,10,23,0.012799109627156371,10,1.0,1,none,0,0,0,2.8348499999992782,1797,23,1797,1797,0,28,0,0
digits,22,narrow,TenantPartition-IVF,1797,64,10,23,0.012799109627156371,10,1.0,1,none,0,0,0,0.5401230000643409,640,23,640,640,0,8,0,0
digits,22,narrow,PreFilter-IVF,1797,64,10,23,0.012799109627156371,10,1.0,1,none,0,0,0,0.47033500004545203,260,23,23,260,28,3,0,0
digits,22,narrow,PACER-A,1797,64,10,23,0.012799109627156371,10,1.0,1,none,0,0,0,0.4206630001135636,26,23,26,26,5,3,1,0
digits,22,narrow,PACER-C,1797,64,10,23,0.012799109627156371,10,1.0,1,none,0,0,0,0.36228999988452415,26,23,26,26,5,3,1,0
digits,22,narrow,PACER-X,1797,64,10,23,0.012799109627156371,10,1.0,1,none,0,0,0,0.3552200000740413,26,23,26,26,5,3,1,0
digits,22,narrow,StaleNoRecheck,1797,64,10,23,0.012799109627156371,10,0.9,0,ranking_truncation,0,1,0,0.7096400001955772,640,26,640,640,0,8,0,0
digits,22,narrow,NaiveNoPolicy,1797,64,10,23,0.012799109627156371,10,0.0,0,ranking_truncation,10,1,10,0.18287400007466204,640,640,640,0,0,8,0,0
digits,23,cold,ExactSecure,1797,64,10,35,0.019476905954368393,10,1.0,1,none,0,0,0,1.4905810000982456,1797,35,35,1797,0,0,1,0
digits,23,cold,PostFilter-IVF,1797,64,10,35,0.019476905954368393,10,1.0,1,none,0,0,0,0.8448270000371849,720,32,720,720,0,8,0,0
digits,23,cold,AdaptivePostFilter-IVF,1797,64,10,35,0.019476905954368393,10,1.0,1,none,0,0,0,2.9363860001012654,1797,35,1797,1797,0,28,0,0
digits,23,cold,TenantPartition-IVF,1797,64,10,35,0.019476905954368393,10,1.0,1,none,0,0,0,0.583982000080141,720,32,720,720,0,8,0,0
digits,23,cold,PreFilter-IVF,1797,64,10,35,0.019476905954368393,10,1.0,1,none,0,0,0,0.46304199986479944,260,35,35,260,28,3,0,0
digits,23,cold,PACER-A,1797,64,10,35,0.019476905954368393,10,1.0,1,none,0,0,0,0.4350050000994088,42,35,42,42,6,3,1,0
digits,23,cold,PACER-C,1797,64,10,35,0.019476905954368393,10,1.0,1,none,0,0,0,0.38263300007201906,42,35,42,42,6,3,1,0
digits,23,cold,PACER-X,1797,64,10,35,0.019476905954368393,10,1.0,1,none,0,0,0,0.3813910000189935,42,35,42,42,6,3,1,0
digits,23,cold,StaleNoRecheck,1797,64,10,35,0.019476905954368393,10,0.7,0,ranking_truncation,0,3,0,0.8084329999746842,720,37,720,720,0,8,0,0
digits,23,cold,NaiveNoPolicy,1797,64,10,35,0.019476905954368393,10,0.3,0,ranking_truncation,5,2,0,0.21984999989399512,720,720,720,0,0,8,0,0
digits,24,broad,ExactSecure,1797,64,10,1649,0.9176405119643851,10,1.0,1,none,0,0,0,1.2342480001734657,1797,1649,1649,1797,0,0,1,0
digits,24,broad,PostFilter-IVF,1797,64,10,1649,0.9176405119643851,10,1.0,1,none,0,0,0,0.7671089999803371,719,668,719,719,0,8,0,0
digits,24,broad,AdaptivePostFilter-IVF,1797,64,10,1649,0.9176405119643851,10,1.0,1,none,0,0,0,2.793211999915002,1797,1649,1797,1797,0,28,0,0
digits,24,broad,TenantPartition-IVF,1797,64,10,1649,0.9176405119643851,10,1.0,1,none,0,0,0,1.1028559999886056,719,668,719,719,0,8,0,0
digits,24,broad,PreFilter-IVF,1797,64,10,1649,0.9176405119643851,10,0.9,0,ranking_truncation,0,0,0,2.558098000008613,606,575,575,606,8,8,0,0
digits,24,broad,PACER-A,1797,64,10,1649,0.9176405119643851,10,0.9,0,ranking_truncation,0,0,0,1.4042639998024242,720,677,720,720,9,9,0,0
digits,24,broad,PACER-C,1797,64,10,1649,0.9176405119643851,10,1.0,1,none,0,0,0,4.540492999922208,1797,1649,1797,1797,28,28,1,0
digits,24,broad,PACER-X,1797,64,10,1649,0.9176405119643851,10,1.0,1,none,0,0,0,4.730863000077079,1797,1649,1797,1797,28,28,1,0
digits,24,broad,StaleNoRecheck,1797,64,10,1649,0.9176405119643851,10,1.0,1,none,0,0,0,0.5837930000325287,719,719,719,719,0,8,0,0
digits,24,broad,NaiveNoPolicy,1797,64,10,1649,0.9176405119643851,10,1.0,1,none,0,0,0,0.16196999990825134,719,719,719,0,0,8,0,0
digits,25,medium,ExactSecure,1797,64,10,195,0.10851419031719532,10,1.0,1,none,0,0,0,1.1448969999037217,1797,195,195,1797,0,0,1,0
digits,25,medium,PostFilter-IVF,1797,64,10,195,0.10851419031719532,10,1.0,1,none,0,0,0,0.7767580000290764,695,126,695,695,0,8,0,0
digits,25,medium,AdaptivePostFilter-IVF,1797,64,10,195,0.10851419031719532,10,1.0,1,none,0,0,0,2.364575000001423,1797,195,1797,1797,0,28,0,0
digits,25,medium,TenantPartition-IVF,1797,64,10,195,0.10851419031719532,10,1.0,1,none,0,0,0,0.5109950000132812,695,126,695,695,0,8,0,0
digits,25,medium,PreFilter-IVF,1797,64,10,195,0.10851419031719532,10,1.0,1,none,0,0,0,1.1182400000961934,615,158,158,615,14,8,0,0
digits,25,medium,PACER-A,1797,64,10,195,0.10851419031719532,10,1.0,1,none,0,0,0,2.3268559998541605,217,195,217,217,28,16,1,0
digits,25,medium,PACER-C,1797,64,10,195,0.10851419031719532,10,1.0,1,none,0,0,0,2.1007210000334453,217,195,217,217,28,16,1,0
digits,25,medium,PACER-X,1797,64,10,195,0.10851419031719532,10,1.0,1,none,0,0,0,2.1685100000468083,217,195,217,217,28,16,1,0
digits,25,medium,StaleNoRecheck,1797,64,10,195,0.10851419031719532,10,0.9,0,ranking_truncation,0,1,0,0.6691850001061539,695,140,695,695,0,8,0,0
digits,25,medium,NaiveNoPolicy,1797,64,10,195,0.10851419031719532,10,0.6,0,ranking_truncation,4,1,1,0.17186600007335073,695,695,695,0,0,8,0,0
digits,26,narrow,ExactSecure,1797,64,10,25,0.013912075681691708,10,1.0,1,none,0,0,0,0.9630270001252939,1797,25,25,1797,0,0,1,0
digits,26,narrow,PostFilter-IVF,1797,64,10,25,0.013912075681691708,10,1.0,1,none,0,0,0,0.43602800019471033,508,25,508,508,0,8,0,0
digits,26,narrow,AdaptivePostFilter-IVF,1797,64,10,25,0.013912075681691708,10,1.0,1,none,0,0,0,2.0586719999755587,1797,25,1797,1797,0,28,0,0
digits,26,narrow,TenantPartition-IVF,1797,64,10,25,0.013912075681691708,10,1.0,1,none,0,0,0,0.3461620001417032,508,25,508,508,0,8,0,0
digits,26,narrow,PreFilter-IVF,1797,64,10,25,0.013912075681691708,10,1.0,1,none,0,0,0,0.25443900017307897,152,25,25,152,28,2,0,0
digits,26,narrow,PACER-A,1797,64,10,25,0.013912075681691708,10,1.0,1,none,0,0,0,0.21644499997819366,25,25,25,25,8,2,1,0
digits,26,narrow,PACER-C,1797,64,10,25,0.013912075681691708,10,1.0,1,none,0,0,0,0.22690600007990724,25,25,25,25,8,2,1,0
digits,26,narrow,PACER-X,1797,64,10,25,0.013912075681691708,10,1.0,1,none,0,0,0,0.22343499995258753,25,25,25,25,8,2,1,0
digits,26,narrow,StaleNoRecheck,1797,64,10,25,0.013912075681691708,10,1.0,1,none,0,0,0,0.37401300005512894,508,25,508,508,0,8,0,0
digits,26,narrow,NaiveNoPolicy,1797,64,10,25,0.013912075681691708,10,0.3,0,ranking_truncation,7,1,1,0.11909300019397051,508,508,508,0,0,8,0,0
digits,27,cold,ExactSecure,1797,64,10,19,0.010573177518085699,10,1.0,1,none,0,0,0,0.9209610000198154,1797,19,19,1797,0,0,1,0
digits,27,cold,PostFilter-IVF,1797,64,10,19,0.010573177518085699,10,1.0,1,none,0,0,0,0.5344240000795253,646,19,646,646,0,8,0,0
digits,27,cold,AdaptivePostFilter-IVF,1797,64,10,19,0.010573177518085699,10,1.0,1,none,0,0,0,2.1526119999180082,1797,19,1797,1797,0,28,0,0
digits,27,cold,TenantPartition-IVF,1797,64,10,19,0.010573177518085699,10,1.0,1,none,0,0,0,0.3879429998505657,646,19,646,646,0,8,0,0
digits,27,cold,PreFilter-IVF,1797,64,10,19,0.010573177518085699,10,1.0,1,none,0,0,0,0.35957699992650305,176,19,19,176,28,4,0,0
digits,27,cold,PACER-A,1797,64,10,19,0.010573177518085699,10,1.0,1,none,0,0,0,0.3710360001605295,20,19,20,20,12,4,1,0
digits,27,cold,PACER-C,1797,64,10,19,0.010573177518085699,10,1.0,1,none,0,0,0,0.41887399993356667,20,19,20,20,12,4,1,0
digits,27,cold,PACER-X,1797,64,10,19,0.010573177518085699,10,1.0,1,none,0,0,0,0.31377200002680183,20,19,20,20,12,4,1,0
digits,27,cold,StaleNoRecheck,1797,64,10,19,0.010573177518085699,10,1.0,1,none,0,0,0,0.5101300000660558,646,20,646,646,0,8,0,0
digits,27,cold,NaiveNoPolicy,1797,64,10,19,0.010573177518085699,10,0.0,0,ranking_truncation,10,1,10,0.14385899999069807,646,646,646,0,0,8,0,0
digits,28,broad,ExactSecure,1797,64,10,1617,0.8998330550918197,10,1.0,1,none,0,0,0,1.0027300002093398,1797,1617,1617,1797,0,0,1,0
digits,28,broad,PostFilter-IVF,1797,64,10,1617,0.8998330550918197,10,1.0,1,none,0,0,0,0.33634300007179263,388,354,388,388,0,8,0,0
digits,28,broad,AdaptivePostFilter-IVF,1797,64,10,1617,0.8998330550918197,10,1.0,1,none,0,0,0,2.6397350000024744,1797,1617,1797,1797,0,28,0,0
digits,28,broad,TenantPartition-IVF,1797,64,10,1617,0.8998330550918197,10,1.0,1,none,0,0,0,0.5676089999724354,388,354,388,388,0,8,0,0
digits,28,broad,PreFilter-IVF,1797,64,10,1617,0.8998330550918197,10,0.7,0,ranking_truncation,0,0,0,3.129124999986743,523,483,483,523,8,8,0,0
digits,28,broad,PACER-A,1797,64,10,1617,0.8998330550918197,10,0.7,0,ranking_truncation,0,0,0,2.2947360000671324,720,655,720,720,11,11,0,0
digits,28,broad,PACER-C,1797,64,10,1617,0.8998330550918197,10,1.0,1,none,0,0,0,4.968909000126587,1797,1617,1797,1797,28,28,1,0
digits,28,broad,PACER-X,1797,64,10,1617,0.8998330550918197,10,1.0,1,none,0,0,0,4.732237000098394,1797,1617,1797,1797,28,28,1,0
digits,28,broad,StaleNoRecheck,1797,64,10,1617,0.8998330550918197,10,1.0,1,none,0,0,0,0.5611959998077509,388,388,388,388,0,8,0,0
digits,28,broad,NaiveNoPolicy,1797,64,10,1617,0.8998330550918197,10,1.0,1,none,0,0,0,0.14978500007600815,388,388,388,0,0,8,0,0
digits,29,medium,ExactSecure,1797,64,10,302,0.16805787423483584,10,1.0,1,none,0,0,0,0.9974320000765147,1797,302,302,1797,0,0,1,0
digits,29,medium,PostFilter-IVF,1797,64,10,302,0.16805787423483584,10,1.0,1,none,0,0,0,0.359153999852424,277,80,277,277,0,8,0,0
digits,29,medium,AdaptivePostFilter-IVF,1797,64,10,302,0.16805787423483584,10,1.0,1,none,0,0,0,2.2329810001338046,1797,302,1797,1797,0,28,0,0
digits,29,medium,TenantPartition-IVF,1797,64,10,302,0.16805787423483584,10,1.0,1,none,0,0,0,0.3097139999681531,277,80,277,277,0,8,0,0
digits,29,medium,PreFilter-IVF,1797,64,10,302,0.16805787423483584,10,0.5,0,ranking_truncation,0,0,0,0.7716130000972043,376,80,80,376,8,8,0,0
digits,29,medium,PACER-A,1797,64,10,302,0.16805787423483584,10,1.0,1,none,0,0,0,2.2696649998579232,330,302,330,330,28,24,1,0
digits,29,medium,PACER-C,1797,64,10,302,0.16805787423483584,10,1.0,1,none,0,0,0,2.5596479999876465,330,302,330,330,28,24,1,0
digits,29,medium,PACER-X,1797,64,10,302,0.16805787423483584,10,1.0,1,none,0,0,0,2.0204299999022624,330,302,330,330,28,24,1,0
digits,29,medium,StaleNoRecheck,1797,64,10,302,0.16805787423483584,10,0.9,0,ranking_truncation,0,1,0,0.24493800015079614,277,92,277,277,0,8,0,0
digits,29,medium,NaiveNoPolicy,1797,64,10,302,0.16805787423483584,10,0.5,0,ranking_truncation,5,1,0,0.13164999995751714,277,277,277,0,0,8,0,0
digits,30,narrow,ExactSecure,1797,64,10,12,0.00667779632721202,10,1.0,1,none,0,0,0,0.874685000098907,1797,12,12,1797,0,0,1,0
digits,30,narrow,PostFilter-IVF,1797,64,10,12,0.00667779632721202,10,1.0,1,none,0,0,0,0.289851999923485,352,12,352,352,0,8,0,0
digits,30,narrow,AdaptivePostFilter-IVF,1797,64,10,12,0.00667779632721202,10,1.0,1,none,0,0,0,1.8031049999081006,1797,12,1797,1797,0,28,0,0
digits,30,narrow,TenantPartition-IVF,1797,64,10,12,0.00667779632721202,10,1.0,1,none,0,0,0,0.2546460000303341,352,12,352,352,0,8,0,0
digits,30,narrow,PreFilter-IVF,1797,64,10,12,0.00667779632721202,10,1.0,1,none,0,0,0,0.230974000032802,177,12,12,177,28,2,0,0
digits,30,narrow,PACER-A,1797,64,10,12,0.00667779632721202,10,1.0,1,none,0,0,0,0.24826200001371035,14,12,14,14,4,2,1,0
digits,30,narrow,PACER-C,1797,64,10,12,0.00667779632721202,10,1.0,1,none,0,0,0,0.19627000006039452,14,12,14,14,4,2,1,0
digits,30,narrow,PACER-X,1797,64,10,12,0.00667779632721202,10,1.0,1,none,0,0,0,0.17954000009012816,14,12,14,14,4,2,1,0
digits,30,narrow,StaleNoRecheck,1797,64,10,12,0.00667779632721202,10,0.9,0,ranking_truncation,0,1,0,0.31448400000044785,352,14,352,352,0,8,0,0
digits,30,narrow,NaiveNoPolicy,1797,64,10,12,0.00667779632721202,10,0.1,0,ranking_truncation,9,1,3,0.16600999992988363,352,352,352,0,0,8,0,0
digits,31,cold,ExactSecure,1797,64,10,7,0.0038953811908736783,7,1.0,1,none,0,0,0,0.9888990000490594,1797,7,7,1797,0,0,1,0
digits,31,cold,PostFilter-IVF,1797,64,10,7,0.0038953811908736783,7,1.0,1,none,0,0,0,0.5789830001958762,720,7,720,720,0,8,0,0
digits,31,cold,AdaptivePostFilter-IVF,1797,64,10,7,0.0038953811908736783,7,1.0,1,none,0,0,0,2.1098370000345312,1797,7,1797,1797,0,28,0,0
digits,31,cold,TenantPartition-IVF,1797,64,10,7,0.0038953811908736783,7,1.0,1,none,0,0,0,0.4642050000711606,720,7,720,720,0,8,0,0
digits,31,cold,PreFilter-IVF,1797,64,10,7,0.0038953811908736783,7,1.0,1,none,0,0,0,0.22043700005269784,177,7,7,177,28,2,0,0
digits,31,cold,PACER-A,1797,64,10,7,0.0038953811908736783,7,1.0,1,none,0,0,0,0.18294300002708042,7,7,7,7,8,2,1,0
digits,31,cold,PACER-C,1797,64,10,7,0.0038953811908736783,7,1.0,1,none,0,0,0,0.1632679998238018,7,7,7,7,8,2,1,0
digits,31,cold,PACER-X,1797,64,10,7,0.0038953811908736783,7,1.0,1,none,0,0,0,0.17451100006837805,7,7,7,7,8,2,1,0
digits,31,cold,StaleNoRecheck,1797,64,10,7,0.0038953811908736783,7,1.0,1,none,0,0,0,0.5701380000573408,720,7,720,720,0,8,0,0
digits,31,cold,NaiveNoPolicy,1797,64,10,7,0.0038953811908736783,10,0.14285714285714285,0,ranking_truncation,9,0,6,0.21212699994066497,720,720,720,0,0,8,0,0
digits,32,broad,ExactSecure,1797,64,10,1683,0.9365609348914858,10,1.0,1,none,0,0,0,1.0224669999843172,1797,1683,1683,1797,0,0,1,0
digits,32,broad,PostFilter-IVF,1797,64,10,1683,0.9365609348914858,10,0.7,0,ranking_truncation,0,0,0,0.32942699999694014,335,315,335,335,0,8,0,0
digits,32,broad,AdaptivePostFilter-IVF,1797,64,10,1683,0.9365609348914858,10,1.0,1,none,0,0,0,2.7859679998982756,1797,1683,1797,1797,0,28,0,0
digits,32,broad,TenantPartition-IVF,1797,64,10,1683,0.9365609348914858,10,0.7,0,ranking_truncation,0,0,0,0.4588330000387941,335,315,335,335,0,8,0,0
digits,32,broad,PreFilter-IVF,1797,64,10,1683,0.9365609348914858,10,0.7,0,ranking_truncation,0,0,0,2.2917869998764218,549,519,519,549,8,8,0,0
digits,32,broad,PACER-A,1797,64,10,1683,0.9365609348914858,10,1.0,1,none,0,0,0,1.624708000008468,720,679,720,720,11,11,0,0
digits,32,broad,PACER-C,1797,64,10,1683,0.9365609348914858,10,1.0,1,none,0,0,0,3.9049939998676564,1797,1683,1797,1797,28,28,1,0
digits,32,broad,PACER-X,1797,64,10,1683,0.9365609348914858,10,1.0,1,none,0,0,0,4.272134000075312,1797,1683,1797,1797,28,28,1,0
digits,32,broad,StaleNoRecheck,1797,64,10,1683,0.9365609348914858,10,0.7,0,ranking_truncation,0,1,0,0.3660700001546502,335,335,335,335,0,8,0,0
digits,32,broad,NaiveNoPolicy,1797,64,10,1683,0.9365609348914858,10,0.7,0,ranking_truncation,0,1,0,0.11857599997711077,335,335,335,0,0,8,0,0
digits,33,medium,ExactSecure,1797,64,10,154,0.08569838619922092,10,1.0,1,none,0,0,0,0.9916030001022591,1797,154,154,1797,0,0,1,0
digits,33,medium,PostFilter-IVF,1797,64,10,154,0.08569838619922092,10,1.0,1,none,0,0,0,0.7093480001003627,720,61,720,720,0,8,0,0
digits,33,medium,AdaptivePostFilter-IVF,1797,64,10,154,0.08569838619922092,10,1.0,1,none,0,0,0,2.5221239998245437,1797,154,1797,1797,0,28,0,0
digits,33,medium,TenantPartition-IVF,1797,64,10,154,0.08569838619922092,10,1.0,1,none,0,0,0,0.5597909998869,720,61,720,720,0,8,0,0
digits,33,medium,PreFilter-IVF,1797,64,10,154,0.08569838619922092,10,1.0,1,none,0,0,0,1.119682000080502,726,67,67,726,10,8,0,0
digits,33,medium,PACER-A,1797,64,10,154,0.08569838619922092,10,1.0,1,none,0,0,0,1.5379789999769855,174,153,174,174,26,19,1,0
digits,33,medium,PACER-C,1797,64,10,154,0.08569838619922092,10,1.0,1,none,0,0,0,1.4379149999967922,174,153,174,174,26,19,1,0
digits,33,medium,PACER-X,1797,64,10,154,0.08569838619922092,10,1.0,1,none,0,0,0,1.351928000076441,174,153,174,174,26,19,1,0
digits,33,medium,StaleNoRecheck,1797,64,10,154,0.08569838619922092,10,1.0,1,none,0,0,0,0.6377009999596339,720,72,720,720,0,8,0,0
digits,33,medium,NaiveNoPolicy,1797,64,10,154,0.08569838619922092,10,0.2,0,ranking_truncation,8,0,0,0.20137500018790888,720,720,720,0,0,8,0,0
digits,34,narrow,ExactSecure,1797,64,10,27,0.015025041736227046,10,1.0,1,none,0,0,0,0.9370779998789658,1797,27,27,1797,0,0,1,0
digits,34,narrow,PostFilter-IVF,1797,64,10,27,0.015025041736227046,6,0.5,0,candidate_starvation,0,0,0,0.43038099988734757,602,6,602,602,0,8,0,0
digits,34,narrow,AdaptivePostFilter-IVF,1797,64,10,27,0.015025041736227046,10,1.0,1,none,0,0,0,1.959772999953202,1797,27,1797,1797,0,28,0,0
digits,34,narrow,TenantPartition-IVF,1797,64,10,27,0.015025041736227046,6,0.5,0,candidate_starvation,0,0,0,0.31399099998452584,602,6,602,602,0,8,0,0
digits,34,narrow,PreFilter-IVF,1797,64,10,27,0.015025041736227046,10,1.0,1,none,0,0,0,0.31364500000563567,199,27,27,199,28,4,0,0
digits,34,narrow,PACER-A,1797,64,10,27,0.015025041736227046,10,1.0,1,none,0,0,0,0.35249400002612674,30,27,30,30,27,4,1,0
digits,34,narrow,PACER-C,1797,64,10,27,0.015025041736227046,10,1.0,1,none,0,0,0,0.40731400008553464,30,27,30,30,27,4,1,0
digits,34,narrow,PACER-X,1797,64,10,27,0.015025041736227046,10,1.0,1,none,0,0,0,0.3261690001181705,30,27,30,30,27,4,1,0
digits,34,narrow,StaleNoRecheck,1797,64,10,27,0.015025041736227046,7,0.5,0,candidate_starvation,0,1,0,0.5061740000655846,602,7,602,602,0,8,0,0
digits,34,narrow,NaiveNoPolicy,1797,64,10,27,0.015025041736227046,10,0.0,0,ranking_truncation,10,0,10,0.15554700007669453,602,602,602,0,0,8,0,0
digits,35,cold,ExactSecure,1797,64,10,7,0.0038953811908736783,7,1.0,1,none,0,0,0,1.1004650000359106,1797,7,7,1797,0,0,1,0
digits,35,cold,PostFilter-IVF,1797,64,10,7,0.0038953811908736783,7,1.0,1,none,0,0,0,0.33180399987031706,433,7,433,433,0,8,0,0
digits,35,cold,AdaptivePostFilter-IVF,1797,64,10,7,0.0038953811908736783,7,1.0,1,none,0,0,0,1.9418290000885463,1797,7,1797,1797,0,28,0,0
digits,35,cold,TenantPartition-IVF,1797,64,10,7,0.0038953811908736783,7,1.0,1,none,0,0,0,0.3285039999809669,433,7,433,433,0,8,0,0
digits,35,cold,PreFilter-IVF,1797,64,10,7,0.0038953811908736783,7,1.0,1,none,0,0,0,0.1726069999676838,97,7,7,97,28,1,0,0
digits,35,cold,PACER-A,1797,64,10,7,0.0038953811908736783,7,1.0,1,none,0,0,0,0.11888499989254342,9,7,9,9,2,1,1,0
digits,35,cold,PACER-C,1797,64,10,7,0.0038953811908736783,7,1.0,1,none,0,0,0,0.10365299999648414,9,7,9,9,2,1,1,0
digits,35,cold,PACER-X,1797,64,10,7,0.0038953811908736783,7,1.0,1,none,0,0,0,0.10012500001721492,9,7,9,9,2,1,1,0
digits,35,cold,StaleNoRecheck,1797,64,10,7,0.0038953811908736783,9,1.0,0,ranking_truncation,0,2,0,0.3791980000187323,433,9,433,433,0,8,0,0
digits,35,cold,NaiveNoPolicy,1797,64,10,7,0.0038953811908736783,10,0.0,0,ranking_truncation,10,2,2,0.11608499994508747,433,433,433,0,0,8,0,0
digits,36,broad,ExactSecure,1797,64,10,1617,0.8998330550918197,10,1.0,1,none,0,0,0,1.3261429999147367,1797,1617,1617,1797,0,0,1,0
digits,36,broad,PostFilter-IVF,1797,64,10,1617,0.8998330550918197,10,0.7,0,ranking_truncation,0,0,0,0.5236429999513348,516,467,516,516,0,8,0,0
digits,36,broad,AdaptivePostFilter-IVF,1797,64,10,1617,0.8998330550918197,10,1.0,1,none,0,0,0,2.6256219998685992,1797,1617,1797,1797,0,28,0,0
digits,36,broad,TenantPartition-IVF,1797,64,10,1617,0.8998330550918197,10,0.7,0,ranking_truncation,0,0,0,0.5896469999697729,516,467,516,516,0,8,0,0
digits,36,broad,PreFilter-IVF,1797,64,10,1617,0.8998330550918197,10,1.0,1,none,0,0,0,2.2514469999350695,665,606,606,665,8,8,0,0
digits,36,broad,PACER-A,1797,64,10,1617,0.8998330550918197,10,1.0,1,none,0,0,0,1.8909670000084589,720,652,720,720,10,10,0,0
digits,36,broad,PACER-C,1797,64,10,1617,0.8998330550918197,10,1.0,1,none,0,0,0,3.885509999918213,1797,1617,1797,1797,28,28,1,0
digits,36,broad,PACER-X,1797,64,10,1617,0.8998330550918197,10,1.0,1,none,0,0,0,4.116079999903377,1797,1617,1797,1797,28,28,1,0
digits,36,broad,StaleNoRecheck,1797,64,10,1617,0.8998330550918197,10,0.7,0,ranking_truncation,0,0,0,0.4904499999156542,516,516,516,516,0,8,0,0
digits,36,broad,NaiveNoPolicy,1797,64,10,1617,0.8998330550918197,10,0.7,0,ranking_truncation,0,0,0,0.14003199999024218,516,516,516,0,0,8,0,0
digits,37,medium,ExactSecure,1797,64,10,229,0.12743461324429606,10,1.0,1,none,0,0,0,0.9531509999760601,1797,229,229,1797,0,0,1,0
digits,37,medium,PostFilter-IVF,1797,64,10,229,0.12743461324429606,10,0.9,0,ranking_truncation,0,0,0,0.38822000010441116,433,111,433,433,0,8,0,0
digits,37,medium,AdaptivePostFilter-IVF,1797,64,10,229,0.12743461324429606,10,1.0,1,none,0,0,0,2.0481980000113253,1797,229,1797,1797,0,28,0,0
digits,37,medium,TenantPartition-IVF,1797,64,10,229,0.12743461324429606,10,0.9,0,ranking_truncation,0,0,0,0.3297260000181268,433,111,433,433,0,8,0,0
digits,37,medium,PreFilter-IVF,1797,64,10,229,0.12743461324429606,10,0.7,0,ranking_truncation,0,0,0,1.0495909998553543,650,143,143,650,10,8,0,0
digits,37,medium,PACER-A,1797,64,10,229,0.12743461324429606,10,1.0,1,none,0,0,0,1.3374889999795414,247,229,247,247,27,14,1,0
digits,37,medium,PACER-C,1797,64,10,229,0.12743461324429606,10,1.0,1,none,0,0,0,1.2973740001598344,247,229,247,247,27,14,1,0
digits,37,medium,PACER-X,1797,64,10,229,0.12743461324429606,10,1.0,1,none,0,0,0,1.2574910001603712,247,229,247,247,27,14,1,0
digits,37,medium,StaleNoRecheck,1797,64,10,229,0.12743461324429606,10,0.8,0,ranking_truncation,0,2,0,0.371227999949042,433,121,433,433,0,8,0,0
digits,37,medium,NaiveNoPolicy,1797,64,10,229,0.12743461324429606,10,0.2,0,ranking_truncation,7,1,0,0.16548899998269917,433,433,433,0,0,8,0,0
digits,38,narrow,ExactSecure,1797,64,10,14,0.0077907623817473565,10,1.0,1,none,0,0,0,0.9072590000869241,1797,14,14,1797,0,0,1,0
digits,38,narrow,PostFilter-IVF,1797,64,10,14,0.0077907623817473565,10,1.0,1,none,0,0,0,0.4681419998178171,647,14,647,647,0,8,0,0
digits,38,narrow,AdaptivePostFilter-IVF,1797,64,10,14,0.0077907623817473565,10,1.0,1,none,0,0,0,2.839925999978732,1797,14,1797,1797,0,28,0,0
digits,38,narrow,TenantPartition-IVF,1797,64,10,14,0.0077907623817473565,10,1.0,1,none,0,0,0,0.3550129999894125,647,14,647,647,0,8,0,0
digits,38,narrow,PreFilter-IVF,1797,64,10,14,0.0077907623817473565,10,1.0,1,none,0,0,0,0.2437649998228153,177,14,14,177,28,2,0,0
digits,38,narrow,PACER-A,1797,64,10,14,0.0077907623817473565,10,1.0,1,none,0,0,0,0.2589769999303826,18,14,18,18,2,2,1,0
digits,38,narrow,PACER-C,1797,64,10,14,0.0077907623817473565,10,1.0,1,none,0,0,0,0.19752299999709066,18,14,18,18,2,2,1,0
digits,38,narrow,PACER-X,1797,64,10,14,0.0077907623817473565,10,1.0,1,none,0,0,0,0.23701899999650777,18,14,18,18,2,2,1,0
digits,38,narrow,StaleNoRecheck,1797,64,10,14,0.0077907623817473565,10,0.7,0,ranking_truncation,0,3,0,0.6459230000928073,647,18,647,647,0,8,0,0
digits,38,narrow,NaiveNoPolicy,1797,64,10,14,0.0077907623817473565,10,0.1,0,ranking_truncation,8,4,0,0.16388999983973918,647,647,647,0,0,8,0,0
digits,39,cold,ExactSecure,1797,64,10,8,0.004451864218141347,8,1.0,1,none,0,0,0,1.9810740000139049,1797,8,8,1797,0,0,1,0
digits,39,cold,PostFilter-IVF,1797,64,10,8,0.004451864218141347,5,0.625,0,candidate_starvation,0,0,0,0.5481749999489693,578,5,578,578,0,8,0,0
digits,39,cold,AdaptivePostFilter-IVF,1797,64,10,8,0.004451864218141347,8,1.0,1,none,0,0,0,2.121099000078175,1797,8,1797,1797,0,28,0,0
digits,39,cold,TenantPartition-IVF,1797,64,10,8,0.004451864218141347,5,0.625,0,candidate_starvation,0,0,0,0.3881519999140437,578,5,578,578,0,8,0,0
digits,39,cold,PreFilter-IVF,1797,64,10,8,0.004451864218141347,8,1.0,1,none,0,0,0,0.6191669999680016,373,8,8,373,28,5,0,0
digits,39,cold,PACER-A,1797,64,10,8,0.004451864218141347,8,1.0,1,none,0,0,0,0.49572099987926777,8,8,8,8,25,5,1,0
digits,39,cold,PACER-C,1797,64,10,8,0.004451864218141347,8,1.0,1,none,0,0,0,0.3735850000339269,8,8,8,8,25,5,1,0
digits,39,cold,PACER-X,1797,64,10,8,0.004451864218141347,8,1.0,1,none,0,0,0,0.3869250001571345,8,8,8,8,25,5,1,0
digits,39,cold,StaleNoRecheck,1797,64,10,8,0.004451864218141347,5,0.625,0,candidate_starvation,0,0,0,0.41240500013373094,578,5,578,578,0,8,0,0
digits,39,cold,NaiveNoPolicy,1797,64,10,8,0.004451864218141347,10,0.125,0,ranking_truncation,9,1,6,0.16460899996673106,578,578,578,0,0,8,0,0
digits,40,broad,ExactSecure,1797,64,10,1683,0.9365609348914858,10,1.0,1,none,0,0,0,1.1468369998510752,1797,1683,1683,1797,0,0,1,0
digits,40,broad,PostFilter-IVF,1797,64,10,1683,0.9365609348914858,10,1.0,1,none,0,0,0,0.5480280001393112,646,611,646,646,0,8,0,0
digits,40,broad,AdaptivePostFilter-IVF,1797,64,10,1683,0.9365609348914858,10,1.0,1,none,0,0,0,2.1308699999735836,1797,1683,1797,1797,0,28,0,0
digits,40,broad,TenantPartition-IVF,1797,64,10,1683,0.9365609348914858,10,1.0,1,none,0,0,0,0.6163589998777752,646,611,646,646,0,8,0,0
digits,40,broad,PreFilter-IVF,1797,64,10,1683,0.9365609348914858,10,1.0,1,none,0,0,0,2.2823829999651934,591,560,560,591,8,8,0,0
digits,40,broad,PACER-A,1797,64,10,1683,0.9365609348914858,10,1.0,1,none,0,0,0,1.7488839998804906,720,682,720,720,10,10,0,0
digits,40,broad,PACER-C,1797,64,10,1683,0.9365609348914858,10,1.0,1,none,0,0,0,4.10808900005577,1784,1672,1784,1784,27,27,1,0
digits,40,broad,PACER-X,1797,64,10,1683,0.9365609348914858,10,1.0,1,none,0,0,0,3.684266000163916,1784,1672,1784,1784,27,27,1,0
digits,40,broad,StaleNoRecheck,1797,64,10,1683,0.9365609348914858,10,0.9,0,ranking_truncation,0,1,0,0.7612020001488418,646,646,646,646,0,8,0,0
digits,40,broad,NaiveNoPolicy,1797,64,10,1683,0.9365609348914858,10,0.9,0,ranking_truncation,0,1,0,0.1633090000723314,646,646,646,0,0,8,0,0
digits,41,medium,ExactSecure,1797,64,10,276,0.15358931552587646,10,1.0,1,none,0,0,0,0.9361750001062319,1797,276,276,1797,0,0,1,0
digits,41,medium,PostFilter-IVF,1797,64,10,276,0.15358931552587646,10,1.0,1,none,0,0,0,0.5051739999544225,606,145,606,606,0,8,0,0
digits,41,medium,AdaptivePostFilter-IVF,1797,64,10,276,0.15358931552587646,10,1.0,1,none,0,0,0,2.1408970001175476,1797,276,1797,1797,0,28,0,0
digits,41,medium,TenantPartition-IVF,1797,64,10,276,0.15358931552587646,10,1.0,1,none,0,0,0,0.4186979999758478,606,145,606,606,0,8,0,0
digits,41,medium,PreFilter-IVF,1797,64,10,276,0.15358931552587646,10,1.0,1,none,0,0,0,0.6373270000494813,519,121,121,519,9,8,0,0
digits,41,medium,PACER-A,1797,64,10,276,0.15358931552587646,10,1.0,1,none,0,0,0,1.6049749999638152,308,276,308,308,28,19,1,0
digits,41,medium,PACER-C,1797,64,10,276,0.15358931552587646,10,1.0,1,none,0,0,0,1.6003640000690211,308,276,308,308,28,19,1,0
digits,41,medium,PACER-X,1797,64,10,276,0.15358931552587646,10,1.0,1,none,0,0,0,1.614625000001979,308,276,308,308,28,19,1,0
digits,41,medium,StaleNoRecheck,1797,64,10,276,0.15358931552587646,10,0.8,0,ranking_truncation,0,2,0,0.4842999999254971,606,162,606,606,0,8,0,0
digits,41,medium,NaiveNoPolicy,1797,64,10,276,0.15358931552587646,10,0.5,0,ranking_truncation,4,1,0,0.1416760001120565,606,606,606,0,0,8,0,0
digits,42,narrow,ExactSecure,1797,64,10,18,0.01001669449081803,10,1.0,1,none,0,0,0,0.9351120002065727,1797,18,18,1797,0,0,1,0
digits,42,narrow,PostFilter-IVF,1797,64,10,18,0.01001669449081803,10,1.0,1,none,0,0,0,0.46074000010776217,636,18,636,636,0,8,0,0
digits,42,narrow,AdaptivePostFilter-IVF,1797,64,10,18,0.01001669449081803,10,1.0,1,none,0,0,0,2.242117999912807,1797,18,1797,1797,0,28,0,0
digits,42,narrow,TenantPartition-IVF,1797,64,10,18,0.01001669449081803,10,1.0,1,none,0,0,0,0.4020960000161722,636,18,636,636,0,8,0,0
digits,42,narrow,PreFilter-IVF,1797,64,10,18,0.01001669449081803,10,1.0,1,none,0,0,0,0.3808550000030664,176,18,18,176,28,4,0,0
digits,42,narrow,PACER-A,1797,64,10,18,0.01001669449081803,10,1.0,1,none,0,0,0,0.3461629999037541,20,18,20,20,10,4,1,0
digits,42,narrow,PACER-C,1797,64,10,18,0.01001669449081803,10,1.0,1,none,0,0,0,0.5162009999821748,20,18,20,20,10,4,1,0
digits,42,narrow,PACER-X,1797,64,10,18,0.01001669449081803,10,1.0,1,none,0,0,0,0.5955800002084288,20,18,20,20,10,4,1,0
digits,42,narrow,StaleNoRecheck,1797,64,10,18,0.01001669449081803,10,0.9,0,ranking_truncation,0,1,0,0.923097999930178,636,20,636,636,0,8,0,0
digits,42,narrow,NaiveNoPolicy,1797,64,10,18,0.01001669449081803,10,0.1,0,ranking_truncation,9,0,0,0.2578090000042721,636,636,636,0,0,8,0,0
digits,43,cold,ExactSecure,1797,64,10,12,0.00667779632721202,10,1.0,1,none,0,0,0,1.0480319999714993,1797,12,12,1797,0,0,1,0
digits,43,cold,PostFilter-IVF,1797,64,10,12,0.00667779632721202,6,0.6,0,candidate_starvation,0,0,0,0.46341499978552747,613,6,613,613,0,8,0,0
digits,43,cold,AdaptivePostFilter-IVF,1797,64,10,12,0.00667779632721202,10,1.0,1,none,0,0,0,1.8144179998671461,1797,12,1797,1797,0,28,0,0
digits,43,cold,TenantPartition-IVF,1797,64,10,12,0.00667779632721202,6,0.6,0,candidate_starvation,0,0,0,0.29030600012447394,613,6,613,613,0,8,0,0
digits,43,cold,PreFilter-IVF,1797,64,10,12,0.00667779632721202,10,1.0,1,none,0,0,0,0.2565870001944859,204,12,12,204,28,2,0,0
digits,43,cold,PACER-A,1797,64,10,12,0.00667779632721202,10,1.0,1,none,0,0,0,0.20334900000307243,12,12,12,12,6,2,1,0
digits,43,cold,PACER-C,1797,64,10,12,0.00667779632721202,10,1.0,1,none,0,0,0,0.1788619999842922,12,12,12,12,6,2,1,0
digits,43,cold,PACER-X,1797,64,10,12,0.00667779632721202,10,1.0,1,none,0,0,0,0.17146999994110956,12,12,12,12,6,2,1,0
digits,43,cold,StaleNoRecheck,1797,64,10,12,0.00667779632721202,6,0.6,0,candidate_starvation,0,0,0,0.4261960000349063,613,6,613,613,0,8,0,0
digits,43,cold,NaiveNoPolicy,1797,64,10,12,0.00667779632721202,10,0.3,0,ranking_truncation,7,0,6,0.1322260000051756,613,613,613,0,0,8,0,0
digits,44,broad,ExactSecure,1797,64,10,1683,0.9365609348914858,10,1.0,1,none,0,0,0,1.0467600000083621,1797,1683,1683,1797,0,0,1,0
digits,44,broad,PostFilter-IVF,1797,64,10,1683,0.9365609348914858,10,1.0,1,none,0,0,0,0.5186460000459192,318,304,318,318,0,8,0,0
digits,44,broad,AdaptivePostFilter-IVF,1797,64,10,1683,0.9365609348914858,10,1.0,1,none,0,0,0,2.2718520001490106,1797,1683,1797,1797,0,28,0,0
digits,44,broad,TenantPartition-IVF,1797,64,10,1683,0.9365609348914858,10,1.0,1,none,0,0,0,0.33129999997072446,318,304,318,318,0,8,0,0
digits,44,broad,PreFilter-IVF,1797,64,10,1683,0.9365609348914858,10,1.0,1,none,0,0,0,1.8185920000632905,443,428,428,443,8,8,0,0
digits,44,broad,PACER-A,1797,64,10,1683,0.9365609348914858,10,1.0,1,none,0,0,0,2.710644000217144,720,690,720,720,13,13,0,0
digits,44,broad,PACER-C,1797,64,10,1683,0.9365609348914858,10,1.0,1,none,0,0,0,5.719075999877532,1797,1683,1797,1797,28,28,1,0
digits,44,broad,PACER-X,1797,64,10,1683,0.9365609348914858,10,1.0,1,none,0,0,0,5.667797999876711,1797,1683,1797,1797,28,28,1,0
digits,44,broad,StaleNoRecheck,1797,64,10,1683,0.9365609348914858,10,1.0,1,none,0,0,0,0.4902329999367794,318,318,318,318,0,8,0,0
digits,44,broad,NaiveNoPolicy,1797,64,10,1683,0.9365609348914858,10,1.0,1,none,0,0,0,0.13003000003664056,318,318,318,0,0,8,0,0
digits,45,medium,ExactSecure,1797,64,10,322,0.1791875347801892,10,1.0,1,none,0,0,0,1.7343419999633625,1797,322,322,1797,0,0,1,0
digits,45,medium,PostFilter-IVF,1797,64,10,322,0.1791875347801892,10,1.0,1,none,0,0,0,0.9748580000632501,693,164,693,693,0,8,0,0
digits,45,medium,AdaptivePostFilter-IVF,1797,64,10,322,0.1791875347801892,10,1.0,1,none,0,0,0,3.2546029999593884,1797,322,1797,1797,0,28,0,0
digits,45,medium,TenantPartition-IVF,1797,64,10,322,0.1791875347801892,10,1.0,1,none,0,0,0,0.7449860001997877,693,164,693,693,0,8,0,0
digits,45,medium,PreFilter-IVF,1797,64,10,322,0.1791875347801892,10,1.0,1,none,0,0,0,1.4572349998616119,751,186,186,751,9,8,0,0
digits,45,medium,PACER-A,1797,64,10,322,0.1791875347801892,10,1.0,1,none,0,0,0,2.349499999809268,348,322,348,348,26,17,1,0
digits,45,medium,PACER-C,1797,64,10,322,0.1791875347801892,10,1.0,1,none,0,0,0,2.244227999881332,348,322,348,348,26,17,1,0
digits,45,medium,PACER-X,1797,64,10,322,0.1791875347801892,10,1.0,1,none,0,0,0,2.244929000198681,348,322,348,348,26,17,1,0
digits,45,medium,StaleNoRecheck,1797,64,10,322,0.1791875347801892,10,0.9,0,ranking_truncation,0,1,0,0.8991359998162807,693,181,693,693,0,8,0,0
digits,45,medium,NaiveNoPolicy,1797,64,10,322,0.1791875347801892,10,0.6,0,ranking_truncation,3,2,0,0.27863900004376774,693,693,693,0,0,8,0,0
digits,46,narrow,ExactSecure,1797,64,10,7,0.0038953811908736783,7,1.0,1,none,0,0,0,1.6088400000171532,1797,7,7,1797,0,0,1,0
digits,46,narrow,PostFilter-IVF,1797,64,10,7,0.0038953811908736783,6,0.8571428571428571,0,candidate_starvation,0,0,0,0.8359779999409511,672,6,672,672,0,8,0,0
digits,46,narrow,AdaptivePostFilter-IVF,1797,64,10,7,0.0038953811908736783,7,1.0,1,none,0,0,0,3.275301000030595,1797,7,1797,1797,0,28,0,0
digits,46,narrow,TenantPartition-IVF,1797,64,10,7,0.0038953811908736783,6,0.8571428571428571,0,candidate_starvation,0,0,0,0.6288679999215674,672,6,672,672,0,8,0,0
digits,46,narrow,PreFilter-IVF,1797,64,10,7,0.0038953811908736783,7,1.0,1,none,0,0,0,0.8542200000647426,509,7,7,509,28,4,0,0
digits,46,narrow,PACER-A,1797,64,10,7,0.0038953811908736783,7,1.0,1,none,0,0,0,0.45545300008598133,7,7,7,7,14,4,1,0
digits,46,narrow,PACER-C,1797,64,10,7,0.0038953811908736783,7,1.0,1,none,0,0,0,0.4069560000061756,7,7,7,7,14,4,1,0
digits,46,narrow,PACER-X,1797,64,10,7,0.0038953811908736783,7,1.0,1,none,0,0,0,0.40072400020108034,7,7,7,7,14,4,1,0
digits,46,narrow,StaleNoRecheck,1797,64,10,7,0.0038953811908736783,6,0.8571428571428571,0,candidate_starvation,0,0,0,0.7746690000658418,672,6,672,672,0,8,0,0
digits,46,narrow,NaiveNoPolicy,1797,64,10,7,0.0038953811908736783,10,0.14285714285714285,0,ranking_truncation,9,1,9,0.22322699987853412,672,672,672,0,0,8,0,0
digits,47,cold,ExactSecure,1797,64,10,12,0.00667779632721202,10,1.0,1,none,0,0,0,1.644188000000213,1797,12,12,1797,0,0,1,0
digits,47,cold,PostFilter-IVF,1797,64,10,12,0.00667779632721202,9,0.8,0,candidate_starvation,0,0,0,0.7651710000118328,504,9,504,504,0,8,0,0
digits,47,cold,AdaptivePostFilter-IVF,1797,64,10,12,0.00667779632721202,10,1.0,1,none,0,0,0,3.2126460000654333,1797,12,1797,1797,0,28,0,0
digits,47,cold,TenantPartition-IVF,1797,64,10,12,0.00667779632721202,9,0.8,0,candidate_starvation,0,0,0,0.4233869999552553,504,9,504,504,0,8,0,0
digits,47,cold,PreFilter-IVF,1797,64,10,12,0.00667779632721202,10,1.0,1,none,0,0,0,0.8576899999752641,500,12,12,500,28,6,0,0
digits,47,cold,PACER-A,1797,64,10,12,0.00667779632721202,10,1.0,1,none,0,0,0,0.6502010000986047,14,12,14,14,11,6,1,0
digits,47,cold,PACER-C,1797,64,10,12,0.00667779632721202,10,1.0,1,none,0,0,0,0.6181969999943249,14,12,14,14,11,6,1,0
digits,47,cold,PACER-X,1797,64,10,12,0.00667779632721202,10,1.0,1,none,0,0,0,0.5804690001696144,14,12,14,14,11,6,1,0
digits,47,cold,StaleNoRecheck,1797,64,10,12,0.00667779632721202,10,0.8,0,ranking_truncation,0,1,0,0.6208960001004016,504,10,504,504,0,8,0,0
digits,47,cold,NaiveNoPolicy,1797,64,10,12,0.00667779632721202,10,0.1,0,ranking_truncation,9,1,0,0.2023219999500725,504,504,504,0,0,8,0,0
digits,48,broad,ExactSecure,1797,64,10,1617,0.8998330550918197,10,1.0,1,none,0,0,0,1.8109430000095017,1797,1617,1617,1797,0,0,1,0
digits,48,broad,PostFilter-IVF,1797,64,10,1617,0.8998330550918197,10,1.0,1,none,0,0,0,0.8964990001913975,611,549,611,611,0,8,0,0
digits,48,broad,AdaptivePostFilter-IVF,1797,64,10,1617,0.8998330550918197,10,1.0,1,none,0,0,0,3.373592000116332,1797,1617,1797,1797,0,28,0,0
digits,48,broad,TenantPartition-IVF,1797,64,10,1617,0.8998330550918197,10,1.0,1,none,0,0,0,1.0024069999872154,611,549,611,611,0,8,0,0
digits,48,broad,PreFilter-IVF,1797,64,10,1617,0.8998330550918197,10,1.0,1,none,0,0,0,3.521776000070531,669,611,611,669,8,8,0,0
digits,48,broad,PACER-A,1797,64,10,1617,0.8998330550918197,10,1.0,1,none,0,0,0,2.234084000065195,720,659,720,720,9,9,0,0
digits,48,broad,PACER-C,1797,64,10,1617,0.8998330550918197,10,1.0,1,none,0,0,0,6.023972000093636,1797,1617,1797,1797,28,28,1,0
digits,48,broad,PACER-X,1797,64,10,1617,0.8998330550918197,10,1.0,1,none,0,0,0,5.896356999983254,1797,1617,1797,1797,28,28,1,0
digits,48,broad,StaleNoRecheck,1797,64,10,1617,0.8998330550918197,10,0.8,0,ranking_truncation,0,2,0,0.49743399995350046,611,611,611,611,0,8,0,0
digits,48,broad,NaiveNoPolicy,1797,64,10,1617,0.8998330550918197,10,0.8,0,ranking_truncation,0,2,0,0.1409599999533384,611,611,611,0,0,8,0,0
digits,49,medium,ExactSecure,1797,64,10,236,0.13132999443516974,10,1.0,1,none,0,0,0,0.9986049999497482,1797,236,236,1797,0,0,1,0
digits,49,medium,PostFilter-IVF,1797,64,10,236,0.13132999443516974,10,1.0,1,none,0,0,0,0.4439530000581726,579,152,579,579,0,8,0,0
digits,49,medium,AdaptivePostFilter-IVF,1797,64,10,236,0.13132999443516974,10,1.0,1,none,0,0,0,1.9296190000659408,1797,236,1797,1797,0,28,0,0
digits,49,medium,TenantPartition-IVF,1797,64,10,236,0.13132999443516974,10,1.0,1,none,0,0,0,0.45208200003798993,579,152,579,579,0,8,0,0
digits,49,medium,PreFilter-IVF,1797,64,10,236,0.13132999443516974,10,0.9,0,ranking_truncation,0,0,0,0.7340310000927275,587,108,108,587,8,8,0,0
digits,49,medium,PACER-A,1797,64,10,236,0.13132999443516974,10,1.0,1,none,0,0,0,1.5228209999804676,268,236,268,268,25,16,1,0
digits,49,medium,PACER-C,1797,64,10,236,0.13132999443516974,10,1.0,1,none,0,0,0,1.3218079998296162,268,236,268,268,25,16,1,0
digits,49,medium,PACER-X,1797,64,10,236,0.13132999443516974,10,1.0,1,none,0,0,0,1.3901709999117884,268,236,268,268,25,16,1,0
digits,49,medium,StaleNoRecheck,1797,64,10,236,0.13132999443516974,10,0.7,0,ranking_truncation,0,3,0,0.4335090000040509,579,176,579,579,0,8,0,0
digits,49,medium,NaiveNoPolicy,1797,64,10,236,0.13132999443516974,10,0.3,0,ranking_truncation,6,1,0,0.13570399983109382,579,579,579,0,0,8,0,0
digits,50,narrow,ExactSecure,1797,64,10,30,0.01669449081803005,10,1.0,1,none,0,0,0,0.8695029998762038,1797,30,30,1797,0,0,1,0
digits,50,narrow,PostFilter-IVF,1797,64,10,30,0.01669449081803005,10,1.0,1,none,0,0,0,0.3748050000922376,497,29,497,497,0,8,0,0
digits,50,narrow,AdaptivePostFilter-IVF,1797,64,10,30,0.01669449081803005,10,1.0,1,none,0,0,0,1.873018999958731,1797,30,1797,1797,0,28,0,0
digits,50,narrow,TenantPartition-IVF,1797,64,10,30,0.01669449081803005,10,1.0,1,none,0,0,0,0.30303699986689026,497,29,497,497,0,8,0,0
digits,50,narrow,PreFilter-IVF,1797,64,10,30,0.01669449081803005,10,1.0,1,none,0,0,0,4.228496999985509,360,30,30,360,28,6,0,0
digits,50,narrow,PACER-A,1797,64,10,30,0.01669449081803005,10,1.0,1,none,0,0,0,0.5061409999598254,33,30,33,33,11,6,1,0
digits,50,narrow,PACER-C,1797,64,10,30,0.01669449081803005,10,1.0,1,none,0,0,0,0.5382509998526075,33,30,33,33,11,6,1,0
digits,50,narrow,PACER-X,1797,64,10,30,0.01669449081803005,10,1.0,1,none,0,0,0,0.47858199991424044,33,30,33,33,11,6,1,0
digits,50,narrow,StaleNoRecheck,1797,64,10,30,0.01669449081803005,10,0.8,0,ranking_truncation,0,2,0,0.39381999999932304,497,32,497,497,0,8,0,0
digits,50,narrow,NaiveNoPolicy,1797,64,10,30,0.01669449081803005,10,0.2,0,ranking_truncation,8,0,1,0.13026700003138103,497,497,497,0,0,8,0,0
digits,51,cold,ExactSecure,1797,64,10,13,0.007234279354479688,10,1.0,1,none,0,0,0,0.8920570001009764,1797,13,13,1797,0,0,1,0
digits,51,cold,PostFilter-IVF,1797,64,10,13,0.007234279354479688,10,1.0,1,none,0,0,0,0.5665880000833567,691,13,691,691,0,8,0,0
digits,51,cold,AdaptivePostFilter-IVF,1797,64,10,13,0.007234279354479688,10,1.0,1,none,0,0,0,2.22749899990049,1797,13,1797,1797,0,28,0,0
digits,51,cold,TenantPartition-IVF,1797,64,10,13,0.007234279354479688,10,1.0,1,none,0,0,0,0.4097319999800675,691,13,691,691,0,8,0,0
digits,51,cold,PreFilter-IVF,1797,64,10,13,0.007234279354479688,10,1.0,1,none,0,0,0,0.3080230001160089,152,13,13,152,28,2,0,0
digits,51,cold,PACER-A,1797,64,10,13,0.007234279354479688,10,1.0,1,none,0,0,0,0.25184100013575517,14,13,14,14,3,2,1,0
digits,51,cold,PACER-C,1797,64,10,13,0.007234279354479688,10,1.0,1,none,0,0,0,0.18884699989030196,14,13,14,14,3,2,1,0
digits,51,cold,PACER-X,1797,64,10,13,0.007234279354479688,10,1.0,1,none,0,0,0,0.24820199996611336,14,13,14,14,3,2,1,0
digits,51,cold,StaleNoRecheck,1797,64,10,13,0.007234279354479688,10,1.0,1,none,0,0,0,0.514201999976649,691,14,691,691,0,8,0,0
digits,51,cold,NaiveNoPolicy,1797,64,10,13,0.007234279354479688,10,0.4,0,ranking_truncation,6,1,0,0.15786700009812193,691,691,691,0,0,8,0,0
digits,52,broad,ExactSecure,1797,64,10,1597,0.8887033945464663,10,1.0,1,none,0,0,0,1.0700350001116021,1797,1597,1597,1797,0,0,1,0
digits,52,broad,PostFilter-IVF,1797,64,10,1597,0.8887033945464663,10,1.0,1,none,0,0,0,0.4581900000175665,538,471,538,538,0,8,0,0
digits,52,broad,AdaptivePostFilter-IVF,1797,64,10,1597,0.8887033945464663,10,1.0,1,none,0,0,0,2.1678599998722348,1797,1597,1797,1797,0,28,0,0
digits,52,broad,TenantPartition-IVF,1797,64,10,1597,0.8887033945464663,10,1.0,1,none,0,0,0,0.5620590000035008,538,471,538,538,0,8,0,0
digits,52,broad,PreFilter-IVF,1797,64,10,1597,0.8887033945464663,10,1.0,1,none,0,0,0,1.4663680001376633,585,522,522,585,8,8,0,0
digits,52,broad,PACER-A,1797,64,10,1597,0.8887033945464663,10,1.0,1,none,0,0,0,1.750751000145101,720,641,720,720,10,10,0,0
digits,52,broad,PACER-C,1797,64,10,1597,0.8887033945464663,10,1.0,1,none,0,0,0,4.479158999856736,1797,1597,1797,1797,28,28,1,0
digits,52,broad,PACER-X,1797,64,10,1597,0.8887033945464663,10,1.0,1,none,0,0,0,4.5454300000074,1797,1597,1797,1797,28,28,1,0
digits,52,broad,StaleNoRecheck,1797,64,10,1597,0.8887033945464663,10,0.8,0,ranking_truncation,0,2,0,0.5154289999609318,538,538,538,538,0,8,0,0
digits,52,broad,NaiveNoPolicy,1797,64,10,1597,0.8887033945464663,10,0.8,0,ranking_truncation,0,2,0,0.14222499999050342,538,538,538,0,0,8,0,0
digits,53,medium,ExactSecure,1797,64,10,139,0.0773511407902059,10,1.0,1,none,0,0,0,0.9905990000333986,1797,139,139,1797,0,0,1,0
digits,53,medium,PostFilter-IVF,1797,64,10,139,0.0773511407902059,10,1.0,1,none,0,0,0,0.4546109998955217,480,48,480,480,0,8,0,0
digits,53,medium,AdaptivePostFilter-IVF,1797,64,10,139,0.0773511407902059,10,1.0,1,none,0,0,0,2.1655630000623205,1797,139,1797,1797,0,28,0,0
digits,53,medium,TenantPartition-IVF,1797,64,10,139,0.0773511407902059,10,1.0,1,none,0,0,0,0.42335700004514365,480,48,480,480,0,8,0,0
digits,53,medium,PreFilter-IVF,1797,64,10,139,0.0773511407902059,10,1.0,1,none,0,0,0,0.9902110000439279,644,64,64,644,8,8,0,0
digits,53,medium,PACER-A,1797,64,10,139,0.0773511407902059,10,1.0,1,none,0,0,0,1.2815729999147152,156,139,156,156,26,14,1,0
digits,53,medium,PACER-C,1797,64,10,139,0.0773511407902059,10,1.0,1,none,0,0,0,1.245848000053229,156,139,156,156,26,14,1,0
digits,53,medium,PACER-X,1797,64,10,139,0.0773511407902059,10,1.0,1,none,0,0,0,1.2022769999475713,156,139,156,156,26,14,1,0
digits,53,medium,StaleNoRecheck,1797,64,10,139,0.0773511407902059,10,0.9,0,ranking_truncation,0,1,0,0.3881370000726747,480,53,480,480,0,8,0,0
digits,53,medium,NaiveNoPolicy,1797,64,10,139,0.0773511407902059,10,0.3,0,ranking_truncation,7,0,2,0.15295499997591833,480,480,480,0,0,8,0,0
digits,54,narrow,ExactSecure,1797,64,10,20,0.011129660545353366,10,1.0,1,none,0,0,0,1.0099300000092626,1797,20,20,1797,0,0,1,0
digits,54,narrow,PostFilter-IVF,1797,64,10,20,0.011129660545353366,10,1.0,1,none,0,0,0,0.599346999933914,651,20,651,651,0,8,0,0
digits,54,narrow,AdaptivePostFilter-IVF,1797,64,10,20,0.011129660545353366,10,1.0,1,none,0,0,0,2.298883000094065,1797,20,1797,1797,0,28,0,0
digits,54,narrow,TenantPartition-IVF,1797,64,10,20,0.011129660545353366,10,1.0,1,none,0,0,0,0.43985899992549093,651,20,651,651,0,8,0,0
digits,54,narrow,PreFilter-IVF,1797,64,10,20,0.011129660545353366,10,1.0,1,none,0,0,0,0.2828080000654154,181,20,20,181,28,2,0,0
digits,54,narrow,PACER-A,1797,64,10,20,0.011129660545353366,10,1.0,1,none,0,0,0,0.22685800013277913,20,20,20,20,2,2,1,0
digits,54,narrow,PACER-C,1797,64,10,20,0.011129660545353366,10,1.0,1,none,0,0,0,0.22180900009516336,20,20,20,20,2,2,1,0
digits,54,narrow,PACER-X,1797,64,10,20,0.011129660545353366,10,1.0,1,none,0,0,0,0.22253499992075376,20,20,20,20,2,2,1,0
digits,54,narrow,StaleNoRecheck,1797,64,10,20,0.011129660545353366,10,1.0,1,none,0,0,0,0.4632630000287463,651,20,651,651,0,8,0,0
digits,54,narrow,NaiveNoPolicy,1797,64,10,20,0.011129660545353366,10,0.0,0,ranking_truncation,10,0,1,0.14881399988553312,651,651,651,0,0,8,0,0
digits,55,cold,ExactSecure,1797,64,10,13,0.007234279354479688,10,1.0,1,none,0,0,0,1.0830319999968196,1797,13,13,1797,0,0,1,0
digits,55,cold,PostFilter-IVF,1797,64,10,13,0.007234279354479688,10,1.0,1,none,0,0,0,0.38428500010923017,354,13,354,354,0,8,0,0
digits,55,cold,AdaptivePostFilter-IVF,1797,64,10,13,0.007234279354479688,10,1.0,1,none,0,0,0,2.170240000168633,1797,13,1797,1797,0,28,0,0
digits,55,cold,TenantPartition-IVF,1797,64,10,13,0.007234279354479688,10,1.0,1,none,0,0,0,0.2661470000475674,354,13,354,354,0,8,0,0
digits,55,cold,PreFilter-IVF,1797,64,10,13,0.007234279354479688,10,1.0,1,none,0,0,0,0.3634709999005281,199,13,13,199,28,4,0,0
digits,55,cold,PACER-A,1797,64,10,13,0.007234279354479688,10,1.0,1,none,0,0,0,0.38379900001928036,14,13,14,14,19,4,1,0
digits,55,cold,PACER-C,1797,64,10,13,0.007234279354479688,10,1.0,1,none,0,0,0,0.33183999994435,14,13,14,14,19,4,1,0
digits,55,cold,PACER-X,1797,64,10,13,0.007234279354479688,10,1.0,1,none,0,0,0,0.3391110001302877,14,13,14,14,19,4,1,0
digits,55,cold,StaleNoRecheck,1797,64,10,13,0.007234279354479688,10,0.9,0,ranking_truncation,0,1,0,0.27952200002800964,354,14,354,354,0,8,0,0
digits,55,cold,NaiveNoPolicy,1797,64,10,13,0.007234279354479688,10,0.2,0,ranking_truncation,8,0,0,0.10845899987543817,354,354,354,0,0,8,0,0
digits,56,broad,ExactSecure,1797,64,10,1649,0.9176405119643851,10,1.0,1,none,0,0,0,1.0352809999858437,1797,1649,1649,1797,0,0,1,0
digits,56,broad,PostFilter-IVF,1797,64,10,1649,0.9176405119643851,10,1.0,1,none,0,0,0,0.4535339999165444,462,421,462,462,0,8,0,0
digits,56,broad,AdaptivePostFilter-IVF,1797,64,10,1649,0.9176405119643851,10,1.0,1,none,0,0,0,2.2694209999372106,1797,1649,1797,1797,0,28,0,0
digits,56,broad,TenantPartition-IVF,1797,64,10,1649,0.9176405119643851,10,1.0,1,none,0,0,0,0.4739490000247315,462,421,462,462,0,8,0,0
digits,56,broad,PreFilter-IVF,1797,64,10,1649,0.9176405119643851,10,1.0,1,none,0,0,0,1.5964540000368288,634,588,588,634,8,8,0,0
digits,56,broad,PACER-A,1797,64,10,1649,0.9176405119643851,10,1.0,1,none,0,0,0,1.7751899999893794,720,668,720,720,10,10,0,0
digits,56,broad,PACER-C,1797,64,10,1649,0.9176405119643851,10,1.0,1,none,0,0,0,3.869156999826373,1797,1649,1797,1797,28,28,1,0
digits,56,broad,PACER-X,1797,64,10,1649,0.9176405119643851,10,1.0,1,none,0,0,0,3.8689240000167047,1797,1649,1797,1797,28,28,1,0
digits,56,broad,StaleNoRecheck,1797,64,10,1649,0.9176405119643851,10,1.0,1,none,0,0,0,0.4439750000528875,462,462,462,462,0,8,0,0
digits,56,broad,NaiveNoPolicy,1797,64,10,1649,0.9176405119643851,10,1.0,1,none,0,0,0,0.1209250001465989,462,462,462,0,0,8,0,0
digits,57,medium,ExactSecure,1797,64,10,154,0.08569838619922092,10,1.0,1,none,0,0,0,0.9735899998304376,1797,154,154,1797,0,0,1,0
digits,57,medium,PostFilter-IVF,1797,64,10,154,0.08569838619922092,10,1.0,1,none,0,0,0,0.6284920000325656,720,95,720,720,0,8,0,0
digits,57,medium,AdaptivePostFilter-IVF,1797,64,10,154,0.08569838619922092,10,1.0,1,none,0,0,0,2.3163200000908546,1797,154,1797,1797,0,28,0,0
digits,57,medium,TenantPartition-IVF,1797,64,10,154,0.08569838619922092,10,1.0,1,none,0,0,0,0.4987350000646984,720,95,720,720,0,8,0,0
digits,57,medium,PreFilter-IVF,1797,64,10,154,0.08569838619922092,10,1.0,1,none,0,0,0,0.9039919998485857,618,99,99,618,9,8,0,0
digits,57,medium,PACER-A,1797,64,10,154,0.08569838619922092,10,1.0,1,none,0,0,0,1.231479000125546,175,154,175,175,23,14,1,0
digits,57,medium,PACER-C,1797,64,10,154,0.08569838619922092,10,1.0,1,none,0,0,0,1.214246000017738,175,154,175,175,23,14,1,0
digits,57,medium,PACER-X,1797,64,10,154,0.08569838619922092,10,1.0,1,none,0,0,0,1.1780939998971007,175,154,175,175,23,14,1,0
digits,57,medium,StaleNoRecheck,1797,64,10,154,0.08569838619922092,10,0.8,0,ranking_truncation,0,2,0,0.6008829998336296,720,112,720,720,0,8,0,0
digits,57,medium,NaiveNoPolicy,1797,64,10,154,0.08569838619922092,10,0.3,0,ranking_truncation,7,0,0,0.2265519999582466,720,720,720,0,0,8,0,0
digits,58,narrow,ExactSecure,1797,64,10,7,0.0038953811908736783,7,1.0,1,none,0,0,0,1.1980669999047677,1797,7,7,1797,0,0,1,0
digits,58,narrow,PostFilter-IVF,1797,64,10,7,0.0038953811908736783,7,1.0,1,none,0,0,0,0.2659819999735191,307,7,307,307,0,8,0,0
digits,58,narrow,AdaptivePostFilter-IVF,1797,64,10,7,0.0038953811908736783,7,1.0,1,none,0,0,0,1.9596050001382537,1797,7,1797,1797,0,28,0,0
digits,58,narrow,TenantPartition-IVF,1797,64,10,7,0.0038953811908736783,7,1.0,1,none,0,0,0,0.2465749998918909,307,7,307,307,0,8,0,0
digits,58,narrow,PreFilter-IVF,1797,64,10,7,0.0038953811908736783,7,1.0,1,none,0,0,0,0.319253000043318,129,7,7,129,28,4,0,0
digits,58,narrow,PACER-A,1797,64,10,7,0.0038953811908736783,7,1.0,1,none,0,0,0,0.4757249998874613,7,7,7,7,18,4,1,0
digits,58,narrow,PACER-C,1797,64,10,7,0.0038953811908736783,7,1.0,1,none,0,0,0,0.4968089999692893,7,7,7,7,18,4,1,0
digits,58,narrow,PACER-X,1797,64,10,7,0.0038953811908736783,7,1.0,1,none,0,0,0,0.43391100007283967,7,7,7,7,18,4,1,0
digits,58,narrow,StaleNoRecheck,1797,64,10,7,0.0038953811908736783,7,1.0,1,none,0,0,0,0.251678999802607,307,7,307,307,0,8,0,0
digits,58,narrow,NaiveNoPolicy,1797,64,10,7,0.0038953811908736783,10,0.42857142857142855,0,ranking_truncation,7,1,0,0.13101500007905997,307,307,307,0,0,8,0,0
digits,59,cold,ExactSecure,1797,64,10,27,0.015025041736227046,10,1.0,1,none,0,0,0,0.9264309999252873,1797,27,27,1797,0,0,1,0
digits,59,cold,PostFilter-IVF,1797,64,10,27,0.015025041736227046,10,1.0,1,none,0,0,0,0.2837029999227525,225,27,225,225,0,8,0,0
digits,59,cold,AdaptivePostFilter-IVF,1797,64,10,27,0.015025041736227046,10,1.0,1,none,0,0,0,3.0151600001318,1797,27,1797,1797,0,28,0,0
digits,59,cold,TenantPartition-IVF,1797,64,10,27,0.015025041736227046,10,1.0,1,none,0,0,0,0.2769430000171269,225,27,225,225,0,8,0,0
digits,59,cold,PreFilter-IVF,1797,64,10,27,0.015025041736227046,10,1.0,1,none,0,0,0,0.3621949999796925,175,27,27,175,28,6,0,0
digits,59,cold,PACER-A,1797,64,10,27,0.015025041736227046,10,1.0,1,none,0,0,0,0.6359169999541336,31,27,31,31,28,6,1,0
digits,59,cold,PACER-C,1797,64,10,27,0.015025041736227046,10,1.0,1,none,0,0,0,0.47750500016263686,31,27,31,31,28,6,1,0
digits,59,cold,PACER-X,1797,64,10,27,0.015025041736227046,10,1.0,1,none,0,0,0,0.4959339999004442,31,27,31,31,28,6,1,0
digits,59,cold,StaleNoRecheck,1797,64,10,27,0.015025041736227046,10,0.9,0,ranking_truncation,0,1,0,0.202373999854899,225,31,225,225,0,8,0,0
digits,59,cold,NaiveNoPolicy,1797,64,10,27,0.015025041736227046,10,0.0,0,ranking_truncation,9,2,1,0.07923399994069769,225,225,225,0,0,8,0,0
digits,60,broad,ExactSecure,1797,64,10,1597,0.8887033945464663,10,1.0,1,none,0,0,0,1.2482520000958175,1797,1597,1597,1797,0,0,1,0
digits,60,broad,PostFilter-IVF,1797,64,10,1597,0.8887033945464663,10,1.0,1,none,0,0,0,0.8543070000541775,620,556,620,620,0,8,0,0
digits,60,broad,AdaptivePostFilter-IVF,1797,64,10,1597,0.8887033945464663,10,1.0,1,none,0,0,0,3.4592209999573242,1797,1597,1797,1797,0,28,0,0
digits,60,broad,TenantPartition-IVF,1797,64,10,1597,0.8887033945464663,10,1.0,1,none,0,0,0,0.6309810000857397,620,556,620,620,0,8,0,0
digits,60,broad,PreFilter-IVF,1797,64,10,1597,0.8887033945464663,10,1.0,1,none,0,0,0,2.124288000004526,621,567,567,621,8,8,0,0
digits,60,broad,PACER-A,1797,64,10,1597,0.8887033945464663,10,1.0,1,none,0,0,0,1.6553309999380872,720,652,720,720,9,9,0,0
digits,60,broad,PACER-C,1797,64,10,1597,0.8887033945464663,10,1.0,1,none,0,0,0,3.8233210000271356,1797,1597,1797,1797,28,28,1,0
digits,60,broad,PACER-X,1797,64,10,1597,0.8887033945464663,10,1.0,1,none,0,0,0,3.6197849999553,1797,1597,1797,1797,28,28,1,0
digits,60,broad,StaleNoRecheck,1797,64,10,1597,0.8887033945464663,10,0.9,0,ranking_truncation,0,1,0,0.5665450000833516,620,620,620,620,0,8,0,0
digits,60,broad,NaiveNoPolicy,1797,64,10,1597,0.8887033945464663,10,0.9,0,ranking_truncation,0,1,0,0.14455199993790302,620,620,620,0,0,8,0,0
digits,61,medium,ExactSecure,1797,64,10,145,0.08069003895381191,10,1.0,1,none,0,0,0,1.3606130000880512,1797,145,145,1797,0,0,1,0
digits,61,medium,PostFilter-IVF,1797,64,10,145,0.08069003895381191,10,1.0,1,none,0,0,0,0.8234880001509737,507,44,507,507,0,8,0,0
digits,61,medium,AdaptivePostFilter-IVF,1797,64,10,145,0.08069003895381191,10,1.0,1,none,0,0,0,2.594930999975986,1797,145,1797,1797,0,28,0,0
digits,61,medium,TenantPartition-IVF,1797,64,10,145,0.08069003895381191,10,1.0,1,none,0,0,0,0.36620000014409015,507,44,507,507,0,8,0,0
digits,61,medium,PreFilter-IVF,1797,64,10,145,0.08069003895381191,10,1.0,1,none,0,0,0,1.4305350000540784,676,58,58,676,10,8,0,0
digits,61,medium,PACER-A,1797,64,10,145,0.08069003895381191,10,1.0,1,none,0,0,0,2.1697140000469517,162,145,162,162,27,15,1,0
digits,61,medium,PACER-C,1797,64,10,145,0.08069003895381191,10,1.0,1,none,0,0,0,1.6066630000750592,162,145,162,162,27,15,1,0
digits,61,medium,PACER-X,1797,64,10,145,0.08069003895381191,10,1.0,1,none,0,0,0,1.15815199978897,162,145,162,162,27,15,1,0
digits,61,medium,StaleNoRecheck,1797,64,10,145,0.08069003895381191,10,0.9,0,ranking_truncation,0,1,0,0.415462000091793,507,49,507,507,0,8,0,0
digits,61,medium,NaiveNoPolicy,1797,64,10,145,0.08069003895381191,10,0.6,0,ranking_truncation,3,1,0,0.15184700009740482,507,507,507,0,0,8,0,0
digits,62,narrow,ExactSecure,1797,64,10,14,0.0077907623817473565,10,1.0,1,none,0,0,0,0.9943049999492359,1797,14,14,1797,0,0,1,0
digits,62,narrow,PostFilter-IVF,1797,64,10,14,0.0077907623817473565,9,0.7,0,candidate_starvation,0,0,0,0.6403550000868563,720,9,720,720,0,8,0,0
digits,62,narrow,AdaptivePostFilter-IVF,1797,64,10,14,0.0077907623817473565,10,1.0,1,none,0,0,0,2.58022399998481,1797,14,1797,1797,0,28,0,0
digits,62,narrow,TenantPartition-IVF,1797,64,10,14,0.0077907623817473565,9,0.7,0,candidate_starvation,0,0,0,0.4276510001091083,720,9,720,720,0,8,0,0
digits,62,narrow,PreFilter-IVF,1797,64,10,14,0.0077907623817473565,10,1.0,1,none,0,0,0,0.3609190000588569,259,14,14,259,28,3,0,0
digits,62,narrow,PACER-A,1797,64,10,14,0.0077907623817473565,10,1.0,1,none,0,0,0,0.3002480000304786,15,14,15,15,15,3,1,0
digits,62,narrow,PACER-C,1797,64,10,14,0.0077907623817473565,10,1.0,1,none,0,0,0,0.2510609999717417,15,14,15,15,15,3,1,0
digits,62,narrow,PACER-X,1797,64,10,14,0.0077907623817473565,10,1.0,1,none,0,0,0,0.24357200004487822,15,14,15,15,15,3,1,0
digits,62,narrow,StaleNoRecheck,1797,64,10,14,0.0077907623817473565,9,0.7,0,candidate_starvation,0,0,0,0.5575059999500809,720,9,720,720,0,8,0,0
digits,62,narrow,NaiveNoPolicy,1797,64,10,14,0.0077907623817473565,10,0.0,0,ranking_truncation,10,1,10,0.19080199990639812,720,720,720,0,0,8,0,0
digits,63,cold,ExactSecure,1797,64,10,2,0.0011129660545353367,2,1.0,1,none,0,0,0,0.9763409998413408,1797,2,2,1797,0,0,1,0
digits,63,cold,PostFilter-IVF,1797,64,10,2,0.0011129660545353367,0,0.0,0,candidate_starvation,0,0,0,0.9282749999783846,720,0,720,720,0,8,0,0
digits,63,cold,AdaptivePostFilter-IVF,1797,64,10,2,0.0011129660545353367,2,1.0,1,none,0,0,0,2.2809449999385834,1797,2,1797,1797,0,28,0,0
digits,63,cold,TenantPartition-IVF,1797,64,10,2,0.0011129660545353367,0,0.0,0,candidate_starvation,0,0,0,0.35770499994214333,720,0,720,720,0,8,0,0
digits,63,cold,PreFilter-IVF,1797,64,10,2,0.0011129660545353367,2,1.0,1,none,0,0,0,0.21384100000432227,134,2,2,134,28,1,0,0
digits,63,cold,PACER-A,1797,64,10,2,0.0011129660545353367,2,1.0,1,none,0,0,0,0.13988099999551196,2,2,2,2,8,1,1,0
digits,63,cold,PACER-C,1797,64,10,2,0.0011129660545353367,2,1.0,1,none,0,0,0,0.10226700010207423,2,2,2,2,8,1,1,0
digits,63,cold,PACER-X,1797,64,10,2,0.0011129660545353367,2,1.0,1,none,0,0,0,0.09783499990589917,2,2,2,2,8,1,1,0
digits,63,cold,StaleNoRecheck,1797,64,10,2,0.0011129660545353367,0,0.0,0,candidate_starvation,0,0,0,0.5547509999814793,720,0,720,720,0,8,0,0
digits,63,cold,NaiveNoPolicy,1797,64,10,2,0.0011129660545353367,10,0.0,0,ranking_truncation,10,0,10,0.19605099987529684,720,720,720,0,0,8,0,0
digits,64,broad,ExactSecure,1797,64,10,1631,0.907623817473567,10,1.0,1,none,0,0,0,1.1835640000299463,1797,1631,1631,1797,0,0,1,0
digits,64,broad,PostFilter-IVF,1797,64,10,1631,0.907623817473567,10,1.0,1,none,0,0,0,0.7034159998511313,720,660,720,720,0,8,0,0
digits,64,broad,AdaptivePostFilter-IVF,1797,64,10,1631,0.907623817473567,10,1.0,1,none,0,0,0,2.1524860001136403,1797,1631,1797,1797,0,28,0,0
digits,64,broad,TenantPartition-IVF,1797,64,10,1631,0.907623817473567,10,1.0,1,none,0,0,0,0.6920169998920755,720,660,720,720,0,8,0,0
digits,64,broad,PreFilter-IVF,1797,64,10,1631,0.907623817473567,10,1.0,1,none,0,0,0,2.097287000196957,728,669,669,728,8,8,0,0
digits,64,broad,PACER-A,1797,64,10,1631,0.907623817473567,10,1.0,1,none,0,0,0,1.470049000090512,720,661,720,720,8,8,0,0
digits,64,broad,PACER-C,1797,64,10,1631,0.907623817473567,10,1.0,1,none,0,0,0,3.7626630000886507,1759,1597,1759,1759,26,26,1,0
digits,64,broad,PACER-X,1797,64,10,1631,0.907623817473567,10,1.0,1,none,0,0,0,3.6725229999774456,1759,1597,1759,1759,26,26,1,0
digits,64,broad,StaleNoRecheck,1797,64,10,1631,0.907623817473567,10,1.0,1,none,0,0,0,0.5643080000936607,720,720,720,720,0,8,0,0
digits,64,broad,NaiveNoPolicy,1797,64,10,1631,0.907623817473567,10,1.0,1,none,0,0,0,0.18423899996378168,720,720,720,0,0,8,0,0
digits,65,medium,ExactSecure,1797,64,10,257,0.14301613800779076,10,1.0,1,none,0,0,0,1.125060000049416,1797,257,257,1797,0,0,1,0
digits,65,medium,PostFilter-IVF,1797,64,10,257,0.14301613800779076,10,1.0,1,none,0,0,0,0.4909350000161794,579,135,579,579,0,8,0,0
digits,65,medium,AdaptivePostFilter-IVF,1797,64,10,257,0.14301613800779076,10,1.0,1,none,0,0,0,2.303790000041772,1797,257,1797,1797,0,28,0,0
digits,65,medium,TenantPartition-IVF,1797,64,10,257,0.14301613800779076,10,1.0,1,none,0,0,0,0.5542750000131491,579,135,579,579,0,8,0,0
digits,65,medium,PreFilter-IVF,1797,64,10,257,0.14301613800779076,10,1.0,1,none,0,0,0,0.8388650001052156,625,63,63,625,9,8,0,0
digits,65,medium,PACER-A,1797,64,10,257,0.14301613800779076,10,1.0,1,none,0,0,0,1.7789489997994679,292,257,292,292,27,19,1,0
digits,65,medium,PACER-C,1797,64,10,257,0.14301613800779076,10,1.0,1,none,0,0,0,1.6755389999616455,292,257,292,292,27,19,1,0
digits,65,medium,PACER-X,1797,64,10,257,0.14301613800779076,10,1.0,1,none,0,0,0,1.6116150000016205,292,257,292,292,27,19,1,0
digits,65,medium,StaleNoRecheck,1797,64,10,257,0.14301613800779076,10,0.8,0,ranking_truncation,0,2,0,0.4403220000313013,579,149,579,579,0,8,0,0
digits,65,medium,NaiveNoPolicy,1797,64,10,257,0.14301613800779076,10,0.3,0,ranking_truncation,7,0,0,0.13239300005807308,579,579,579,0,0,8,0,0
digits,66,narrow,ExactSecure,1797,64,10,10,0.005564830272676683,10,1.0,1,none,0,0,0,0.9981419998439378,1797,10,10,1797,0,0,1,0
digits,66,narrow,PostFilter-IVF,1797,64,10,10,0.005564830272676683,7,0.7,0,candidate_starvation,0,0,0,0.48005400003603427,571,7,571,571,0,8,0,0
digits,66,narrow,AdaptivePostFilter-IVF,1797,64,10,10,0.005564830272676683,10,1.0,1,none,0,0,0,2.0419929999206943,1797,10,1797,1797,0,28,0,0
digits,66,narrow,TenantPartition-IVF,1797,64,10,10,0.005564830272676683,7,0.7,0,candidate_starvation,0,0,0,0.28360000010252406,571,7,571,571,0,8,0,0
digits,66,narrow,PreFilter-IVF,1797,64,10,10,0.005564830272676683,10,1.0,1,none,0,0,0,0.2904979999129864,200,10,10,200,28,3,0,0
digits,66,narrow,PACER-A,1797,64,10,10,0.005564830272676683,10,1.0,1,none,0,0,0,0.26563400001577975,13,10,13,13,9,3,1,0
digits,66,narrow,PACER-C,1797,64,10,10,0.005564830272676683,10,1.0,1,none,0,0,0,0.26080800012096006,13,10,13,13,9,3,1,0
digits,66,narrow,PACER-X,1797,64,10,10,0.005564830272676683,10,1.0,1,none,0,0,0,0.25534300016261113,13,10,13,13,9,3,1,0
digits,66,narrow,StaleNoRecheck,1797,64,10,10,0.005564830272676683,8,0.7,0,candidate_starvation,0,1,0,0.393293000115591,571,8,571,571,0,8,0,0
digits,66,narrow,NaiveNoPolicy,1797,64,10,10,0.005564830272676683,10,0.2,0,ranking_truncation,7,2,0,0.1748379997934535,571,571,571,0,0,8,0,0
digits,67,cold,ExactSecure,1797,64,10,24,0.01335559265442404,10,1.0,1,none,0,0,0,0.940786000001026,1797,24,24,1797,0,0,1,0
digits,67,cold,PostFilter-IVF,1797,64,10,24,0.01335559265442404,10,1.0,1,none,0,0,0,0.471395999966262,651,21,651,651,0,8,0,0
digits,67,cold,AdaptivePostFilter-IVF,1797,64,10,24,0.01335559265442404,10,1.0,1,none,0,0,0,1.916904999916369,1797,24,1797,1797,0,28,0,0
digits,67,cold,TenantPartition-IVF,1797,64,10,24,0.01335559265442404,10,1.0,1,none,0,0,0,0.40432100013276795,651,21,651,651,0,8,0,0
digits,67,cold,PreFilter-IVF,1797,64,10,24,0.01335559265442404,10,1.0,1,none,0,0,0,0.3607719997944514,260,24,24,260,28,3,0,0
digits,67,cold,PACER-A,1797,64,10,24,0.01335559265442404,10,1.0,1,none,0,0,0,0.30330499998854066,26,24,26,26,6,3,1,0
digits,67,cold,PACER-C,1797,64,10,24,0.01335559265442404,10,1.0,1,none,0,0,0,0.26576299978842144,26,24,26,26,6,3,1,0
digits,67,cold,PACER-X,1797,64,10,24,0.01335559265442404,10,1.0,1,none,0,0,0,0.3063190001739713,26,24,26,26,6,3,1,0
digits,67,cold,StaleNoRecheck,1797,64,10,24,0.01335559265442404,10,0.9,0,ranking_truncation,0,1,0,0.44909400003234623,651,23,651,651,0,8,0,0
digits,67,cold,NaiveNoPolicy,1797,64,10,24,0.01335559265442404,10,0.1,0,ranking_truncation,9,2,2,0.14137099992694857,651,651,651,0,0,8,0,0
digits,68,broad,ExactSecure,1797,64,10,1617,0.8998330550918197,10,1.0,1,none,0,0,0,1.0179779999361926,1797,1617,1617,1797,0,0,1,0
digits,68,broad,PostFilter-IVF,1797,64,10,1617,0.8998330550918197,10,1.0,1,none,0,0,0,0.5085860000235698,682,622,682,682,0,8,0,0
digits,68,broad,AdaptivePostFilter-IVF,1797,64,10,1617,0.8998330550918197,10,1.0,1,none,0,0,0,2.252820999956384,1797,1617,1797,1797,0,28,0,0
digits,68,broad,TenantPartition-IVF,1797,64,10,1617,0.8998330550918197,10,1.0,1,none,0,0,0,0.6078810001781676,682,622,682,682,0,8,0,0
digits,68,broad,PreFilter-IVF,1797,64,10,1617,0.8998330550918197,10,1.0,1,none,0,0,0,1.9230640000387211,720,666,666,720,8,8,0,0
digits,68,broad,PACER-A,1797,64,10,1617,0.8998330550918197,10,1.0,1,none,0,0,0,1.4166350001687533,720,666,720,720,8,8,0,0
digits,68,broad,PACER-C,1797,64,10,1617,0.8998330550918197,10,1.0,1,none,0,0,0,3.7778550001803524,1797,1617,1797,1797,28,28,1,0
digits,68,broad,PACER-X,1797,64,10,1617,0.8998330550918197,10,1.0,1,none,0,0,0,3.801909000003434,1797,1617,1797,1797,28,28,1,0
digits,68,broad,StaleNoRecheck,1797,64,10,1617,0.8998330550918197,10,1.0,1,none,0,0,0,0.6026210000982246,682,682,682,682,0,8,0,0
digits,68,broad,NaiveNoPolicy,1797,64,10,1617,0.8998330550918197,10,1.0,1,none,0,0,0,0.15377499994428945,682,682,682,0,0,8,0,0
digits,69,medium,ExactSecure,1797,64,10,172,0.09571508069003895,10,1.0,1,none,0,0,0,0.9087609998914559,1797,172,172,1797,0,0,1,0
digits,69,medium,PostFilter-IVF,1797,64,10,172,0.09571508069003895,10,1.0,1,none,0,0,0,0.4552410000542295,621,56,621,621,0,8,0,0
digits,69,medium,AdaptivePostFilter-IVF,1797,64,10,172,0.09571508069003895,10,1.0,1,none,0,0,0,1.9209940001019277,1797,172,1797,1797,0,28,0,0
digits,69,medium,TenantPartition-IVF,1797,64,10,172,0.09571508069003895,10,1.0,1,none,0,0,0,0.4410949998145952,621,56,621,621,0,8,0,0
digits,69,medium,PreFilter-IVF,1797,64,10,172,0.09571508069003895,10,1.0,1,none,0,0,0,0.9571149998919282,695,66,66,695,12,8,0,0
digits,69,medium,PACER-A,1797,64,10,172,0.09571508069003895,10,1.0,1,none,0,0,0,1.5189009998266556,184,172,184,184,28,19,1,0
digits,69,medium,PACER-C,1797,64,10,172,0.09571508069003895,10,1.0,1,none,0,0,0,1.479390999975294,184,172,184,184,28,19,1,0
digits,69,medium,PACER-X,1797,64,10,172,0.09571508069003895,10,1.0,1,none,0,0,0,1.4596710000205348,184,172,184,184,28,19,1,0
digits,69,medium,StaleNoRecheck,1797,64,10,172,0.09571508069003895,10,0.9,0,ranking_truncation,0,1,0,0.4668619999392831,621,61,621,621,0,8,0,0
digits,69,medium,NaiveNoPolicy,1797,64,10,172,0.09571508069003895,10,0.2,0,ranking_truncation,7,1,0,0.1368660000480304,621,621,621,0,0,8,0,0
digits,70,narrow,ExactSecure,1797,64,10,8,0.004451864218141347,8,1.0,1,none,0,0,0,0.9228609999354376,1797,8,8,1797,0,0,1,0
digits,70,narrow,PostFilter-IVF,1797,64,10,8,0.004451864218141347,8,1.0,1,none,0,0,0,0.4943559999901481,716,8,716,716,0,8,0,0
digits,70,narrow,AdaptivePostFilter-IVF,1797,64,10,8,0.004451864218141347,8,1.0,1,none,0,0,0,1.9412059998558107,1797,8,1797,1797,0,28,0,0
digits,70,narrow,TenantPartition-IVF,1797,64,10,8,0.004451864218141347,8,1.0,1,none,0,0,0,0.40382799988947227,716,8,716,716,0,8,0,0
digits,70,narrow,PreFilter-IVF,1797,64,10,8,0.004451864218141347,8,1.0,1,none,0,0,0,0.23297999996430008,149,8,8,149,28,1,0,0
digits,70,narrow,PACER-A,1797,64,10,8,0.004451864218141347,8,1.0,1,none,0,0,0,0.1205410001148266,8,8,8,8,5,1,1,0
digits,70,narrow,PACER-C,1797,64,10,8,0.004451864218141347,8,1.0,1,none,0,0,0,0.1048439999067341,8,8,8,8,5,1,1,0
digits,70,narrow,PACER-X,1797,64,10,8,0.004451864218141347,8,1.0,1,none,0,0,0,0.10131499993804027,8,8,8,8,5,1,1,0
digits,70,narrow,StaleNoRecheck,1797,64,10,8,0.004451864218141347,8,1.0,1,none,0,0,0,0.603815999966173,716,8,716,716,0,8,0,0
digits,70,narrow,NaiveNoPolicy,1797,64,10,8,0.004451864218141347,10,0.25,0,ranking_truncation,8,0,0,0.1581710000664316,716,716,716,0,0,8,0,0
digits,71,cold,ExactSecure,1797,64,10,55,0.03060656649972176,10,1.0,1,none,0,0,0,0.9044209998592123,1797,55,55,1797,0,0,1,0
digits,71,cold,PostFilter-IVF,1797,64,10,55,0.03060656649972176,10,1.0,1,none,0,0,0,0.6468460001087806,720,50,720,720,0,8,0,0
digits,71,cold,AdaptivePostFilter-IVF,1797,64,10,55,0.03060656649972176,10,1.0,1,none,0,0,0,2.1193499999299092,1797,55,1797,1797,0,28,0,0
digits,71,cold,TenantPartition-IVF,1797,64,10,55,0.03060656649972176,10,1.0,1,none,0,0,0,0.38946299991948763,720,50,720,720,0,8,0,0
digits,71,cold,PreFilter-IVF,1797,64,10,55,0.03060656649972176,10,1.0,1,none,0,0,0,0.39386399998875277,387,55,55,387,28,4,0,0
digits,71,cold,PACER-A,1797,64,10,55,0.03060656649972176,10,1.0,1,none,0,0,0,0.3950099999201484,68,55,68,68,13,4,1,0
digits,71,cold,PACER-C,1797,64,10,55,0.03060656649972176,10,1.0,1,none,0,0,0,0.45742600013909396,68,55,68,68,13,4,1,0
digits,71,cold,PACER-X,1797,64,10,55,0.03060656649972176,10,1.0,1,none,0,0,0,0.372483000091961,68,55,68,68,13,4,1,0
digits,71,cold,StaleNoRecheck,1797,64,10,55,0.03060656649972176,10,0.8,0,ranking_truncation,0,2,0,0.5457350000597216,720,59,720,720,0,8,0,0
digits,71,cold,NaiveNoPolicy,1797,64,10,55,0.03060656649972176,10,0.1,0,ranking_truncation,9,1,3,0.18249400000058813,720,720,720,0,0,8,0,0
digits,72,broad,ExactSecure,1797,64,10,1649,0.9176405119643851,10,1.0,1,none,0,0,0,1.0656699998889962,1797,1649,1649,1797,0,0,1,0
digits,72,broad,PostFilter-IVF,1797,64,10,1649,0.9176405119643851,10,1.0,1,none,0,0,0,0.5941599999914615,617,569,617,617,0,8,0,0
digits,72,broad,AdaptivePostFilter-IVF,1797,64,10,1649,0.9176405119643851,10,1.0,1,none,0,0,0,2.360753999937515,1797,1649,1797,1797,0,28,0,0
digits,72,broad,TenantPartition-IVF,1797,64,10,1649,0.9176405119643851,10,1.0,1,none,0,0,0,0.5607610000879504,617,569,617,617,0,8,0,0
digits,72,broad,PreFilter-IVF,1797,64,10,1649,0.9176405119643851,10,1.0,1,none,0,0,0,1.7456979999224131,598,559,559,598,8,8,0,0
digits,72,broad,PACER-A,1797,64,10,1649,0.9176405119643851,10,1.0,1,none,0,0,0,1.655427000059717,720,668,720,720,10,10,0,0
digits,72,broad,PACER-C,1797,64,10,1649,0.9176405119643851,10,1.0,1,none,0,0,0,4.013815000007526,1784,1638,1784,1784,27,27,1,0
digits,72,broad,PACER-X,1797,64,10,1649,0.9176405119643851,10,1.0,1,none,0,0,0,3.6562539999067667,1784,1638,1784,1784,27,27,1,0
digits,72,broad,StaleNoRecheck,1797,64,10,1649,0.9176405119643851,10,1.0,1,none,0,0,0,0.4780409999511903,617,617,617,617,0,8,0,0
digits,72,broad,NaiveNoPolicy,1797,64,10,1649,0.9176405119643851,10,1.0,1,none,0,0,0,0.18055600003208383,617,617,617,0,0,8,0,0
digits,73,medium,ExactSecure,1797,64,10,366,0.2036727879799666,10,1.0,1,none,0,0,0,1.009909999993397,1797,366,366,1797,0,0,1,0
digits,73,medium,PostFilter-IVF,1797,64,10,366,0.2036727879799666,10,1.0,1,none,0,0,0,0.4610749999756081,527,196,527,527,0,8,0,0
digits,73,medium,AdaptivePostFilter-IVF,1797,64,10,366,0.2036727879799666,10,1.0,1,none,0,0,0,2.2982620000675524,1797,366,1797,1797,0,28,0,0
digits,73,medium,TenantPartition-IVF,1797,64,10,366,0.2036727879799666,10,1.0,1,none,0,0,0,0.44062799997846014,527,196,527,527,0,8,0,0
digits,73,medium,PreFilter-IVF,1797,64,10,366,0.2036727879799666,10,1.0,1,none,0,0,0,1.1001380000834615,644,296,296,644,8,8,0,0
digits,73,medium,PACER-A,1797,64,10,366,0.2036727879799666,10,1.0,1,none,0,0,0,1.41084699998828,401,366,401,401,23,13,1,0
digits,73,medium,PACER-C,1797,64,10,366,0.2036727879799666,10,1.0,1,none,0,0,0,1.5215180001177941,401,366,401,401,23,13,1,0
digits,73,medium,PACER-X,1797,64,10,366,0.2036727879799666,10,1.0,1,none,0,0,0,1.3550479998230003,401,366,401,401,23,13,1,0
digits,73,medium,StaleNoRecheck,1797,64,10,366,0.2036727879799666,10,0.8,0,ranking_truncation,0,2,0,0.4047889999583276,527,213,527,527,0,8,0,0
digits,73,medium,NaiveNoPolicy,1797,64,10,366,0.2036727879799666,10,0.5,0,ranking_truncation,5,1,0,0.15795600006640598,527,527,527,0,0,8,0,0
digits,74,narrow,ExactSecure,1797,64,10,26,0.014468558708959377,10,1.0,1,none,0,0,0,1.1740560000816913,1797,26,26,1797,0,0,1,0
digits,74,narrow,PostFilter-IVF,1797,64,10,26,0.014468558708959377,10,1.0,1,none,0,0,0,0.7317080001030263,720,26,720,720,0,8,0,0
digits,74,narrow,AdaptivePostFilter-IVF,1797,64,10,26,0.014468558708959377,10,1.0,1,none,0,0,0,2.2090420000040467,1797,26,1797,1797,0,28,0,0
digits,74,narrow,TenantPartition-IVF,1797,64,10,26,0.014468558708959377,10,1.0,1,none,0,0,0,0.447240000085003,720,26,720,720,0,8,0,0
digits,74,narrow,PreFilter-IVF,1797,64,10,26,0.014468558708959377,10,1.0,1,none,0,0,0,0.5676319999565749,400,26,26,400,28,4,0,0
digits,74,narrow,PACER-A,1797,64,10,26,0.014468558708959377,10,1.0,1,none,0,0,0,0.645673999997598,26,26,26,26,8,4,1,0
digits,74,narrow,PACER-C,1797,64,10,26,0.014468558708959377,10,1.0,1,none,0,0,0,0.3890810000939382,26,26,26,26,8,4,1,0
digits,74,narrow,PACER-X,1797,64,10,26,0.014468558708959377,10,1.0,1,none,0,0,0,0.5503120000867057,26,26,26,26,8,4,1,0
digits,74,narrow,StaleNoRecheck,1797,64,10,26,0.014468558708959377,10,1.0,1,none,0,0,0,0.6496309999874939,720,26,720,720,0,8,0,0
digits,74,narrow,NaiveNoPolicy,1797,64,10,26,0.014468558708959377,10,0.4,0,ranking_truncation,6,1,1,0.24207000001297274,720,720,720,0,0,8,0,0
digits,75,cold,ExactSecure,1797,64,10,5,0.0027824151363383415,5,1.0,1,none,0,0,0,0.9511559999282326,1797,5,5,1797,0,0,1,0
digits,75,cold,PostFilter-IVF,1797,64,10,5,0.0027824151363383415,4,0.8,0,candidate_starvation,0,0,0,0.6408540000393259,713,4,713,713,0,8,0,0
digits,75,cold,AdaptivePostFilter-IVF,1797,64,10,5,0.0027824151363383415,5,1.0,1,none,0,0,0,2.1732599998358637,1797,5,1797,1797,0,28,0,0
digits,75,cold,TenantPartition-IVF,1797,64,10,5,0.0027824151363383415,4,0.8,0,candidate_starvation,0,0,0,0.34867699991991685,713,4,713,713,0,8,0,0
digits,75,cold,PreFilter-IVF,1797,64,10,5,0.0027824151363383415,5,1.0,1,none,0,0,0,0.2709170000798622,181,5,5,181,28,2,0,0
digits,75,cold,PACER-A,1797,64,10,5,0.0027824151363383415,5,1.0,1,none,0,0,0,0.21486100013135,5,5,5,5,5,2,1,0
digits,75,cold,PACER-C,1797,64,10,5,0.0027824151363383415,5,1.0,1,none,0,0,0,0.16687500010448275,5,5,5,5,5,2,1,0
digits,75,cold,PACER-X,1797,64,10,5,0.0027824151363383415,5,1.0,1,none,0,0,0,0.20398300011947867,5,5,5,5,5,2,1,0
digits,75,cold,StaleNoRecheck,1797,64,10,5,0.0027824151363383415,4,0.8,0,candidate_starvation,0,0,0,0.5044039999120287,713,4,713,713,0,8,0,0
digits,75,cold,NaiveNoPolicy,1797,64,10,5,0.0027824151363383415,10,0.6,0,ranking_truncation,7,0,0,0.15748099986012676,713,713,713,0,0,8,0,0
digits,76,broad,ExactSecure,1797,64,10,1617,0.8998330550918197,10,1.0,1,none,0,0,0,1.1767999999392487,1797,1617,1617,1797,0,0,1,0
digits,76,broad,PostFilter-IVF,1797,64,10,1617,0.8998330550918197,10,0.6,0,ranking_truncation,0,0,0,0.47514699986095366,536,484,536,536,0,8,0,0
digits,76,broad,AdaptivePostFilter-IVF,1797,64,10,1617,0.8998330550918197,10,1.0,1,none,0,0,0,2.5722949999362754,1797,1617,1797,1797,0,28,0,0
digits,76,broad,TenantPartition-IVF,1797,64,10,1617,0.8998330550918197,10,0.6,0,ranking_truncation,0,0,0,0.5470879998483724,536,484,536,536,0,8,0,0
digits,76,broad,PreFilter-IVF,1797,64,10,1617,0.8998330550918197,10,0.8,0,ranking_truncation,0,0,0,1.8026689999715018,585,526,526,585,8,8,0,0
digits,76,broad,PACER-A,1797,64,10,1617,0.8998330550918197,10,0.9,0,ranking_truncation,0,0,0,1.6156560000126774,720,654,720,720,10,10,0,0
digits,76,broad,PACER-C,1797,64,10,1617,0.8998330550918197,10,1.0,1,none,0,0,0,4.531726000095659,1797,1617,1797,1797,28,28,1,0
digits,76,broad,PACER-X,1797,64,10,1617,0.8998330550918197,10,1.0,1,none,0,0,0,4.967769000131739,1797,1617,1797,1797,28,28,1,0
digits,76,broad,StaleNoRecheck,1797,64,10,1617,0.8998330550918197,10,0.6,0,ranking_truncation,0,0,0,0.43033799988734245,536,536,536,536,0,8,0,0
digits,76,broad,NaiveNoPolicy,1797,64,10,1617,0.8998330550918197,10,0.6,0,ranking_truncation,0,0,0,0.17141800003628305,536,536,536,0,0,8,0,0
digits,77,medium,ExactSecure,1797,64,10,203,0.11296605453533667,10,1.0,1,none,0,0,0,1.233456999898408,1797,203,203,1797,0,0,1,0
digits,77,medium,PostFilter-IVF,1797,64,10,203,0.11296605453533667,10,1.0,1,none,0,0,0,0.31505599986303423,321,25,321,321,0,8,0,0
digits,77,medium,AdaptivePostFilter-IVF,1797,64,10,203,0.11296605453533667,10,1.0,1,none,0,0,0,2.103605999991487,1797,203,1797,1797,0,28,0,0
digits,77,medium,TenantPartition-IVF,1797,64,10,203,0.11296605453533667,10,1.0,1,none,0,0,0,0.4892659999313764,321,25,321,321,0,8,0,0
digits,77,medium,PreFilter-IVF,1797,64,10,203,0.11296605453533667,10,0.5,0,ranking_truncation,0,0,0,0.8857640000314859,563,122,122,563,11,8,0,0
digits,77,medium,PACER-A,1797,64,10,203,0.11296605453533667,10,1.0,1,none,0,0,0,1.8441550000716234,226,203,226,226,28,17,1,0
digits,77,medium,PACER-C,1797,64,10,203,0.11296605453533667,10,1.0,1,none,0,0,0,1.6714139999294275,226,203,226,226,28,17,1,0
digits,77,medium,PACER-X,1797,64,10,203,0.11296605453533667,10,1.0,1,none,0,0,0,1.841510999838647,226,203,226,226,28,17,1,0
digits,77,medium,StaleNoRecheck,1797,64,10,203,0.11296605453533667,10,1.0,1,none,0,0,0,0.5252799999198032,321,30,321,321,0,8,0,0
digits,77,medium,NaiveNoPolicy,1797,64,10,203,0.11296605453533667,10,0.1,0,ranking_truncation,9,0,0,0.12317100004111126,321,321,321,0,0,8,0,0
digits,78,narrow,ExactSecure,1797,64,10,3,0.001669449081803005,3,1.0,1,none,0,0,0,0.9303570000156469,1797,3,3,1797,0,0,1,0
digits,78,narrow,PostFilter-IVF,1797,64,10,3,0.001669449081803005,3,1.0,1,none,0,0,0,0.5023549999805255,608,3,608,608,0,8,0,0
digits,78,narrow,AdaptivePostFilter-IVF,1797,64,10,3,0.001669449081803005,3,1.0,1,none,0,0,0,2.1260450000681885,1797,3,1797,1797,0,28,0,0
digits,78,narrow,TenantPartition-IVF,1797,64,10,3,0.001669449081803005,3,1.0,1,none,0,0,0,0.2973000000565662,608,3,608,608,0,8,0,0
digits,78,narrow,PreFilter-IVF,1797,64,10,3,0.001669449081803005,3,1.0,1,none,0,0,0,0.26934100014841533,206,3,3,206,28,2,0,0
digits,78,narrow,PACER-A,1797,64,10,3,0.001669449081803005,3,1.0,1,none,0,0,0,0.22806200013292255,3,3,3,3,3,2,1,0
digits,78,narrow,PACER-C,1797,64,10,3,0.001669449081803005,3,1.0,1,none,0,0,0,0.16208199986067484,3,3,3,3,3,2,1,0
digits,78,narrow,PACER-X,1797,64,10,3,0.001669449081803005,3,1.0,1,none,0,0,0,0.169501000073069,3,3,3,3,3,2,1,0
digits,78,narrow,StaleNoRecheck,1797,64,10,3,0.001669449081803005,3,1.0,1,none,0,0,0,0.4282109998712258,608,3,608,608,0,8,0,0
digits,78,narrow,NaiveNoPolicy,1797,64,10,3,0.001669449081803005,10,0.3333333333333333,0,ranking_truncation,9,1,1,0.13573499995800375,608,608,608,0,0,8,0,0
digits,79,cold,ExactSecure,1797,64,10,2,0.0011129660545353367,2,1.0,1,none,0,0,0,0.882155999988754,1797,2,2,1797,0,0,1,0
digits,79,cold,PostFilter-IVF,1797,64,10,2,0.0011129660545353367,2,1.0,1,none,0,0,0,0.42877800001406285,577,2,577,577,0,8,0,0
digits,79,cold,AdaptivePostFilter-IVF,1797,64,10,2,0.0011129660545353367,2,1.0,1,none,0,0,0,1.8506829999296315,1797,2,1797,1797,0,28,0,0
digits,79,cold,TenantPartition-IVF,1797,64,10,2,0.0011129660545353367,2,1.0,1,none,0,0,0,0.3124580000530841,577,2,577,577,0,8,0,0
digits,79,cold,PreFilter-IVF,1797,64,10,2,0.0011129660545353367,2,1.0,1,none,0,0,0,0.21390099982454558,134,2,2,134,28,1,0,0
digits,79,cold,PACER-A,1797,64,10,2,0.0011129660545353367,2,1.0,1,none,0,0,0,0.11027400000784837,2,2,2,2,1,1,1,0
digits,79,cold,PACER-C,1797,64,10,2,0.0011129660545353367,2,1.0,1,none,0,0,0,0.1291759999730857,2,2,2,2,1,1,1,0
digits,79,cold,PACER-X,1797,64,10,2,0.0011129660545353367,2,1.0,1,none,0,0,0,0.1138069999342406,2,2,2,2,1,1,1,0
digits,79,cold,StaleNoRecheck,1797,64,10,2,0.0011129660545353367,2,1.0,1,none,0,0,0,0.4039309999370744,577,2,577,577,0,8,0,0
digits,79,cold,NaiveNoPolicy,1797,64,10,2,0.0011129660545353367,10,0.0,0,ranking_truncation,10,0,4,0.12604200014720846,577,577,577,0,0,8,0,0
breast-cancer,0,broad,ExactSecure,569,30,10,536,0.9420035149384886,10,1.0,1,none,0,0,0,0.3764369998862094,569,536,536,569,0,0,1,0
breast-cancer,0,broad,PostFilter-IVF,569,30,10,536,0.9420035149384886,10,1.0,1,none,0,0,0,0.2127210000253399,186,176,186,186,0,8,0,0
breast-cancer,0,broad,AdaptivePostFilter-IVF,569,30,10,536,0.9420035149384886,10,1.0,1,none,0,0,0,1.0576289998880384,569,536,569,569,0,18,0,0
breast-cancer,0,broad,TenantPartition-IVF,569,30,10,536,0.9420035149384886,10,1.0,1,none,0,0,0,0.3306599999177706,186,176,186,186,0,8,0,0
breast-cancer,0,broad,PreFilter-IVF,569,30,10,536,0.9420035149384886,10,1.0,1,none,0,0,0,0.989881000123205,213,202,202,213,8,8,0,0
breast-cancer,0,broad,PACER-A,569,30,10,536,0.9420035149384886,10,1.0,1,none,0,0,0,1.1459070001365035,240,228,240,240,9,9,0,0
breast-cancer,0,broad,PACER-C,569,30,10,536,0.9420035149384886,10,1.0,1,none,0,0,0,1.9850549999773648,569,536,569,569,18,18,1,0
breast-cancer,0,broad,PACER-X,569,30,10,536,0.9420035149384886,10,1.0,1,none,0,0,0,1.7486809999809338,569,536,569,569,18,18,1,0
breast-cancer,0,broad,StaleNoRecheck,569,30,10,536,0.9420035149384886,10,1.0,1,none,0,0,0,0.23420299999088456,186,186,186,186,0,8,0,0
breast-cancer,0,broad,NaiveNoPolicy,569,30,10,536,0.9420035149384886,10,1.0,1,none,0,0,0,0.0756760000513168,186,186,186,0,0,8,0,0
breast-cancer,1,medium,ExactSecure,569,30,10,104,0.1827768014059754,10,1.0,1,none,0,0,0,0.34448599990355433,569,104,104,569,0,0,1,0
breast-cancer,1,medium,PostFilter-IVF,569,30,10,104,0.1827768014059754,10,1.0,1,none,0,0,0,0.2699379999739904,240,58,240,240,0,8,0,0
breast-cancer,1,medium,AdaptivePostFilter-IVF,569,30,10,104,0.1827768014059754,10,1.0,1,none,0,0,0,0.9908890001497639,569,104,569,569,0,18,0,0
breast-cancer,1,medium,TenantPartition-IVF,569,30,10,104,0.1827768014059754,10,1.0,1,none,0,0,0,0.31265500001609325,240,58,240,240,0,8,0,0
breast-cancer,1,medium,PreFilter-IVF,569,30,10,104,0.1827768014059754,10,1.0,1,none,0,0,0,0.524202000178775,244,83,83,244,8,7,0,0
breast-cancer,1,medium,PACER-A,569,30,10,104,0.1827768014059754,10,1.0,1,none,0,0,0,1.1760069999127154,105,102,105,105,14,13,1,0
breast-cancer,1,medium,PACER-C,569,30,10,104,0.1827768014059754,10,1.0,1,none,0,0,0,1.0535880001043552,105,102,105,105,14,13,1,0
breast-cancer,1,medium,PACER-X,569,30,10,104,0.1827768014059754,10,1.0,1,none,0,0,0,1.0213860000476416,105,102,105,105,14,13,1,0
breast-cancer,1,medium,StaleNoRecheck,569,30,10,104,0.1827768014059754,10,1.0,1,none,0,0,0,0.22622599999522208,240,59,240,240,0,8,0,0
breast-cancer,1,medium,NaiveNoPolicy,569,30,10,104,0.1827768014059754,10,0.8,0,ranking_truncation,2,0,0,0.08865299992066866,240,240,240,0,0,8,0,0
breast-cancer,2,narrow,ExactSecure,569,30,10,23,0.040421792618629174,10,1.0,1,none,0,0,0,0.3099230000316311,569,23,23,569,0,0,1,0
breast-cancer,2,narrow,PostFilter-IVF,569,30,10,23,0.040421792618629174,10,1.0,1,none,0,0,0,0.22556799990525178,240,20,240,240,0,8,0,0
breast-cancer,2,narrow,AdaptivePostFilter-IVF,569,30,10,23,0.040421792618629174,10,1.0,1,none,0,0,0,0.9832289999849309,569,23,569,569,0,18,0,0
breast-cancer,2,narrow,TenantPartition-IVF,569,30,10,23,0.040421792618629174,10,1.0,1,none,0,0,0,0.3049300000839139,240,20,240,240,0,8,0,0
breast-cancer,2,narrow,PreFilter-IVF,569,30,10,23,0.040421792618629174,10,1.0,1,none,0,0,0,0.3792840000187425,251,20,20,251,7,6,0,0
breast-cancer,2,narrow,PACER-A,569,30,10,23,0.040421792618629174,10,1.0,1,none,0,0,0,0.6466710001404863,29,23,29,29,12,9,1,0
breast-cancer,2,narrow,PACER-C,569,30,10,23,0.040421792618629174,10,1.0,1,none,0,0,0,0.6258490000163874,29,23,29,29,12,9,1,0
breast-cancer,2,narrow,PACER-X,569,30,10,23,0.040421792618629174,10,1.0,1,none,0,0,0,0.6233919998521742,29,23,29,29,12,9,1,0
breast-cancer,2,narrow,StaleNoRecheck,569,30,10,23,0.040421792618629174,10,0.9,0,ranking_truncation,0,1,0,0.23241299982146302,240,24,240,240,0,8,0,0
breast-cancer,2,narrow,NaiveNoPolicy,569,30,10,23,0.040421792618629174,10,0.3,0,ranking_truncation,7,1,0,0.10452499986968178,240,240,240,0,0,8,0,0
breast-cancer,3,cold,ExactSecure,569,30,10,22,0.03866432337434095,10,1.0,1,none,0,0,0,0.30889200002093276,569,22,22,569,0,0,1,0
breast-cancer,3,cold,PostFilter-IVF,569,30,10,22,0.03866432337434095,10,1.0,1,none,0,0,0,0.25809800013121276,240,20,240,240,0,8,0,0
breast-cancer,3,cold,AdaptivePostFilter-IVF,569,30,10,22,0.03866432337434095,10,1.0,1,none,0,0,0,0.9834129998580465,569,22,569,569,0,18,0,0
breast-cancer,3,cold,TenantPartition-IVF,569,30,10,22,0.03866432337434095,10,1.0,1,none,0,0,0,0.29042199980722216,240,20,240,240,0,8,0,0
breast-cancer,3,cold,PreFilter-IVF,569,30,10,22,0.03866432337434095,10,1.0,1,none,0,0,0,0.34236600004078355,170,22,22,170,18,6,0,0
breast-cancer,3,cold,PACER-A,569,30,10,22,0.03866432337434095,10,1.0,1,none,0,0,0,0.5443940001441661,22,22,22,22,9,6,1,0
breast-cancer,3,cold,PACER-C,569,30,10,22,0.03866432337434095,10,1.0,1,none,0,0,0,0.650530000029903,22,22,22,22,9,6,1,0
breast-cancer,3,cold,PACER-X,569,30,10,22,0.03866432337434095,10,1.0,1,none,0,0,0,0.4959069999586063,22,22,22,22,9,6,1,0
breast-cancer,3,cold,StaleNoRecheck,569,30,10,22,0.03866432337434095,10,1.0,1,none,0,0,0,0.22032300012142514,240,20,240,240,0,8,0,0
breast-cancer,3,cold,NaiveNoPolicy,569,30,10,22,0.03866432337434095,10,0.2,0,ranking_truncation,8,2,0,0.11568000013539859,240,240,240,0,0,8,0,0
breast-cancer,4,broad,ExactSecure,569,30,10,531,0.9332161687170475,10,1.0,1,none,0,0,0,0.6252069999845844,569,531,531,569,0,0,1,0
breast-cancer,4,broad,PostFilter-IVF,569,30,10,531,0.9332161687170475,10,1.0,1,none,0,0,0,0.25690100005704153,217,200,217,217,0,8,0,0
breast-cancer,4,broad,AdaptivePostFilter-IVF,569,30,10,531,0.9332161687170475,10,1.0,1,none,0,0,0,1.3248590000785043,569,531,569,569,0,18,0,0
breast-cancer,4,broad,TenantPartition-IVF,569,30,10,531,0.9332161687170475,10,1.0,1,none,0,0,0,0.24427399989690457,217,200,217,217,0,8,0,0
breast-cancer,4,broad,PreFilter-IVF,569,30,10,531,0.9332161687170475,10,1.0,1,none,0,0,0,1.1355889998867497,217,200,200,217,8,8,0,0
breast-cancer,4,broad,PACER-A,569,30,10,531,0.9332161687170475,10,1.0,1,none,0,0,0,1.1572920000162412,240,223,240,240,10,10,0,0
breast-cancer,4,broad,PACER-C,569,30,10,531,0.9332161687170475,10,1.0,1,none,0,0,0,1.4212190001217095,457,424,457,457,14,14,1,0
breast-cancer,4,broad,PACER-X,569,30,10,531,0.9332161687170475,10,1.0,1,none,0,0,0,1.6932649998580018,457,424,457,457,14,14,1,0
breast-cancer,4,broad,StaleNoRecheck,569,30,10,531,0.9332161687170475,10,0.9,0,ranking_truncation,0,1,0,0.25489300014669425,217,217,217,217,0,8,0,0
breast-cancer,4,broad,NaiveNoPolicy,569,30,10,531,0.9332161687170475,10,0.9,0,ranking_truncation,0,1,0,0.08134400013659615,217,217,217,0,0,8,0,0
breast-cancer,5,medium,ExactSecure,569,30,10,115,0.20210896309314588,10,1.0,1,none,0,0,0,0.4487920000428858,569,115,115,569,0,0,1,0
breast-cancer,5,medium,PostFilter-IVF,569,30,10,115,0.20210896309314588,10,1.0,1,none,0,0,0,0.3616340000007767,235,28,235,235,0,8,0,0
breast-cancer,5,medium,AdaptivePostFilter-IVF,569,30,10,115,0.20210896309314588,10,1.0,1,none,0,0,0,1.576870000008057,569,115,569,569,0,18,0,0
breast-cancer,5,medium,TenantPartition-IVF,569,30,10,115,0.20210896309314588,10,1.0,1,none,0,0,0,0.32530600014979427,235,28,235,235,0,8,0,0
breast-cancer,5,medium,PreFilter-IVF,569,30,10,115,0.20210896309314588,10,1.0,1,none,0,0,0,0.668182000026718,214,33,33,214,9,8,0,0
breast-cancer,5,medium,PACER-A,569,30,10,115,0.20210896309314588,10,1.0,1,none,0,0,0,1.6135870000653085,123,109,123,123,17,16,1,0
breast-cancer,5,medium,PACER-C,569,30,10,115,0.20210896309314588,10,1.0,1,none,0,0,0,1.5128320001167594,123,109,123,123,17,16,1,0
breast-cancer,5,medium,PACER-X,569,30,10,115,0.20210896309314588,10,1.0,1,none,0,0,0,1.3319270001375116,123,109,123,123,17,16,1,0
breast-cancer,5,medium,StaleNoRecheck,569,30,10,115,0.20210896309314588,10,0.8,0,ranking_truncation,0,2,0,0.2182649998303532,235,32,235,235,0,8,0,0
breast-cancer,5,medium,NaiveNoPolicy,569,30,10,115,0.20210896309314588,10,0.4,0,ranking_truncation,6,1,0,0.14386299994839646,235,235,235,0,0,8,0,0
breast-cancer,6,narrow,ExactSecure,569,30,10,10,0.01757469244288225,10,1.0,1,none,0,0,0,0.31333100014308,569,10,10,569,0,0,1,0
breast-cancer,6,narrow,PostFilter-IVF,569,30,10,10,0.01757469244288225,8,0.8,0,candidate_starvation,0,0,0,0.26959500019074767,240,8,240,240,0,8,0,0
breast-cancer,6,narrow,AdaptivePostFilter-IVF,569,30,10,10,0.01757469244288225,10,1.0,1,none,0,0,0,1.11610799990558,569,10,569,569,0,18,0,0
breast-cancer,6,narrow,TenantPartition-IVF,569,30,10,10,0.01757469244288225,8,0.8,0,candidate_starvation,0,0,0,0.3042520002054516,240,8,240,240,0,8,0,0
breast-cancer,6,narrow,PreFilter-IVF,569,30,10,10,0.01757469244288225,10,1.0,1,none,0,0,0,0.4318930000408727,152,10,10,152,18,4,0,0
breast-cancer,6,narrow,PACER-A,569,30,10,10,0.01757469244288225,10,1.0,1,none,0,0,0,0.38092199997663556,11,10,11,11,8,4,1,0
breast-cancer,6,narrow,PACER-C,569,30,10,10,0.01757469244288225,10,1.0,1,none,0,0,0,0.32615999998597545,11,10,11,11,8,4,1,0
breast-cancer,6,narrow,PACER-X,569,30,10,10,0.01757469244288225,10,1.0,1,none,0,0,0,0.3309520000129851,11,10,11,11,8,4,1,0
breast-cancer,6,narrow,StaleNoRecheck,569,30,10,10,0.01757469244288225,9,0.8,0,candidate_starvation,0,1,0,0.23171099996943667,240,9,240,240,0,8,0,0
breast-cancer,6,narrow,NaiveNoPolicy,569,30,10,10,0.01757469244288225,10,0.2,0,ranking_truncation,8,0,0,0.13871199985260318,240,240,240,0,0,8,0,0
breast-cancer,7,cold,ExactSecure,569,30,10,6,0.01054481546572935,6,1.0,1,none,0,0,0,0.380795999944894,569,6,6,569,0,0,1,0
breast-cancer,7,cold,PostFilter-IVF,569,30,10,6,0.01054481546572935,6,1.0,1,none,0,0,0,0.3052249999200285,240,6,240,240,0,8,0,0
breast-cancer,7,cold,AdaptivePostFilter-IVF,569,30,10,6,0.01054481546572935,6,1.0,1,none,0,0,0,0.9678740000254038,569,6,569,569,0,18,0,0
breast-cancer,7,cold,TenantPartition-IVF,569,30,10,6,0.01054481546572935,6,1.0,1,none,0,0,0,0.2820439999595692,240,6,240,240,0,8,0,0
breast-cancer,7,cold,PreFilter-IVF,569,30,10,6,0.01054481546572935,6,1.0,1,none,0,0,0,0.14734199999111297,35,6,6,35,18,1,0,0
breast-cancer,7,cold,PACER-A,569,30,10,6,0.01054481546572935,6,1.0,1,none,0,0,0,0.10973500002364744,7,6,7,7,1,1,1,0
breast-cancer,7,cold,PACER-C,569,30,10,6,0.01054481546572935,6,1.0,1,none,0,0,0,0.09644400006436626,7,6,7,7,1,1,1,0
breast-cancer,7,cold,PACER-X,569,30,10,6,0.01054481546572935,6,1.0,1,none,0,0,0,0.12659399999392917,7,6,7,7,1,1,1,0
breast-cancer,7,cold,StaleNoRecheck,569,30,10,6,0.01054481546572935,7,1.0,0,ranking_truncation,0,1,0,0.24397099991801952,240,7,240,240,0,8,0,0
breast-cancer,7,cold,NaiveNoPolicy,569,30,10,6,0.01054481546572935,10,0.5,0,ranking_truncation,6,1,1,0.10899600010816357,240,240,240,0,0,8,0,0
breast-cancer,8,broad,ExactSecure,569,30,10,526,0.9244288224956063,10,1.0,1,none,0,0,0,0.45090899993738276,569,526,526,569,0,0,1,0
breast-cancer,8,broad,PostFilter-IVF,569,30,10,526,0.9244288224956063,10,1.0,1,none,0,0,0,0.2424289998543827,240,229,240,240,0,8,0,0
breast-cancer,8,broad,AdaptivePostFilter-IVF,569,30,10,526,0.9244288224956063,10,1.0,1,none,0,0,0,1.0424919998968107,569,526,569,569,0,18,0,0
breast-cancer,8,broad,TenantPartition-IVF,569,30,10,526,0.9244288224956063,10,1.0,1,none,0,0,0,0.26435700010551955,240,229,240,240,0,8,0,0
breast-cancer,8,broad,PreFilter-IVF,569,30,10,526,0.9244288224956063,10,1.0,1,none,0,0,0,0.8895960002064385,251,236,236,251,6,6,0,0
breast-cancer,8,broad,PACER-A,569,30,10,526,0.9244288224956063,10,1.0,1,none,0,0,0,0.8555859999432869,240,226,240,240,6,6,0,0
breast-cancer,8,broad,PACER-C,569,30,10,526,0.9244288224956063,10,1.0,1,none,0,0,0,1.7836020001595898,526,488,526,526,16,16,1,0
breast-cancer,8,broad,PACER-X,569,30,10,526,0.9244288224956063,10,1.0,1,none,0,0,0,1.6791870000361087,526,488,526,526,16,16,1,0
breast-cancer,8,broad,StaleNoRecheck,569,30,10,526,0.9244288224956063,10,1.0,1,none,0,0,0,0.3168299999742885,240,240,240,240,0,8,0,0
breast-cancer,8,broad,NaiveNoPolicy,569,30,10,526,0.9244288224956063,10,1.0,1,none,0,0,0,0.09309600000051432,240,240,240,0,0,8,0,0
breast-cancer,9,medium,ExactSecure,569,30,10,108,0.18980667838312829,10,1.0,1,none,0,0,0,0.4298560002098384,569,108,108,569,0,0,1,0
breast-cancer,9,medium,PostFilter-IVF,569,30,10,108,0.18980667838312829,10,1.0,1,none,0,0,0,0.2435850001347717,240,72,240,240,0,8,0,0
breast-cancer,9,medium,AdaptivePostFilter-IVF,569,30,10,108,0.18980667838312829,10,1.0,1,none,0,0,0,0.9880120001071191,569,108,569,569,0,18,0,0
breast-cancer,9,medium,TenantPartition-IVF,569,30,10,108,0.18980667838312829,10,1.0,1,none,0,0,0,0.26525099997343204,240,72,240,240,0,8,0,0
breast-cancer,9,medium,PreFilter-IVF,569,30,10,108,0.18980667838312829,10,1.0,1,none,0,0,0,0.5642099999931816,253,76,76,253,9,8,0,0
breast-cancer,9,medium,PACER-A,569,30,10,108,0.18980667838312829,10,1.0,1,none,0,0,0,1.1813749999873835,102,94,102,102,16,14,1,0
breast-cancer,9,medium,PACER-C,569,30,10,108,0.18980667838312829,10,1.0,1,none,0,0,0,1.0821690000284434,102,94,102,102,16,14,1,0
breast-cancer,9,medium,PACER-X,569,30,10,108,0.18980667838312829,10,1.0,1,none,0,0,0,1.1813020000772667,102,94,102,102,16,14,1,0
breast-cancer,9,medium,StaleNoRecheck,569,30,10,108,0.18980667838312829,10,0.9,0,ranking_truncation,0,1,0,0.23552200013909896,240,77,240,240,0,8,0,0
breast-cancer,9,medium,NaiveNoPolicy,569,30,10,108,0.18980667838312829,10,0.5,0,ranking_truncation,5,1,0,0.1068949998170865,240,240,240,0,0,8,0,0
breast-cancer,10,narrow,ExactSecure,569,30,10,5,0.008787346221441126,5,1.0,1,none,0,0,0,0.3382949998922413,569,5,5,569,0,0,1,0
breast-cancer,10,narrow,PostFilter-IVF,569,30,10,5,0.008787346221441126,4,0.8,0,candidate_starvation,0,0,0,0.2826519998961885,239,4,239,239,0,8,0,0
breast-cancer,10,narrow,AdaptivePostFilter-IVF,569,30,10,5,0.008787346221441126,5,1.0,1,none,0,0,0,0.9355479999157978,569,5,569,569,0,18,0,0
breast-cancer,10,narrow,TenantPartition-IVF,569,30,10,5,0.008787346221441126,4,0.8,0,candidate_starvation,0,0,0,0.2502800000456773,239,4,239,239,0,8,0,0
breast-cancer,10,narrow,PreFilter-IVF,569,30,10,5,0.008787346221441126,5,1.0,1,none,0,0,0,0.40997299993250635,222,5,5,222,18,5,0,0
breast-cancer,10,narrow,PACER-A,569,30,10,5,0.008787346221441126,5,1.0,1,none,0,0,0,0.4329569999299565,6,5,6,6,12,5,1,0
breast-cancer,10,narrow,PACER-C,569,30,10,5,0.008787346221441126,5,1.0,1,none,0,0,0,0.45942700012346904,6,5,6,6,12,5,1,0
breast-cancer,10,narrow,PACER-X,569,30,10,5,0.008787346221441126,5,1.0,1,none,0,0,0,0.3386810001302365,6,5,6,6,12,5,1,0
breast-cancer,10,narrow,StaleNoRecheck,569,30,10,5,0.008787346221441126,5,0.8,0,ranking_truncation,0,1,0,0.1944659998116549,239,5,239,239,0,8,0,0
breast-cancer,10,narrow,NaiveNoPolicy,569,30,10,5,0.008787346221441126,10,0.2,0,ranking_truncation,9,0,0,0.07906900009402307,239,239,239,0,0,8,0,0
breast-cancer,11,cold,ExactSecure,569,30,10,11,0.019332161687170474,10,1.0,1,none,0,0,0,0.3328399998281384,569,11,11,569,0,0,1,0
breast-cancer,11,cold,PostFilter-IVF,569,30,10,11,0.019332161687170474,10,1.0,1,none,0,0,0,0.22638700011157198,240,11,240,240,0,8,0,0
breast-cancer,11,cold,AdaptivePostFilter-IVF,569,30,10,11,0.019332161687170474,10,1.0,1,none,0,0,0,0.9446439999010181,569,11,569,569,0,18,0,0
breast-cancer,11,cold,TenantPartition-IVF,569,30,10,11,0.019332161687170474,10,1.0,1,none,0,0,0,0.3245610000703891,240,11,240,240,0,8,0,0
breast-cancer,11,cold,PreFilter-IVF,569,30,10,11,0.019332161687170474,10,1.0,1,none,0,0,0,0.35840300006384496,150,11,11,150,18,5,0,0
breast-cancer,11,cold,PACER-A,569,30,10,11,0.019332161687170474,10,1.0,1,none,0,0,0,0.384502000088105,13,11,13,13,9,5,1,0
breast-cancer,11,cold,PACER-C,569,30,10,11,0.019332161687170474,10,1.0,1,none,0,0,0,0.41554300014468026,13,11,13,13,9,5,1,0
breast-cancer,11,cold,PACER-X,569,30,10,11,0.019332161687170474,10,1.0,1,none,0,0,0,0.46579399986512726,13,11,13,13,9,5,1,0
breast-cancer,11,cold,StaleNoRecheck,569,30,10,11,0.019332161687170474,10,0.9,0,ranking_truncation,0,1,0,0.26683800001592317,240,12,240,240,0,8,0,0
breast-cancer,11,cold,NaiveNoPolicy,569,30,10,11,0.019332161687170474,10,0.1,0,ranking_truncation,9,2,0,0.08981700011645444,240,240,240,0,0,8,0,0
breast-cancer,12,broad,ExactSecure,569,30,10,526,0.9244288224956063,10,1.0,1,none,0,0,0,0.36964000014449994,569,526,526,569,0,0,1,0
breast-cancer,12,broad,PostFilter-IVF,569,30,10,526,0.9244288224956063,10,1.0,1,none,0,0,0,0.2780719999009307,240,224,240,240,0,8,0,0
breast-cancer,12,broad,AdaptivePostFilter-IVF,569,30,10,526,0.9244288224956063,10,1.0,1,none,0,0,0,1.0362879997956043,569,526,569,569,0,18,0,0
breast-cancer,12,broad,TenantPartition-IVF,569,30,10,526,0.9244288224956063,10,1.0,1,none,0,0,0,0.26487199988878274,240,224,240,240,0,8,0,0
breast-cancer,12,broad,PreFilter-IVF,569,30,10,526,0.9244288224956063,10,1.0,1,none,0,0,0,0.9650229999351723,251,235,235,251,6,6,0,0
breast-cancer,12,broad,PACER-A,569,30,10,526,0.9244288224956063,10,1.0,1,none,0,0,0,0.7258849998379446,240,225,240,240,6,6,0,0
breast-cancer,12,broad,PACER-C,569,30,10,526,0.9244288224956063,10,1.0,1,none,0,0,0,1.1598769999636716,407,378,407,407,11,11,1,0
breast-cancer,12,broad,PACER-X,569,30,10,526,0.9244288224956063,10,1.0,1,none,0,0,0,1.15147400015303,407,378,407,407,11,11,1,0
breast-cancer,12,broad,StaleNoRecheck,569,30,10,526,0.9244288224956063,10,0.9,0,ranking_truncation,0,1,0,0.24411300000792835,240,240,240,240,0,8,0,0
breast-cancer,12,broad,NaiveNoPolicy,569,30,10,526,0.9244288224956063,10,0.9,0,ranking_truncation,0,1,0,0.08561000004192465,240,240,240,0,0,8,0,0
breast-cancer,13,medium,ExactSecure,569,30,10,119,0.20913884007029876,10,1.0,1,none,0,0,0,0.34374400001979666,569,119,119,569,0,0,1,0
breast-cancer,13,medium,PostFilter-IVF,569,30,10,119,0.20913884007029876,10,1.0,1,none,0,0,0,0.2658979999523581,240,66,240,240,0,8,0,0
breast-cancer,13,medium,AdaptivePostFilter-IVF,569,30,10,119,0.20913884007029876,10,1.0,1,none,0,0,0,0.9000990000913589,569,119,569,569,0,18,0,0
breast-cancer,13,medium,TenantPartition-IVF,569,30,10,119,0.20913884007029876,10,1.0,1,none,0,0,0,0.26032999994640704,240,66,240,240,0,8,0,0
breast-cancer,13,medium,PreFilter-IVF,569,30,10,119,0.20913884007029876,10,1.0,1,none,0,0,0,0.48255199999402976,255,63,63,255,6,6,0,0
breast-cancer,13,medium,PACER-A,569,30,10,119,0.20913884007029876,10,1.0,1,none,0,0,0,1.2005179999050597,130,117,130,130,16,15,1,0
breast-cancer,13,medium,PACER-C,569,30,10,119,0.20913884007029876,10,1.0,1,none,0,0,0,1.2728470001093228,130,117,130,130,16,15,1,0
breast-cancer,13,medium,PACER-X,569,30,10,119,0.20913884007029876,10,1.0,1,none,0,0,0,1.3383850000536768,130,117,130,130,16,15,1,0
breast-cancer,13,medium,StaleNoRecheck,569,30,10,119,0.20913884007029876,10,1.0,1,none,0,0,0,0.23089199999049015,240,72,240,240,0,8,0,0
breast-cancer,13,medium,NaiveNoPolicy,569,30,10,119,0.20913884007029876,10,0.5,0,ranking_truncation,5,0,0,0.08826600014799624,240,240,240,0,0,8,0,0
breast-cancer,14,narrow,ExactSecure,569,30,10,25,0.043936731107205626,10,1.0,1,none,0,0,0,0.36854699987998174,569,25,25,569,0,0,1,0
breast-cancer,14,narrow,PostFilter-IVF,569,30,10,25,0.043936731107205626,10,0.8,0,ranking_truncation,0,0,0,0.2035290001458634,217,15,217,217,0,8,0,0
breast-cancer,14,narrow,AdaptivePostFilter-IVF,569,30,10,25,0.043936731107205626,10,1.0,1,none,0,0,0,1.0390380000444566,569,25,569,569,0,18,0,0
breast-cancer,14,narrow,TenantPartition-IVF,569,30,10,25,0.043936731107205626,10,0.8,0,ranking_truncation,0,0,0,0.20882800004073943,217,15,217,217,0,8,0,0
breast-cancer,14,narrow,PreFilter-IVF,569,30,10,25,0.043936731107205626,10,1.0,1,none,0,0,0,0.545775000091453,238,25,25,238,14,8,0,0
breast-cancer,14,narrow,PACER-A,569,30,10,25,0.043936731107205626,10,1.0,1,none,0,0,0,0.5948389998593484,29,25,29,29,16,9,1,0
breast-cancer,14,narrow,PACER-C,569,30,10,25,0.043936731107205626,10,1.0,1,none,0,0,0,0.5699710000044433,29,25,29,29,16,9,1,0
breast-cancer,14,narrow,PACER-X,569,30,10,25,0.043936731107205626,10,1.0,1,none,0,0,0,0.570159999824682,29,25,29,29,16,9,1,0
breast-cancer,14,narrow,StaleNoRecheck,569,30,10,25,0.043936731107205626,10,0.8,0,ranking_truncation,0,1,0,0.20652400007747929,217,17,217,217,0,8,0,0
breast-cancer,14,narrow,NaiveNoPolicy,569,30,10,25,0.043936731107205626,10,0.1,0,ranking_truncation,9,2,6,0.0764569999773812,217,217,217,0,0,8,0,0
breast-cancer,15,cold,ExactSecure,569,30,10,30,0.05272407732864675,10,1.0,1,none,0,0,0,0.37549900002886716,569,30,30,569,0,0,1,0
breast-cancer,15,cold,PostFilter-IVF,569,30,10,30,0.05272407732864675,10,1.0,1,none,0,0,0,0.2208320001955144,219,30,219,219,0,8,0,0
breast-cancer,15,cold,AdaptivePostFilter-IVF,569,30,10,30,0.05272407732864675,10,1.0,1,none,0,0,0,0.9241289999408764,569,30,569,569,0,18,0,0
breast-cancer,15,cold,TenantPartition-IVF,569,30,10,30,0.05272407732864675,10,1.0,1,none,0,0,0,0.21949799997855735,219,30,219,219,0,8,0,0
breast-cancer,15,cold,PreFilter-IVF,569,30,10,30,0.05272407732864675,10,1.0,1,none,0,0,0,0.31309899986808887,155,30,30,155,18,5,0,0
breast-cancer,15,cold,PACER-A,569,30,10,30,0.05272407732864675,10,1.0,1,none,0,0,0,0.3988920000210783,32,30,32,32,8,5,1,0
breast-cancer,15,cold,PACER-C,569,30,10,30,0.05272407732864675,10,1.0,1,none,0,0,0,0.41108300001724274,32,30,32,32,8,5,1,0
breast-cancer,15,cold,PACER-X,569,30,10,30,0.05272407732864675,10,1.0,1,none,0,0,0,0.37389500016615784,32,30,32,32,8,5,1,0
breast-cancer,15,cold,StaleNoRecheck,569,30,10,30,0.05272407732864675,10,0.8,0,ranking_truncation,0,2,0,0.1890959999855113,219,32,219,219,0,8,0,0
breast-cancer,15,cold,NaiveNoPolicy,569,30,10,30,0.05272407732864675,10,0.3,0,ranking_truncation,6,1,0,0.07031599989204551,219,219,219,0,0,8,0,0
breast-cancer,16,broad,ExactSecure,569,30,10,521,0.9156414762741653,10,1.0,1,none,0,0,0,0.36355099996399076,569,521,521,569,0,0,1,0
breast-cancer,16,broad,PostFilter-IVF,569,30,10,521,0.9156414762741653,10,1.0,1,none,0,0,0,0.23359600004368986,240,217,240,240,0,8,0,0
breast-cancer,16,broad,AdaptivePostFilter-IVF,569,30,10,521,0.9156414762741653,10,1.0,1,none,0,0,0,0.8915349999369937,569,521,569,569,0,18,0,0
breast-cancer,16,broad,TenantPartition-IVF,569,30,10,521,0.9156414762741653,10,1.0,1,none,0,0,0,0.28305199998612807,240,217,240,240,0,8,0,0
breast-cancer,16,broad,PreFilter-IVF,569,30,10,521,0.9156414762741653,10,1.0,1,none,0,0,0,0.8118939999803843,251,228,228,251,6,6,0,0
breast-cancer,16,broad,PACER-A,569,30,10,521,0.9156414762741653,10,1.0,1,none,0,0,0,0.7332289999339991,240,217,240,240,6,6,0,0
breast-cancer,16,broad,PACER-C,569,30,10,521,0.9156414762741653,10,1.0,1,none,0,0,0,1.2865829999100242,386,354,386,386,12,12,1,0
breast-cancer,16,broad,PACER-X,569,30,10,521,0.9156414762741653,10,1.0,1,none,0,0,0,1.1366329999873415,386,354,386,386,12,12,1,0
breast-cancer,16,broad,StaleNoRecheck,569,30,10,521,0.9156414762741653,10,0.9,0,ranking_truncation,0,1,0,0.22569699990526715,240,240,240,240,0,8,0,0
breast-cancer,16,broad,NaiveNoPolicy,569,30,10,521,0.9156414762741653,10,0.9,0,ranking_truncation,0,1,0,0.08489599986205576,240,240,240,0,0,8,0,0
breast-cancer,17,medium,ExactSecure,569,30,10,87,0.15289982425307558,10,1.0,1,none,0,0,0,0.31432199989467335,569,87,87,569,0,0,1,0
breast-cancer,17,medium,PostFilter-IVF,569,30,10,87,0.15289982425307558,10,1.0,1,none,0,0,0,0.27945200008616666,240,66,240,240,0,8,0,0
breast-cancer,17,medium,AdaptivePostFilter-IVF,569,30,10,87,0.15289982425307558,10,1.0,1,none,0,0,0,0.9298059999309771,569,87,569,569,0,18,0,0
breast-cancer,17,medium,TenantPartition-IVF,569,30,10,87,0.15289982425307558,10,1.0,1,none,0,0,0,0.4506839998157375,240,66,240,240,0,8,0,0
breast-cancer,17,medium,PreFilter-IVF,569,30,10,87,0.15289982425307558,10,1.0,1,none,0,0,0,0.44881899998472363,251,59,59,251,6,6,0,0
breast-cancer,17,medium,PACER-A,569,30,10,87,0.15289982425307558,10,1.0,1,none,0,0,0,0.9334669998679601,90,83,90,90,11,10,1,0
breast-cancer,17,medium,PACER-C,569,30,10,87,0.15289982425307558,10,1.0,1,none,0,0,0,0.8669119999922259,90,83,90,90,11,10,1,0
breast-cancer,17,medium,PACER-X,569,30,10,87,0.15289982425307558,10,1.0,1,none,0,0,0,0.9422609998637199,90,83,90,90,11,10,1,0
breast-cancer,17,medium,StaleNoRecheck,569,30,10,87,0.15289982425307558,10,1.0,1,none,0,0,0,0.22862000014356454,240,71,240,240,0,8,0,0
breast-cancer,17,medium,NaiveNoPolicy,569,30,10,87,0.15289982425307558,10,0.6,0,ranking_truncation,4,0,0,0.09288800015383458,240,240,240,0,0,8,0,0
breast-cancer,18,narrow,ExactSecure,569,30,10,10,0.01757469244288225,10,1.0,1,none,0,0,0,0.30728000001545297,569,10,10,569,0,0,1,0
breast-cancer,18,narrow,PostFilter-IVF,569,30,10,10,0.01757469244288225,8,0.8,0,candidate_starvation,0,0,0,0.24869499998203537,240,8,240,240,0,8,0,0
breast-cancer,18,narrow,AdaptivePostFilter-IVF,569,30,10,10,0.01757469244288225,10,1.0,1,none,0,0,0,0.9459779998906015,569,10,569,569,0,18,0,0
breast-cancer,18,narrow,TenantPartition-IVF,569,30,10,10,0.01757469244288225,8,0.8,0,candidate_starvation,0,0,0,0.2722949998315016,240,8,240,240,0,8,0,0
breast-cancer,18,narrow,PreFilter-IVF,569,30,10,10,0.01757469244288225,10,1.0,1,none,0,0,0,0.28279000002839894,164,10,10,164,18,4,0,0
breast-cancer,18,narrow,PACER-A,569,30,10,10,0.01757469244288225,10,1.0,1,none,0,0,0,0.29212999993433186,11,10,11,11,16,4,1,0
breast-cancer,18,narrow,PACER-C,569,30,10,10,0.01757469244288225,10,1.0,1,none,0,0,0,0.31453799988412356,11,10,11,11,16,4,1,0
breast-cancer,18,narrow,PACER-X,569,30,10,10,0.01757469244288225,10,1.0,1,none,0,0,0,0.2703200000269135,11,10,11,11,16,4,1,0
breast-cancer,18,narrow,StaleNoRecheck,569,30,10,10,0.01757469244288225,9,0.8,0,candidate_starvation,0,1,0,0.20760400002473034,240,9,240,240,0,8,0,0
breast-cancer,18,narrow,NaiveNoPolicy,569,30,10,10,0.01757469244288225,10,0.6,0,ranking_truncation,4,1,1,0.08119499989334145,240,240,240,0,0,8,0,0
breast-cancer,19,cold,ExactSecure,569,30,10,19,0.033391915641476276,10,1.0,1,none,0,0,0,0.3528649999680056,569,19,19,569,0,0,1,0
breast-cancer,19,cold,PostFilter-IVF,569,30,10,19,0.033391915641476276,10,1.0,1,none,0,0,0,0.2509409998765477,240,18,240,240,0,8,0,0
breast-cancer,19,cold,AdaptivePostFilter-IVF,569,30,10,19,0.033391915641476276,10,1.0,1,none,0,0,0,0.8953909998581366,569,19,569,569,0,18,0,0
breast-cancer,19,cold,TenantPartition-IVF,569,30,10,19,0.033391915641476276,10,1.0,1,none,0,0,0,0.2592430000731838,240,18,240,240,0,8,0,0
breast-cancer,19,cold,PreFilter-IVF,569,30,10,19,0.033391915641476276,10,1.0,1,none,0,0,0,0.3240940000068804,197,19,19,197,18,5,0,0
breast-cancer,19,cold,PACER-A,569,30,10,19,0.033391915641476276,10,1.0,1,none,0,0,0,0.4607859998486674,20,19,20,20,6,5,1,0
breast-cancer,19,cold,PACER-C,569,30,10,19,0.033391915641476276,10,1.0,1,none,0,0,0,0.37037499987491174,20,19,20,20,6,5,1,0
breast-cancer,19,cold,PACER-X,569,30,10,19,0.033391915641476276,10,1.0,1,none,0,0,0,0.35691100015355914,20,19,20,20,6,5,1,0
breast-cancer,19,cold,StaleNoRecheck,569,30,10,19,0.033391915641476276,10,1.0,1,none,0,0,0,0.21407200006251514,240,19,240,240,0,8,0,0
breast-cancer,19,cold,NaiveNoPolicy,569,30,10,19,0.033391915641476276,10,0.3,0,ranking_truncation,7,0,0,0.09514299995316833,240,240,240,0,0,8,0,0
breast-cancer,20,broad,ExactSecure,569,30,10,536,0.9420035149384886,10,1.0,1,none,0,0,0,0.36621100002776075,569,536,536,569,0,0,1,0
breast-cancer,20,broad,PostFilter-IVF,569,30,10,536,0.9420035149384886,10,1.0,1,none,0,0,0,0.22661400021206646,240,227,240,240,0,8,0,0
breast-cancer,20,broad,AdaptivePostFilter-IVF,569,30,10,536,0.9420035149384886,10,1.0,1,none,0,0,0,1.0070200000882323,569,536,569,569,0,18,0,0
breast-cancer,20,broad,TenantPartition-IVF,569,30,10,536,0.9420035149384886,10,1.0,1,none,0,0,0,0.26042600006803696,240,227,240,240,0,8,0,0
breast-cancer,20,broad,PreFilter-IVF,569,30,10,536,0.9420035149384886,10,1.0,1,none,0,0,0,0.7323810000343656,241,229,229,241,6,6,0,0
breast-cancer,20,broad,PACER-A,569,30,10,536,0.9420035149384886,10,1.0,1,none,0,0,0,0.6912300000294636,240,228,240,240,6,6,0,0
breast-cancer,20,broad,PACER-C,569,30,10,536,0.9420035149384886,10,1.0,1,none,0,0,0,0.881569000057425,319,303,319,319,8,8,1,0
breast-cancer,20,broad,PACER-X,569,30,10,536,0.9420035149384886,10,1.0,1,none,0,0,0,0.8850199999415054,319,303,319,319,8,8,1,0
breast-cancer,20,broad,StaleNoRecheck,569,30,10,536,0.9420035149384886,10,1.0,1,none,0,0,0,0.22202900004231196,240,240,240,240,0,8,0,0
breast-cancer,20,broad,NaiveNoPolicy,569,30,10,536,0.9420035149384886,10,1.0,1,none,0,0,0,0.08266400004686147,240,240,240,0,0,8,0,0
breast-cancer,21,medium,ExactSecure,569,30,10,133,0.23374340949033393,10,1.0,1,none,0,0,0,0.3461629999037541,569,133,133,569,0,0,1,0
breast-cancer,21,medium,PostFilter-IVF,569,30,10,133,0.23374340949033393,10,1.0,1,none,0,0,0,0.23215899977913068,240,86,240,240,0,8,0,0
breast-cancer,21,medium,AdaptivePostFilter-IVF,569,30,10,133,0.23374340949033393,10,1.0,1,none,0,0,0,0.9778369999366987,569,133,569,569,0,18,0,0
breast-cancer,21,medium,TenantPartition-IVF,569,30,10,133,0.23374340949033393,10,1.0,1,none,0,0,0,0.34042699985548097,240,86,240,240,0,8,0,0
breast-cancer,21,medium,PreFilter-IVF,569,30,10,133,0.23374340949033393,10,1.0,1,none,0,0,0,0.5053419999967446,254,89,89,254,8,8,0,0
breast-cancer,21,medium,PACER-A,569,30,10,133,0.23374340949033393,10,1.0,1,none,0,0,0,1.1775630000556703,131,125,131,131,15,15,1,0
breast-cancer,21,medium,PACER-C,569,30,10,133,0.23374340949033393,10,1.0,1,none,0,0,0,1.1511840000366647,131,125,131,131,15,15,1,0
breast-cancer,21,medium,PACER-X,569,30,10,133,0.23374340949033393,10,1.0,1,none,0,0,0,1.1662969998269546,131,125,131,131,15,15,1,0
breast-cancer,21,medium,StaleNoRecheck,569,30,10,133,0.23374340949033393,10,1.0,1,none,0,0,0,0.2225079999789159,240,89,240,240,0,8,0,0
breast-cancer,21,medium,NaiveNoPolicy,569,30,10,133,0.23374340949033393,10,0.2,0,ranking_truncation,8,1,0,0.08369600004698441,240,240,240,0,0,8,0,0
breast-cancer,22,narrow,ExactSecure,569,30,10,17,0.029876977152899824,10,1.0,1,none,0,0,0,0.35836899996866123,569,17,17,569,0,0,1,0
breast-cancer,22,narrow,PostFilter-IVF,569,30,10,17,0.029876977152899824,10,1.0,1,none,0,0,0,0.20113000005039794,213,17,213,213,0,8,0,0
breast-cancer,22,narrow,AdaptivePostFilter-IVF,569,30,10,17,0.029876977152899824,10,1.0,1,none,0,0,0,0.9570790000452689,569,17,569,569,0,18,0,0
breast-cancer,22,narrow,TenantPartition-IVF,569,30,10,17,0.029876977152899824,10,1.0,1,none,0,0,0,0.22547899993696774,213,17,213,213,0,8,0,0
breast-cancer,22,narrow,PreFilter-IVF,569,30,10,17,0.029876977152899824,10,1.0,1,none,0,0,0,0.32693399998606765,142,17,17,142,18,4,0,0
breast-cancer,22,narrow,PACER-A,569,30,10,17,0.029876977152899824,10,1.0,1,none,0,0,0,0.3106960000422987,17,17,17,17,4,4,1,0
breast-cancer,22,narrow,PACER-C,569,30,10,17,0.029876977152899824,10,1.0,1,none,0,0,0,0.2929959998709819,17,17,17,17,4,4,1,0
breast-cancer,22,narrow,PACER-X,569,30,10,17,0.029876977152899824,10,1.0,1,none,0,0,0,0.3256160000546515,17,17,17,17,4,4,1,0
breast-cancer,22,narrow,StaleNoRecheck,569,30,10,17,0.029876977152899824,10,1.0,1,none,0,0,0,0.25096200010921166,213,17,213,213,0,8,0,0
breast-cancer,22,narrow,NaiveNoPolicy,569,30,10,17,0.029876977152899824,10,0.0,0,ranking_truncation,10,0,0,0.07873899994592648,213,213,213,0,0,8,0,0
breast-cancer,23,cold,ExactSecure,569,30,10,3,0.005272407732864675,3,1.0,1,none,0,0,0,0.3467799999725685,569,3,3,569,0,0,1,0
breast-cancer,23,cold,PostFilter-IVF,569,30,10,3,0.005272407732864675,3,1.0,1,none,0,0,0,0.19115000009151117,205,3,205,205,0,8,0,0
breast-cancer,23,cold,AdaptivePostFilter-IVF,569,30,10,3,0.005272407732864675,3,1.0,1,none,0,0,0,0.8921009998630325,569,3,569,569,0,18,0,0
breast-cancer,23,cold,TenantPartition-IVF,569,30,10,3,0.005272407732864675,3,1.0,1,none,0,0,0,0.18827700000656478,205,3,205,205,0,8,0,0
breast-cancer,23,cold,PreFilter-IVF,569,30,10,3,0.005272407732864675,3,1.0,1,none,0,0,0,0.2284760000748065,85,3,3,85,18,3,0,0
breast-cancer,23,cold,PACER-A,569,30,10,3,0.005272407732864675,3,1.0,1,none,0,0,0,0.23508499998570187,4,3,4,4,9,3,1,0
breast-cancer,23,cold,PACER-C,569,30,10,3,0.005272407732864675,3,1.0,1,none,0,0,0,0.19598500011852593,4,3,4,4,9,3,1,0
breast-cancer,23,cold,PACER-X,569,30,10,3,0.005272407732864675,3,1.0,1,none,0,0,0,0.18913500002781802,4,3,4,4,9,3,1,0
breast-cancer,23,cold,StaleNoRecheck,569,30,10,3,0.005272407732864675,3,1.0,1,none,0,0,0,0.17518100003144355,205,3,205,205,0,8,0,0
breast-cancer,23,cold,NaiveNoPolicy,569,30,10,3,0.005272407732864675,10,0.3333333333333333,0,ranking_truncation,9,1,1,0.07254000001921668,205,205,205,0,0,8,0,0
breast-cancer,24,broad,ExactSecure,569,30,10,531,0.9332161687170475,10,1.0,1,none,0,0,0,0.3541429998676904,569,531,531,569,0,0,1,0
breast-cancer,24,broad,PostFilter-IVF,569,30,10,531,0.9332161687170475,10,1.0,1,none,0,0,0,0.4093810000540543,240,220,240,240,0,8,0,0
breast-cancer,24,broad,AdaptivePostFilter-IVF,569,30,10,531,0.9332161687170475,10,1.0,1,none,0,0,0,0.9147439998287155,569,531,569,569,0,18,0,0
breast-cancer,24,broad,TenantPartition-IVF,569,30,10,531,0.9332161687170475,10,1.0,1,none,0,0,0,0.4393070000787702,240,220,240,240,0,8,0,0
breast-cancer,24,broad,PreFilter-IVF,569,30,10,531,0.9332161687170475,10,1.0,1,none,0,0,0,1.0431190000872448,270,250,250,270,8,8,0,0
breast-cancer,24,broad,PACER-A,569,30,10,531,0.9332161687170475,10,1.0,1,none,0,0,0,0.8838390001528751,240,220,240,240,8,8,0,0
breast-cancer,24,broad,PACER-C,569,30,10,531,0.9332161687170475,10,1.0,1,none,0,0,0,1.693841000133034,547,510,547,547,17,17,1,0
breast-cancer,24,broad,PACER-X,569,30,10,531,0.9332161687170475,10,1.0,1,none,0,0,0,1.67191500008812,547,510,547,547,17,17,1,0
breast-cancer,24,broad,StaleNoRecheck,569,30,10,531,0.9332161687170475,10,1.0,1,none,0,0,0,0.22944499983168498,240,240,240,240,0,8,0,0
breast-cancer,24,broad,NaiveNoPolicy,569,30,10,531,0.9332161687170475,10,1.0,1,none,0,0,0,0.11427200001890014,240,240,240,0,0,8,0,0
breast-cancer,25,medium,ExactSecure,569,30,10,127,0.22319859402460457,10,1.0,1,none,0,0,0,0.3169399999478628,569,127,127,569,0,0,1,0
breast-cancer,25,medium,PostFilter-IVF,569,30,10,127,0.22319859402460457,10,1.0,1,none,0,0,0,0.22246900016398286,234,65,234,234,0,8,0,0
breast-cancer,25,medium,AdaptivePostFilter-IVF,569,30,10,127,0.22319859402460457,10,1.0,1,none,0,0,0,0.9704279998459242,569,127,569,569,0,18,0,0
breast-cancer,25,medium,TenantPartition-IVF,569,30,10,127,0.22319859402460457,10,1.0,1,none,0,0,0,0.3110329998889938,234,65,234,234,0,8,0,0
breast-cancer,25,medium,PreFilter-IVF,569,30,10,127,0.22319859402460457,10,0.9,0,ranking_truncation,0,0,0,0.5028839998431067,247,78,78,247,8,7,0,0
breast-cancer,25,medium,PACER-A,569,30,10,127,0.22319859402460457,10,1.0,1,none,0,0,0,1.2937470000906615,142,127,142,142,18,16,1,0
breast-cancer,25,medium,PACER-C,569,30,10,127,0.22319859402460457,10,1.0,1,none,0,0,0,1.35518799993406,142,127,142,142,18,16,1,0
breast-cancer,25,medium,PACER-X,569,30,10,127,0.22319859402460457,10,1.0,1,none,0,0,0,1.2405510001372022,142,127,142,142,18,16,1,0
breast-cancer,25,medium,StaleNoRecheck,569,30,10,127,0.22319859402460457,10,1.0,1,none,0,0,0,0.22011099986229965,234,73,234,234,0,8,0,0
breast-cancer,25,medium,NaiveNoPolicy,569,30,10,127,0.22319859402460457,10,0.3,0,ranking_truncation,7,1,0,0.07859700008339132,234,234,234,0,0,8,0,0
breast-cancer,26,narrow,ExactSecure,569,30,10,5,0.008787346221441126,5,1.0,1,none,0,0,0,0.3046749998247833,569,5,5,569,0,0,1,0
breast-cancer,26,narrow,PostFilter-IVF,569,30,10,5,0.008787346221441126,3,0.6,0,candidate_starvation,0,0,0,0.2401390001978143,240,3,240,240,0,8,0,0
breast-cancer,26,narrow,AdaptivePostFilter-IVF,569,30,10,5,0.008787346221441126,5,1.0,1,none,0,0,0,0.9173199998713244,569,5,569,569,0,18,0,0
breast-cancer,26,narrow,TenantPartition-IVF,569,30,10,5,0.008787346221441126,3,0.6,0,candidate_starvation,0,0,0,0.1777059999312769,240,3,240,240,0,8,0,0
breast-cancer,26,narrow,PreFilter-IVF,569,30,10,5,0.008787346221441126,5,1.0,1,none,0,0,0,0.23566000004393572,104,5,5,104,18,3,0,0
breast-cancer,26,narrow,PACER-A,569,30,10,5,0.008787346221441126,5,1.0,1,none,0,0,0,0.22252999997363077,5,5,5,5,13,3,1,0
breast-cancer,26,narrow,PACER-C,569,30,10,5,0.008787346221441126,5,1.0,1,none,0,0,0,0.2329120000013063,5,5,5,5,13,3,1,0
breast-cancer,26,narrow,PACER-X,569,30,10,5,0.008787346221441126,5,1.0,1,none,0,0,0,0.22822500000074797,5,5,5,5,13,3,1,0
breast-cancer,26,narrow,StaleNoRecheck,569,30,10,5,0.008787346221441126,3,0.6,0,candidate_starvation,0,0,0,0.20876700000371784,240,3,240,240,0,8,0,0
breast-cancer,26,narrow,NaiveNoPolicy,569,30,10,5,0.008787346221441126,10,0.2,0,ranking_truncation,9,0,7,0.08532600008948066,240,240,240,0,0,8,0,0
breast-cancer,27,cold,ExactSecure,569,30,10,10,0.01757469244288225,10,1.0,1,none,0,0,0,0.3274599998803751,569,10,10,569,0,0,1,0
breast-cancer,27,cold,PostFilter-IVF,569,30,10,10,0.01757469244288225,2,0.2,0,candidate_starvation,0,0,0,0.19283699998595694,195,2,195,195,0,8,0,0
breast-cancer,27,cold,AdaptivePostFilter-IVF,569,30,10,10,0.01757469244288225,10,1.0,1,none,0,0,0,0.9113529999922321,569,10,569,569,0,18,0,0
breast-cancer,27,cold,TenantPartition-IVF,569,30,10,10,0.01757469244288225,2,0.2,0,candidate_starvation,0,0,0,0.21491300003617653,195,2,195,195,0,8,0,0
breast-cancer,27,cold,PreFilter-IVF,569,30,10,10,0.01757469244288225,10,1.0,1,none,0,0,0,0.20963600013601535,75,10,10,75,18,3,0,0
breast-cancer,27,cold,PACER-A,569,30,10,10,0.01757469244288225,10,1.0,1,none,0,0,0,0.2526440000565344,11,10,11,11,11,3,1,0
breast-cancer,27,cold,PACER-C,569,30,10,10,0.01757469244288225,10,1.0,1,none,0,0,0,0.2183659998991061,11,10,11,11,11,3,1,0
breast-cancer,27,cold,PACER-X,569,30,10,10,0.01757469244288225,10,1.0,1,none,0,0,0,0.23545200019725598,11,10,11,11,11,3,1,0
breast-cancer,27,cold,StaleNoRecheck,569,30,10,10,0.01757469244288225,2,0.2,0,candidate_starvation,0,0,0,0.16802799996185058,195,2,195,195,0,8,0,0
breast-cancer,27,cold,NaiveNoPolicy,569,30,10,10,0.01757469244288225,10,0.1,0,ranking_truncation,9,0,0,0.09146200000031968,195,195,195,0,0,8,0,0
breast-cancer,28,broad,ExactSecure,569,30,10,536,0.9420035149384886,10,1.0,1,none,0,0,0,0.34990099993592594,569,536,536,569,0,0,1,0
breast-cancer,28,broad,PostFilter-IVF,569,30,10,536,0.9420035149384886,10,1.0,1,none,0,0,0,0.2525450001940044,240,227,240,240,0,8,0,0
breast-cancer,28,broad,AdaptivePostFilter-IVF,569,30,10,536,0.9420035149384886,10,1.0,1,none,0,0,0,1.1906909999197524,569,536,569,569,0,18,0,0
breast-cancer,28,broad,TenantPartition-IVF,569,30,10,536,0.9420035149384886,10,1.0,1,none,0,0,0,0.2818620000653027,240,227,240,240,0,8,0,0
breast-cancer,28,broad,PreFilter-IVF,569,30,10,536,0.9420035149384886,10,1.0,1,none,0,0,0,0.9845140000379615,251,238,238,251,6,6,0,0
breast-cancer,28,broad,PACER-A,569,30,10,536,0.9420035149384886,10,1.0,1,none,0,0,0,0.7028279999303777,240,228,240,240,6,6,0,0
breast-cancer,28,broad,PACER-C,569,30,10,536,0.9420035149384886,10,1.0,1,none,0,0,0,1.2121039999328787,430,405,430,430,12,12,1,0
breast-cancer,28,broad,PACER-X,569,30,10,536,0.9420035149384886,10,1.0,1,none,0,0,0,1.28040399999918,430,405,430,430,12,12,1,0
breast-cancer,28,broad,StaleNoRecheck,569,30,10,536,0.9420035149384886,10,1.0,1,none,0,0,0,0.2801559999170422,240,240,240,240,0,8,0,0
breast-cancer,28,broad,NaiveNoPolicy,569,30,10,536,0.9420035149384886,10,1.0,1,none,0,0,0,0.08755900012147322,240,240,240,0,0,8,0,0
breast-cancer,29,medium,ExactSecure,569,30,10,108,0.18980667838312829,10,1.0,1,none,0,0,0,0.33108699994954804,569,108,108,569,0,0,1,0
breast-cancer,29,medium,PostFilter-IVF,569,30,10,108,0.18980667838312829,10,1.0,1,none,0,0,0,0.2336780000860017,217,61,217,217,0,8,0,0
breast-cancer,29,medium,AdaptivePostFilter-IVF,569,30,10,108,0.18980667838312829,10,1.0,1,none,0,0,0,0.9823020000112592,569,108,569,569,0,18,0,0
breast-cancer,29,medium,TenantPartition-IVF,569,30,10,108,0.18980667838312829,10,1.0,1,none,0,0,0,0.229434999937439,217,61,217,217,0,8,0,0
breast-cancer,29,medium,PreFilter-IVF,569,30,10,108,0.18980667838312829,10,1.0,1,none,0,0,0,0.6195959999786282,252,58,58,252,8,8,0,0
breast-cancer,29,medium,PACER-A,569,30,10,108,0.18980667838312829,10,1.0,1,none,0,0,0,1.2662169999657635,118,108,118,118,18,17,1,0
breast-cancer,29,medium,PACER-C,569,30,10,108,0.18980667838312829,10,1.0,1,none,0,0,0,1.2155219999385736,118,108,118,118,18,17,1,0
breast-cancer,29,medium,PACER-X,569,30,10,108,0.18980667838312829,10,1.0,1,none,0,0,0,1.2480079999477312,118,108,118,118,18,17,1,0
breast-cancer,29,medium,StaleNoRecheck,569,30,10,108,0.18980667838312829,10,0.8,0,ranking_truncation,0,2,0,0.1949059999333258,217,68,217,217,0,8,0,0
breast-cancer,29,medium,NaiveNoPolicy,569,30,10,108,0.18980667838312829,10,0.1,0,ranking_truncation,7,3,0,0.07101200003489794,217,217,217,0,0,8,0,0
breast-cancer,30,narrow,ExactSecure,569,30,10,22,0.03866432337434095,10,1.0,1,none,0,0,0,0.3258500000811182,569,22,22,569,0,0,1,0
breast-cancer,30,narrow,PostFilter-IVF,569,30,10,22,0.03866432337434095,10,1.0,1,none,0,0,0,0.2250079999157606,240,18,240,240,0,8,0,0
breast-cancer,30,narrow,AdaptivePostFilter-IVF,569,30,10,22,0.03866432337434095,10,1.0,1,none,0,0,0,0.9198390000619838,569,22,569,569,0,18,0,0
breast-cancer,30,narrow,TenantPartition-IVF,569,30,10,22,0.03866432337434095,10,1.0,1,none,0,0,0,0.28057699978489836,240,18,240,240,0,8,0,0
breast-cancer,30,narrow,PreFilter-IVF,569,30,10,22,0.03866432337434095,10,1.0,1,none,0,0,0,0.41512799998599803,243,22,22,243,10,7,0,0
breast-cancer,30,narrow,PACER-A,569,30,10,22,0.03866432337434095,10,1.0,1,none,0,0,0,0.5579159999342664,22,22,22,22,10,7,1,0
breast-cancer,30,narrow,PACER-C,569,30,10,22,0.03866432337434095,10,1.0,1,none,0,0,0,0.5794119999791292,22,22,22,22,10,7,1,0
breast-cancer,30,narrow,PACER-X,569,30,10,22,0.03866432337434095,10,1.0,1,none,0,0,0,0.5439649999061658,22,22,22,22,10,7,1,0
breast-cancer,30,narrow,StaleNoRecheck,569,30,10,22,0.03866432337434095,10,1.0,1,none,0,0,0,0.26618299989422667,240,18,240,240,0,8,0,0
breast-cancer,30,narrow,NaiveNoPolicy,569,30,10,22,0.03866432337434095,10,0.3,0,ranking_truncation,7,0,1,0.08625300006315229,240,240,240,0,0,8,0,0
breast-cancer,31,cold,ExactSecure,569,30,10,11,0.019332161687170474,10,1.0,1,none,0,0,0,0.3473710000889696,569,11,11,569,0,0,1,0
breast-cancer,31,cold,PostFilter-IVF,569,30,10,11,0.019332161687170474,9,0.9,0,candidate_starvation,0,0,0,0.21486100013135,240,9,240,240,0,8,0,0
breast-cancer,31,cold,AdaptivePostFilter-IVF,569,30,10,11,0.019332161687170474,10,1.0,1,none,0,0,0,0.9160029999293329,569,11,569,569,0,18,0,0
breast-cancer,31,cold,TenantPartition-IVF,569,30,10,11,0.019332161687170474,9,0.9,0,candidate_starvation,0,0,0,0.22063899996282998,240,9,240,240,0,8,0,0
breast-cancer,31,cold,PreFilter-IVF,569,30,10,11,0.019332161687170474,10,1.0,1,none,0,0,0,0.42561999998724787,235,11,11,235,18,7,0,0
breast-cancer,31,cold,PACER-A,569,30,10,11,0.019332161687170474,10,1.0,1,none,0,0,0,0.440301000026011,12,11,12,12,14,7,1,0
breast-cancer,31,cold,PACER-C,569,30,10,11,0.019332161687170474,10,1.0,1,none,0,0,0,0.578488999963156,12,11,12,12,14,7,1,0
breast-cancer,31,cold,PACER-X,569,30,10,11,0.019332161687170474,10,1.0,1,none,0,0,0,0.46175300008144404,12,11,12,12,14,7,1,0
breast-cancer,31,cold,StaleNoRecheck,569,30,10,11,0.019332161687170474,10,0.9,0,ranking_truncation,0,1,0,0.20559899985528318,240,10,240,240,0,8,0,0
breast-cancer,31,cold,NaiveNoPolicy,569,30,10,11,0.019332161687170474,10,0.3,0,ranking_truncation,7,1,0,0.08296000009977433,240,240,240,0,0,8,0,0
breast-cancer,32,broad,ExactSecure,569,30,10,531,0.9332161687170475,10,1.0,1,none,0,0,0,0.37333400018724205,569,531,531,569,0,0,1,0
breast-cancer,32,broad,PostFilter-IVF,569,30,10,531,0.9332161687170475,10,1.0,1,none,0,0,0,0.1856659998793475,179,168,179,179,0,8,0,0
breast-cancer,32,broad,AdaptivePostFilter-IVF,569,30,10,531,0.9332161687170475,10,1.0,1,none,0,0,0,0.8757359998980974,569,531,569,569,0,18,0,0
breast-cancer,32,broad,TenantPartition-IVF,569,30,10,531,0.9332161687170475,10,1.0,1,none,0,0,0,0.20045399992341117,179,168,179,179,0,8,0,0
breast-cancer,32,broad,PreFilter-IVF,569,30,10,531,0.9332161687170475,10,1.0,1,none,0,0,0,1.0090480000144453,200,187,187,200,8,8,0,0
breast-cancer,32,broad,PACER-A,569,30,10,531,0.9332161687170475,10,1.0,1,none,0,0,0,1.0235070001272106,240,225,240,240,10,10,0,0
breast-cancer,32,broad,PACER-C,569,30,10,531,0.9332161687170475,10,1.0,1,none,0,0,0,1.7400010001438204,569,531,569,569,18,18,1,0
breast-cancer,32,broad,PACER-X,569,30,10,531,0.9332161687170475,10,1.0,1,none,0,0,0,1.7095850000714563,569,531,569,569,18,18,1,0
breast-cancer,32,broad,StaleNoRecheck,569,30,10,531,0.9332161687170475,10,0.8,0,ranking_truncation,0,2,0,0.17812500004765752,179,179,179,179,0,8,0,0
breast-cancer,32,broad,NaiveNoPolicy,569,30,10,531,0.9332161687170475,10,0.8,0,ranking_truncation,0,2,0,0.0651779998861457,179,179,179,0,0,8,0,0
breast-cancer,33,medium,ExactSecure,569,30,10,77,0.13532513181019332,10,1.0,1,none,0,0,0,0.3146260000903567,569,77,77,569,0,0,1,0
breast-cancer,33,medium,PostFilter-IVF,569,30,10,77,0.13532513181019332,10,1.0,1,none,0,0,0,0.21020700000917714,235,35,235,235,0,8,0,0
breast-cancer,33,medium,AdaptivePostFilter-IVF,569,30,10,77,0.13532513181019332,10,1.0,1,none,0,0,0,0.9473229999912292,569,77,569,569,0,18,0,0
breast-cancer,33,medium,TenantPartition-IVF,569,30,10,77,0.13532513181019332,10,1.0,1,none,0,0,0,0.2735059999849909,235,35,235,235,0,8,0,0
breast-cancer,33,medium,PreFilter-IVF,569,30,10,77,0.13532513181019332,10,1.0,1,none,0,0,0,0.5843989999902988,205,39,39,205,9,8,0,0
breast-cancer,33,medium,PACER-A,569,30,10,77,0.13532513181019332,10,1.0,1,none,0,0,0,1.1459310001100675,85,77,85,85,17,13,1,0
breast-cancer,33,medium,PACER-C,569,30,10,77,0.13532513181019332,10,1.0,1,none,0,0,0,1.189957999940816,85,77,85,85,17,13,1,0
breast-cancer,33,medium,PACER-X,569,30,10,77,0.13532513181019332,10,1.0,1,none,0,0,0,1.0394670000550832,85,77,85,85,17,13,1,0
breast-cancer,33,medium,StaleNoRecheck,569,30,10,77,0.13532513181019332,10,0.9,0,ranking_truncation,0,1,0,0.3113430000212247,235,38,235,235,0,8,0,0
breast-cancer,33,medium,NaiveNoPolicy,569,30,10,77,0.13532513181019332,10,0.3,0,ranking_truncation,6,1,0,0.08000499997251609,235,235,235,0,0,8,0,0
breast-cancer,34,narrow,ExactSecure,569,30,10,30,0.05272407732864675,10,1.0,1,none,0,0,0,0.3119259999948554,569,30,30,569,0,0,1,0
breast-cancer,34,narrow,PostFilter-IVF,569,30,10,30,0.05272407732864675,10,1.0,1,none,0,0,0,0.2375619999384071,240,30,240,240,0,8,0,0
breast-cancer,34,narrow,AdaptivePostFilter-IVF,569,30,10,30,0.05272407732864675,10,1.0,1,none,0,0,0,0.8941270000377699,569,30,569,569,0,18,0,0
breast-cancer,34,narrow,TenantPartition-IVF,569,30,10,30,0.05272407732864675,10,1.0,1,none,0,0,0,0.23184499991657503,240,30,240,240,0,8,0,0
breast-cancer,34,narrow,PreFilter-IVF,569,30,10,30,0.05272407732864675,10,1.0,1,none,0,0,0,0.3418220001094596,155,30,30,155,18,5,0,0
breast-cancer,34,narrow,PACER-A,569,30,10,30,0.05272407732864675,10,1.0,1,none,0,0,0,0.43536299995139416,32,30,32,32,6,5,1,0
breast-cancer,34,narrow,PACER-C,569,30,10,30,0.05272407732864675,10,1.0,1,none,0,0,0,0.40509900009055855,32,30,32,32,6,5,1,0
breast-cancer,34,narrow,PACER-X,569,30,10,30,0.05272407732864675,10,1.0,1,none,0,0,0,0.5144919998656405,32,30,32,32,6,5,1,0
breast-cancer,34,narrow,StaleNoRecheck,569,30,10,30,0.05272407732864675,10,1.0,1,none,0,0,0,0.2468970001245907,240,32,240,240,0,8,0,0
breast-cancer,34,narrow,NaiveNoPolicy,569,30,10,30,0.05272407732864675,10,0.5,0,ranking_truncation,5,0,0,0.10762400006569806,240,240,240,0,0,8,0,0
breast-cancer,35,cold,ExactSecure,569,30,10,31,0.054481546572934976,10,1.0,1,none,0,0,0,0.3357079999659618,569,31,31,569,0,0,1,0
breast-cancer,35,cold,PostFilter-IVF,569,30,10,31,0.054481546572934976,10,1.0,1,none,0,0,0,0.19790900000771217,213,31,213,213,0,8,0,0
breast-cancer,35,cold,AdaptivePostFilter-IVF,569,30,10,31,0.054481546572934976,10,1.0,1,none,0,0,0,0.9085980000236304,569,31,569,569,0,18,0,0
breast-cancer,35,cold,TenantPartition-IVF,569,30,10,31,0.054481546572934976,10,1.0,1,none,0,0,0,0.2566949999618373,213,31,213,213,0,8,0,0
breast-cancer,35,cold,PreFilter-IVF,569,30,10,31,0.054481546572934976,10,1.0,1,none,0,0,0,0.2572480000253563,133,31,31,133,18,4,0,0
breast-cancer,35,cold,PACER-A,569,30,10,31,0.054481546572934976,10,1.0,1,none,0,0,0,0.3816050000295945,33,31,33,33,4,4,1,0
breast-cancer,35,cold,PACER-C,569,30,10,31,0.054481546572934976,10,1.0,1,none,0,0,0,0.32974999999169086,33,31,33,33,4,4,1,0
breast-cancer,35,cold,PACER-X,569,30,10,31,0.054481546572934976,10,1.0,1,none,0,0,0,0.3759090000130527,33,31,33,33,4,4,1,0
breast-cancer,35,cold,StaleNoRecheck,569,30,10,31,0.054481546572934976,10,1.0,1,none,0,0,0,0.26036400004159077,213,33,213,213,0,8,0,0
breast-cancer,35,cold,NaiveNoPolicy,569,30,10,31,0.054481546572934976,10,0.4,0,ranking_truncation,6,0,0,0.07323199997699703,213,213,213,0,0,8,0,0
breast-cancer,36,broad,ExactSecure,569,30,10,526,0.9244288224956063,10,1.0,1,none,0,0,0,0.35604099980446335,569,526,526,569,0,0,1,0
breast-cancer,36,broad,PostFilter-IVF,569,30,10,526,0.9244288224956063,10,1.0,1,none,0,0,0,0.2313649999905465,240,223,240,240,0,8,0,0
breast-cancer,36,broad,AdaptivePostFilter-IVF,569,30,10,526,0.9244288224956063,10,1.0,1,none,0,0,0,0.9258009999939532,569,526,569,569,0,18,0,0
breast-cancer,36,broad,TenantPartition-IVF,569,30,10,526,0.9244288224956063,10,1.0,1,none,0,0,0,0.26175800007877115,240,223,240,240,0,8,0,0
breast-cancer,36,broad,PreFilter-IVF,569,30,10,526,0.9244288224956063,10,1.0,1,none,0,0,0,0.8475069998894469,251,235,235,251,6,6,0,0
breast-cancer,36,broad,PACER-A,569,30,10,526,0.9244288224956063,10,1.0,1,none,0,0,0,0.7148529998630693,240,225,240,240,6,6,0,0
breast-cancer,36,broad,PACER-C,569,30,10,526,0.9244288224956063,10,1.0,1,none,0,0,0,1.4163199998620257,447,417,447,447,13,13,1,0
breast-cancer,36,broad,PACER-X,569,30,10,526,0.9244288224956063,10,1.0,1,none,0,0,0,1.4829409999492782,447,417,447,447,13,13,1,0
breast-cancer,36,broad,StaleNoRecheck,569,30,10,526,0.9244288224956063,10,0.9,0,ranking_truncation,0,1,0,0.2659900001162896,240,240,240,240,0,8,0,0
breast-cancer,36,broad,NaiveNoPolicy,569,30,10,526,0.9244288224956063,10,0.9,0,ranking_truncation,0,1,0,0.08795099984126864,240,240,240,0,0,8,0,0
breast-cancer,37,medium,ExactSecure,569,30,10,119,0.20913884007029876,10,1.0,1,none,0,0,0,0.3263049998167844,569,119,119,569,0,0,1,0
breast-cancer,37,medium,PostFilter-IVF,569,30,10,119,0.20913884007029876,10,1.0,1,none,0,0,0,0.23181799997473718,240,69,240,240,0,8,0,0
breast-cancer,37,medium,AdaptivePostFilter-IVF,569,30,10,119,0.20913884007029876,10,1.0,1,none,0,0,0,0.9267970001474168,569,119,569,569,0,18,0,0
breast-cancer,37,medium,TenantPartition-IVF,569,30,10,119,0.20913884007029876,10,1.0,1,none,0,0,0,0.26458199999979115,240,69,240,240,0,8,0,0
breast-cancer,37,medium,PreFilter-IVF,569,30,10,119,0.20913884007029876,10,0.8,0,ranking_truncation,0,0,0,0.4870220000157133,256,78,78,256,7,7,0,0
breast-cancer,37,medium,PACER-A,569,30,10,119,0.20913884007029876,10,1.0,1,none,0,0,0,0.9764789999735513,117,111,117,117,12,12,1,0
breast-cancer,37,medium,PACER-C,569,30,10,119,0.20913884007029876,10,1.0,1,none,0,0,0,0.9603369999240385,117,111,117,117,12,12,1,0
breast-cancer,37,medium,PACER-X,569,30,10,119,0.20913884007029876,10,1.0,1,none,0,0,0,1.0365030000230036,117,111,117,117,12,12,1,0
breast-cancer,37,medium,StaleNoRecheck,569,30,10,119,0.20913884007029876,10,0.9,0,ranking_truncation,0,1,0,0.26137700001527264,240,75,240,240,0,8,0,0
breast-cancer,37,medium,NaiveNoPolicy,569,30,10,119,0.20913884007029876,10,0.1,0,ranking_truncation,8,1,0,0.09232499996869592,240,240,240,0,0,8,0,0
breast-cancer,38,narrow,ExactSecure,569,30,10,22,0.03866432337434095,10,1.0,1,none,0,0,0,0.31696000019110215,569,22,22,569,0,0,1,0
breast-cancer,38,narrow,PostFilter-IVF,569,30,10,22,0.03866432337434095,10,1.0,1,none,0,0,0,0.2656060000845173,240,14,240,240,0,8,0,0
breast-cancer,38,narrow,AdaptivePostFilter-IVF,569,30,10,22,0.03866432337434095,10,1.0,1,none,0,0,0,0.8767639999405219,569,22,569,569,0,18,0,0
breast-cancer,38,narrow,TenantPartition-IVF,569,30,10,22,0.03866432337434095,10,1.0,1,none,0,0,0,0.25419399980819435,240,14,240,240,0,8,0,0
breast-cancer,38,narrow,PreFilter-IVF,569,30,10,22,0.03866432337434095,10,1.0,1,none,0,0,0,0.4096239999853424,170,22,22,170,18,6,0,0
breast-cancer,38,narrow,PACER-A,569,30,10,22,0.03866432337434095,10,1.0,1,none,0,0,0,0.46971599999778846,22,22,22,22,10,6,1,0
breast-cancer,38,narrow,PACER-C,569,30,10,22,0.03866432337434095,10,1.0,1,none,0,0,0,0.460497999938525,22,22,22,22,10,6,1,0
breast-cancer,38,narrow,PACER-X,569,30,10,22,0.03866432337434095,10,1.0,1,none,0,0,0,0.41654599999674247,22,22,22,22,10,6,1,0
breast-cancer,38,narrow,StaleNoRecheck,569,30,10,22,0.03866432337434095,10,1.0,1,none,0,0,0,0.2135380000254372,240,14,240,240,0,8,0,0
breast-cancer,38,narrow,NaiveNoPolicy,569,30,10,22,0.03866432337434095,10,0.1,0,ranking_truncation,9,2,0,0.0833209999200335,240,240,240,0,0,8,0,0
breast-cancer,39,cold,ExactSecure,569,30,10,32,0.056239015817223195,10,1.0,1,none,0,0,0,0.3061179997985164,569,32,32,569,0,0,1,0
breast-cancer,39,cold,PostFilter-IVF,569,30,10,32,0.056239015817223195,10,1.0,1,none,0,0,0,0.20345799998722214,223,31,223,223,0,8,0,0
breast-cancer,39,cold,AdaptivePostFilter-IVF,569,30,10,32,0.056239015817223195,10,1.0,1,none,0,0,0,0.8962520000750374,569,32,569,569,0,18,0,0
breast-cancer,39,cold,TenantPartition-IVF,569,30,10,32,0.056239015817223195,10,1.0,1,none,0,0,0,0.24068900006568583,223,31,223,223,0,8,0,0
breast-cancer,39,cold,PreFilter-IVF,569,30,10,32,0.056239015817223195,10,1.0,1,none,0,0,0,0.28705099998660444,155,32,32,155,18,5,0,0
breast-cancer,39,cold,PACER-A,569,30,10,32,0.056239015817223195,10,1.0,1,none,0,0,0,0.39697500005786424,32,32,32,32,9,5,1,0
breast-cancer,39,cold,PACER-C,569,30,10,32,0.056239015817223195,10,1.0,1,none,0,0,0,0.37866399998165434,32,32,32,32,9,5,1,0
breast-cancer,39,cold,PACER-X,569,30,10,32,0.056239015817223195,10,1.0,1,none,0,0,0,0.3725850001501385,32,32,32,32,9,5,1,0
breast-cancer,39,cold,StaleNoRecheck,569,30,10,32,0.056239015817223195,10,1.0,1,none,0,0,0,0.19039400012843544,223,31,223,223,0,8,0,0
breast-cancer,39,cold,NaiveNoPolicy,569,30,10,32,0.056239015817223195,10,0.3,0,ranking_truncation,7,2,0,0.07825400007277494,223,223,223,0,0,8,0,0
breast-cancer,40,broad,ExactSecure,569,30,10,526,0.9244288224956063,10,1.0,1,none,0,0,0,0.4345480001575197,569,526,526,569,0,0,1,0
breast-cancer,40,broad,PostFilter-IVF,569,30,10,526,0.9244288224956063,10,1.0,1,none,0,0,0,0.23372700002255442,240,222,240,240,0,8,0,0
breast-cancer,40,broad,AdaptivePostFilter-IVF,569,30,10,526,0.9244288224956063,10,1.0,1,none,0,0,0,1.060931999973036,569,526,569,569,0,18,0,0
breast-cancer,40,broad,TenantPartition-IVF,569,30,10,526,0.9244288224956063,10,1.0,1,none,0,0,0,0.26517900005273987,240,222,240,240,0,8,0,0
breast-cancer,40,broad,PreFilter-IVF,569,30,10,526,0.9244288224956063,10,1.0,1,none,0,0,0,0.947734000192213,272,252,252,272,7,7,0,0
breast-cancer,40,broad,PACER-A,569,30,10,526,0.9244288224956063,10,1.0,1,none,0,0,0,0.7407079999666166,240,225,240,240,7,7,0,0
breast-cancer,40,broad,PACER-C,569,30,10,526,0.9244288224956063,10,1.0,1,none,0,0,0,1.0540759999457805,369,341,369,369,11,11,1,0
breast-cancer,40,broad,PACER-X,569,30,10,526,0.9244288224956063,10,1.0,1,none,0,0,0,1.1039080000045942,369,341,369,369,11,11,1,0
breast-cancer,40,broad,StaleNoRecheck,569,30,10,526,0.9244288224956063,10,0.8,0,ranking_truncation,0,2,0,0.2225099999577651,240,240,240,240,0,8,0,0
breast-cancer,40,broad,NaiveNoPolicy,569,30,10,526,0.9244288224956063,10,0.8,0,ranking_truncation,0,2,0,0.08291099993584794,240,240,240,0,0,8,0,0
breast-cancer,41,medium,ExactSecure,569,30,10,104,0.1827768014059754,10,1.0,1,none,0,0,0,0.30987600007392757,569,104,104,569,0,0,1,0
breast-cancer,41,medium,PostFilter-IVF,569,30,10,104,0.1827768014059754,10,1.0,1,none,0,0,0,0.18924100004369393,192,61,192,192,0,8,0,0
breast-cancer,41,medium,AdaptivePostFilter-IVF,569,30,10,104,0.1827768014059754,10,1.0,1,none,0,0,0,0.8963129998846853,569,104,569,569,0,18,0,0
breast-cancer,41,medium,TenantPartition-IVF,569,30,10,104,0.1827768014059754,10,1.0,1,none,0,0,0,0.21334200005185266,192,61,192,192,0,8,0,0
breast-cancer,41,medium,PreFilter-IVF,569,30,10,104,0.1827768014059754,10,1.0,1,none,0,0,0,0.5576940000082686,192,61,61,192,9,8,0,0
breast-cancer,41,medium,PACER-A,569,30,10,104,0.1827768014059754,10,1.0,1,none,0,0,0,1.1062089999995806,111,104,111,111,17,14,1,0
breast-cancer,41,medium,PACER-C,569,30,10,104,0.1827768014059754,10,1.0,1,none,0,0,0,1.1102029998255603,111,104,111,111,17,14,1,0
breast-cancer,41,medium,PACER-X,569,30,10,104,0.1827768014059754,10,1.0,1,none,0,0,0,1.0390720001396403,111,104,111,111,17,14,1,0
breast-cancer,41,medium,StaleNoRecheck,569,30,10,104,0.1827768014059754,10,1.0,1,none,0,0,0,0.19145700002809463,192,66,192,192,0,8,0,0
breast-cancer,41,medium,NaiveNoPolicy,569,30,10,104,0.1827768014059754,10,0.2,0,ranking_truncation,8,2,0,0.07285099991349853,192,192,192,0,0,8,0,0
breast-cancer,42,narrow,ExactSecure,569,30,10,7,0.012302284710017574,7,1.0,1,none,0,0,0,0.30172099991432333,569,7,7,569,0,0,1,0
breast-cancer,42,narrow,PostFilter-IVF,569,30,10,7,0.012302284710017574,7,1.0,1,none,0,0,0,0.22872399995321757,217,7,217,217,0,8,0,0
breast-cancer,42,narrow,AdaptivePostFilter-IVF,569,30,10,7,0.012302284710017574,7,1.0,1,none,0,0,0,0.8688870000241877,569,7,569,569,0,18,0,0
breast-cancer,42,narrow,TenantPartition-IVF,569,30,10,7,0.012302284710017574,7,1.0,1,none,0,0,0,0.2108349999616621,217,7,217,217,0,8,0,0
breast-cancer,42,narrow,PreFilter-IVF,569,30,10,7,0.012302284710017574,7,1.0,1,none,0,0,0,0.22360699995260802,100,7,7,100,18,3,0,0
breast-cancer,42,narrow,PACER-A,569,30,10,7,0.012302284710017574,7,1.0,1,none,0,0,0,0.2524450001146761,9,7,9,9,6,3,1,0
breast-cancer,42,narrow,PACER-C,569,30,10,7,0.012302284710017574,7,1.0,1,none,0,0,0,0.2499489999081561,9,7,9,9,6,3,1,0
breast-cancer,42,narrow,PACER-X,569,30,10,7,0.012302284710017574,7,1.0,1,none,0,0,0,0.21303199991962174,9,7,9,9,6,3,1,0
breast-cancer,42,narrow,StaleNoRecheck,569,30,10,7,0.012302284710017574,9,1.0,0,ranking_truncation,0,2,0,0.18432499996379192,217,9,217,217,0,8,0,0
breast-cancer,42,narrow,NaiveNoPolicy,569,30,10,7,0.012302284710017574,10,0.2857142857142857,0,ranking_truncation,8,1,0,0.07801900005688367,217,217,217,0,0,8,0,0
breast-cancer,43,cold,ExactSecure,569,30,10,26,0.04569420035149385,10,1.0,1,none,0,0,0,0.31420899995282525,569,26,26,569,0,0,1,0
breast-cancer,43,cold,PostFilter-IVF,569,30,10,26,0.04569420035149385,10,1.0,1,none,0,0,0,0.2773339999748714,240,21,240,240,0,8,0,0
breast-cancer,43,cold,AdaptivePostFilter-IVF,569,30,10,26,0.04569420035149385,10,1.0,1,none,0,0,0,0.942568000027677,569,26,569,569,0,18,0,0
breast-cancer,43,cold,TenantPartition-IVF,569,30,10,26,0.04569420035149385,10,1.0,1,none,0,0,0,0.29405500004031637,240,21,240,240,0,8,0,0
breast-cancer,43,cold,PreFilter-IVF,569,30,10,26,0.04569420035149385,10,1.0,1,none,0,0,0,0.4041839999899821,245,22,22,245,8,6,0,0
breast-cancer,43,cold,PACER-A,569,30,10,26,0.04569420035149385,10,1.0,1,none,0,0,0,0.7019839999884425,29,26,29,29,11,9,1,0
breast-cancer,43,cold,PACER-C,569,30,10,26,0.04569420035149385,10,1.0,1,none,0,0,0,0.6053000001884357,29,26,29,29,11,9,1,0
breast-cancer,43,cold,PACER-X,569,30,10,26,0.04569420035149385,10,1.0,1,none,0,0,0,0.6160049999834882,29,26,29,29,11,9,1,0
breast-cancer,43,cold,StaleNoRecheck,569,30,10,26,0.04569420035149385,10,0.9,0,ranking_truncation,0,1,0,0.21850600001016574,240,23,240,240,0,8,0,0
breast-cancer,43,cold,NaiveNoPolicy,569,30,10,26,0.04569420035149385,10,0.3,0,ranking_truncation,6,3,0,0.08329900015269232,240,240,240,0,0,8,0,0
breast-cancer,44,broad,ExactSecure,569,30,10,526,0.9244288224956063,10,1.0,1,none,0,0,0,0.3569370001059724,569,526,526,569,0,0,1,0
breast-cancer,44,broad,PostFilter-IVF,569,30,10,526,0.9244288224956063,10,1.0,1,none,0,0,0,0.2863990000605554,240,225,240,240,0,8,0,0
breast-cancer,44,broad,AdaptivePostFilter-IVF,569,30,10,526,0.9244288224956063,10,1.0,1,none,0,0,0,1.4858040001399786,569,526,569,569,0,18,0,0
breast-cancer,44,broad,TenantPartition-IVF,569,30,10,526,0.9244288224956063,10,1.0,1,none,0,0,0,0.29936900000393507,240,225,240,240,0,8,0,0
breast-cancer,44,broad,PreFilter-IVF,569,30,10,526,0.9244288224956063,10,1.0,1,none,0,0,0,1.0177159999784635,274,257,257,274,7,7,0,0
breast-cancer,44,broad,PACER-A,569,30,10,526,0.9244288224956063,10,1.0,1,none,0,0,0,0.8699559998603945,240,225,240,240,7,7,0,0
breast-cancer,44,broad,PACER-C,569,30,10,526,0.9244288224956063,10,1.0,1,none,0,0,0,1.8970210001043597,543,503,543,543,17,17,1,0
breast-cancer,44,broad,PACER-X,569,30,10,526,0.9244288224956063,10,1.0,1,none,0,0,0,1.8002159999923606,543,503,543,543,17,17,1,0
breast-cancer,44,broad,StaleNoRecheck,569,30,10,526,0.9244288224956063,10,1.0,1,none,0,0,0,0.24029400015024294,240,240,240,240,0,8,0,0
breast-cancer,44,broad,NaiveNoPolicy,569,30,10,526,0.9244288224956063,10,1.0,1,none,0,0,0,0.08705000004738395,240,240,240,0,0,8,0,0
breast-cancer,45,medium,ExactSecure,569,30,10,86,0.15114235500878734,10,1.0,1,none,0,0,0,0.3956269999889628,569,86,86,569,0,0,1,0
breast-cancer,45,medium,PostFilter-IVF,569,30,10,86,0.15114235500878734,10,1.0,1,none,0,0,0,0.28376900013427075,240,55,240,240,0,8,0,0
breast-cancer,45,medium,AdaptivePostFilter-IVF,569,30,10,86,0.15114235500878734,10,1.0,1,none,0,0,0,1.1533039998994354,569,86,569,569,0,18,0,0
breast-cancer,45,medium,TenantPartition-IVF,569,30,10,86,0.15114235500878734,10,1.0,1,none,0,0,0,0.4330700000991783,240,55,240,240,0,8,0,0
breast-cancer,45,medium,PreFilter-IVF,569,30,10,86,0.15114235500878734,10,1.0,1,none,0,0,0,0.6555400000252121,255,59,59,255,6,6,0,0
breast-cancer,45,medium,PACER-A,569,30,10,86,0.15114235500878734,10,1.0,1,none,0,0,0,0.8949079999638343,81,75,81,81,11,10,1,0
breast-cancer,45,medium,PACER-C,569,30,10,86,0.15114235500878734,10,1.0,1,none,0,0,0,0.9888930001125118,81,75,81,81,11,10,1,0
breast-cancer,45,medium,PACER-X,569,30,10,86,0.15114235500878734,10,1.0,1,none,0,0,0,0.9053839999069169,81,75,81,81,11,10,1,0
breast-cancer,45,medium,StaleNoRecheck,569,30,10,86,0.15114235500878734,10,1.0,1,none,0,0,0,0.300117000051614,240,60,240,240,0,8,0,0
breast-cancer,45,medium,NaiveNoPolicy,569,30,10,86,0.15114235500878734,10,0.2,0,ranking_truncation,8,1,0,0.09921299988491228,240,240,240,0,0,8,0,0
breast-cancer,46,narrow,ExactSecure,569,30,10,10,0.01757469244288225,10,1.0,1,none,0,0,0,0.4882580001321912,569,10,10,569,0,0,1,0
breast-cancer,46,narrow,PostFilter-IVF,569,30,10,10,0.01757469244288225,6,0.6,0,candidate_starvation,0,0,0,0.3670000000965956,205,6,205,205,0,8,0,0
breast-cancer,46,narrow,AdaptivePostFilter-IVF,569,30,10,10,0.01757469244288225,10,1.0,1,none,0,0,0,1.3671960000465333,569,10,569,569,0,18,0,0
breast-cancer,46,narrow,TenantPartition-IVF,569,30,10,10,0.01757469244288225,6,0.6,0,candidate_starvation,0,0,0,0.19265299988546758,205,6,205,205,0,8,0,0
breast-cancer,46,narrow,PreFilter-IVF,569,30,10,10,0.01757469244288225,10,1.0,1,none,0,0,0,0.22412899988921708,81,10,10,81,18,3,0,0
breast-cancer,46,narrow,PACER-A,569,30,10,10,0.01757469244288225,10,1.0,1,none,0,0,0,0.2524330000142072,10,10,10,10,13,3,1,0
breast-cancer,46,narrow,PACER-C,569,30,10,10,0.01757469244288225,10,1.0,1,none,0,0,0,0.26667100019039935,10,10,10,10,13,3,1,0
breast-cancer,46,narrow,PACER-X,569,30,10,10,0.01757469244288225,10,1.0,1,none,0,0,0,0.22225800012165564,10,10,10,10,13,3,1,0
breast-cancer,46,narrow,StaleNoRecheck,569,30,10,10,0.01757469244288225,6,0.6,0,candidate_starvation,0,0,0,0.17696199984129635,205,6,205,205,0,8,0,0
breast-cancer,46,narrow,NaiveNoPolicy,569,30,10,10,0.01757469244288225,10,0.1,0,ranking_truncation,9,1,2,0.09256399994228559,205,205,205,0,0,8,0,0
breast-cancer,47,cold,ExactSecure,569,30,10,6,0.01054481546572935,6,1.0,1,none,0,0,0,0.3032399999938207,569,6,6,569,0,0,1,0
breast-cancer,47,cold,PostFilter-IVF,569,30,10,6,0.01054481546572935,6,1.0,1,none,0,0,0,0.2201859999786393,240,6,240,240,0,8,0,0
breast-cancer,47,cold,AdaptivePostFilter-IVF,569,30,10,6,0.01054481546572935,6,1.0,1,none,0,0,0,0.8860360001108347,569,6,569,569,0,18,0,0
breast-cancer,47,cold,TenantPartition-IVF,569,30,10,6,0.01054481546572935,6,1.0,1,none,0,0,0,0.31844900013311417,240,6,240,240,0,8,0,0
breast-cancer,47,cold,PreFilter-IVF,569,30,10,6,0.01054481546572935,6,1.0,1,none,0,0,0,0.33273200006078696,216,6,6,216,18,5,0,0
breast-cancer,47,cold,PACER-A,569,30,10,6,0.01054481546572935,6,1.0,1,none,0,0,0,0.374474999944141,6,6,6,6,6,5,1,0
breast-cancer,47,cold,PACER-C,569,30,10,6,0.01054481546572935,6,1.0,1,none,0,0,0,0.4130569998324063,6,6,6,6,6,5,1,0
breast-cancer,47,cold,PACER-X,569,30,10,6,0.01054481546572935,6,1.0,1,none,0,0,0,0.3108089999841468,6,6,6,6,6,5,1,0
breast-cancer,47,cold,StaleNoRecheck,569,30,10,6,0.01054481546572935,6,1.0,1,none,0,0,0,0.23493100002269784,240,6,240,240,0,8,0,0
breast-cancer,47,cold,NaiveNoPolicy,569,30,10,6,0.01054481546572935,10,0.3333333333333333,0,ranking_truncation,8,1,0,0.09015699993142334,240,240,240,0,0,8,0,0
breast-cancer,48,broad,ExactSecure,569,30,10,531,0.9332161687170475,10,1.0,1,none,0,0,0,0.3643809998266079,569,531,531,569,0,0,1,0
breast-cancer,48,broad,PostFilter-IVF,569,30,10,531,0.9332161687170475,10,1.0,1,none,0,0,0,0.26102900005753327,240,222,240,240,0,8,0,0
breast-cancer,48,broad,AdaptivePostFilter-IVF,569,30,10,531,0.9332161687170475,10,1.0,1,none,0,0,0,0.9539029999814375,569,531,569,569,0,18,0,0
breast-cancer,48,broad,TenantPartition-IVF,569,30,10,531,0.9332161687170475,10,1.0,1,none,0,0,0,0.2625639999678242,240,222,240,240,0,8,0,0
breast-cancer,48,broad,PreFilter-IVF,569,30,10,531,0.9332161687170475,10,1.0,1,none,0,0,0,0.8408870000948809,251,233,233,251,6,6,0,0
breast-cancer,48,broad,PACER-A,569,30,10,531,0.9332161687170475,10,1.0,1,none,0,0,0,0.7543359999999666,240,225,240,240,6,6,0,0
breast-cancer,48,broad,PACER-C,569,30,10,531,0.9332161687170475,10,1.0,1,none,0,0,0,1.2717179999981454,430,403,430,430,12,12,1,0
breast-cancer,48,broad,PACER-X,569,30,10,531,0.9332161687170475,10,1.0,1,none,0,0,0,1.3535299999603012,430,403,430,430,12,12,1,0
breast-cancer,48,broad,StaleNoRecheck,569,30,10,531,0.9332161687170475,10,0.8,0,ranking_truncation,0,2,0,0.24880299997676047,240,240,240,240,0,8,0,0
breast-cancer,48,broad,NaiveNoPolicy,569,30,10,531,0.9332161687170475,10,0.8,0,ranking_truncation,0,2,0,0.11563400016711967,240,240,240,0,0,8,0,0
breast-cancer,49,medium,ExactSecure,569,30,10,127,0.22319859402460457,10,1.0,1,none,0,0,0,0.314601000127368,569,127,127,569,0,0,1,0
breast-cancer,49,medium,PostFilter-IVF,569,30,10,127,0.22319859402460457,10,1.0,1,none,0,0,0,0.2309710000645282,240,77,240,240,0,8,0,0
breast-cancer,49,medium,AdaptivePostFilter-IVF,569,30,10,127,0.22319859402460457,10,1.0,1,none,0,0,0,0.9144790001300862,569,127,569,569,0,18,0,0
breast-cancer,49,medium,TenantPartition-IVF,569,30,10,127,0.22319859402460457,10,1.0,1,none,0,0,0,0.25994299994636094,240,77,240,240,0,8,0,0
breast-cancer,49,medium,PreFilter-IVF,569,30,10,127,0.22319859402460457,10,1.0,1,none,0,0,0,0.6368719998590677,251,70,70,251,6,6,0,0
breast-cancer,49,medium,PACER-A,569,30,10,127,0.22319859402460457,10,1.0,1,none,0,0,0,0.9982079998280824,127,118,127,127,12,12,1,0
breast-cancer,49,medium,PACER-C,569,30,10,127,0.22319859402460457,10,1.0,1,none,0,0,0,0.9532640001452819,127,118,127,127,12,12,1,0
breast-cancer,49,medium,PACER-X,569,30,10,127,0.22319859402460457,10,1.0,1,none,0,0,0,1.0348509999857924,127,118,127,127,12,12,1,0
breast-cancer,49,medium,StaleNoRecheck,569,30,10,127,0.22319859402460457,10,1.0,1,none,0,0,0,0.23011500002212415,240,84,240,240,0,8,0,0
breast-cancer,49,medium,NaiveNoPolicy,569,30,10,127,0.22319859402460457,10,0.3,0,ranking_truncation,7,0,0,0.08632300000499527,240,240,240,0,0,8,0,0
breast-cancer,50,narrow,ExactSecure,569,30,10,18,0.03163444639718805,10,1.0,1,none,0,0,0,0.3480259999832924,569,18,18,569,0,0,1,0
breast-cancer,50,narrow,PostFilter-IVF,569,30,10,18,0.03163444639718805,10,1.0,1,none,0,0,0,0.23278300000129093,240,16,240,240,0,8,0,0
breast-cancer,50,narrow,AdaptivePostFilter-IVF,569,30,10,18,0.03163444639718805,10,1.0,1,none,0,0,0,1.0894839999764372,569,18,569,569,0,18,0,0
breast-cancer,50,narrow,TenantPartition-IVF,569,30,10,18,0.03163444639718805,10,1.0,1,none,0,0,0,0.2718759999424947,240,16,240,240,0,8,0,0
breast-cancer,50,narrow,PreFilter-IVF,569,30,10,18,0.03163444639718805,10,1.0,1,none,0,0,0,0.4758999998557556,132,18,18,132,18,5,0,0
breast-cancer,50,narrow,PACER-A,569,30,10,18,0.03163444639718805,10,1.0,1,none,0,0,0,0.4559639999115461,18,18,18,18,9,5,1,0
breast-cancer,50,narrow,PACER-C,569,30,10,18,0.03163444639718805,10,1.0,1,none,0,0,0,0.4571310000756057,18,18,18,18,9,5,1,0
breast-cancer,50,narrow,PACER-X,569,30,10,18,0.03163444639718805,10,1.0,1,none,0,0,0,0.3839430000880384,18,18,18,18,9,5,1,0
breast-cancer,50,narrow,StaleNoRecheck,569,30,10,18,0.03163444639718805,10,1.0,1,none,0,0,0,0.25147099995592725,240,16,240,240,0,8,0,0
breast-cancer,50,narrow,NaiveNoPolicy,569,30,10,18,0.03163444639718805,10,0.3,0,ranking_truncation,7,1,0,0.09222700009559048,240,240,240,0,0,8,0,0
breast-cancer,51,cold,ExactSecure,569,30,10,13,0.022847100175746926,10,1.0,1,none,0,0,0,0.3186569999797939,569,13,13,569,0,0,1,0
breast-cancer,51,cold,PostFilter-IVF,569,30,10,13,0.022847100175746926,10,1.0,1,none,0,0,0,0.4257260000031238,240,13,240,240,0,8,0,0
breast-cancer,51,cold,AdaptivePostFilter-IVF,569,30,10,13,0.022847100175746926,10,1.0,1,none,0,0,0,0.9262900000521768,569,13,569,569,0,18,0,0
breast-cancer,51,cold,TenantPartition-IVF,569,30,10,13,0.022847100175746926,10,1.0,1,none,0,0,0,0.29014999995524704,240,13,240,240,0,8,0,0
breast-cancer,51,cold,PreFilter-IVF,569,30,10,13,0.022847100175746926,10,1.0,1,none,0,0,0,0.5023899998377601,242,13,13,242,10,6,0,0
breast-cancer,51,cold,PACER-A,569,30,10,13,0.022847100175746926,10,1.0,1,none,0,0,0,0.49627999987933435,15,13,15,15,10,6,1,0
breast-cancer,51,cold,PACER-C,569,30,10,13,0.022847100175746926,10,1.0,1,none,0,0,0,0.4485029999159451,15,13,15,15,10,6,1,0
breast-cancer,51,cold,PACER-X,569,30,10,13,0.022847100175746926,10,1.0,1,none,0,0,0,0.3947180000523076,15,13,15,15,10,6,1,0
breast-cancer,51,cold,StaleNoRecheck,569,30,10,13,0.022847100175746926,10,0.8,0,ranking_truncation,0,2,0,0.21574099991994444,240,15,240,240,0,8,0,0
breast-cancer,51,cold,NaiveNoPolicy,569,30,10,13,0.022847100175746926,10,0.0,0,ranking_truncation,9,1,0,0.08884999988367781,240,240,240,0,0,8,0,0
breast-cancer,52,broad,ExactSecure,569,30,10,526,0.9244288224956063,10,1.0,1,none,0,0,0,0.3453499998613552,569,526,526,569,0,0,1,0
breast-cancer,52,broad,PostFilter-IVF,569,30,10,526,0.9244288224956063,10,1.0,1,none,0,0,0,0.24674300016158668,213,197,213,213,0,8,0,0
breast-cancer,52,broad,AdaptivePostFilter-IVF,569,30,10,526,0.9244288224956063,10,1.0,1,none,0,0,0,1.1286120000022493,569,526,569,569,0,18,0,0
breast-cancer,52,broad,TenantPartition-IVF,569,30,10,526,0.9244288224956063,10,1.0,1,none,0,0,0,0.4418670000632119,213,197,213,213,0,8,0,0
breast-cancer,52,broad,PreFilter-IVF,569,30,10,526,0.9244288224956063,10,1.0,1,none,0,0,0,1.1262779999015038,213,197,197,213,8,8,0,0
breast-cancer,52,broad,PACER-A,569,30,10,526,0.9244288224956063,10,1.0,1,none,0,0,0,1.081532999933188,240,222,240,240,9,9,0,0
breast-cancer,52,broad,PACER-C,569,30,10,526,0.9244288224956063,10,1.0,1,none,0,0,0,1.0508880000088539,271,251,271,271,10,10,1,0
breast-cancer,52,broad,PACER-X,569,30,10,526,0.9244288224956063,10,1.0,1,none,0,0,0,1.1646920002021943,271,251,271,271,10,10,1,0
breast-cancer,52,broad,StaleNoRecheck,569,30,10,526,0.9244288224956063,10,1.0,1,none,0,0,0,0.21920399990449368,213,213,213,213,0,8,0,0
breast-cancer,52,broad,NaiveNoPolicy,569,30,10,526,0.9244288224956063,10,1.0,1,none,0,0,0,0.09578699996382056,213,213,213,0,0,8,0,0
breast-cancer,53,medium,ExactSecure,569,30,10,100,0.1757469244288225,10,1.0,1,none,0,0,0,0.34513399987190496,569,100,100,569,0,0,1,0
breast-cancer,53,medium,PostFilter-IVF,569,30,10,100,0.1757469244288225,10,1.0,1,none,0,0,0,0.18169700001635647,173,37,173,173,0,8,0,0
breast-cancer,53,medium,AdaptivePostFilter-IVF,569,30,10,100,0.1757469244288225,10,1.0,1,none,0,0,0,0.9228890000940737,569,100,569,569,0,18,0,0
breast-cancer,53,medium,TenantPartition-IVF,569,30,10,100,0.1757469244288225,10,1.0,1,none,0,0,0,0.20336099987616763,173,37,173,173,0,8,0,0
breast-cancer,53,medium,PreFilter-IVF,569,30,10,100,0.1757469244288225,10,1.0,1,none,0,0,0,0.5321829999047623,204,49,49,204,9,8,0,0
breast-cancer,53,medium,PACER-A,569,30,10,100,0.1757469244288225,10,1.0,1,none,0,0,0,1.2675599998601683,117,100,117,117,18,16,1,0
breast-cancer,53,medium,PACER-C,569,30,10,100,0.1757469244288225,10,1.0,1,none,0,0,0,1.179360999913115,117,100,117,117,18,16,1,0
breast-cancer,53,medium,PACER-X,569,30,10,100,0.1757469244288225,10,1.0,1,none,0,0,0,1.1884240000199497,117,100,117,117,18,16,1,0
breast-cancer,53,medium,StaleNoRecheck,569,30,10,100,0.1757469244288225,10,1.0,1,none,0,0,0,0.20612299999811512,173,40,173,173,0,8,0,0
breast-cancer,53,medium,NaiveNoPolicy,569,30,10,100,0.1757469244288225,10,0.1,0,ranking_truncation,9,1,0,0.07094099987625668,173,173,173,0,0,8,0,0
breast-cancer,54,narrow,ExactSecure,569,30,10,17,0.029876977152899824,10,1.0,1,none,0,0,0,0.39049200017871044,569,17,17,569,0,0,1,0
breast-cancer,54,narrow,PostFilter-IVF,569,30,10,17,0.029876977152899824,10,1.0,1,none,0,0,0,0.23525699998572236,240,16,240,240,0,8,0,0
breast-cancer,54,narrow,AdaptivePostFilter-IVF,569,30,10,17,0.029876977152899824,10,1.0,1,none,0,0,0,0.9249140000520129,569,17,569,569,0,18,0,0
breast-cancer,54,narrow,TenantPartition-IVF,569,30,10,17,0.029876977152899824,10,1.0,1,none,0,0,0,0.26204400001006434,240,16,240,240,0,8,0,0
breast-cancer,54,narrow,PreFilter-IVF,569,30,10,17,0.029876977152899824,10,1.0,1,none,0,0,0,0.30513799993059365,150,17,17,150,18,3,0,0
breast-cancer,54,narrow,PACER-A,569,30,10,17,0.029876977152899824,10,1.0,1,none,0,0,0,0.2922560001934471,19,17,19,19,4,3,1,0
breast-cancer,54,narrow,PACER-C,569,30,10,17,0.029876977152899824,10,1.0,1,none,0,0,0,0.24765500006651564,19,17,19,19,4,3,1,0
breast-cancer,54,narrow,PACER-X,569,30,10,17,0.029876977152899824,10,1.0,1,none,0,0,0,0.28239899984328076,19,17,19,19,4,3,1,0
breast-cancer,54,narrow,StaleNoRecheck,569,30,10,17,0.029876977152899824,10,0.8,0,ranking_truncation,0,2,0,0.2418139999917912,240,18,240,240,0,8,0,0
breast-cancer,54,narrow,NaiveNoPolicy,569,30,10,17,0.029876977152899824,10,0.2,0,ranking_truncation,7,2,0,0.08582399982515199,240,240,240,0,0,8,0,0
breast-cancer,55,cold,ExactSecure,569,30,10,12,0.0210896309314587,10,1.0,1,none,0,0,0,0.38451699992947397,569,12,12,569,0,0,1,0
breast-cancer,55,cold,PostFilter-IVF,569,30,10,12,0.0210896309314587,9,0.9,0,candidate_starvation,0,0,0,0.1967230000445852,223,9,223,223,0,8,0,0
breast-cancer,55,cold,AdaptivePostFilter-IVF,569,30,10,12,0.0210896309314587,10,1.0,1,none,0,0,0,0.927744999899005,569,12,569,569,0,18,0,0
breast-cancer,55,cold,TenantPartition-IVF,569,30,10,12,0.0210896309314587,9,0.9,0,candidate_starvation,0,0,0,0.20883999991383462,223,9,223,223,0,8,0,0
breast-cancer,55,cold,PreFilter-IVF,569,30,10,12,0.0210896309314587,10,1.0,1,none,0,0,0,0.42739800005620054,228,12,12,228,18,6,0,0
breast-cancer,55,cold,PACER-A,569,30,10,12,0.0210896309314587,10,1.0,1,none,0,0,0,0.41694399988045916,12,12,12,12,16,6,1,0
breast-cancer,55,cold,PACER-C,569,30,10,12,0.0210896309314587,10,1.0,1,none,0,0,0,0.43446600011520786,12,12,12,12,16,6,1,0
breast-cancer,55,cold,PACER-X,569,30,10,12,0.0210896309314587,10,1.0,1,none,0,0,0,0.4227700001138146,12,12,12,12,16,6,1,0
breast-cancer,55,cold,StaleNoRecheck,569,30,10,12,0.0210896309314587,9,0.9,0,candidate_starvation,0,0,0,0.18213699991065369,223,9,223,223,0,8,0,0
breast-cancer,55,cold,NaiveNoPolicy,569,30,10,12,0.0210896309314587,10,0.1,0,ranking_truncation,9,0,0,0.06953500019335479,223,223,223,0,0,8,0,0
breast-cancer,56,broad,ExactSecure,569,30,10,531,0.9332161687170475,10,1.0,1,none,0,0,0,0.365957999974853,569,531,531,569,0,0,1,0
breast-cancer,56,broad,PostFilter-IVF,569,30,10,531,0.9332161687170475,10,1.0,1,none,0,0,0,0.21125300008861814,206,193,206,206,0,8,0,0
breast-cancer,56,broad,AdaptivePostFilter-IVF,569,30,10,531,0.9332161687170475,10,1.0,1,none,0,0,0,0.8913100000427221,569,531,569,569,0,18,0,0
breast-cancer,56,broad,TenantPartition-IVF,569,30,10,531,0.9332161687170475,10,1.0,1,none,0,0,0,0.2600880000045436,206,193,206,206,0,8,0,0
breast-cancer,56,broad,PreFilter-IVF,569,30,10,531,0.9332161687170475,10,1.0,1,none,0,0,0,0.8734089999506978,250,236,236,250,8,8,0,0
breast-cancer,56,broad,PACER-A,569,30,10,531,0.9332161687170475,10,1.0,1,none,0,0,0,0.8527099998900667,240,226,240,240,8,8,0,0
breast-cancer,56,broad,PACER-C,569,30,10,531,0.9332161687170475,10,1.0,1,none,0,0,0,1.0731679999480548,323,303,323,323,11,11,1,0
breast-cancer,56,broad,PACER-X,569,30,10,531,0.9332161687170475,10,1.0,1,none,0,0,0,1.1348550001457625,323,303,323,323,11,11,1,0
breast-cancer,56,broad,StaleNoRecheck,569,30,10,531,0.9332161687170475,10,0.8,0,ranking_truncation,0,2,0,0.20811899980799353,206,206,206,206,0,8,0,0
breast-cancer,56,broad,NaiveNoPolicy,569,30,10,531,0.9332161687170475,10,0.8,0,ranking_truncation,0,2,0,0.06932300016160298,206,206,206,0,0,8,0,0
breast-cancer,57,medium,ExactSecure,569,30,10,99,0.17398945518453426,10,1.0,1,none,0,0,0,0.40217099990513816,569,99,99,569,0,0,1,0
breast-cancer,57,medium,PostFilter-IVF,569,30,10,99,0.17398945518453426,10,1.0,1,none,0,0,0,0.2309199999217526,240,53,240,240,0,8,0,0
breast-cancer,57,medium,AdaptivePostFilter-IVF,569,30,10,99,0.17398945518453426,10,1.0,1,none,0,0,0,0.9854190000169183,569,99,569,569,0,18,0,0
breast-cancer,57,medium,TenantPartition-IVF,569,30,10,99,0.17398945518453426,10,1.0,1,none,0,0,0,0.2946390000033716,240,53,240,240,0,8,0,0
breast-cancer,57,medium,PreFilter-IVF,569,30,10,99,0.17398945518453426,10,1.0,1,none,0,0,0,0.7849629998872842,251,47,47,251,6,6,0,0
breast-cancer,57,medium,PACER-A,569,30,10,99,0.17398945518453426,10,1.0,1,none,0,0,0,1.470049999852563,86,79,86,86,11,11,1,0
breast-cancer,57,medium,PACER-C,569,30,10,99,0.17398945518453426,10,1.0,1,none,0,0,0,1.4438479997807008,86,79,86,86,11,11,1,0
breast-cancer,57,medium,PACER-X,569,30,10,99,0.17398945518453426,10,1.0,1,none,0,0,0,1.528186000086862,86,79,86,86,11,11,1,0
breast-cancer,57,medium,StaleNoRecheck,569,30,10,99,0.17398945518453426,10,0.8,0,ranking_truncation,0,2,0,0.41006700007528707,240,58,240,240,0,8,0,0
breast-cancer,57,medium,NaiveNoPolicy,569,30,10,99,0.17398945518453426,10,0.2,0,ranking_truncation,7,2,0,0.15108099978533573,240,240,240,0,0,8,0,0
breast-cancer,58,narrow,ExactSecure,569,30,10,28,0.0492091388400703,10,1.0,1,none,0,0,0,0.6492229999821575,569,28,28,569,0,0,1,0
breast-cancer,58,narrow,PostFilter-IVF,569,30,10,28,0.0492091388400703,10,1.0,1,none,0,0,0,0.46955599987086316,240,21,240,240,0,8,0,0
breast-cancer,58,narrow,AdaptivePostFilter-IVF,569,30,10,28,0.0492091388400703,10,1.0,1,none,0,0,0,1.6257549998499599,569,28,569,569,0,18,0,0
breast-cancer,58,narrow,TenantPartition-IVF,569,30,10,28,0.0492091388400703,10,1.0,1,none,0,0,0,0.4809290001048794,240,21,240,240,0,8,0,0
breast-cancer,58,narrow,PreFilter-IVF,569,30,10,28,0.0492091388400703,10,1.0,1,none,0,0,0,0.6684880002012505,255,17,17,255,6,6,0,0
breast-cancer,58,narrow,PACER-A,569,30,10,28,0.0492091388400703,10,1.0,1,none,0,0,0,1.2383929999941756,31,28,31,31,12,10,1,0
breast-cancer,58,narrow,PACER-C,569,30,10,28,0.0492091388400703,10,1.0,1,none,0,0,0,1.2865729997884046,31,28,31,31,12,10,1,0
breast-cancer,58,narrow,PACER-X,569,30,10,28,0.0492091388400703,10,1.0,1,none,0,0,0,0.8687189999818656,31,28,31,31,12,10,1,0
breast-cancer,58,narrow,StaleNoRecheck,569,30,10,28,0.0492091388400703,10,0.9,0,ranking_truncation,0,1,0,0.228369000069506,240,24,240,240,0,8,0,0
breast-cancer,58,narrow,NaiveNoPolicy,569,30,10,28,0.0492091388400703,10,0.4,0,ranking_truncation,6,0,0,0.088637999851926,240,240,240,0,0,8,0,0
breast-cancer,59,cold,ExactSecure,569,30,10,27,0.04745166959578207,10,1.0,1,none,0,0,0,0.3461020000941062,569,27,27,569,0,0,1,0
breast-cancer,59,cold,PostFilter-IVF,569,30,10,27,0.04745166959578207,10,0.9,0,ranking_truncation,0,0,0,0.24349000000256638,212,11,212,212,0,8,0,0
breast-cancer,59,cold,AdaptivePostFilter-IVF,569,30,10,27,0.04745166959578207,10,1.0,1,none,0,0,0,0.9246749998510495,569,27,569,569,0,18,0,0
breast-cancer,59,cold,TenantPartition-IVF,569,30,10,27,0.04745166959578207,10,0.9,0,ranking_truncation,0,0,0,0.2164229999834788,212,11,212,212,0,8,0,0
breast-cancer,59,cold,PreFilter-IVF,569,30,10,27,0.04745166959578207,10,1.0,1,none,0,0,0,0.46396300012929714,272,27,27,272,13,8,0,0
breast-cancer,59,cold,PACER-A,569,30,10,27,0.04745166959578207,10,1.0,1,none,0,0,0,0.6052230000932468,27,27,27,27,13,8,1,0
breast-cancer,59,cold,PACER-C,569,30,10,27,0.04745166959578207,10,1.0,1,none,0,0,0,0.6257550001009804,27,27,27,27,13,8,1,0
breast-cancer,59,cold,PACER-X,569,30,10,27,0.04745166959578207,10,1.0,1,none,0,0,0,0.576740000042264,27,27,27,27,13,8,1,0
breast-cancer,59,cold,StaleNoRecheck,569,30,10,27,0.04745166959578207,10,0.9,0,ranking_truncation,0,0,0,0.19065800006501377,212,11,212,212,0,8,0,0
breast-cancer,59,cold,NaiveNoPolicy,569,30,10,27,0.04745166959578207,10,0.2,0,ranking_truncation,8,0,0,0.08052799989854975,212,212,212,0,0,8,0,0
breast-cancer,60,broad,ExactSecure,569,30,10,531,0.9332161687170475,10,1.0,1,none,0,0,0,0.3956600000947219,569,531,531,569,0,0,1,0
breast-cancer,60,broad,PostFilter-IVF,569,30,10,531,0.9332161687170475,10,1.0,1,none,0,0,0,0.28893199987578555,240,222,240,240,0,8,0,0
breast-cancer,60,broad,AdaptivePostFilter-IVF,569,30,10,531,0.9332161687170475,10,1.0,1,none,0,0,0,1.003300000093077,569,531,569,569,0,18,0,0
breast-cancer,60,broad,TenantPartition-IVF,569,30,10,531,0.9332161687170475,10,1.0,1,none,0,0,0,0.2620100001422543,240,222,240,240,0,8,0,0
breast-cancer,60,broad,PreFilter-IVF,569,30,10,531,0.9332161687170475,10,1.0,1,none,0,0,0,0.8885709999049141,251,233,233,251,6,6,0,0
breast-cancer,60,broad,PACER-A,569,30,10,531,0.9332161687170475,10,1.0,1,none,0,0,0,0.8297229999243427,240,224,240,240,6,6,0,0
breast-cancer,60,broad,PACER-C,569,30,10,531,0.9332161687170475,10,1.0,1,none,0,0,0,1.0812259999966045,369,343,369,369,11,11,1,0
breast-cancer,60,broad,PACER-X,569,30,10,531,0.9332161687170475,10,1.0,1,none,0,0,0,1.1610240001118655,369,343,369,369,11,11,1,0
breast-cancer,60,broad,StaleNoRecheck,569,30,10,531,0.9332161687170475,10,0.8,0,ranking_truncation,0,2,0,0.23162399998000183,240,240,240,240,0,8,0,0
breast-cancer,60,broad,NaiveNoPolicy,569,30,10,531,0.9332161687170475,10,0.8,0,ranking_truncation,0,2,0,0.08263099994110235,240,240,240,0,0,8,0,0
breast-cancer,61,medium,ExactSecure,569,30,10,102,0.17926186291739896,10,1.0,1,none,0,0,0,0.34445800019966555,569,102,102,569,0,0,1,0
breast-cancer,61,medium,PostFilter-IVF,569,30,10,102,0.17926186291739896,10,1.0,1,none,0,0,0,0.22524699988935026,240,60,240,240,0,8,0,0
breast-cancer,61,medium,AdaptivePostFilter-IVF,569,30,10,102,0.17926186291739896,10,1.0,1,none,0,0,0,0.9072049999758747,569,102,569,569,0,18,0,0
breast-cancer,61,medium,TenantPartition-IVF,569,30,10,102,0.17926186291739896,10,1.0,1,none,0,0,0,0.29495300009330094,240,60,240,240,0,8,0,0
breast-cancer,61,medium,PreFilter-IVF,569,30,10,102,0.17926186291739896,10,1.0,1,none,0,0,0,0.5047670001658844,244,64,64,244,7,7,0,0
breast-cancer,61,medium,PACER-A,569,30,10,102,0.17926186291739896,10,1.0,1,none,0,0,0,1.0099109999828215,102,94,102,102,13,13,1,0
breast-cancer,61,medium,PACER-C,569,30,10,102,0.17926186291739896,10,1.0,1,none,0,0,0,0.9840100001383689,102,94,102,102,13,13,1,0
breast-cancer,61,medium,PACER-X,569,30,10,102,0.17926186291739896,10,1.0,1,none,0,0,0,0.9783719999632012,102,94,102,102,13,13,1,0
breast-cancer,61,medium,StaleNoRecheck,569,30,10,102,0.17926186291739896,10,1.0,1,none,0,0,0,0.22462800006906036,240,67,240,240,0,8,0,0
breast-cancer,61,medium,NaiveNoPolicy,569,30,10,102,0.17926186291739896,10,0.5,0,ranking_truncation,5,0,0,0.08505200003128266,240,240,240,0,0,8,0,0
breast-cancer,62,narrow,ExactSecure,569,30,10,16,0.028119507908611598,10,1.0,1,none,0,0,0,0.31398900000567664,569,16,16,569,0,0,1,0
breast-cancer,62,narrow,PostFilter-IVF,569,30,10,16,0.028119507908611598,10,1.0,1,none,0,0,0,0.2829709999332408,240,14,240,240,0,8,0,0
breast-cancer,62,narrow,AdaptivePostFilter-IVF,569,30,10,16,0.028119507908611598,10,1.0,1,none,0,0,0,0.8837240000048041,569,16,569,569,0,18,0,0
breast-cancer,62,narrow,TenantPartition-IVF,569,30,10,16,0.028119507908611598,10,1.0,1,none,0,0,0,0.25621500003580877,240,14,240,240,0,8,0,0
breast-cancer,62,narrow,PreFilter-IVF,569,30,10,16,0.028119507908611598,10,1.0,1,none,0,0,0,0.31439599979421473,174,16,16,174,18,4,0,0
breast-cancer,62,narrow,PACER-A,569,30,10,16,0.028119507908611598,10,1.0,1,none,0,0,0,0.3192560000115918,17,16,17,17,10,4,1,0
breast-cancer,62,narrow,PACER-C,569,30,10,16,0.028119507908611598,10,1.0,1,none,0,0,0,0.3539159999945696,17,16,17,17,10,4,1,0
breast-cancer,62,narrow,PACER-X,569,30,10,16,0.028119507908611598,10,1.0,1,none,0,0,0,0.30678400003125716,17,16,17,17,10,4,1,0
breast-cancer,62,narrow,StaleNoRecheck,569,30,10,16,0.028119507908611598,10,0.9,0,ranking_truncation,0,1,0,0.2175859999624663,240,15,240,240,0,8,0,0
breast-cancer,62,narrow,NaiveNoPolicy,569,30,10,16,0.028119507908611598,10,0.2,0,ranking_truncation,8,0,0,0.08384700004171464,240,240,240,0,0,8,0,0
breast-cancer,63,cold,ExactSecure,569,30,10,5,0.008787346221441126,5,1.0,1,none,0,0,0,0.30297600005724235,569,5,5,569,0,0,1,0
breast-cancer,63,cold,PostFilter-IVF,569,30,10,5,0.008787346221441126,2,0.4,0,candidate_starvation,0,0,0,0.17329399997834116,185,2,185,185,0,8,0,0
breast-cancer,63,cold,AdaptivePostFilter-IVF,569,30,10,5,0.008787346221441126,5,1.0,1,none,0,0,0,0.8320930000991211,569,5,569,569,0,18,0,0
breast-cancer,63,cold,TenantPartition-IVF,569,30,10,5,0.008787346221441126,2,0.4,0,candidate_starvation,0,0,0,0.17079300005207187,185,2,185,185,0,8,0,0
breast-cancer,63,cold,PreFilter-IVF,569,30,10,5,0.008787346221441126,5,1.0,1,none,0,0,0,0.2838100001554267,129,5,5,129,18,5,0,0
breast-cancer,63,cold,PACER-A,569,30,10,5,0.008787346221441126,5,1.0,1,none,0,0,0,0.35491400012688246,6,5,6,6,15,5,1,0
breast-cancer,63,cold,PACER-C,569,30,10,5,0.008787346221441126,5,1.0,1,none,0,0,0,0.3374769999027194,6,5,6,6,15,5,1,0
breast-cancer,63,cold,PACER-X,569,30,10,5,0.008787346221441126,5,1.0,1,none,0,0,0,0.3263099999912811,6,5,6,6,15,5,1,0
breast-cancer,63,cold,StaleNoRecheck,569,30,10,5,0.008787346221441126,2,0.4,0,candidate_starvation,0,0,0,0.16233600013038085,185,2,185,185,0,8,0,0
breast-cancer,63,cold,NaiveNoPolicy,569,30,10,5,0.008787346221441126,10,0.2,0,ranking_truncation,9,1,1,0.06582299988622253,185,185,185,0,0,8,0,0
breast-cancer,64,broad,ExactSecure,569,30,10,531,0.9332161687170475,10,1.0,1,none,0,0,0,0.3604710000217892,569,531,531,569,0,0,1,0
breast-cancer,64,broad,PostFilter-IVF,569,30,10,531,0.9332161687170475,10,1.0,1,none,0,0,0,0.22917599994798366,240,220,240,240,0,8,0,0
breast-cancer,64,broad,AdaptivePostFilter-IVF,569,30,10,531,0.9332161687170475,10,1.0,1,none,0,0,0,0.8913839999422635,569,531,569,569,0,18,0,0
breast-cancer,64,broad,TenantPartition-IVF,569,30,10,531,0.9332161687170475,10,1.0,1,none,0,0,0,0.2611300001262862,240,220,240,240,0,8,0,0
breast-cancer,64,broad,PreFilter-IVF,569,30,10,531,0.9332161687170475,10,1.0,1,none,0,0,0,0.8127969999804918,255,237,237,255,6,6,0,0
breast-cancer,64,broad,PACER-A,569,30,10,531,0.9332161687170475,10,1.0,1,none,0,0,0,0.8440269998573058,240,222,240,240,6,6,0,0
breast-cancer,64,broad,PACER-C,569,30,10,531,0.9332161687170475,10,1.0,1,none,0,0,0,1.1729529999229271,381,355,381,381,12,12,1,0
breast-cancer,64,broad,PACER-X,569,30,10,531,0.9332161687170475,10,1.0,1,none,0,0,0,1.239144999999553,381,355,381,381,12,12,1,0
breast-cancer,64,broad,StaleNoRecheck,569,30,10,531,0.9332161687170475,10,0.9,0,ranking_truncation,0,1,0,0.27712600012819166,240,240,240,240,0,8,0,0
breast-cancer,64,broad,NaiveNoPolicy,569,30,10,531,0.9332161687170475,10,0.9,0,ranking_truncation,0,1,0,0.08965300003183074,240,240,240,0,0,8,0,0
breast-cancer,65,medium,ExactSecure,569,30,10,132,0.23198594024604569,10,1.0,1,none,0,0,0,0.3187570000591222,569,132,132,569,0,0,1,0
breast-cancer,65,medium,PostFilter-IVF,569,30,10,132,0.23198594024604569,10,1.0,1,none,0,0,0,0.23284400003831252,213,61,213,213,0,8,0,0
breast-cancer,65,medium,AdaptivePostFilter-IVF,569,30,10,132,0.23198594024604569,10,1.0,1,none,0,0,0,0.8844689998568356,569,132,569,569,0,18,0,0
breast-cancer,65,medium,TenantPartition-IVF,569,30,10,132,0.23198594024604569,10,1.0,1,none,0,0,0,0.22391300012714055,213,61,213,213,0,8,0,0
breast-cancer,65,medium,PreFilter-IVF,569,30,10,132,0.23198594024604569,10,1.0,1,none,0,0,0,0.644091000140179,240,57,57,240,8,8,0,0
breast-cancer,65,medium,PACER-A,569,30,10,132,0.23198594024604569,10,1.0,1,none,0,0,0,0.7903050000095391,71,67,71,71,10,10,1,0
breast-cancer,65,medium,PACER-C,569,30,10,132,0.23198594024604569,10,1.0,1,none,0,0,0,0.7428199999139906,71,67,71,71,10,10,1,0
breast-cancer,65,medium,PACER-X,569,30,10,132,0.23198594024604569,10,1.0,1,none,0,0,0,0.7761449999179604,71,67,71,71,10,10,1,0
breast-cancer,65,medium,StaleNoRecheck,569,30,10,132,0.23198594024604569,10,0.9,0,ranking_truncation,0,1,0,0.1927460000388237,213,65,213,213,0,8,0,0
breast-cancer,65,medium,NaiveNoPolicy,569,30,10,132,0.23198594024604569,10,0.4,0,ranking_truncation,6,1,0,0.07024799992905173,213,213,213,0,0,8,0,0
breast-cancer,66,narrow,ExactSecure,569,30,10,17,0.029876977152899824,10,1.0,1,none,0,0,0,0.36315400006969867,569,17,17,569,0,0,1,0
breast-cancer,66,narrow,PostFilter-IVF,569,30,10,17,0.029876977152899824,10,1.0,1,none,0,0,0,0.2644329999839101,240,16,240,240,0,8,0,0
breast-cancer,66,narrow,AdaptivePostFilter-IVF,569,30,10,17,0.029876977152899824,10,1.0,1,none,0,0,0,0.888212999825555,569,17,569,569,0,18,0,0
breast-cancer,66,narrow,TenantPartition-IVF,569,30,10,17,0.029876977152899824,10,1.0,1,none,0,0,0,0.25423400006729935,240,16,240,240,0,8,0,0
breast-cancer,66,narrow,PreFilter-IVF,569,30,10,17,0.029876977152899824,10,1.0,1,none,0,0,0,0.28149300010227307,150,17,17,150,18,3,0,0
breast-cancer,66,narrow,PACER-A,569,30,10,17,0.029876977152899824,10,1.0,1,none,0,0,0,0.26440500005264767,19,17,19,19,6,3,1,0
breast-cancer,66,narrow,PACER-C,569,30,10,17,0.029876977152899824,10,1.0,1,none,0,0,0,0.2473910001299373,19,17,19,19,6,3,1,0
breast-cancer,66,narrow,PACER-X,569,30,10,17,0.029876977152899824,10,1.0,1,none,0,0,0,0.24426699997093237,19,17,19,19,6,3,1,0
breast-cancer,66,narrow,StaleNoRecheck,569,30,10,17,0.029876977152899824,10,0.8,0,ranking_truncation,0,2,0,0.21701199989365705,240,18,240,240,0,8,0,0
breast-cancer,66,narrow,NaiveNoPolicy,569,30,10,17,0.029876977152899824,10,0.3,0,ranking_truncation,6,1,0,0.08191099982468586,240,240,240,0,0,8,0,0
breast-cancer,67,cold,ExactSecure,569,30,10,22,0.03866432337434095,10,1.0,1,none,0,0,0,0.36615099998016376,569,22,22,569,0,0,1,0
breast-cancer,67,cold,PostFilter-IVF,569,30,10,22,0.03866432337434095,10,1.0,1,none,0,0,0,0.22171699993123184,240,20,240,240,0,8,0,0
breast-cancer,67,cold,AdaptivePostFilter-IVF,569,30,10,22,0.03866432337434095,10,1.0,1,none,0,0,0,0.8825620000152412,569,22,569,569,0,18,0,0
breast-cancer,67,cold,TenantPartition-IVF,569,30,10,22,0.03866432337434095,10,1.0,1,none,0,0,0,0.25124700005108025,240,20,240,240,0,8,0,0
breast-cancer,67,cold,PreFilter-IVF,569,30,10,22,0.03866432337434095,10,1.0,1,none,0,0,0,0.33644100017227174,170,22,22,170,18,6,0,0
breast-cancer,67,cold,PACER-A,569,30,10,22,0.03866432337434095,10,1.0,1,none,0,0,0,0.4634420001821127,22,22,22,22,10,6,1,0
breast-cancer,67,cold,PACER-C,569,30,10,22,0.03866432337434095,10,1.0,1,none,0,0,0,0.45386199985841813,22,22,22,22,10,6,1,0
breast-cancer,67,cold,PACER-X,569,30,10,22,0.03866432337434095,10,1.0,1,none,0,0,0,0.44155499995213177,22,22,22,22,10,6,1,0
breast-cancer,67,cold,StaleNoRecheck,569,30,10,22,0.03866432337434095,10,1.0,1,none,0,0,0,0.21585699983006634,240,20,240,240,0,8,0,0
breast-cancer,67,cold,NaiveNoPolicy,569,30,10,22,0.03866432337434095,10,0.4,0,ranking_truncation,6,1,0,0.08185299998331175,240,240,240,0,0,8,0,0
breast-cancer,68,broad,ExactSecure,569,30,10,521,0.9156414762741653,10,1.0,1,none,0,0,0,0.833515000067564,569,521,521,569,0,0,1,0
breast-cancer,68,broad,PostFilter-IVF,569,30,10,521,0.9156414762741653,10,1.0,1,none,0,0,0,0.34761799997795606,206,187,206,206,0,8,0,0
breast-cancer,68,broad,AdaptivePostFilter-IVF,569,30,10,521,0.9156414762741653,10,1.0,1,none,0,0,0,1.0694410000269272,569,521,569,569,0,18,0,0
breast-cancer,68,broad,TenantPartition-IVF,569,30,10,521,0.9156414762741653,10,1.0,1,none,0,0,0,0.23837599997023062,206,187,206,206,0,8,0,0
breast-cancer,68,broad,PreFilter-IVF,569,30,10,521,0.9156414762741653,10,1.0,1,none,0,0,0,1.0967509999773029,200,182,182,200,8,8,0,0
breast-cancer,68,broad,PACER-A,569,30,10,521,0.9156414762741653,10,1.0,1,none,0,0,0,1.0247559998788347,240,218,240,240,10,10,0,0
breast-cancer,68,broad,PACER-C,569,30,10,521,0.9156414762741653,10,1.0,1,none,0,0,0,2.043686999968486,530,486,530,530,17,17,1,0
breast-cancer,68,broad,PACER-X,569,30,10,521,0.9156414762741653,10,1.0,1,none,0,0,0,1.9239849998484715,530,486,530,530,17,17,1,0
breast-cancer,68,broad,StaleNoRecheck,569,30,10,521,0.9156414762741653,10,0.9,0,ranking_truncation,0,1,0,0.23171400016508414,206,206,206,206,0,8,0,0
breast-cancer,68,broad,NaiveNoPolicy,569,30,10,521,0.9156414762741653,10,0.9,0,ranking_truncation,0,1,0,0.07351499994001642,206,206,206,0,0,8,0,0
breast-cancer,69,medium,ExactSecure,569,30,10,130,0.22847100175746923,10,1.0,1,none,0,0,0,0.37063799982206547,569,130,130,569,0,0,1,0
breast-cancer,69,medium,PostFilter-IVF,569,30,10,130,0.22847100175746923,10,1.0,1,none,0,0,0,0.2499039999293018,240,95,240,240,0,8,0,0
breast-cancer,69,medium,AdaptivePostFilter-IVF,569,30,10,130,0.22847100175746923,10,1.0,1,none,0,0,0,0.9740739999415382,569,130,569,569,0,18,0,0
breast-cancer,69,medium,TenantPartition-IVF,569,30,10,130,0.22847100175746923,10,1.0,1,none,0,0,0,0.2702060000956408,240,95,240,240,0,8,0,0
breast-cancer,69,medium,PreFilter-IVF,569,30,10,130,0.22847100175746923,10,1.0,1,none,0,0,0,0.44815799992647953,241,86,86,241,6,6,0,0
breast-cancer,69,medium,PACER-A,569,30,10,130,0.22847100175746923,10,1.0,1,none,0,0,0,0.9452290000808716,111,104,111,111,10,10,1,0
breast-cancer,69,medium,PACER-C,569,30,10,130,0.22847100175746923,10,1.0,1,none,0,0,0,0.8578290000968991,111,104,111,111,10,10,1,0
breast-cancer,69,medium,PACER-X,569,30,10,130,0.22847100175746923,10,1.0,1,none,0,0,0,0.8445410001058917,111,104,111,111,10,10,1,0
breast-cancer,69,medium,StaleNoRecheck,569,30,10,130,0.22847100175746923,10,1.0,1,none,0,0,0,0.2362200000334269,240,101,240,240,0,8,0,0
breast-cancer,69,medium,NaiveNoPolicy,569,30,10,130,0.22847100175746923,10,0.9,0,ranking_truncation,1,0,0,0.10399500001767592,240,240,240,0,0,8,0,0
breast-cancer,70,narrow,ExactSecure,569,30,10,16,0.028119507908611598,10,1.0,1,none,0,0,0,0.34789300002557866,569,16,16,569,0,0,1,0
breast-cancer,70,narrow,PostFilter-IVF,569,30,10,16,0.028119507908611598,10,1.0,1,none,0,0,0,0.23113599991120282,240,15,240,240,0,8,0,0
breast-cancer,70,narrow,AdaptivePostFilter-IVF,569,30,10,16,0.028119507908611598,10,1.0,1,none,0,0,0,0.9240530000624858,569,16,569,569,0,18,0,0
breast-cancer,70,narrow,TenantPartition-IVF,569,30,10,16,0.028119507908611598,10,1.0,1,none,0,0,0,0.2881160000924865,240,15,240,240,0,8,0,0
breast-cancer,70,narrow,PreFilter-IVF,569,30,10,16,0.028119507908611598,10,1.0,1,none,0,0,0,0.3275789999861445,174,16,16,174,18,4,0,0
breast-cancer,70,narrow,PACER-A,569,30,10,16,0.028119507908611598,10,1.0,1,none,0,0,0,0.32809699996505515,17,16,17,17,5,4,1,0
breast-cancer,70,narrow,PACER-C,569,30,10,16,0.028119507908611598,10,1.0,1,none,0,0,0,0.36919899980603077,17,16,17,17,5,4,1,0
breast-cancer,70,narrow,PACER-X,569,30,10,16,0.028119507908611598,10,1.0,1,none,0,0,0,0.343733999898177,17,16,17,17,5,4,1,0
breast-cancer,70,narrow,StaleNoRecheck,569,30,10,16,0.028119507908611598,10,0.9,0,ranking_truncation,0,1,0,0.2586250000149448,240,16,240,240,0,8,0,0
breast-cancer,70,narrow,NaiveNoPolicy,569,30,10,16,0.028119507908611598,10,0.3,0,ranking_truncation,7,0,0,0.08821500000522065,240,240,240,0,0,8,0,0
breast-cancer,71,cold,ExactSecure,569,30,10,12,0.0210896309314587,10,1.0,1,none,0,0,0,0.3361530000347557,569,12,12,569,0,0,1,0
breast-cancer,71,cold,PostFilter-IVF,569,30,10,12,0.0210896309314587,10,1.0,1,none,0,0,0,0.2230520001376135,240,12,240,240,0,8,0,0
breast-cancer,71,cold,AdaptivePostFilter-IVF,569,30,10,12,0.0210896309314587,10,1.0,1,none,0,0,0,0.9519759998966038,569,12,569,569,0,18,0,0
breast-cancer,71,cold,TenantPartition-IVF,569,30,10,12,0.0210896309314587,10,1.0,1,none,0,0,0,0.25583800015738234,240,12,240,240,0,8,0,0
breast-cancer,71,cold,PreFilter-IVF,569,30,10,12,0.0210896309314587,10,1.0,1,none,0,0,0,0.4271280001830746,228,12,12,228,18,6,0,0
breast-cancer,71,cold,PACER-A,569,30,10,12,0.0210896309314587,10,1.0,1,none,0,0,0,0.4423180000685534,12,12,12,12,8,6,1,0
breast-cancer,71,cold,PACER-C,569,30,10,12,0.0210896309314587,10,1.0,1,none,0,0,0,0.46993799992378626,12,12,12,12,8,6,1,0
breast-cancer,71,cold,PACER-X,569,30,10,12,0.0210896309314587,10,1.0,1,none,0,0,0,0.4074689998105896,12,12,12,12,8,6,1,0
breast-cancer,71,cold,StaleNoRecheck,569,30,10,12,0.0210896309314587,10,1.0,1,none,0,0,0,0.24135700004990213,240,12,240,240,0,8,0,0
breast-cancer,71,cold,NaiveNoPolicy,569,30,10,12,0.0210896309314587,10,0.1,0,ranking_truncation,9,0,0,0.10783899983834999,240,240,240,0,0,8,0,0
breast-cancer,72,broad,ExactSecure,569,30,10,526,0.9244288224956063,10,1.0,1,none,0,0,0,0.38978799989308754,569,526,526,569,0,0,1,0
breast-cancer,72,broad,PostFilter-IVF,569,30,10,526,0.9244288224956063,10,1.0,1,none,0,0,0,0.2572529999724793,240,216,240,240,0,8,0,0
breast-cancer,72,broad,AdaptivePostFilter-IVF,569,30,10,526,0.9244288224956063,10,1.0,1,none,0,0,0,1.0383450000972516,569,526,569,569,0,18,0,0
breast-cancer,72,broad,TenantPartition-IVF,569,30,10,526,0.9244288224956063,10,1.0,1,none,0,0,0,0.319048999926963,240,216,240,240,0,8,0,0
breast-cancer,72,broad,PreFilter-IVF,569,30,10,526,0.9244288224956063,10,1.0,1,none,0,0,0,0.9692410001207463,256,234,234,256,7,7,0,0
breast-cancer,72,broad,PACER-A,569,30,10,526,0.9244288224956063,10,1.0,1,none,0,0,0,0.8072279999851162,240,218,240,240,7,7,0,0
breast-cancer,72,broad,PACER-C,569,30,10,526,0.9244288224956063,10,1.0,1,none,0,0,0,1.4873709999392304,470,433,470,470,15,15,1,0
breast-cancer,72,broad,PACER-X,569,30,10,526,0.9244288224956063,10,1.0,1,none,0,0,0,1.418736000005083,470,433,470,470,15,15,1,0
breast-cancer,72,broad,StaleNoRecheck,569,30,10,526,0.9244288224956063,10,0.8,0,ranking_truncation,0,2,0,0.24556299990763364,240,240,240,240,0,8,0,0
breast-cancer,72,broad,NaiveNoPolicy,569,30,10,526,0.9244288224956063,10,0.8,0,ranking_truncation,0,2,0,0.08641099998385471,240,240,240,0,0,8,0,0
breast-cancer,73,medium,ExactSecure,569,30,10,115,0.20210896309314588,10,1.0,1,none,0,0,0,0.3199269999640819,569,115,115,569,0,0,1,0
breast-cancer,73,medium,PostFilter-IVF,569,30,10,115,0.20210896309314588,10,1.0,1,none,0,0,0,0.2289829999426729,240,52,240,240,0,8,0,0
breast-cancer,73,medium,AdaptivePostFilter-IVF,569,30,10,115,0.20210896309314588,10,1.0,1,none,0,0,0,0.8892760001799616,569,115,569,569,0,18,0,0
breast-cancer,73,medium,TenantPartition-IVF,569,30,10,115,0.20210896309314588,10,1.0,1,none,0,0,0,0.32462299986946164,240,52,240,240,0,8,0,0
breast-cancer,73,medium,PreFilter-IVF,569,30,10,115,0.20210896309314588,10,1.0,1,none,0,0,0,0.4872160000104486,261,55,55,261,8,7,0,0
breast-cancer,73,medium,PACER-A,569,30,10,115,0.20210896309314588,10,1.0,1,none,0,0,0,0.7129410000743519,67,59,67,67,9,8,1,0
breast-cancer,73,medium,PACER-C,569,30,10,115,0.20210896309314588,10,1.0,1,none,0,0,0,0.6599119999464165,67,59,67,67,9,8,1,0
breast-cancer,73,medium,PACER-X,569,30,10,115,0.20210896309314588,10,1.0,1,none,0,0,0,0.5836919999637757,67,59,67,67,9,8,1,0
breast-cancer,73,medium,StaleNoRecheck,569,30,10,115,0.20210896309314588,10,1.0,1,none,0,0,0,0.2675539999472676,240,59,240,240,0,8,0,0
breast-cancer,73,medium,NaiveNoPolicy,569,30,10,115,0.20210896309314588,10,0.8,0,ranking_truncation,2,0,0,0.0879080000686372,240,240,240,0,0,8,0,0
breast-cancer,74,narrow,ExactSecure,569,30,10,5,0.008787346221441126,5,1.0,1,none,0,0,0,0.316025999836711,569,5,5,569,0,0,1,0
breast-cancer,74,narrow,PostFilter-IVF,569,30,10,5,0.008787346221441126,5,1.0,1,none,0,0,0,0.23543800011793792,239,5,239,239,0,8,0,0
breast-cancer,74,narrow,AdaptivePostFilter-IVF,569,30,10,5,0.008787346221441126,5,1.0,1,none,0,0,0,0.9123969998654502,569,5,569,569,0,18,0,0
breast-cancer,74,narrow,TenantPartition-IVF,569,30,10,5,0.008787346221441126,5,1.0,1,none,0,0,0,0.23060900002747076,239,5,239,239,0,8,0,0
breast-cancer,74,narrow,PreFilter-IVF,569,30,10,5,0.008787346221441126,5,1.0,1,none,0,0,0,0.24675400004525727,104,5,5,104,18,3,0,0
breast-cancer,74,narrow,PACER-A,569,30,10,5,0.008787346221441126,5,1.0,1,none,0,0,0,0.26784300007420825,5,5,5,5,7,3,1,0
breast-cancer,74,narrow,PACER-C,569,30,10,5,0.008787346221441126,5,1.0,1,none,0,0,0,0.21674399999938032,5,5,5,5,7,3,1,0
breast-cancer,74,narrow,PACER-X,569,30,10,5,0.008787346221441126,5,1.0,1,none,0,0,0,0.20256699986020976,5,5,5,5,7,3,1,0
breast-cancer,74,narrow,StaleNoRecheck,569,30,10,5,0.008787346221441126,5,1.0,1,none,0,0,0,0.19035099990105664,239,5,239,239,0,8,0,0
breast-cancer,74,narrow,NaiveNoPolicy,569,30,10,5,0.008787346221441126,10,0.2,0,ranking_truncation,9,1,0,0.07175200016718009,239,239,239,0,0,8,0,0
breast-cancer,75,cold,ExactSecure,569,30,10,3,0.005272407732864675,3,1.0,1,none,0,0,0,0.2998600000410079,569,3,3,569,0,0,1,0
breast-cancer,75,cold,PostFilter-IVF,569,30,10,3,0.005272407732864675,2,0.6666666666666666,0,candidate_starvation,0,0,0,0.21500599996215897,240,2,240,240,0,8,0,0
breast-cancer,75,cold,AdaptivePostFilter-IVF,569,30,10,3,0.005272407732864675,3,1.0,1,none,0,0,0,0.8893670001270948,569,3,569,569,0,18,0,0
breast-cancer,75,cold,TenantPartition-IVF,569,30,10,3,0.005272407732864675,2,0.6666666666666666,0,candidate_starvation,0,0,0,0.15268599986484332,240,2,240,240,0,8,0,0
breast-cancer,75,cold,PreFilter-IVF,569,30,10,3,0.005272407732864675,3,1.0,1,none,0,0,0,0.2263809999476507,85,3,3,85,18,3,0,0
breast-cancer,75,cold,PACER-A,569,30,10,3,0.005272407732864675,3,1.0,1,none,0,0,0,0.22124800011624757,4,3,4,4,14,3,1,0
breast-cancer,75,cold,PACER-C,569,30,10,3,0.005272407732864675,3,1.0,1,none,0,0,0,0.1915200000439654,4,3,4,4,14,3,1,0
breast-cancer,75,cold,PACER-X,569,30,10,3,0.005272407732864675,3,1.0,1,none,0,0,0,0.23247700005413208,4,3,4,4,14,3,1,0
breast-cancer,75,cold,StaleNoRecheck,569,30,10,3,0.005272407732864675,3,0.6666666666666666,0,ranking_truncation,0,1,0,0.24619500004519068,240,3,240,240,0,8,0,0
breast-cancer,75,cold,NaiveNoPolicy,569,30,10,3,0.005272407732864675,10,0.0,0,ranking_truncation,9,1,9,0.11708500005624956,240,240,240,0,0,8,0,0
breast-cancer,76,broad,ExactSecure,569,30,10,519,0.9121265377855887,10,1.0,1,none,0,0,0,0.41952900005526317,569,519,519,569,0,0,1,0
breast-cancer,76,broad,PostFilter-IVF,569,30,10,519,0.9121265377855887,10,1.0,1,none,0,0,0,0.2299309999216348,240,226,240,240,0,8,0,0
breast-cancer,76,broad,AdaptivePostFilter-IVF,569,30,10,519,0.9121265377855887,10,1.0,1,none,0,0,0,0.9812699997837626,569,519,569,569,0,18,0,0
breast-cancer,76,broad,TenantPartition-IVF,569,30,10,519,0.9121265377855887,10,1.0,1,none,0,0,0,0.2693739997994271,240,226,240,240,0,8,0,0
breast-cancer,76,broad,PreFilter-IVF,569,30,10,519,0.9121265377855887,10,1.0,1,none,0,0,0,1.011357000152202,267,248,248,267,7,7,0,0
breast-cancer,76,broad,PACER-A,569,30,10,519,0.9121265377855887,10,1.0,1,none,0,0,0,0.9392520000801596,240,227,240,240,7,7,0,0
breast-cancer,76,broad,PACER-C,569,30,10,519,0.9121265377855887,10,1.0,1,none,0,0,0,1.0104760001468094,323,298,323,323,9,9,1,0
breast-cancer,76,broad,PACER-X,569,30,10,519,0.9121265377855887,10,1.0,1,none,0,0,0,0.9819680001328379,323,298,323,323,9,9,1,0
breast-cancer,76,broad,StaleNoRecheck,569,30,10,519,0.9121265377855887,10,1.0,1,none,0,0,0,0.260394999941127,240,240,240,240,0,8,0,0
breast-cancer,76,broad,NaiveNoPolicy,569,30,10,519,0.9121265377855887,10,1.0,1,none,0,0,0,0.12506400003076124,240,240,240,0,0,8,0,0
breast-cancer,77,medium,ExactSecure,569,30,10,120,0.210896309314587,10,1.0,1,none,0,0,0,0.3217410001070675,569,120,120,569,0,0,1,0
breast-cancer,77,medium,PostFilter-IVF,569,30,10,120,0.210896309314587,10,1.0,1,none,0,0,0,0.23134499997468083,219,66,219,219,0,8,0,0
breast-cancer,77,medium,AdaptivePostFilter-IVF,569,30,10,120,0.210896309314587,10,1.0,1,none,0,0,0,0.9513570000763139,569,120,569,569,0,18,0,0
breast-cancer,77,medium,TenantPartition-IVF,569,30,10,120,0.210896309314587,10,1.0,1,none,0,0,0,0.2520119999189774,219,66,219,219,0,8,0,0
breast-cancer,77,medium,PreFilter-IVF,569,30,10,120,0.210896309314587,10,1.0,1,none,0,0,0,0.541878999911205,219,66,66,219,8,8,0,0
breast-cancer,77,medium,PACER-A,569,30,10,120,0.210896309314587,10,1.0,1,none,0,0,0,0.8350749999408436,94,87,94,94,10,10,1,0
breast-cancer,77,medium,PACER-C,569,30,10,120,0.210896309314587,10,1.0,1,none,0,0,0,0.803560000122161,94,87,94,94,10,10,1,0
breast-cancer,77,medium,PACER-X,569,30,10,120,0.210896309314587,10,1.0,1,none,0,0,0,0.8425309999893216,94,87,94,94,10,10,1,0
breast-cancer,77,medium,StaleNoRecheck,569,30,10,120,0.210896309314587,10,1.0,1,none,0,0,0,0.20731200015688955,219,70,219,219,0,8,0,0
breast-cancer,77,medium,NaiveNoPolicy,569,30,10,120,0.210896309314587,10,0.5,0,ranking_truncation,5,0,0,0.07581599993500276,219,219,219,0,0,8,0,0
breast-cancer,78,narrow,ExactSecure,569,30,10,27,0.04745166959578207,10,1.0,1,none,0,0,0,0.31105299990485946,569,27,27,569,0,0,1,0
breast-cancer,78,narrow,PostFilter-IVF,569,30,10,27,0.04745166959578207,10,0.7,0,ranking_truncation,0,0,0,0.2685850001853396,240,12,240,240,0,8,0,0
breast-cancer,78,narrow,AdaptivePostFilter-IVF,569,30,10,27,0.04745166959578207,10,1.0,1,none,0,0,0,0.9070529999917198,569,27,569,569,0,18,0,0
breast-cancer,78,narrow,TenantPartition-IVF,569,30,10,27,0.04745166959578207,10,0.7,0,ranking_truncation,0,0,0,0.2849239999704878,240,12,240,240,0,8,0,0
breast-cancer,78,narrow,PreFilter-IVF,569,30,10,27,0.04745166959578207,10,1.0,1,none,0,0,0,0.4260969999450026,272,27,27,272,13,8,0,0
breast-cancer,78,narrow,PACER-A,569,30,10,27,0.04745166959578207,10,1.0,1,none,0,0,0,0.6259290000798501,27,27,27,27,13,8,1,0
breast-cancer,78,narrow,PACER-C,569,30,10,27,0.04745166959578207,10,1.0,1,none,0,0,0,0.6105710001520492,27,27,27,27,13,8,1,0
breast-cancer,78,narrow,PACER-X,569,30,10,27,0.04745166959578207,10,1.0,1,none,0,0,0,0.5765719999999419,27,27,27,27,13,8,1,0
breast-cancer,78,narrow,StaleNoRecheck,569,30,10,27,0.04745166959578207,10,0.7,0,ranking_truncation,0,0,0,0.2324050001334399,240,12,240,240,0,8,0,0
breast-cancer,78,narrow,NaiveNoPolicy,569,30,10,27,0.04745166959578207,10,0.2,0,ranking_truncation,8,0,0,0.08952600001066457,240,240,240,0,0,8,0,0
breast-cancer,79,cold,ExactSecure,569,30,10,23,0.040421792618629174,10,1.0,1,none,0,0,0,0.3307929998754844,569,23,23,569,0,0,1,0
breast-cancer,79,cold,PostFilter-IVF,569,30,10,23,0.040421792618629174,10,1.0,1,none,0,0,0,0.24387799999203708,233,21,233,233,0,8,0,0
breast-cancer,79,cold,AdaptivePostFilter-IVF,569,30,10,23,0.040421792618629174,10,1.0,1,none,0,0,0,0.8773590000146214,569,23,569,569,0,18,0,0
breast-cancer,79,cold,TenantPartition-IVF,569,30,10,23,0.040421792618629174,10,1.0,1,none,0,0,0,0.2580660000148782,233,21,233,233,0,8,0,0
breast-cancer,79,cold,PreFilter-IVF,569,30,10,23,0.040421792618629174,10,1.0,1,none,0,0,0,0.34590100017339864,245,20,20,245,7,6,0,0
breast-cancer,79,cold,PACER-A,569,30,10,23,0.040421792618629174,10,1.0,1,none,0,0,0,0.6468589999713004,29,23,29,29,12,9,1,0
breast-cancer,79,cold,PACER-C,569,30,10,23,0.040421792618629174,10,1.0,1,none,0,0,0,0.6012219998865476,29,23,29,29,12,9,1,0
breast-cancer,79,cold,PACER-X,569,30,10,23,0.040421792618629174,10,1.0,1,none,0,0,0,0.5732480001370277,29,23,29,29,12,9,1,0
breast-cancer,79,cold,StaleNoRecheck,569,30,10,23,0.040421792618629174,10,0.9,0,ranking_truncation,0,1,0,0.1982769999813172,233,25,233,233,0,8,0,0
breast-cancer,79,cold,NaiveNoPolicy,569,30,10,23,0.040421792618629174,10,0.4,0,ranking_truncation,5,1,0,0.10392900003353134,233,233,233,0,0,8,0,0
wine,0,broad,ExactSecure,178,13,10,164,0.9213483146067416,10,1.0,1,none,0,0,0,0.12900000001536682,178,164,164,178,0,0,1,0
wine,0,broad,PostFilter-IVF,178,13,10,164,0.9213483146067416,10,1.0,1,none,0,0,0,0.14291499996943458,91,83,91,91,0,8,0,0
wine,0,broad,AdaptivePostFilter-IVF,178,13,10,164,0.9213483146067416,10,1.0,1,none,0,0,0,0.5302979998305091,178,164,178,178,0,12,0,0
wine,0,broad,TenantPartition-IVF,178,13,10,164,0.9213483146067416,10,1.0,1,none,0,0,0,0.1528579998648638,91,83,91,91,0,8,0,0
wine,0,broad,PreFilter-IVF,178,13,10,164,0.9213483146067416,10,1.0,1,none,0,0,0,1.4201449998836324,104,94,94,104,8,8,0,0
wine,0,broad,PACER-A,178,13,10,164,0.9213483146067416,10,1.0,1,none,0,0,0,0.720481000143991,104,94,104,104,8,8,1,0
wine,0,broad,PACER-C,178,13,10,164,0.9213483146067416,10,1.0,1,none,0,0,0,0.6291839999903459,104,94,104,104,8,8,1,0
wine,0,broad,PACER-X,178,13,10,164,0.9213483146067416,10,1.0,1,none,0,0,0,0.8552819999749772,104,94,104,104,8,8,1,0
wine,0,broad,StaleNoRecheck,178,13,10,164,0.9213483146067416,10,0.8,0,ranking_truncation,0,2,0,0.12557799982459983,91,91,91,91,0,8,0,0
wine,0,broad,NaiveNoPolicy,178,13,10,164,0.9213483146067416,10,0.8,0,ranking_truncation,0,2,0,0.08739400004742492,91,91,91,0,0,8,0,0
wine,1,medium,ExactSecure,178,13,10,50,0.2808988764044944,10,1.0,1,none,0,0,0,0.13135200015312876,178,50,50,178,0,0,1,0
wine,1,medium,PostFilter-IVF,178,13,10,50,0.2808988764044944,10,1.0,1,none,0,0,0,0.1398639999479201,110,32,110,110,0,8,0,0
wine,1,medium,AdaptivePostFilter-IVF,178,13,10,50,0.2808988764044944,10,1.0,1,none,0,0,0,0.5947689999175054,178,50,178,178,0,12,0,0
wine,1,medium,TenantPartition-IVF,178,13,10,50,0.2808988764044944,10,1.0,1,none,0,0,0,0.15191499983302492,110,32,110,110,0,8,0,0
wine,1,medium,PreFilter-IVF,178,13,10,50,0.2808988764044944,10,1.0,1,none,0,0,0,0.6526069998926687,119,42,42,119,11,8,0,0
wine,1,medium,PACER-A,178,13,10,50,0.2808988764044944,10,1.0,1,none,0,0,0,0.7585450000533456,45,41,45,45,10,7,1,0
wine,1,medium,PACER-C,178,13,10,50,0.2808988764044944,10,1.0,1,none,0,0,0,0.5790870000055293,45,41,45,45,10,7,1,0
wine,1,medium,PACER-X,178,13,10,50,0.2808988764044944,10,1.0,1,none,0,0,0,0.6055369999558025,45,41,45,45,10,7,1,0
wine,1,medium,StaleNoRecheck,178,13,10,50,0.2808988764044944,10,0.8,0,ranking_truncation,0,2,0,0.13909899985264929,110,36,110,110,0,8,0,0
wine,1,medium,NaiveNoPolicy,178,13,10,50,0.2808988764044944,10,0.4,0,ranking_truncation,5,1,0,0.042007000047306065,110,110,110,0,0,8,0,0
wine,2,narrow,ExactSecure,178,13,10,3,0.016853932584269662,3,1.0,1,none,0,0,0,0.10844300004464458,178,3,3,178,0,0,1,0
wine,2,narrow,PostFilter-IVF,178,13,10,3,0.016853932584269662,3,1.0,1,none,0,0,0,0.13644700015902345,134,3,134,134,0,8,0,0
wine,2,narrow,AdaptivePostFilter-IVF,178,13,10,3,0.016853932584269662,3,1.0,1,none,0,0,0,0.47667900003034447,178,3,178,178,0,12,0,0
wine,2,narrow,TenantPartition-IVF,178,13,10,3,0.016853932584269662,3,1.0,1,none,0,0,0,0.12986399997316767,134,3,134,134,0,8,0,0
wine,2,narrow,PreFilter-IVF,178,13,10,3,0.016853932584269662,3,1.0,1,none,0,0,0,0.12174299990874715,17,3,3,17,12,1,0,0
wine,2,narrow,PACER-A,178,13,10,3,0.016853932584269662,3,1.0,1,none,0,0,0,0.14707700006511004,3,3,3,3,1,1,1,0
wine,2,narrow,PACER-C,178,13,10,3,0.016853932584269662,3,1.0,1,none,0,0,0,0.09653000006437651,3,3,3,3,1,1,1,0
wine,2,narrow,PACER-X,178,13,10,3,0.016853932584269662,3,1.0,1,none,0,0,0,0.0891279998995742,3,3,3,3,1,1,1,0
wine,2,narrow,StaleNoRecheck,178,13,10,3,0.016853932584269662,3,1.0,1,none,0,0,0,0.14894600008119596,134,3,134,134,0,8,0,0
wine,2,narrow,NaiveNoPolicy,178,13,10,3,0.016853932584269662,10,0.6666666666666666,0,ranking_truncation,8,2,1,0.06480399997599307,134,134,134,0,0,8,0,0
wine,3,cold,ExactSecure,178,13,10,3,0.016853932584269662,3,1.0,1,none,0,0,0,0.16556300010961422,178,3,3,178,0,0,1,0
wine,3,cold,PostFilter-IVF,178,13,10,3,0.016853932584269662,3,1.0,1,none,0,0,0,0.1299479999943287,107,3,107,107,0,8,0,0
wine,3,cold,AdaptivePostFilter-IVF,178,13,10,3,0.016853932584269662,3,1.0,1,none,0,0,0,0.5446620000384428,178,3,178,178,0,12,0,0
wine,3,cold,TenantPartition-IVF,178,13,10,3,0.016853932584269662,3,1.0,1,none,0,0,0,0.13607200003207254,107,3,107,107,0,8,0,0
wine,3,cold,PreFilter-IVF,178,13,10,3,0.016853932584269662,3,1.0,1,none,0,0,0,0.1748170000155369,44,3,3,44,12,3,0,0
wine,3,cold,PACER-A,178,13,10,3,0.016853932584269662,3,1.0,1,none,0,0,0,0.21801899993079132,4,3,4,4,3,3,1,0
wine,3,cold,PACER-C,178,13,10,3,0.016853932584269662,3,1.0,1,none,0,0,0,0.2016500000081578,4,3,4,4,3,3,1,0
wine,3,cold,PACER-X,178,13,10,3,0.016853932584269662,3,1.0,1,none,0,0,0,0.2886740001031285,4,3,4,4,3,3,1,0
wine,3,cold,StaleNoRecheck,178,13,10,3,0.016853932584269662,4,1.0,0,ranking_truncation,0,1,0,0.12028799983454519,107,4,107,107,0,8,0,0
wine,3,cold,NaiveNoPolicy,178,13,10,3,0.016853932584269662,10,0.6666666666666666,0,ranking_truncation,8,0,0,0.05461000000650529,107,107,107,0,0,8,0,0
wine,4,broad,ExactSecure,178,13,10,164,0.9213483146067416,10,1.0,1,none,0,0,0,0.13935199990555702,178,164,164,178,0,0,1,0
wine,4,broad,PostFilter-IVF,178,13,10,164,0.9213483146067416,10,1.0,1,none,0,0,0,0.14679900004921365,126,118,126,126,0,8,0,0
wine,4,broad,AdaptivePostFilter-IVF,178,13,10,164,0.9213483146067416,10,1.0,1,none,0,0,0,0.6127300000571267,178,164,178,178,0,12,0,0
wine,4,broad,TenantPartition-IVF,178,13,10,164,0.9213483146067416,10,1.0,1,none,0,0,0,0.17370000000482833,126,118,126,126,0,8,0,0
wine,4,broad,PreFilter-IVF,178,13,10,164,0.9213483146067416,10,1.0,1,none,0,0,0,1.1936850000893173,128,116,116,128,8,8,0,0
wine,4,broad,PACER-A,178,13,10,164,0.9213483146067416,10,1.0,1,none,0,0,0,0.591652999901271,106,99,106,106,6,6,1,0
wine,4,broad,PACER-C,178,13,10,164,0.9213483146067416,10,1.0,1,none,0,0,0,0.5351229999632778,106,99,106,106,6,6,1,0
wine,4,broad,PACER-X,178,13,10,164,0.9213483146067416,10,1.0,1,none,0,0,0,0.4917070000374224,106,99,106,106,6,6,1,0
wine,4,broad,StaleNoRecheck,178,13,10,164,0.9213483146067416,10,0.9,0,ranking_truncation,0,1,0,0.20509299997684138,126,126,126,126,0,8,0,0
wine,4,broad,NaiveNoPolicy,178,13,10,164,0.9213483146067416,10,0.9,0,ranking_truncation,0,1,0,0.05749199999627308,126,126,126,0,0,8,0,0
wine,5,medium,ExactSecure,178,13,10,28,0.15730337078651685,10,1.0,1,none,0,0,0,0.14665200001218182,178,28,28,178,0,0,1,0
wine,5,medium,PostFilter-IVF,178,13,10,28,0.15730337078651685,8,0.8,0,candidate_starvation,0,0,0,0.11692700013554713,91,8,91,91,0,8,0,0
wine,5,medium,AdaptivePostFilter-IVF,178,13,10,28,0.15730337078651685,10,1.0,1,none,0,0,0,0.5217329999140929,178,28,178,178,0,12,0,0
wine,5,medium,TenantPartition-IVF,178,13,10,28,0.15730337078651685,8,0.8,0,candidate_starvation,0,0,0,0.13025599992033676,91,8,91,91,0,8,0,0
wine,5,medium,PreFilter-IVF,178,13,10,28,0.15730337078651685,10,1.0,1,none,0,0,0,0.4958249999162945,126,18,18,126,9,8,0,0
wine,5,medium,PACER-A,178,13,10,28,0.15730337078651685,10,1.0,1,none,0,0,0,0.6615709999095998,29,28,29,29,12,10,1,0
wine,5,medium,PACER-C,178,13,10,28,0.15730337078651685,10,1.0,1,none,0,0,0,0.7869809999192512,29,28,29,29,12,10,1,0
wine,5,medium,PACER-X,178,13,10,28,0.15730337078651685,10,1.0,1,none,0,0,0,0.6658410000000003,29,28,29,29,12,10,1,0
wine,5,medium,StaleNoRecheck,178,13,10,28,0.15730337078651685,9,0.8,0,candidate_starvation,0,1,0,0.11157599988109723,91,9,91,91,0,8,0,0
wine,5,medium,NaiveNoPolicy,178,13,10,28,0.15730337078651685,10,0.2,0,ranking_truncation,7,2,0,0.05049399987910874,91,91,91,0,0,8,0,0
wine,6,narrow,ExactSecure,178,13,10,7,0.03932584269662921,7,1.0,1,none,0,0,0,0.1205460000619496,178,7,7,178,0,0,1,0
wine,6,narrow,PostFilter-IVF,178,13,10,7,0.03932584269662921,7,1.0,1,none,0,0,0,0.12662999984058843,113,7,113,113,0,8,0,0
wine,6,narrow,AdaptivePostFilter-IVF,178,13,10,7,0.03932584269662921,7,1.0,1,none,0,0,0,0.5635530001200095,178,7,178,178,0,12,0,0
wine,6,narrow,TenantPartition-IVF,178,13,10,7,0.03932584269662921,7,1.0,1,none,0,0,0,0.12274000005163543,113,7,113,113,0,8,0,0
wine,6,narrow,PreFilter-IVF,178,13,10,7,0.03932584269662921,7,1.0,1,none,0,0,0,0.14271500003815163,46,7,7,46,12,2,0,0
wine,6,narrow,PACER-A,178,13,10,7,0.03932584269662921,7,1.0,1,none,0,0,0,0.18470199984221836,7,7,7,7,3,2,1,0
wine,6,narrow,PACER-C,178,13,10,7,0.03932584269662921,7,1.0,1,none,0,0,0,0.15254799996000656,7,7,7,7,3,2,1,0
wine,6,narrow,PACER-X,178,13,10,7,0.03932584269662921,7,1.0,1,none,0,0,0,0.1467709998905775,7,7,7,7,3,2,1,0
wine,6,narrow,StaleNoRecheck,178,13,10,7,0.03932584269662921,7,1.0,1,none,0,0,0,0.11811499985014962,113,7,113,113,0,8,0,0
wine,6,narrow,NaiveNoPolicy,178,13,10,7,0.03932584269662921,10,0.14285714285714285,0,ranking_truncation,9,1,0,0.061067999922670424,113,113,113,0,0,8,0,0
wine,7,cold,ExactSecure,178,13,10,5,0.028089887640449437,5,1.0,1,none,0,0,0,0.12411700004122395,178,5,5,178,0,0,1,0
wine,7,cold,PostFilter-IVF,178,13,10,5,0.028089887640449437,5,1.0,1,none,0,0,0,0.1387089998843294,101,5,101,101,0,8,0,0
wine,7,cold,AdaptivePostFilter-IVF,178,13,10,5,0.028089887640449437,5,1.0,1,none,0,0,0,0.46601099984400207,178,5,178,178,0,12,0,0
wine,7,cold,TenantPartition-IVF,178,13,10,5,0.028089887640449437,5,1.0,1,none,0,0,0,0.14332199998534634,101,5,101,101,0,8,0,0
wine,7,cold,PreFilter-IVF,178,13,10,5,0.028089887640449437,5,1.0,1,none,0,0,0,0.14870799986965721,42,5,5,42,12,2,0,0
wine,7,cold,PACER-A,178,13,10,5,0.028089887640449437,5,1.0,1,none,0,0,0,0.22600400006922428,5,5,5,5,3,2,1,0
wine,7,cold,PACER-C,178,13,10,5,0.028089887640449437,5,1.0,1,none,0,0,0,0.15043700000205718,5,5,5,5,3,2,1,0
wine,7,cold,PACER-X,178,13,10,5,0.028089887640449437,5,1.0,1,none,0,0,0,0.14723100002811407,5,5,5,5,3,2,1,0
wine,7,cold,StaleNoRecheck,178,13,10,5,0.028089887640449437,5,1.0,1,none,0,0,0,0.13652399979946495,101,5,101,101,0,8,0,0
wine,7,cold,NaiveNoPolicy,178,13,10,5,0.028089887640449437,10,0.4,0,ranking_truncation,8,0,0,0.052778000053876895,101,101,101,0,0,8,0,0
wine,8,broad,ExactSecure,178,13,10,163,0.9157303370786517,10,1.0,1,none,0,0,0,0.14320900004349824,178,163,163,178,0,0,1,0
wine,8,broad,PostFilter-IVF,178,13,10,163,0.9157303370786517,10,1.0,1,none,0,0,0,0.13325899999472313,107,98,107,107,0,8,0,0
wine,8,broad,AdaptivePostFilter-IVF,178,13,10,163,0.9157303370786517,10,1.0,1,none,0,0,0,0.5873349998637423,178,163,178,178,0,12,0,0
wine,8,broad,TenantPartition-IVF,178,13,10,163,0.9157303370786517,10,1.0,1,none,0,0,0,0.15158700011852488,107,98,107,107,0,8,0,0
wine,8,broad,PreFilter-IVF,178,13,10,163,0.9157303370786517,10,1.0,1,none,0,0,0,2.0700059999398945,107,98,98,107,8,8,0,0
wine,8,broad,PACER-A,178,13,10,163,0.9157303370786517,10,1.0,1,none,0,0,0,0.8120850000068458,103,94,103,103,7,7,1,0
wine,8,broad,PACER-C,178,13,10,163,0.9157303370786517,10,1.0,1,none,0,0,0,0.6779109999115462,103,94,103,103,7,7,1,0
wine,8,broad,PACER-X,178,13,10,163,0.9157303370786517,10,1.0,1,none,0,0,0,0.6375279999701888,103,94,103,103,7,7,1,0
wine,8,broad,StaleNoRecheck,178,13,10,163,0.9157303370786517,10,0.9,0,ranking_truncation,0,1,0,0.1326589999735006,107,107,107,107,0,8,0,0
wine,8,broad,NaiveNoPolicy,178,13,10,163,0.9157303370786517,10,0.9,0,ranking_truncation,0,1,0,0.07492899999306246,107,107,107,0,0,8,0,0
wine,9,medium,ExactSecure,178,13,10,41,0.2303370786516854,10,1.0,1,none,0,0,0,0.13032000015300582,178,41,41,178,0,0,1,0
wine,9,medium,PostFilter-IVF,178,13,10,41,0.2303370786516854,10,1.0,1,none,0,0,0,0.13059299999440555,107,40,107,107,0,8,0,0
wine,9,medium,AdaptivePostFilter-IVF,178,13,10,41,0.2303370786516854,10,1.0,1,none,0,0,0,0.7281690000127128,178,41,178,178,0,12,0,0
wine,9,medium,TenantPartition-IVF,178,13,10,41,0.2303370786516854,10,1.0,1,none,0,0,0,0.29547599979196093,107,40,107,107,0,8,0,0
wine,9,medium,PreFilter-IVF,178,13,10,41,0.2303370786516854,10,1.0,1,none,0,0,0,0.9517809999124438,113,41,41,113,10,8,0,0
wine,9,medium,PACER-A,178,13,10,41,0.2303370786516854,10,1.0,1,none,0,0,0,0.8740319999560597,40,37,40,40,8,6,1,0
wine,9,medium,PACER-C,178,13,10,41,0.2303370786516854,10,1.0,1,none,0,0,0,0.6270250000852684,40,37,40,40,8,6,1,0
wine,9,medium,PACER-X,178,13,10,41,0.2303370786516854,10,1.0,1,none,0,0,0,0.6593240000256628,40,37,40,40,8,6,1,0
wine,9,medium,StaleNoRecheck,178,13,10,41,0.2303370786516854,10,1.0,1,none,0,0,0,0.6154319999041036,107,43,107,107,0,8,0,0
wine,9,medium,NaiveNoPolicy,178,13,10,41,0.2303370786516854,10,0.7,0,ranking_truncation,3,1,0,0.06394000001819222,107,107,107,0,0,8,0,0
wine,10,narrow,ExactSecure,178,13,10,10,0.056179775280898875,10,1.0,1,none,0,0,0,0.24909299986575206,178,10,10,178,0,0,1,0
wine,10,narrow,PostFilter-IVF,178,13,10,10,0.056179775280898875,8,0.8,0,candidate_starvation,0,0,0,0.21617299989884486,118,8,118,118,0,8,0,0
wine,10,narrow,AdaptivePostFilter-IVF,178,13,10,10,0.056179775280898875,10,1.0,1,none,0,0,0,0.7285789999968983,178,10,178,178,0,12,0,0
wine,10,narrow,TenantPartition-IVF,178,13,10,10,0.056179775280898875,8,0.8,0,candidate_starvation,0,0,0,0.1967329999388312,118,8,118,118,0,8,0,0
wine,10,narrow,PreFilter-IVF,178,13,10,10,0.056179775280898875,10,1.0,1,none,0,0,0,0.3280739999809157,52,10,10,52,12,3,0,0
wine,10,narrow,PACER-A,178,13,10,10,0.056179775280898875,10,1.0,1,none,0,0,0,0.3087539998887223,10,10,10,10,8,3,1,0
wine,10,narrow,PACER-C,178,13,10,10,0.056179775280898875,10,1.0,1,none,0,0,0,0.29052700006104715,10,10,10,10,8,3,1,0
wine,10,narrow,PACER-X,178,13,10,10,0.056179775280898875,10,1.0,1,none,0,0,0,0.28797300001315307,10,10,10,10,8,3,1,0
wine,10,narrow,StaleNoRecheck,178,13,10,10,0.056179775280898875,8,0.8,0,candidate_starvation,0,0,0,0.24194299999180657,118,8,118,118,0,8,0,0
wine,10,narrow,NaiveNoPolicy,178,13,10,10,0.056179775280898875,10,0.3,0,ranking_truncation,7,0,0,0.07505299981858116,118,118,118,0,0,8,0,0
wine,11,cold,ExactSecure,178,13,10,2,0.011235955056179775,2,1.0,1,none,0,0,0,0.2111750000040047,178,2,2,178,0,0,1,0
wine,11,cold,PostFilter-IVF,178,13,10,2,0.011235955056179775,2,1.0,1,none,0,0,0,0.19062000001213164,116,2,116,116,0,8,0,0
wine,11,cold,AdaptivePostFilter-IVF,178,13,10,2,0.011235955056179775,2,1.0,1,none,0,0,0,0.7582619998629525,178,2,178,178,0,12,0,0
wine,11,cold,TenantPartition-IVF,178,13,10,2,0.011235955056179775,2,1.0,1,none,0,0,0,0.18669700011741952,116,2,116,116,0,8,0,0
wine,11,cold,PreFilter-IVF,178,13,10,2,0.011235955056179775,2,1.0,1,none,0,0,0,0.13372100011110888,15,2,2,15,12,1,0,0
wine,11,cold,PACER-A,178,13,10,2,0.011235955056179775,2,1.0,1,none,0,0,0,0.11861600000884209,2,2,2,2,1,1,1,0
wine,11,cold,PACER-C,178,13,10,2,0.011235955056179775,2,1.0,1,none,0,0,0,0.1130269999976008,2,2,2,2,1,1,1,0
wine,11,cold,PACER-X,178,13,10,2,0.011235955056179775,2,1.0,1,none,0,0,0,0.11057899996558263,2,2,2,2,1,1,1,0
wine,11,cold,StaleNoRecheck,178,13,10,2,0.011235955056179775,2,1.0,1,none,0,0,0,0.18249499999001273,116,2,116,116,0,8,0,0
wine,11,cold,NaiveNoPolicy,178,13,10,2,0.011235955056179775,10,1.0,0,ranking_truncation,8,1,7,0.11057899996558263,116,116,116,0,0,8,0,0
wine,12,broad,ExactSecure,178,13,10,163,0.9157303370786517,10,1.0,1,none,0,0,0,0.22801000000072236,178,163,163,178,0,0,1,0
wine,12,broad,PostFilter-IVF,178,13,10,163,0.9157303370786517,10,1.0,1,none,0,0,0,0.19356100006007182,107,98,107,107,0,8,0,0
wine,12,broad,AdaptivePostFilter-IVF,178,13,10,163,0.9157303370786517,10,1.0,1,none,0,0,0,0.713965000159078,178,163,178,178,0,12,0,0
wine,12,broad,TenantPartition-IVF,178,13,10,163,0.9157303370786517,10,1.0,1,none,0,0,0,0.24754499986556766,107,98,107,107,0,8,0,0
wine,12,broad,PreFilter-IVF,178,13,10,163,0.9157303370786517,10,1.0,1,none,0,0,0,2.279555000086475,107,98,98,107,8,8,0,0
wine,12,broad,PACER-A,178,13,10,163,0.9157303370786517,10,1.0,1,none,0,0,0,1.609665999922072,107,98,107,107,8,8,1,0
wine,12,broad,PACER-C,178,13,10,163,0.9157303370786517,10,1.0,1,none,0,0,0,0.6172180001158267,107,98,107,107,8,8,1,0
wine,12,broad,PACER-X,178,13,10,163,0.9157303370786517,10,1.0,1,none,0,0,0,0.6874410000818898,107,98,107,107,8,8,1,0
wine,12,broad,StaleNoRecheck,178,13,10,163,0.9157303370786517,10,0.8,0,ranking_truncation,0,2,0,0.128080999957092,107,107,107,107,0,8,0,0
wine,12,broad,NaiveNoPolicy,178,13,10,163,0.9157303370786517,10,0.8,0,ranking_truncation,0,2,0,0.0677689999974973,107,107,107,0,0,8,0,0
wine,13,medium,ExactSecure,178,13,10,32,0.1797752808988764,10,1.0,1,none,0,0,0,0.12985900002604467,178,32,32,178,0,0,1,0
wine,13,medium,PostFilter-IVF,178,13,10,32,0.1797752808988764,10,1.0,1,none,0,0,0,0.13053399993623316,101,20,101,101,0,8,0,0
wine,13,medium,AdaptivePostFilter-IVF,178,13,10,32,0.1797752808988764,10,1.0,1,none,0,0,0,0.5455939999592374,178,32,178,178,0,12,0,0
wine,13,medium,TenantPartition-IVF,178,13,10,32,0.1797752808988764,10,1.0,1,none,0,0,0,0.14300099996944482,101,20,101,101,0,8,0,0
wine,13,medium,PreFilter-IVF,178,13,10,32,0.1797752808988764,10,1.0,1,none,0,0,0,0.5053690001659561,114,26,26,114,8,8,0,0
wine,13,medium,PACER-A,178,13,10,32,0.1797752808988764,10,1.0,1,none,0,0,0,0.7098230000792682,35,32,35,35,10,10,1,0
wine,13,medium,PACER-C,178,13,10,32,0.1797752808988764,10,1.0,1,none,0,0,0,0.6383679999544256,35,32,35,35,10,10,1,0
wine,13,medium,PACER-X,178,13,10,32,0.1797752808988764,10,1.0,1,none,0,0,0,0.6657189999259572,35,32,35,35,10,10,1,0
wine,13,medium,StaleNoRecheck,178,13,10,32,0.1797752808988764,10,0.7,0,ranking_truncation,0,3,0,0.1265769999463373,101,23,101,101,0,8,0,0
wine,13,medium,NaiveNoPolicy,178,13,10,32,0.1797752808988764,10,0.1,0,ranking_truncation,9,1,0,0.061999000081414124,101,101,101,0,0,8,0,0
wine,14,narrow,ExactSecure,178,13,10,10,0.056179775280898875,10,1.0,1,none,0,0,0,0.2212890001374035,178,10,10,178,0,0,1,0
wine,14,narrow,PostFilter-IVF,178,13,10,10,0.056179775280898875,8,0.8,0,candidate_starvation,0,0,0,0.13267700001051708,113,8,113,113,0,8,0,0
wine,14,narrow,AdaptivePostFilter-IVF,178,13,10,10,0.056179775280898875,10,1.0,1,none,0,0,0,0.5333879998943303,178,10,178,178,0,12,0,0
wine,14,narrow,TenantPartition-IVF,178,13,10,10,0.056179775280898875,8,0.8,0,candidate_starvation,0,0,0,0.18974199997501273,113,8,113,113,0,8,0,0
wine,14,narrow,PreFilter-IVF,178,13,10,10,0.056179775280898875,10,1.0,1,none,0,0,0,0.26635799986252096,52,10,10,52,12,3,0,0
wine,14,narrow,PACER-A,178,13,10,10,0.056179775280898875,10,1.0,1,none,0,0,0,0.2415800001926982,10,10,10,10,10,3,1,0
wine,14,narrow,PACER-C,178,13,10,10,0.056179775280898875,10,1.0,1,none,0,0,0,0.2139260000149079,10,10,10,10,10,3,1,0
wine,14,narrow,PACER-X,178,13,10,10,0.056179775280898875,10,1.0,1,none,0,0,0,0.21801000002596993,10,10,10,10,10,3,1,0
wine,14,narrow,StaleNoRecheck,178,13,10,10,0.056179775280898875,8,0.8,0,candidate_starvation,0,0,0,0.11942600008296722,113,8,113,113,0,8,0,0
wine,14,narrow,NaiveNoPolicy,178,13,10,10,0.056179775280898875,10,0.2,0,ranking_truncation,8,0,1,0.06992599992372561,113,113,113,0,0,8,0,0
wine,15,cold,ExactSecure,178,13,10,9,0.05056179775280899,9,1.0,1,none,0,0,0,0.13298799990479893,178,9,9,178,0,0,1,0
wine,15,cold,PostFilter-IVF,178,13,10,9,0.05056179775280899,9,1.0,1,none,0,0,0,0.1369249998788291,125,9,125,125,0,8,0,0
wine,15,cold,AdaptivePostFilter-IVF,178,13,10,9,0.05056179775280899,9,1.0,1,none,0,0,0,0.46478700005536666,178,9,178,178,0,12,0,0
wine,15,cold,TenantPartition-IVF,178,13,10,9,0.05056179775280899,9,1.0,1,none,0,0,0,0.13902800014875538,125,9,125,125,0,8,0,0
wine,15,cold,PreFilter-IVF,178,13,10,9,0.05056179775280899,9,1.0,1,none,0,0,0,0.1754800000526302,46,9,9,46,12,2,0,0
wine,15,cold,PACER-A,178,13,10,9,0.05056179775280899,9,1.0,1,none,0,0,0,0.40461899993715633,9,9,9,9,3,2,1,0
wine,15,cold,PACER-C,178,13,10,9,0.05056179775280899,9,1.0,1,none,0,0,0,0.2073370001198782,9,9,9,9,3,2,1,0
wine,15,cold,PACER-X,178,13,10,9,0.05056179775280899,9,1.0,1,none,0,0,0,0.16960099992502364,9,9,9,9,3,2,1,0
wine,15,cold,StaleNoRecheck,178,13,10,9,0.05056179775280899,9,1.0,1,none,0,0,0,0.15455299990208005,125,9,125,125,0,8,0,0
wine,15,cold,NaiveNoPolicy,178,13,10,9,0.05056179775280899,10,0.1111111111111111,0,ranking_truncation,9,2,0,0.07190399992396124,125,125,125,0,0,8,0,0
wine,16,broad,ExactSecure,178,13,10,164,0.9213483146067416,10,1.0,1,none,0,0,0,0.17954700001610036,178,164,164,178,0,0,1,0
wine,16,broad,PostFilter-IVF,178,13,10,164,0.9213483146067416,10,1.0,1,none,0,0,0,0.15675600002396095,107,97,107,107,0,8,0,0
wine,16,broad,AdaptivePostFilter-IVF,178,13,10,164,0.9213483146067416,10,1.0,1,none,0,0,0,0.5119540001032874,178,164,178,178,0,12,0,0
wine,16,broad,TenantPartition-IVF,178,13,10,164,0.9213483146067416,10,1.0,1,none,0,0,0,0.14984099993853306,107,97,107,107,0,8,0,0
wine,16,broad,PreFilter-IVF,178,13,10,164,0.9213483146067416,10,1.0,1,none,0,0,0,1.5358880000349018,107,97,97,107,8,8,0,0
wine,16,broad,PACER-A,178,13,10,164,0.9213483146067416,10,1.0,1,none,0,0,0,0.6914900000083435,107,97,107,107,8,8,1,0
wine,16,broad,PACER-C,178,13,10,164,0.9213483146067416,10,1.0,1,none,0,0,0,0.6431609999708598,107,97,107,107,8,8,1,0
wine,16,broad,PACER-X,178,13,10,164,0.9213483146067416,10,1.0,1,none,0,0,0,0.6296640001437481,107,97,107,107,8,8,1,0
wine,16,broad,StaleNoRecheck,178,13,10,164,0.9213483146067416,10,0.9,0,ranking_truncation,0,1,0,0.1277989999834972,107,107,107,107,0,8,0,0
wine,16,broad,NaiveNoPolicy,178,13,10,164,0.9213483146067416,10,0.9,0,ranking_truncation,0,1,0,0.06409200000234705,107,107,107,0,0,8,0,0
wine,17,medium,ExactSecure,178,13,10,35,0.19662921348314608,10,1.0,1,none,0,0,0,0.13264400013213162,178,35,35,178,0,0,1,0
wine,17,medium,PostFilter-IVF,178,13,10,35,0.19662921348314608,10,1.0,1,none,0,0,0,0.13226999999460531,101,31,101,101,0,8,0,0
wine,17,medium,AdaptivePostFilter-IVF,178,13,10,35,0.19662921348314608,10,1.0,1,none,0,0,0,0.4856769999150856,178,35,178,178,0,12,0,0
wine,17,medium,TenantPartition-IVF,178,13,10,35,0.19662921348314608,10,1.0,1,none,0,0,0,0.16733500001464563,101,31,101,101,0,8,0,0
wine,17,medium,PreFilter-IVF,178,13,10,35,0.19662921348314608,10,1.0,1,none,0,0,0,0.5334060001587204,133,35,35,133,9,8,0,0
wine,17,medium,PACER-A,178,13,10,35,0.19662921348314608,10,1.0,1,none,0,0,0,0.545943999895826,36,34,36,36,8,7,1,0
wine,17,medium,PACER-C,178,13,10,35,0.19662921348314608,10,1.0,1,none,0,0,0,0.52848600012112,36,34,36,36,8,7,1,0
wine,17,medium,PACER-X,178,13,10,35,0.19662921348314608,10,1.0,1,none,0,0,0,0.5160199998499593,36,34,36,36,8,7,1,0
wine,17,medium,StaleNoRecheck,178,13,10,35,0.19662921348314608,10,1.0,1,none,0,0,0,0.12327900003583636,101,33,101,101,0,8,0,0
wine,17,medium,NaiveNoPolicy,178,13,10,35,0.19662921348314608,10,0.6,0,ranking_truncation,4,0,0,0.06051299988030223,101,101,101,0,0,8,0,0
wine,18,narrow,ExactSecure,178,13,10,14,0.07865168539325842,10,1.0,1,none,0,0,0,0.13095999997858598,178,14,14,178,0,0,1,0
wine,18,narrow,PostFilter-IVF,178,13,10,14,0.07865168539325842,10,1.0,1,none,0,0,0,0.1318869999522576,107,14,107,107,0,8,0,0
wine,18,narrow,AdaptivePostFilter-IVF,178,13,10,14,0.07865168539325842,10,1.0,1,none,0,0,0,0.4946310000377707,178,14,178,178,0,12,0,0
wine,18,narrow,TenantPartition-IVF,178,13,10,14,0.07865168539325842,10,1.0,1,none,0,0,0,0.12908500002595247,107,14,107,107,0,8,0,0
wine,18,narrow,PreFilter-IVF,178,13,10,14,0.07865168539325842,10,1.0,1,none,0,0,0,0.3017730000465235,65,14,14,65,12,4,0,0
wine,18,narrow,PACER-A,178,13,10,14,0.07865168539325842,10,1.0,1,none,0,0,0,0.3286789999492612,15,14,15,15,5,4,1,0
wine,18,narrow,PACER-C,178,13,10,14,0.07865168539325842,10,1.0,1,none,0,0,0,0.3019979999407951,15,14,15,15,5,4,1,0
wine,18,narrow,PACER-X,178,13,10,14,0.07865168539325842,10,1.0,1,none,0,0,0,0.3212139999959618,15,14,15,15,5,4,1,0
wine,18,narrow,StaleNoRecheck,178,13,10,14,0.07865168539325842,10,1.0,1,none,0,0,0,0.20624099988708622,107,15,107,107,0,8,0,0
wine,18,narrow,NaiveNoPolicy,178,13,10,14,0.07865168539325842,10,0.3,0,ranking_truncation,7,0,3,0.08477699998366006,107,107,107,0,0,8,0,0
wine,19,cold,ExactSecure,178,13,10,1,0.0056179775280898875,1,1.0,1,none,0,0,0,0.17836199981502432,178,1,1,178,0,0,1,0
wine,19,cold,PostFilter-IVF,178,13,10,1,0.0056179775280898875,1,1.0,1,none,0,0,0,0.15028899997560075,136,1,136,136,0,8,0,0
wine,19,cold,AdaptivePostFilter-IVF,178,13,10,1,0.0056179775280898875,1,1.0,1,none,0,0,0,0.47186500000862,178,1,178,178,0,12,0,0
wine,19,cold,TenantPartition-IVF,178,13,10,1,0.0056179775280898875,1,1.0,1,none,0,0,0,0.14920299986442842,136,1,136,136,0,8,0,0
wine,19,cold,PreFilter-IVF,178,13,10,1,0.0056179775280898875,1,1.0,1,none,0,0,0,0.1280690000839968,26,1,1,26,12,1,0,0
wine,19,cold,PACER-A,178,13,10,1,0.0056179775280898875,1,1.0,1,none,0,0,0,0.0917770000796736,1,1,1,1,1,1,1,0
wine,19,cold,PACER-C,178,13,10,1,0.0056179775280898875,1,1.0,1,none,0,0,0,0.08241699993050133,1,1,1,1,1,1,1,0
wine,19,cold,PACER-X,178,13,10,1,0.0056179775280898875,1,1.0,1,none,0,0,0,0.08152800000971183,1,1,1,1,1,1,1,0
wine,19,cold,StaleNoRecheck,178,13,10,1,0.0056179775280898875,1,1.0,1,none,0,0,0,0.12993099994673685,136,1,136,136,0,8,0,0
wine,19,cold,NaiveNoPolicy,178,13,10,1,0.0056179775280898875,10,1.0,0,ranking_truncation,9,1,1,0.06252499997572158,136,136,136,0,0,8,0,0
wine,20,broad,ExactSecure,178,13,10,166,0.9325842696629213,10,1.0,1,none,0,0,0,0.14370099984262197,178,166,166,178,0,0,1,0
wine,20,broad,PostFilter-IVF,178,13,10,166,0.9325842696629213,10,1.0,1,none,0,0,0,0.22758000000067113,115,108,115,115,0,8,0,0
wine,20,broad,AdaptivePostFilter-IVF,178,13,10,166,0.9325842696629213,10,1.0,1,none,0,0,0,0.5028939999647264,178,166,178,178,0,12,0,0
wine,20,broad,TenantPartition-IVF,178,13,10,166,0.9325842696629213,10,1.0,1,none,0,0,0,0.1536330000817543,115,108,115,115,0,8,0,0
wine,20,broad,PreFilter-IVF,178,13,10,166,0.9325842696629213,10,1.0,1,none,0,0,0,1.5298220000659057,128,118,118,128,8,8,0,0
wine,20,broad,PACER-A,178,13,10,166,0.9325842696629213,10,1.0,1,none,0,0,0,0.814812000044185,119,109,119,119,7,7,1,0
wine,20,broad,PACER-C,178,13,10,166,0.9325842696629213,10,1.0,1,none,0,0,0,0.6755750000593252,119,109,119,119,7,7,1,0
wine,20,broad,PACER-X,178,13,10,166,0.9325842696629213,10,1.0,1,none,0,0,0,0.5797320000056061,119,109,119,119,7,7,1,0
wine,20,broad,StaleNoRecheck,178,13,10,166,0.9325842696629213,10,0.8,0,ranking_truncation,0,2,0,0.13944700003776234,115,115,115,115,0,8,0,0
wine,20,broad,NaiveNoPolicy,178,13,10,166,0.9325842696629213,10,0.8,0,ranking_truncation,0,2,0,0.05841600000167091,115,115,115,0,0,8,0,0
wine,21,medium,ExactSecure,178,13,10,54,0.30337078651685395,10,1.0,1,none,0,0,0,0.14687999987472722,178,54,54,178,0,0,1,0
wine,21,medium,PostFilter-IVF,178,13,10,54,0.30337078651685395,10,1.0,1,none,0,0,0,0.13844299996890186,111,40,111,111,0,8,0,0
wine,21,medium,AdaptivePostFilter-IVF,178,13,10,54,0.30337078651685395,10,1.0,1,none,0,0,0,0.48660499987818184,178,54,178,178,0,12,0,0
wine,21,medium,TenantPartition-IVF,178,13,10,54,0.30337078651685395,10,1.0,1,none,0,0,0,0.16831499988256837,111,40,111,111,0,8,0,0
wine,21,medium,PreFilter-IVF,178,13,10,54,0.30337078651685395,10,1.0,1,none,0,0,0,0.5465650001497124,101,46,46,101,10,8,0,0
wine,21,medium,PACER-A,178,13,10,54,0.30337078651685395,10,1.0,1,none,0,0,0,0.5993439999656403,45,41,45,45,8,7,1,0
wine,21,medium,PACER-C,178,13,10,54,0.30337078651685395,10,1.0,1,none,0,0,0,0.522499999988213,45,41,45,45,8,7,1,0
wine,21,medium,PACER-X,178,13,10,54,0.30337078651685395,10,1.0,1,none,0,0,0,0.5096859999866865,45,41,45,45,8,7,1,0
wine,21,medium,StaleNoRecheck,178,13,10,54,0.30337078651685395,10,1.0,1,none,0,0,0,0.12986499996259226,111,44,111,111,0,8,0,0
wine,21,medium,NaiveNoPolicy,178,13,10,54,0.30337078651685395,10,0.9,0,ranking_truncation,1,0,0,0.05441200005407154,111,111,111,0,0,8,0,0
wine,22,narrow,ExactSecure,178,13,10,9,0.05056179775280899,9,1.0,1,none,0,0,0,0.12986999990971526,178,9,9,178,0,0,1,0
wine,22,narrow,PostFilter-IVF,178,13,10,9,0.05056179775280899,9,1.0,1,none,0,0,0,0.1477219998378132,136,9,136,136,0,8,0,0
wine,22,narrow,AdaptivePostFilter-IVF,178,13,10,9,0.05056179775280899,9,1.0,1,none,0,0,0,0.5347790001906105,178,9,178,178,0,12,0,0
wine,22,narrow,TenantPartition-IVF,178,13,10,9,0.05056179775280899,9,1.0,1,none,0,0,0,0.13491599997905723,136,9,136,136,0,8,0,0
wine,22,narrow,PreFilter-IVF,178,13,10,9,0.05056179775280899,9,1.0,1,none,0,0,0,0.1824430000851862,52,9,9,52,12,3,0,0
wine,22,narrow,PACER-A,178,13,10,9,0.05056179775280899,9,1.0,1,none,0,0,0,0.2617539998936991,10,9,10,10,4,3,1,0
wine,22,narrow,PACER-C,178,13,10,9,0.05056179775280899,9,1.0,1,none,0,0,0,0.21303999983501853,10,9,10,10,4,3,1,0
wine,22,narrow,PACER-X,178,13,10,9,0.05056179775280899,9,1.0,1,none,0,0,0,0.20532400003503426,10,9,10,10,4,3,1,0
wine,22,narrow,StaleNoRecheck,178,13,10,9,0.05056179775280899,10,1.0,0,ranking_truncation,0,1,0,0.14221499986888375,136,10,136,136,0,8,0,0
wine,22,narrow,NaiveNoPolicy,178,13,10,9,0.05056179775280899,10,0.2222222222222222,0,ranking_truncation,8,1,0,0.07934999985081959,136,136,136,0,0,8,0,0
wine,23,cold,ExactSecure,178,13,10,4,0.02247191011235955,4,1.0,1,none,0,0,0,0.1229879999300465,178,4,4,178,0,0,1,0
wine,23,cold,PostFilter-IVF,178,13,10,4,0.02247191011235955,4,1.0,1,none,0,0,0,0.13396800000009534,118,4,118,118,0,8,0,0
wine,23,cold,AdaptivePostFilter-IVF,178,13,10,4,0.02247191011235955,4,1.0,1,none,0,0,0,0.46595100002377876,178,4,178,178,0,12,0,0
wine,23,cold,TenantPartition-IVF,178,13,10,4,0.02247191011235955,4,1.0,1,none,0,0,0,0.2487260001089453,118,4,118,118,0,8,0,0
wine,23,cold,PreFilter-IVF,178,13,10,4,0.02247191011235955,4,1.0,1,none,0,0,0,0.1762639999469684,16,4,4,16,12,1,0,0
wine,23,cold,PACER-A,178,13,10,4,0.02247191011235955,4,1.0,1,none,0,0,0,0.1434480000170879,4,4,4,4,1,1,1,0
wine,23,cold,PACER-C,178,13,10,4,0.02247191011235955,4,1.0,1,none,0,0,0,0.15046099997562123,4,4,4,4,1,1,1,0
wine,23,cold,PACER-X,178,13,10,4,0.02247191011235955,4,1.0,1,none,0,0,0,0.13662599985764246,4,4,4,4,1,1,1,0
wine,23,cold,StaleNoRecheck,178,13,10,4,0.02247191011235955,4,1.0,1,none,0,0,0,0.21983300007377693,118,4,118,118,0,8,0,0
wine,23,cold,NaiveNoPolicy,178,13,10,4,0.02247191011235955,10,0.5,0,ranking_truncation,8,1,0,0.0876349999998638,118,118,118,0,0,8,0,0
wine,24,broad,ExactSecure,178,13,10,163,0.9157303370786517,10,1.0,1,none,0,0,0,0.28527099993880256,178,163,163,178,0,0,1,0
wine,24,broad,PostFilter-IVF,178,13,10,163,0.9157303370786517,10,1.0,1,none,0,0,0,0.20939800015185028,109,102,109,109,0,8,0,0
wine,24,broad,AdaptivePostFilter-IVF,178,13,10,163,0.9157303370786517,10,1.0,1,none,0,0,0,0.7319240000924765,178,163,178,178,0,12,0,0
wine,24,broad,TenantPartition-IVF,178,13,10,163,0.9157303370786517,10,1.0,1,none,0,0,0,0.2256219997889275,109,102,109,109,0,8,0,0
wine,24,broad,PreFilter-IVF,178,13,10,163,0.9157303370786517,10,1.0,1,none,0,0,0,2.0832050001899916,113,104,104,113,8,8,0,0
wine,24,broad,PACER-A,178,13,10,163,0.9157303370786517,10,1.0,1,none,0,0,0,1.1269050000919378,159,144,159,159,10,10,1,0
wine,24,broad,PACER-C,178,13,10,163,0.9157303370786517,10,1.0,1,none,0,0,0,1.09305899991341,159,144,159,159,10,10,1,0
wine,24,broad,PACER-X,178,13,10,163,0.9157303370786517,10,1.0,1,none,0,0,0,1.0769390000859858,159,144,159,159,10,10,1,0
wine,24,broad,StaleNoRecheck,178,13,10,163,0.9157303370786517,10,1.0,1,none,0,0,0,0.18740900009106554,109,109,109,109,0,8,0,0
wine,24,broad,NaiveNoPolicy,178,13,10,163,0.9157303370786517,10,1.0,1,none,0,0,0,0.07636599980287428,109,109,109,0,0,8,0,0
wine,25,medium,ExactSecure,178,13,10,45,0.25280898876404495,10,1.0,1,none,0,0,0,0.20760500001415494,178,45,45,178,0,0,1,0
wine,25,medium,PostFilter-IVF,178,13,10,45,0.25280898876404495,10,1.0,1,none,0,0,0,0.20714799984489218,110,34,110,110,0,8,0,0
wine,25,medium,AdaptivePostFilter-IVF,178,13,10,45,0.25280898876404495,10,1.0,1,none,0,0,0,0.7111740001164435,178,45,178,178,0,12,0,0
wine,25,medium,TenantPartition-IVF,178,13,10,45,0.25280898876404495,10,1.0,1,none,0,0,0,0.22407100004784297,110,34,110,110,0,8,0,0
wine,25,medium,PreFilter-IVF,178,13,10,45,0.25280898876404495,10,1.0,1,none,0,0,0,0.8082470001227193,110,34,34,110,8,8,0,0
wine,25,medium,PACER-A,178,13,10,45,0.25280898876404495,10,1.0,1,none,0,0,0,0.46215399993343453,31,29,31,31,6,6,1,0
wine,25,medium,PACER-C,178,13,10,45,0.25280898876404495,10,1.0,1,none,0,0,0,0.44693099994219665,31,29,31,31,6,6,1,0
wine,25,medium,PACER-X,178,13,10,45,0.25280898876404495,10,1.0,1,none,0,0,0,0.4253260001405579,31,29,31,31,6,6,1,0
wine,25,medium,StaleNoRecheck,178,13,10,45,0.25280898876404495,10,0.8,0,ranking_truncation,0,2,0,0.1270849998036283,110,37,110,110,0,8,0,0
wine,25,medium,NaiveNoPolicy,178,13,10,45,0.25280898876404495,10,0.6,0,ranking_truncation,2,2,0,0.05295500000102038,110,110,110,0,0,8,0,0
wine,26,narrow,ExactSecure,178,13,10,4,0.02247191011235955,4,1.0,1,none,0,0,0,0.11951500005125126,178,4,4,178,0,0,1,0
wine,26,narrow,PostFilter-IVF,178,13,10,4,0.02247191011235955,4,1.0,1,none,0,0,0,0.1456640000014886,131,4,131,131,0,8,0,0
wine,26,narrow,AdaptivePostFilter-IVF,178,13,10,4,0.02247191011235955,4,1.0,1,none,0,0,0,0.46461900001304457,178,4,178,178,0,12,0,0
wine,26,narrow,TenantPartition-IVF,178,13,10,4,0.02247191011235955,4,1.0,1,none,0,0,0,0.16365000010409858,131,4,131,131,0,8,0,0
wine,26,narrow,PreFilter-IVF,178,13,10,4,0.02247191011235955,4,1.0,1,none,0,0,0,0.20118699990234745,46,4,4,46,12,2,0,0
wine,26,narrow,PACER-A,178,13,10,4,0.02247191011235955,4,1.0,1,none,0,0,0,0.16971099989859795,5,4,5,5,2,2,1,0
wine,26,narrow,PACER-C,178,13,10,4,0.02247191011235955,4,1.0,1,none,0,0,0,0.1517410000815289,5,4,5,5,2,2,1,0
wine,26,narrow,PACER-X,178,13,10,4,0.02247191011235955,4,1.0,1,none,0,0,0,0.14846199997009535,5,4,5,5,2,2,1,0
wine,26,narrow,StaleNoRecheck,178,13,10,4,0.02247191011235955,5,1.0,0,ranking_truncation,0,1,0,0.13903700005357678,131,5,131,131,0,8,0,0
wine,26,narrow,NaiveNoPolicy,178,13,10,4,0.02247191011235955,10,0.5,0,ranking_truncation,8,0,0,0.06146500004433619,131,131,131,0,0,8,0,0
wine,27,cold,ExactSecure,178,13,10,17,0.09550561797752809,10,1.0,1,none,0,0,0,0.12822000007872703,178,17,17,178,0,0,1,0
wine,27,cold,PostFilter-IVF,178,13,10,17,0.09550561797752809,10,1.0,1,none,0,0,0,0.13136999996277154,108,17,108,108,0,8,0,0
wine,27,cold,AdaptivePostFilter-IVF,178,13,10,17,0.09550561797752809,10,1.0,1,none,0,0,0,0.4718640000191954,178,17,178,178,0,12,0,0
wine,27,cold,TenantPartition-IVF,178,13,10,17,0.09550561797752809,10,1.0,1,none,0,0,0,0.12360000005173788,108,17,108,108,0,8,0,0
wine,27,cold,PreFilter-IVF,178,13,10,17,0.09550561797752809,10,1.0,1,none,0,0,0,0.14265799995882844,46,17,17,46,12,2,0,0
wine,27,cold,PACER-A,178,13,10,17,0.09550561797752809,10,1.0,1,none,0,0,0,0.16971500008367002,17,17,17,17,2,2,1,0
wine,27,cold,PACER-C,178,13,10,17,0.09550561797752809,10,1.0,1,none,0,0,0,0.17203100014739903,17,17,17,17,2,2,1,0
wine,27,cold,PACER-X,178,13,10,17,0.09550561797752809,10,1.0,1,none,0,0,0,0.16319099995598663,17,17,17,17,2,2,1,0
wine,27,cold,StaleNoRecheck,178,13,10,17,0.09550561797752809,10,1.0,1,none,0,0,0,0.11996199987152067,108,17,108,108,0,8,0,0
wine,27,cold,NaiveNoPolicy,178,13,10,17,0.09550561797752809,10,0.7,0,ranking_truncation,3,0,0,0.0834850000046572,108,108,108,0,0,8,0,0
wine,28,broad,ExactSecure,178,13,10,166,0.9325842696629213,10,1.0,1,none,0,0,0,0.15428500000780332,178,166,166,178,0,0,1,0
wine,28,broad,PostFilter-IVF,178,13,10,166,0.9325842696629213,10,1.0,1,none,0,0,0,0.14213800000106858,118,111,118,118,0,8,0,0
wine,28,broad,AdaptivePostFilter-IVF,178,13,10,166,0.9325842696629213,10,1.0,1,none,0,0,0,0.5120690000239847,178,166,178,178,0,12,0,0
wine,28,broad,TenantPartition-IVF,178,13,10,166,0.9325842696629213,10,1.0,1,none,0,0,0,0.154458999986673,118,111,118,118,0,8,0,0
wine,28,broad,PreFilter-IVF,178,13,10,166,0.9325842696629213,10,1.0,1,none,0,0,0,1.0703949999424367,128,118,118,128,8,8,0,0
wine,28,broad,PACER-A,178,13,10,166,0.9325842696629213,10,1.0,1,none,0,0,0,0.7548819999101397,142,131,142,142,9,9,1,0
wine,28,broad,PACER-C,178,13,10,166,0.9325842696629213,10,1.0,1,none,0,0,0,0.7198089999747026,142,131,142,142,9,9,1,0
wine,28,broad,PACER-X,178,13,10,166,0.9325842696629213,10,1.0,1,none,0,0,0,0.7192670000222279,142,131,142,142,9,9,1,0
wine,28,broad,StaleNoRecheck,178,13,10,166,0.9325842696629213,10,0.8,0,ranking_truncation,0,2,0,0.1290650000100868,118,118,118,118,0,8,0,0
wine,28,broad,NaiveNoPolicy,178,13,10,166,0.9325842696629213,10,0.8,0,ranking_truncation,0,2,0,0.0532319998001185,118,118,118,0,0,8,0,0
wine,29,medium,ExactSecure,178,13,10,36,0.20224719101123595,10,1.0,1,none,0,0,0,0.12914700005239865,178,36,36,178,0,0,1,0
wine,29,medium,PostFilter-IVF,178,13,10,36,0.20224719101123595,10,0.9,0,ranking_truncation,0,0,0,0.1446560002023034,107,27,107,107,0,8,0,0
wine,29,medium,AdaptivePostFilter-IVF,178,13,10,36,0.20224719101123595,10,1.0,1,none,0,0,0,0.481791000083831,178,36,178,178,0,12,0,0
wine,29,medium,TenantPartition-IVF,178,13,10,36,0.20224719101123595,10,0.9,0,ranking_truncation,0,0,0,0.14626600000156031,107,27,107,107,0,8,0,0
wine,29,medium,PreFilter-IVF,178,13,10,36,0.20224719101123595,10,1.0,1,none,0,0,0,0.45532600006481516,126,30,30,126,10,8,0,0
wine,29,medium,PACER-A,178,13,10,36,0.20224719101123595,10,1.0,1,none,0,0,0,0.6882269999550772,41,36,41,41,12,10,1,0
wine,29,medium,PACER-C,178,13,10,36,0.20224719101123595,10,1.0,1,none,0,0,0,0.6693600000744482,41,36,41,41,12,10,1,0
wine,29,medium,PACER-X,178,13,10,36,0.20224719101123595,10,1.0,1,none,0,0,0,0.6897759999446862,41,36,41,41,12,10,1,0
wine,29,medium,StaleNoRecheck,178,13,10,36,0.20224719101123595,10,0.8,0,ranking_truncation,0,2,0,0.12298900014684477,107,31,107,107,0,8,0,0
wine,29,medium,NaiveNoPolicy,178,13,10,36,0.20224719101123595,10,0.3,0,ranking_truncation,6,1,0,0.05192100002204825,107,107,107,0,0,8,0,0
wine,30,narrow,ExactSecure,178,13,10,7,0.03932584269662921,7,1.0,1,none,0,0,0,0.11955899981330731,178,7,7,178,0,0,1,0
wine,30,narrow,PostFilter-IVF,178,13,10,7,0.03932584269662921,7,1.0,1,none,0,0,0,0.12324600015745091,108,7,108,108,0,8,0,0
wine,30,narrow,AdaptivePostFilter-IVF,178,13,10,7,0.03932584269662921,7,1.0,1,none,0,0,0,0.4679660000874719,178,7,178,178,0,12,0,0
wine,30,narrow,TenantPartition-IVF,178,13,10,7,0.03932584269662921,7,1.0,1,none,0,0,0,0.11627200001385063,108,7,108,108,0,8,0,0
wine,30,narrow,PreFilter-IVF,178,13,10,7,0.03932584269662921,7,1.0,1,none,0,0,0,0.13959900002191716,46,7,7,46,12,2,0,0
wine,30,narrow,PACER-A,178,13,10,7,0.03932584269662921,7,1.0,1,none,0,0,0,0.15553899993392406,7,7,7,7,2,2,1,0
wine,30,narrow,PACER-C,178,13,10,7,0.03932584269662921,7,1.0,1,none,0,0,0,0.14953099980630213,7,7,7,7,2,2,1,0
wine,30,narrow,PACER-X,178,13,10,7,0.03932584269662921,7,1.0,1,none,0,0,0,0.15361100008703943,7,7,7,7,2,2,1,0
wine,30,narrow,StaleNoRecheck,178,13,10,7,0.03932584269662921,7,1.0,1,none,0,0,0,0.1137940000717208,108,7,108,108,0,8,0,0
wine,30,narrow,NaiveNoPolicy,178,13,10,7,0.03932584269662921,10,0.2857142857142857,0,ranking_truncation,8,0,0,0.05885899986424192,108,108,108,0,0,8,0,0
wine,31,cold,ExactSecure,178,13,10,3,0.016853932584269662,3,1.0,1,none,0,0,0,0.11958499999309424,178,3,3,178,0,0,1,0
wine,31,cold,PostFilter-IVF,178,13,10,3,0.016853932584269662,3,1.0,1,none,0,0,0,0.1253689999884955,112,3,112,112,0,8,0,0
wine,31,cold,AdaptivePostFilter-IVF,178,13,10,3,0.016853932584269662,3,1.0,1,none,0,0,0,0.6241129999580153,178,3,178,178,0,12,0,0
wine,31,cold,TenantPartition-IVF,178,13,10,3,0.016853932584269662,3,1.0,1,none,0,0,0,0.18757299994831556,112,3,112,112,0,8,0,0
wine,31,cold,PreFilter-IVF,178,13,10,3,0.016853932584269662,3,1.0,1,none,0,0,0,0.14323900018098357,16,3,3,16,12,1,0,0
wine,31,cold,PACER-A,178,13,10,3,0.016853932584269662,3,1.0,1,none,0,0,0,0.12057999992975965,3,3,3,3,2,1,1,0
wine,31,cold,PACER-C,178,13,10,3,0.016853932584269662,3,1.0,1,none,0,0,0,0.11309800015624205,3,3,3,3,2,1,1,0
wine,31,cold,PACER-X,178,13,10,3,0.016853932584269662,3,1.0,1,none,0,0,0,0.12278000008336676,3,3,3,3,2,1,1,0
wine,31,cold,StaleNoRecheck,178,13,10,3,0.016853932584269662,3,1.0,1,none,0,0,0,0.17195700002048397,112,3,112,112,0,8,0,0
wine,31,cold,NaiveNoPolicy,178,13,10,3,0.016853932584269662,10,1.0,0,ranking_truncation,7,1,0,0.06908099999236583,112,112,112,0,0,8,0,0
wine,32,broad,ExactSecure,178,13,10,164,0.9213483146067416,10,1.0,1,none,0,0,0,0.23023499988994445,178,164,164,178,0,0,1,0
wine,32,broad,PostFilter-IVF,178,13,10,164,0.9213483146067416,10,1.0,1,none,0,0,0,0.2178570000523905,126,118,126,126,0,8,0,0
wine,32,broad,AdaptivePostFilter-IVF,178,13,10,164,0.9213483146067416,10,1.0,1,none,0,0,0,0.730431999954817,178,164,178,178,0,12,0,0
wine,32,broad,TenantPartition-IVF,178,13,10,164,0.9213483146067416,10,1.0,1,none,0,0,0,0.24573799987592793,126,118,126,126,0,8,0,0
wine,32,broad,PreFilter-IVF,178,13,10,164,0.9213483146067416,10,1.0,1,none,0,0,0,1.856804999988526,136,126,126,136,8,8,0,0
wine,32,broad,PACER-A,178,13,10,164,0.9213483146067416,10,1.0,1,none,0,0,0,0.7798609999554174,106,99,106,106,6,6,1,0
wine,32,broad,PACER-C,178,13,10,164,0.9213483146067416,10,1.0,1,none,0,0,0,0.8333989999300684,106,99,106,106,6,6,1,0
wine,32,broad,PACER-X,178,13,10,164,0.9213483146067416,10,1.0,1,none,0,0,0,0.7211820000065927,106,99,106,106,6,6,1,0
wine,32,broad,StaleNoRecheck,178,13,10,164,0.9213483146067416,10,1.0,1,none,0,0,0,0.2043580000190559,126,126,126,126,0,8,0,0
wine,32,broad,NaiveNoPolicy,178,13,10,164,0.9213483146067416,10,1.0,1,none,0,0,0,0.06916300003467768,126,126,126,0,0,8,0,0
wine,33,medium,ExactSecure,178,13,10,27,0.15168539325842698,10,1.0,1,none,0,0,0,0.21508599979824794,178,27,27,178,0,0,1,0
wine,33,medium,PostFilter-IVF,178,13,10,27,0.15168539325842698,10,1.0,1,none,0,0,0,0.20914399988214427,122,25,122,122,0,8,0,0
wine,33,medium,AdaptivePostFilter-IVF,178,13,10,27,0.15168539325842698,10,1.0,1,none,0,0,0,0.73024199991778,178,27,178,178,0,12,0,0
wine,33,medium,TenantPartition-IVF,178,13,10,27,0.15168539325842698,10,1.0,1,none,0,0,0,0.25156700007755717,122,25,122,122,0,8,0,0
wine,33,medium,PreFilter-IVF,178,13,10,27,0.15168539325842698,10,1.0,1,none,0,0,0,0.6623070000841835,125,22,22,125,8,8,0,0
wine,33,medium,PACER-A,178,13,10,27,0.15168539325842698,10,1.0,1,none,0,0,0,0.8849260000260983,31,27,31,31,10,10,1,0
wine,33,medium,PACER-C,178,13,10,27,0.15168539325842698,10,1.0,1,none,0,0,0,0.8757749999404041,31,27,31,31,10,10,1,0
wine,33,medium,PACER-X,178,13,10,27,0.15168539325842698,10,1.0,1,none,0,0,0,0.8659709999392362,31,27,31,31,10,10,1,0
wine,33,medium,StaleNoRecheck,178,13,10,27,0.15168539325842698,10,0.9,0,ranking_truncation,0,1,0,0.20622099987122056,122,27,122,122,0,8,0,0
wine,33,medium,NaiveNoPolicy,178,13,10,27,0.15168539325842698,10,0.3,0,ranking_truncation,6,1,0,0.07251800002450182,122,122,122,0,0,8,0,0
wine,34,narrow,ExactSecure,178,13,10,14,0.07865168539325842,10,1.0,1,none,0,0,0,0.2027629998337943,178,14,14,178,0,0,1,0
wine,34,narrow,PostFilter-IVF,178,13,10,14,0.07865168539325842,10,1.0,1,none,0,0,0,0.21792500001538428,118,14,118,118,0,8,0,0
wine,34,narrow,AdaptivePostFilter-IVF,178,13,10,14,0.07865168539325842,10,1.0,1,none,0,0,0,0.7028180000361317,178,14,178,178,0,12,0,0
wine,34,narrow,TenantPartition-IVF,178,13,10,14,0.07865168539325842,10,1.0,1,none,0,0,0,0.20815500010940013,118,14,118,118,0,8,0,0
wine,34,narrow,PreFilter-IVF,178,13,10,14,0.07865168539325842,10,1.0,1,none,0,0,0,0.3440049999881012,65,14,14,65,12,4,0,0
wine,34,narrow,PACER-A,178,13,10,14,0.07865168539325842,10,1.0,1,none,0,0,0,0.4126719998112094,15,14,15,15,4,4,1,0
wine,34,narrow,PACER-C,178,13,10,14,0.07865168539325842,10,1.0,1,none,0,0,0,0.3884210000251187,15,14,15,15,4,4,1,0
wine,34,narrow,PACER-X,178,13,10,14,0.07865168539325842,10,1.0,1,none,0,0,0,0.38357400012500875,15,14,15,15,4,4,1,0
wine,34,narrow,StaleNoRecheck,178,13,10,14,0.07865168539325842,10,0.9,0,ranking_truncation,0,1,0,0.20118000020374893,118,15,118,118,0,8,0,0
wine,34,narrow,NaiveNoPolicy,178,13,10,14,0.07865168539325842,10,0.5,0,ranking_truncation,4,1,0,0.07095699993442395,118,118,118,0,0,8,0,0
wine,35,cold,ExactSecure,178,13,10,2,0.011235955056179775,2,1.0,1,none,0,0,0,0.2103330000409187,178,2,2,178,0,0,1,0
wine,35,cold,PostFilter-IVF,178,13,10,2,0.011235955056179775,2,1.0,1,none,0,0,0,0.18161899993174302,107,2,107,107,0,8,0,0
wine,35,cold,AdaptivePostFilter-IVF,178,13,10,2,0.011235955056179775,2,1.0,1,none,0,0,0,0.6886920000397367,178,2,178,178,0,12,0,0
wine,35,cold,TenantPartition-IVF,178,13,10,2,0.011235955056179775,2,1.0,1,none,0,0,0,0.17297400017923792,107,2,107,107,0,8,0,0
wine,35,cold,PreFilter-IVF,178,13,10,2,0.011235955056179775,2,1.0,1,none,0,0,0,0.1729440000417526,28,2,2,28,12,2,0,0
wine,35,cold,PACER-A,178,13,10,2,0.011235955056179775,2,1.0,1,none,0,0,0,0.19685899997057277,2,2,2,2,2,2,1,0
wine,35,cold,PACER-C,178,13,10,2,0.011235955056179775,2,1.0,1,none,0,0,0,0.18940500012831762,2,2,2,2,2,2,1,0
wine,35,cold,PACER-X,178,13,10,2,0.011235955056179775,2,1.0,1,none,0,0,0,0.18642100008037232,2,2,2,2,2,2,1,0
wine,35,cold,StaleNoRecheck,178,13,10,2,0.011235955056179775,2,1.0,1,none,0,0,0,0.8133490000545862,107,2,107,107,0,8,0,0
wine,35,cold,NaiveNoPolicy,178,13,10,2,0.011235955056179775,10,0.5,0,ranking_truncation,9,2,1,0.08347099992533913,107,107,107,0,0,8,0,0
wine,36,broad,ExactSecure,178,13,10,167,0.9382022471910112,10,1.0,1,none,0,0,0,0.323904999959268,178,167,167,178,0,0,1,0
wine,36,broad,PostFilter-IVF,178,13,10,167,0.9382022471910112,10,1.0,1,none,0,0,0,0.19696000003932568,130,122,130,130,0,8,0,0
wine,36,broad,AdaptivePostFilter-IVF,178,13,10,167,0.9382022471910112,10,1.0,1,none,0,0,0,0.6692989998100529,178,167,178,178,0,12,0,0
wine,36,broad,TenantPartition-IVF,178,13,10,167,0.9382022471910112,10,1.0,1,none,0,0,0,0.22801199997957156,130,122,130,130,0,8,0,0
wine,36,broad,PreFilter-IVF,178,13,10,167,0.9382022471910112,10,1.0,1,none,0,0,0,1.4723120000326162,136,130,130,136,8,8,0,0
wine,36,broad,PACER-A,178,13,10,167,0.9382022471910112,10,1.0,1,none,0,0,0,0.855535000027885,106,101,106,106,6,6,1,0
wine,36,broad,PACER-C,178,13,10,167,0.9382022471910112,10,1.0,1,none,0,0,0,0.7639699999799632,106,101,106,106,6,6,1,0
wine,36,broad,PACER-X,178,13,10,167,0.9382022471910112,10,1.0,1,none,0,0,0,0.7073219999256253,106,101,106,106,6,6,1,0
wine,36,broad,StaleNoRecheck,178,13,10,167,0.9382022471910112,10,1.0,1,none,0,0,0,0.23370999997496256,130,130,130,130,0,8,0,0
wine,36,broad,NaiveNoPolicy,178,13,10,167,0.9382022471910112,10,1.0,1,none,0,0,0,0.07701799995629699,130,130,130,0,0,8,0,0
wine,37,medium,ExactSecure,178,13,10,26,0.14606741573033707,10,1.0,1,none,0,0,0,0.1652360001571651,178,26,26,178,0,0,1,0
wine,37,medium,PostFilter-IVF,178,13,10,26,0.14606741573033707,10,1.0,1,none,0,0,0,0.20726399998238776,126,24,126,126,0,8,0,0
wine,37,medium,AdaptivePostFilter-IVF,178,13,10,26,0.14606741573033707,10,1.0,1,none,0,0,0,0.6300319998899795,178,26,178,178,0,12,0,0
wine,37,medium,TenantPartition-IVF,178,13,10,26,0.14606741573033707,10,1.0,1,none,0,0,0,0.2575650000835594,126,24,126,126,0,8,0,0
wine,37,medium,PreFilter-IVF,178,13,10,26,0.14606741573033707,10,1.0,1,none,0,0,0,0.5846010001278046,102,26,26,102,12,7,0,0
wine,37,medium,PACER-A,178,13,10,26,0.14606741573033707,10,1.0,1,none,0,0,0,0.4692380000506091,28,24,28,28,6,5,1,0
wine,37,medium,PACER-C,178,13,10,26,0.14606741573033707,10,1.0,1,none,0,0,0,0.39420799998879374,28,24,28,28,6,5,1,0
wine,37,medium,PACER-X,178,13,10,26,0.14606741573033707,10,1.0,1,none,0,0,0,0.40005899995776417,28,24,28,28,6,5,1,0
wine,37,medium,StaleNoRecheck,178,13,10,26,0.14606741573033707,10,0.8,0,ranking_truncation,0,2,0,0.14818299996477435,126,28,126,126,0,8,0,0
wine,37,medium,NaiveNoPolicy,178,13,10,26,0.14606741573033707,10,0.6,0,ranking_truncation,3,1,0,0.054505000207427656,126,126,126,0,0,8,0,0
wine,38,narrow,ExactSecure,178,13,10,14,0.07865168539325842,10,1.0,1,none,0,0,0,0.12915899992549384,178,14,14,178,0,0,1,0
wine,38,narrow,PostFilter-IVF,178,13,10,14,0.07865168539325842,10,1.0,1,none,0,0,0,0.14050499999029853,118,14,118,118,0,8,0,0
wine,38,narrow,AdaptivePostFilter-IVF,178,13,10,14,0.07865168539325842,10,1.0,1,none,0,0,0,0.5417840000063734,178,14,178,178,0,12,0,0
wine,38,narrow,TenantPartition-IVF,178,13,10,14,0.07865168539325842,10,1.0,1,none,0,0,0,0.22640199995294097,118,14,118,118,0,8,0,0
wine,38,narrow,PreFilter-IVF,178,13,10,14,0.07865168539325842,10,1.0,1,none,0,0,0,0.23701200007053558,65,14,14,65,12,4,0,0
wine,38,narrow,PACER-A,178,13,10,14,0.07865168539325842,10,1.0,1,none,0,0,0,0.31930399995871994,15,14,15,15,5,4,1,0
wine,38,narrow,PACER-C,178,13,10,14,0.07865168539325842,10,1.0,1,none,0,0,0,0.33462800001871074,15,14,15,15,5,4,1,0
wine,38,narrow,PACER-X,178,13,10,14,0.07865168539325842,10,1.0,1,none,0,0,0,0.3423470000143425,15,14,15,15,5,4,1,0
wine,38,narrow,StaleNoRecheck,178,13,10,14,0.07865168539325842,10,0.9,0,ranking_truncation,0,1,0,0.13243099988358153,118,15,118,118,0,8,0,0
wine,38,narrow,NaiveNoPolicy,178,13,10,14,0.07865168539325842,10,0.3,0,ranking_truncation,6,2,0,0.06955300000299758,118,118,118,0,0,8,0,0
wine,39,cold,ExactSecure,178,13,10,3,0.016853932584269662,3,1.0,1,none,0,0,0,0.12620500001503387,178,3,3,178,0,0,1,0
wine,39,cold,PostFilter-IVF,178,13,10,3,0.016853932584269662,3,1.0,1,none,0,0,0,0.15067100002852385,109,3,109,109,0,8,0,0
wine,39,cold,AdaptivePostFilter-IVF,178,13,10,3,0.016853932584269662,3,1.0,1,none,0,0,0,0.46916700011934154,178,3,178,178,0,12,0,0
wine,39,cold,TenantPartition-IVF,178,13,10,3,0.016853932584269662,3,1.0,1,none,0,0,0,0.15426100003423926,109,3,109,109,0,8,0,0
wine,39,cold,PreFilter-IVF,178,13,10,3,0.016853932584269662,3,1.0,1,none,0,0,0,0.12316900006226206,16,3,3,16,12,1,0,0
wine,39,cold,PACER-A,178,13,10,3,0.016853932584269662,3,1.0,1,none,0,0,0,0.14028300006430072,3,3,3,3,1,1,1,0
wine,39,cold,PACER-C,178,13,10,3,0.016853932584269662,3,1.0,1,none,0,0,0,0.13527800001611467,3,3,3,3,1,1,1,0
wine,39,cold,PACER-X,178,13,10,3,0.016853932584269662,3,1.0,1,none,0,0,0,0.09589000001142267,3,3,3,3,1,1,1,0
wine,39,cold,StaleNoRecheck,178,13,10,3,0.016853932584269662,3,1.0,1,none,0,0,0,0.15009599997029,109,3,109,109,0,8,0,0
wine,39,cold,NaiveNoPolicy,178,13,10,3,0.016853932584269662,10,1.0,0,ranking_truncation,7,2,0,0.06713399989166646,109,109,109,0,0,8,0,0
wine,40,broad,ExactSecure,178,13,10,161,0.9044943820224719,10,1.0,1,none,0,0,0,0.16026000002966612,178,161,161,178,0,0,1,0
wine,40,broad,PostFilter-IVF,178,13,10,161,0.9044943820224719,10,1.0,1,none,0,0,0,0.13391499987847055,101,91,101,101,0,8,0,0
wine,40,broad,AdaptivePostFilter-IVF,178,13,10,161,0.9044943820224719,10,1.0,1,none,0,0,0,0.5553010000767244,178,161,178,178,0,12,0,0
wine,40,broad,TenantPartition-IVF,178,13,10,161,0.9044943820224719,10,1.0,1,none,0,0,0,0.16753699992477777,101,91,101,101,0,8,0,0
wine,40,broad,PreFilter-IVF,178,13,10,161,0.9044943820224719,10,1.0,1,none,0,0,0,1.3183189998926537,126,110,110,126,8,8,0,0
wine,40,broad,PACER-A,178,13,10,161,0.9044943820224719,10,1.0,1,none,0,0,0,1.2324079998506932,158,141,158,158,10,10,1,0
wine,40,broad,PACER-C,178,13,10,161,0.9044943820224719,10,1.0,1,none,0,0,0,1.2867169998571626,158,141,158,158,10,10,1,0
wine,40,broad,PACER-X,178,13,10,161,0.9044943820224719,10,1.0,1,none,0,0,0,1.1045690000628383,158,141,158,158,10,10,1,0
wine,40,broad,StaleNoRecheck,178,13,10,161,0.9044943820224719,10,0.9,0,ranking_truncation,0,1,0,0.1682909999090043,101,101,101,101,0,8,0,0
wine,40,broad,NaiveNoPolicy,178,13,10,161,0.9044943820224719,10,0.9,0,ranking_truncation,0,1,0,0.09142900012193422,101,101,101,0,0,8,0,0
wine,41,medium,ExactSecure,178,13,10,31,0.17415730337078653,10,1.0,1,none,0,0,0,0.3268079999543261,178,31,31,178,0,0,1,0
wine,41,medium,PostFilter-IVF,178,13,10,31,0.17415730337078653,10,0.7,0,ranking_truncation,0,0,0,0.1905479998640658,107,10,107,107,0,8,0,0
wine,41,medium,AdaptivePostFilter-IVF,178,13,10,31,0.17415730337078653,10,1.0,1,none,0,0,0,0.6210339997778647,178,31,178,178,0,12,0,0
wine,41,medium,TenantPartition-IVF,178,13,10,31,0.17415730337078653,10,0.7,0,ranking_truncation,0,0,0,0.19004599994332239,107,10,107,107,0,8,0,0
wine,41,medium,PreFilter-IVF,178,13,10,31,0.17415730337078653,10,1.0,1,none,0,0,0,0.7524050001848082,99,31,31,99,12,6,0,0
wine,41,medium,PACER-A,178,13,10,31,0.17415730337078653,10,1.0,1,none,0,0,0,0.7493349999094789,32,31,32,32,11,6,1,0
wine,41,medium,PACER-C,178,13,10,31,0.17415730337078653,10,1.0,1,none,0,0,0,0.7698140000229614,32,31,32,32,11,6,1,0
wine,41,medium,PACER-X,178,13,10,31,0.17415730337078653,10,1.0,1,none,0,0,0,0.7554320000053849,32,31,32,32,11,6,1,0
wine,41,medium,StaleNoRecheck,178,13,10,31,0.17415730337078653,10,0.7,0,ranking_truncation,0,1,0,0.22180500013746496,107,11,107,107,0,8,0,0
wine,41,medium,NaiveNoPolicy,178,13,10,31,0.17415730337078653,10,0.0,0,ranking_truncation,9,1,0,0.08919699985199259,107,107,107,0,0,8,0,0
wine,42,narrow,ExactSecure,178,13,10,4,0.02247191011235955,4,1.0,1,none,0,0,0,0.1354409998839401,178,4,4,178,0,0,1,0
wine,42,narrow,PostFilter-IVF,178,13,10,4,0.02247191011235955,4,1.0,1,none,0,0,0,0.12385300010464562,101,4,101,101,0,8,0,0
wine,42,narrow,AdaptivePostFilter-IVF,178,13,10,4,0.02247191011235955,4,1.0,1,none,0,0,0,0.5083980001927557,178,4,178,178,0,12,0,0
wine,42,narrow,TenantPartition-IVF,178,13,10,4,0.02247191011235955,4,1.0,1,none,0,0,0,0.12139899990870617,101,4,101,101,0,8,0,0
wine,42,narrow,PreFilter-IVF,178,13,10,4,0.02247191011235955,4,1.0,1,none,0,0,0,0.2526069999930769,39,4,4,39,12,3,0,0
wine,42,narrow,PACER-A,178,13,10,4,0.02247191011235955,4,1.0,1,none,0,0,0,0.23737300011816842,4,4,4,4,4,3,1,0
wine,42,narrow,PACER-C,178,13,10,4,0.02247191011235955,4,1.0,1,none,0,0,0,0.22381999997378443,4,4,4,4,4,3,1,0
wine,42,narrow,PACER-X,178,13,10,4,0.02247191011235955,4,1.0,1,none,0,0,0,0.19780200000241166,4,4,4,4,4,3,1,0
wine,42,narrow,StaleNoRecheck,178,13,10,4,0.02247191011235955,4,1.0,1,none,0,0,0,0.11504300005071855,101,4,101,101,0,8,0,0
wine,42,narrow,NaiveNoPolicy,178,13,10,4,0.02247191011235955,10,0.25,0,ranking_truncation,9,0,0,0.0541629999588622,101,101,101,0,0,8,0,0
wine,43,cold,ExactSecure,178,13,10,7,0.03932584269662921,7,1.0,1,none,0,0,0,0.12620699999388307,178,7,7,178,0,0,1,0
wine,43,cold,PostFilter-IVF,178,13,10,7,0.03932584269662921,7,1.0,1,none,0,0,0,0.1471570001285727,138,7,138,138,0,8,0,0
wine,43,cold,AdaptivePostFilter-IVF,178,13,10,7,0.03932584269662921,7,1.0,1,none,0,0,0,0.48250999998344923,178,7,178,178,0,12,0,0
wine,43,cold,TenantPartition-IVF,178,13,10,7,0.03932584269662921,7,1.0,1,none,0,0,0,0.12648300003093027,138,7,138,138,0,8,0,0
wine,43,cold,PreFilter-IVF,178,13,10,7,0.03932584269662921,7,1.0,1,none,0,0,0,0.14225000018086575,46,7,7,46,12,2,0,0
wine,43,cold,PACER-A,178,13,10,7,0.03932584269662921,7,1.0,1,none,0,0,0,0.16129499999806285,8,7,8,8,3,2,1,0
wine,43,cold,PACER-C,178,13,10,7,0.03932584269662921,7,1.0,1,none,0,0,0,0.1663149998876179,8,7,8,8,3,2,1,0
wine,43,cold,PACER-X,178,13,10,7,0.03932584269662921,7,1.0,1,none,0,0,0,0.15399500011881173,8,7,8,8,3,2,1,0
wine,43,cold,StaleNoRecheck,178,13,10,7,0.03932584269662921,8,1.0,0,ranking_truncation,0,1,0,0.13909900008002296,138,8,138,138,0,8,0,0
wine,43,cold,NaiveNoPolicy,178,13,10,7,0.03932584269662921,10,0.2857142857142857,0,ranking_truncation,8,1,0,0.06325399999695946,138,138,138,0,0,8,0,0
wine,44,broad,ExactSecure,178,13,10,164,0.9213483146067416,10,1.0,1,none,0,0,0,0.1995479999550298,178,164,164,178,0,0,1,0
wine,44,broad,PostFilter-IVF,178,13,10,164,0.9213483146067416,10,1.0,1,none,0,0,0,0.19626700009212072,129,119,129,129,0,8,0,0
wine,44,broad,AdaptivePostFilter-IVF,178,13,10,164,0.9213483146067416,10,1.0,1,none,0,0,0,0.5403889999797684,178,164,178,178,0,12,0,0
wine,44,broad,TenantPartition-IVF,178,13,10,164,0.9213483146067416,10,1.0,1,none,0,0,0,0.17346399999951245,129,119,129,129,0,8,0,0
wine,44,broad,PreFilter-IVF,178,13,10,164,0.9213483146067416,10,1.0,1,none,0,0,0,1.1480139999093808,136,128,128,136,8,8,0,0
wine,44,broad,PACER-A,178,13,10,164,0.9213483146067416,10,1.0,1,none,0,0,0,0.8176629999070428,158,145,158,158,10,10,1,0
wine,44,broad,PACER-C,178,13,10,164,0.9213483146067416,10,1.0,1,none,0,0,0,0.8135749999382824,158,145,158,158,10,10,1,0
wine,44,broad,PACER-X,178,13,10,164,0.9213483146067416,10,1.0,1,none,0,0,0,0.8252669999819773,158,145,158,158,10,10,1,0
wine,44,broad,StaleNoRecheck,178,13,10,164,0.9213483146067416,10,0.9,0,ranking_truncation,0,1,0,0.143849999858503,129,129,129,129,0,8,0,0
wine,44,broad,NaiveNoPolicy,178,13,10,164,0.9213483146067416,10,0.9,0,ranking_truncation,0,1,0,0.056163999943237286,129,129,129,0,0,8,0,0
wine,45,medium,ExactSecure,178,13,10,35,0.19662921348314608,10,1.0,1,none,0,0,0,0.1332740000634658,178,35,35,178,0,0,1,0
wine,45,medium,PostFilter-IVF,178,13,10,35,0.19662921348314608,10,0.9,0,ranking_truncation,0,0,0,0.1453390000278887,101,19,101,101,0,8,0,0
wine,45,medium,AdaptivePostFilter-IVF,178,13,10,35,0.19662921348314608,10,1.0,1,none,0,0,0,0.5037769999489683,178,35,178,178,0,12,0,0
wine,45,medium,TenantPartition-IVF,178,13,10,35,0.19662921348314608,10,0.9,0,ranking_truncation,0,0,0,0.14177499997458654,101,19,101,101,0,8,0,0
wine,45,medium,PreFilter-IVF,178,13,10,35,0.19662921348314608,10,1.0,1,none,0,0,0,0.525984999967477,125,35,35,125,12,7,0,0
wine,45,medium,PACER-A,178,13,10,35,0.19662921348314608,10,1.0,1,none,0,0,0,0.5542330000025686,37,35,37,37,10,7,1,0
wine,45,medium,PACER-C,178,13,10,35,0.19662921348314608,10,1.0,1,none,0,0,0,0.5865750001703418,37,35,37,37,10,7,1,0
wine,45,medium,PACER-X,178,13,10,35,0.19662921348314608,10,1.0,1,none,0,0,0,0.5122270001720608,37,35,37,37,10,7,1,0
wine,45,medium,StaleNoRecheck,178,13,10,35,0.19662921348314608,10,0.9,0,ranking_truncation,0,1,0,0.12322499992478697,101,20,101,101,0,8,0,0
wine,45,medium,NaiveNoPolicy,178,13,10,35,0.19662921348314608,10,0.2,0,ranking_truncation,8,0,0,0.06249500006560993,101,101,101,0,0,8,0,0
wine,46,narrow,ExactSecure,178,13,10,3,0.016853932584269662,3,1.0,1,none,0,0,0,0.12420299981386052,178,3,3,178,0,0,1,0
wine,46,narrow,PostFilter-IVF,178,13,10,3,0.016853932584269662,3,1.0,1,none,0,0,0,0.13237799998933042,118,3,118,118,0,8,0,0
wine,46,narrow,AdaptivePostFilter-IVF,178,13,10,3,0.016853932584269662,3,1.0,1,none,0,0,0,0.46850400008224824,178,3,178,178,0,12,0,0
wine,46,narrow,TenantPartition-IVF,178,13,10,3,0.016853932584269662,3,1.0,1,none,0,0,0,0.16478099996675155,118,3,118,118,0,8,0,0
wine,46,narrow,PreFilter-IVF,178,13,10,3,0.016853932584269662,3,1.0,1,none,0,0,0,0.3039790001366782,61,3,3,61,12,3,0,0
wine,46,narrow,PACER-A,178,13,10,3,0.016853932584269662,3,1.0,1,none,0,0,0,0.371930000028442,3,3,3,3,4,3,1,0
wine,46,narrow,PACER-C,178,13,10,3,0.016853932584269662,3,1.0,1,none,0,0,0,0.21279799989315507,3,3,3,3,4,3,1,0
wine,46,narrow,PACER-X,178,13,10,3,0.016853932584269662,3,1.0,1,none,0,0,0,0.2122230000622949,3,3,3,3,4,3,1,0
wine,46,narrow,StaleNoRecheck,178,13,10,3,0.016853932584269662,3,1.0,1,none,0,0,0,0.12457899993023602,118,3,118,118,0,8,0,0
wine,46,narrow,NaiveNoPolicy,178,13,10,3,0.016853932584269662,10,0.3333333333333333,0,ranking_truncation,9,0,0,0.056312999959118315,118,118,118,0,0,8,0,0
wine,47,cold,ExactSecure,178,13,10,1,0.0056179775280898875,1,1.0,1,none,0,0,0,0.11963599990849616,178,1,1,178,0,0,1,0
wine,47,cold,PostFilter-IVF,178,13,10,1,0.0056179775280898875,1,1.0,1,none,0,0,0,0.1752630000737554,107,1,107,107,0,8,0,0
wine,47,cold,AdaptivePostFilter-IVF,178,13,10,1,0.0056179775280898875,1,1.0,1,none,0,0,0,0.47360299981846765,178,1,178,178,0,12,0,0
wine,47,cold,TenantPartition-IVF,178,13,10,1,0.0056179775280898875,1,1.0,1,none,0,0,0,0.2425380000659061,107,1,107,107,0,8,0,0
wine,47,cold,PreFilter-IVF,178,13,10,1,0.0056179775280898875,1,1.0,1,none,0,0,0,0.13612600014312193,14,1,1,14,12,1,0,0
wine,47,cold,PACER-A,178,13,10,1,0.0056179775280898875,1,1.0,1,none,0,0,0,0.12938200006828993,1,1,1,1,3,1,1,0
wine,47,cold,PACER-C,178,13,10,1,0.0056179775280898875,1,1.0,1,none,0,0,0,0.08847000003697758,1,1,1,1,3,1,1,0
wine,47,cold,PACER-X,178,13,10,1,0.0056179775280898875,1,1.0,1,none,0,0,0,0.08353299995178531,1,1,1,1,3,1,1,0
wine,47,cold,StaleNoRecheck,178,13,10,1,0.0056179775280898875,1,1.0,1,none,0,0,0,0.12703100014732627,107,1,107,107,0,8,0,0
wine,47,cold,NaiveNoPolicy,178,13,10,1,0.0056179775280898875,10,1.0,0,ranking_truncation,9,1,2,0.06057499990674842,107,107,107,0,0,8,0,0
wine,48,broad,ExactSecure,178,13,10,164,0.9213483146067416,10,1.0,1,none,0,0,0,0.17156000012619188,178,164,164,178,0,0,1,0
wine,48,broad,PostFilter-IVF,178,13,10,164,0.9213483146067416,10,0.9,0,ranking_truncation,0,0,0,0.13540300005843164,107,97,107,107,0,8,0,0
wine,48,broad,AdaptivePostFilter-IVF,178,13,10,164,0.9213483146067416,10,1.0,1,none,0,0,0,0.7713649999914196,178,164,178,178,0,12,0,0
wine,48,broad,TenantPartition-IVF,178,13,10,164,0.9213483146067416,10,0.9,0,ranking_truncation,0,0,0,0.1541819999602012,107,97,107,107,0,8,0,0
wine,48,broad,PreFilter-IVF,178,13,10,164,0.9213483146067416,10,1.0,1,none,0,0,0,1.3465029999224498,118,107,107,118,8,8,0,0
wine,48,broad,PACER-A,178,13,10,164,0.9213483146067416,10,1.0,1,none,0,0,0,1.138457000024573,178,164,178,178,12,12,1,0
wine,48,broad,PACER-C,178,13,10,164,0.9213483146067416,10,1.0,1,none,0,0,0,1.1094809999576682,178,164,178,178,12,12,1,0
wine,48,broad,PACER-X,178,13,10,164,0.9213483146067416,10,1.0,1,none,0,0,0,0.965713999903528,178,164,178,178,12,12,1,0
wine,48,broad,StaleNoRecheck,178,13,10,164,0.9213483146067416,10,0.8,0,ranking_truncation,0,2,0,0.12936699999954726,107,107,107,107,0,8,0,0
wine,48,broad,NaiveNoPolicy,178,13,10,164,0.9213483146067416,10,0.8,0,ranking_truncation,0,2,0,0.07625900002494745,107,107,107,0,0,8,0,0
wine,49,medium,ExactSecure,178,13,10,34,0.19101123595505617,10,1.0,1,none,0,0,0,0.1476649999858637,178,34,34,178,0,0,1,0
wine,49,medium,PostFilter-IVF,178,13,10,34,0.19101123595505617,10,1.0,1,none,0,0,0,0.174715999946784,110,25,110,110,0,8,0,0
wine,49,medium,AdaptivePostFilter-IVF,178,13,10,34,0.19101123595505617,10,1.0,1,none,0,0,0,0.564372000098956,178,34,178,178,0,12,0,0
wine,49,medium,TenantPartition-IVF,178,13,10,34,0.19101123595505617,10,1.0,1,none,0,0,0,0.1687870001205738,110,25,110,110,0,8,0,0
wine,49,medium,PreFilter-IVF,178,13,10,34,0.19101123595505617,10,1.0,1,none,0,0,0,0.6988079999246111,104,27,27,104,8,8,0,0
wine,49,medium,PACER-A,178,13,10,34,0.19101123595505617,10,1.0,1,none,0,0,0,0.9835930000008375,38,33,38,38,11,10,1,0
wine,49,medium,PACER-C,178,13,10,34,0.19101123595505617,10,1.0,1,none,0,0,0,0.7770750000872795,38,33,38,38,11,10,1,0
wine,49,medium,PACER-X,178,13,10,34,0.19101123595505617,10,1.0,1,none,0,0,0,0.7421499999509251,38,33,38,38,11,10,1,0
wine,49,medium,StaleNoRecheck,178,13,10,34,0.19101123595505617,10,0.9,0,ranking_truncation,0,1,0,0.13007799998376868,110,29,110,110,0,8,0,0
wine,49,medium,NaiveNoPolicy,178,13,10,34,0.19101123595505617,10,0.5,0,ranking_truncation,5,0,0,0.058647000059863785,110,110,110,0,0,8,0,0
wine,50,narrow,ExactSecure,178,13,10,10,0.056179775280898875,10,1.0,1,none,0,0,0,0.12294300017856585,178,10,10,178,0,0,1,0
wine,50,narrow,PostFilter-IVF,178,13,10,10,0.056179775280898875,8,0.8,0,candidate_starvation,0,0,0,0.19077799993283406,118,8,118,118,0,8,0,0
wine,50,narrow,AdaptivePostFilter-IVF,178,13,10,10,0.056179775280898875,10,1.0,1,none,0,0,0,0.6768200000806246,178,10,178,178,0,12,0,0
wine,50,narrow,TenantPartition-IVF,178,13,10,10,0.056179775280898875,8,0.8,0,candidate_starvation,0,0,0,0.12953099985679728,118,8,118,118,0,8,0,0
wine,50,narrow,PreFilter-IVF,178,13,10,10,0.056179775280898875,10,1.0,1,none,0,0,0,0.187172999858376,52,10,10,52,12,3,0,0
wine,50,narrow,PACER-A,178,13,10,10,0.056179775280898875,10,1.0,1,none,0,0,0,0.2543819998663821,10,10,10,10,7,3,1,0
wine,50,narrow,PACER-C,178,13,10,10,0.056179775280898875,10,1.0,1,none,0,0,0,0.21535600012612122,10,10,10,10,7,3,1,0
wine,50,narrow,PACER-X,178,13,10,10,0.056179775280898875,10,1.0,1,none,0,0,0,0.23964899992279243,10,10,10,10,7,3,1,0
wine,50,narrow,StaleNoRecheck,178,13,10,10,0.056179775280898875,8,0.8,0,candidate_starvation,0,0,0,0.12388699997245567,118,8,118,118,0,8,0,0
wine,50,narrow,NaiveNoPolicy,178,13,10,10,0.056179775280898875,10,0.2,0,ranking_truncation,8,1,0,0.06885099992359756,118,118,118,0,0,8,0,0
wine,51,cold,ExactSecure,178,13,10,4,0.02247191011235955,4,1.0,1,none,0,0,0,0.12075399990862934,178,4,4,178,0,0,1,0
wine,51,cold,PostFilter-IVF,178,13,10,4,0.02247191011235955,4,1.0,1,none,0,0,0,0.12467800002013973,112,4,112,112,0,8,0,0
wine,51,cold,AdaptivePostFilter-IVF,178,13,10,4,0.02247191011235955,4,1.0,1,none,0,0,0,0.5264849999093713,178,4,178,178,0,12,0,0
wine,51,cold,TenantPartition-IVF,178,13,10,4,0.02247191011235955,4,1.0,1,none,0,0,0,0.12704100004157226,112,4,112,112,0,8,0,0
wine,51,cold,PreFilter-IVF,178,13,10,4,0.02247191011235955,4,1.0,1,none,0,0,0,0.20416600000316976,56,4,4,56,12,3,0,0
wine,51,cold,PACER-A,178,13,10,4,0.02247191011235955,4,1.0,1,none,0,0,0,0.23960400017131178,5,4,5,5,6,3,1,0
wine,51,cold,PACER-C,178,13,10,4,0.02247191011235955,4,1.0,1,none,0,0,0,0.23173199997472693,5,4,5,5,6,3,1,0
wine,51,cold,PACER-X,178,13,10,4,0.02247191011235955,4,1.0,1,none,0,0,0,0.2020479998918745,5,4,5,5,6,3,1,0
wine,51,cold,StaleNoRecheck,178,13,10,4,0.02247191011235955,5,1.0,0,ranking_truncation,0,1,0,0.1337050000529416,112,5,112,112,0,8,0,0
wine,51,cold,NaiveNoPolicy,178,13,10,4,0.02247191011235955,10,0.25,0,ranking_truncation,8,3,0,0.056346000064877444,112,112,112,0,0,8,0,0
wine,52,broad,ExactSecure,178,13,10,161,0.9044943820224719,10,1.0,1,none,0,0,0,0.14518700004373386,178,161,161,178,0,0,1,0
wine,52,broad,PostFilter-IVF,178,13,10,161,0.9044943820224719,10,1.0,1,none,0,0,0,0.15615299980709096,107,97,107,107,0,8,0,0
wine,52,broad,AdaptivePostFilter-IVF,178,13,10,161,0.9044943820224719,10,1.0,1,none,0,0,0,0.9132239999871672,178,161,178,178,0,12,0,0
wine,52,broad,TenantPartition-IVF,178,13,10,161,0.9044943820224719,10,1.0,1,none,0,0,0,0.22544800003743148,107,97,107,107,0,8,0,0
wine,52,broad,PreFilter-IVF,178,13,10,161,0.9044943820224719,10,1.0,1,none,0,0,0,1.9035390000681218,107,97,97,107,8,8,0,0
wine,52,broad,PACER-A,178,13,10,161,0.9044943820224719,10,1.0,1,none,0,0,0,0.7983850000528037,81,73,81,81,7,7,1,0
wine,52,broad,PACER-C,178,13,10,161,0.9044943820224719,10,1.0,1,none,0,0,0,0.6485870001142757,81,73,81,81,7,7,1,0
wine,52,broad,PACER-X,178,13,10,161,0.9044943820224719,10,1.0,1,none,0,0,0,0.7045610000204761,81,73,81,81,7,7,1,0
wine,52,broad,StaleNoRecheck,178,13,10,161,0.9044943820224719,10,0.8,0,ranking_truncation,0,2,0,0.13627499993162928,107,107,107,107,0,8,0,0
wine,52,broad,NaiveNoPolicy,178,13,10,161,0.9044943820224719,10,0.8,0,ranking_truncation,0,2,0,0.05349900015971798,107,107,107,0,0,8,0,0
wine,53,medium,ExactSecure,178,13,10,26,0.14606741573033707,10,1.0,1,none,0,0,0,0.15382100013994204,178,26,26,178,0,0,1,0
wine,53,medium,PostFilter-IVF,178,13,10,26,0.14606741573033707,10,1.0,1,none,0,0,0,0.15810099989721493,118,25,118,118,0,8,0,0
wine,53,medium,AdaptivePostFilter-IVF,178,13,10,26,0.14606741573033707,10,1.0,1,none,0,0,0,0.5435870000383147,178,26,178,178,0,12,0,0
wine,53,medium,TenantPartition-IVF,178,13,10,26,0.14606741573033707,10,1.0,1,none,0,0,0,0.16105500003504858,118,25,118,118,0,8,0,0
wine,53,medium,PreFilter-IVF,178,13,10,26,0.14606741573033707,10,1.0,1,none,0,0,0,0.5829010001434654,120,26,26,120,12,7,0,0
wine,53,medium,PACER-A,178,13,10,26,0.14606741573033707,10,1.0,1,none,0,0,0,0.550376999854052,27,25,27,27,6,6,1,0
wine,53,medium,PACER-C,178,13,10,26,0.14606741573033707,10,1.0,1,none,0,0,0,0.5764210000052117,27,25,27,27,6,6,1,0
wine,53,medium,PACER-X,178,13,10,26,0.14606741573033707,10,1.0,1,none,0,0,0,0.5472459999964485,27,25,27,27,6,6,1,0
wine,53,medium,StaleNoRecheck,178,13,10,26,0.14606741573033707,10,1.0,1,none,0,0,0,0.15355799996541464,118,27,118,118,0,8,0,0
wine,53,medium,NaiveNoPolicy,178,13,10,26,0.14606741573033707,10,0.5,0,ranking_truncation,5,0,0,0.08299099999931059,118,118,118,0,0,8,0,0
wine,54,narrow,ExactSecure,178,13,10,7,0.03932584269662921,7,1.0,1,none,0,0,0,0.12554600016301265,178,7,7,178,0,0,1,0
wine,54,narrow,PostFilter-IVF,178,13,10,7,0.03932584269662921,7,1.0,1,none,0,0,0,0.18552100004853855,136,7,136,136,0,8,0,0
wine,54,narrow,AdaptivePostFilter-IVF,178,13,10,7,0.03932584269662921,7,1.0,1,none,0,0,0,0.5302740000843187,178,7,178,178,0,12,0,0
wine,54,narrow,TenantPartition-IVF,178,13,10,7,0.03932584269662921,7,1.0,1,none,0,0,0,0.14396799997484777,136,7,136,136,0,8,0,0
wine,54,narrow,PreFilter-IVF,178,13,10,7,0.03932584269662921,7,1.0,1,none,0,0,0,0.2142020000519551,51,7,7,51,12,3,0,0
wine,54,narrow,PACER-A,178,13,10,7,0.03932584269662921,7,1.0,1,none,0,0,0,0.23154899986366217,8,7,8,8,3,3,1,0
wine,54,narrow,PACER-C,178,13,10,7,0.03932584269662921,7,1.0,1,none,0,0,0,0.21606099994642136,8,7,8,8,3,3,1,0
wine,54,narrow,PACER-X,178,13,10,7,0.03932584269662921,7,1.0,1,none,0,0,0,0.2251610001167137,8,7,8,8,3,3,1,0
wine,54,narrow,StaleNoRecheck,178,13,10,7,0.03932584269662921,8,1.0,0,ranking_truncation,0,1,0,0.1380459998472361,136,8,136,136,0,8,0,0
wine,54,narrow,NaiveNoPolicy,178,13,10,7,0.03932584269662921,10,0.42857142857142855,0,ranking_truncation,6,1,0,0.0735819999135856,136,136,136,0,0,8,0,0
wine,55,cold,ExactSecure,178,13,10,4,0.02247191011235955,4,1.0,1,none,0,0,0,0.12757499985127652,178,4,4,178,0,0,1,0
wine,55,cold,PostFilter-IVF,178,13,10,4,0.02247191011235955,4,1.0,1,none,0,0,0,0.13875400009055738,126,4,126,126,0,8,0,0
wine,55,cold,AdaptivePostFilter-IVF,178,13,10,4,0.02247191011235955,4,1.0,1,none,0,0,0,0.5400469999585766,178,4,178,178,0,12,0,0
wine,55,cold,TenantPartition-IVF,178,13,10,4,0.02247191011235955,4,1.0,1,none,0,0,0,0.128787999983615,126,4,126,126,0,8,0,0
wine,55,cold,PreFilter-IVF,178,13,10,4,0.02247191011235955,4,1.0,1,none,0,0,0,0.143332000106966,46,4,4,46,12,2,0,0
wine,55,cold,PACER-A,178,13,10,4,0.02247191011235955,4,1.0,1,none,0,0,0,0.24932200017246942,5,4,5,5,2,2,1,0
wine,55,cold,PACER-C,178,13,10,4,0.02247191011235955,4,1.0,1,none,0,0,0,0.22660900003756979,5,4,5,5,2,2,1,0
wine,55,cold,PACER-X,178,13,10,4,0.02247191011235955,4,1.0,1,none,0,0,0,0.15626499998688814,5,4,5,5,2,2,1,0
wine,55,cold,StaleNoRecheck,178,13,10,4,0.02247191011235955,5,1.0,0,ranking_truncation,0,1,0,0.1564619999498973,126,5,126,126,0,8,0,0
wine,55,cold,NaiveNoPolicy,178,13,10,4,0.02247191011235955,10,0.5,0,ranking_truncation,8,1,0,0.06030300005477329,126,126,126,0,0,8,0,0
wine,56,broad,ExactSecure,178,13,10,163,0.9157303370786517,10,1.0,1,none,0,0,0,0.17486100000496663,178,163,163,178,0,0,1,0
wine,56,broad,PostFilter-IVF,178,13,10,163,0.9157303370786517,10,1.0,1,none,0,0,0,0.16319399992426042,116,104,116,116,0,8,0,0
wine,56,broad,AdaptivePostFilter-IVF,178,13,10,163,0.9157303370786517,10,1.0,1,none,0,0,0,0.5328370000370342,178,163,178,178,0,12,0,0
wine,56,broad,TenantPartition-IVF,178,13,10,163,0.9157303370786517,10,1.0,1,none,0,0,0,0.1596510001036222,116,104,116,116,0,8,0,0
wine,56,broad,PreFilter-IVF,178,13,10,163,0.9157303370786517,10,1.0,1,none,0,0,0,1.2472229998365947,123,111,111,123,8,8,0,0
wine,56,broad,PACER-A,178,13,10,163,0.9157303370786517,10,1.0,1,none,0,0,0,1.0752829998637026,178,163,178,178,12,12,1,0
wine,56,broad,PACER-C,178,13,10,163,0.9157303370786517,10,1.0,1,none,0,0,0,1.1726440000074945,178,163,178,178,12,12,1,0
wine,56,broad,PACER-X,178,13,10,163,0.9157303370786517,10,1.0,1,none,0,0,0,0.9956850001344719,178,163,178,178,12,12,1,0
wine,56,broad,StaleNoRecheck,178,13,10,163,0.9157303370786517,10,0.9,0,ranking_truncation,0,1,0,0.13356199997360818,116,116,116,116,0,8,0,0
wine,56,broad,NaiveNoPolicy,178,13,10,163,0.9157303370786517,10,0.9,0,ranking_truncation,0,1,0,0.09075699995264586,116,116,116,0,0,8,0,0
wine,57,medium,ExactSecure,178,13,10,32,0.1797752808988764,10,1.0,1,none,0,0,0,0.1888700001018151,178,32,32,178,0,0,1,0
wine,57,medium,PostFilter-IVF,178,13,10,32,0.1797752808988764,10,1.0,1,none,0,0,0,0.13552499990510114,107,24,107,107,0,8,0,0
wine,57,medium,AdaptivePostFilter-IVF,178,13,10,32,0.1797752808988764,10,1.0,1,none,0,0,0,0.4823100000521663,178,32,178,178,0,12,0,0
wine,57,medium,TenantPartition-IVF,178,13,10,32,0.1797752808988764,10,1.0,1,none,0,0,0,0.193135000017719,107,24,107,107,0,8,0,0
wine,57,medium,PreFilter-IVF,178,13,10,32,0.1797752808988764,10,1.0,1,none,0,0,0,0.5900680000650027,140,32,32,140,12,8,0,0
wine,57,medium,PACER-A,178,13,10,32,0.1797752808988764,10,1.0,1,none,0,0,0,0.47394099988196103,25,24,25,25,8,5,1,0
wine,57,medium,PACER-C,178,13,10,32,0.1797752808988764,10,1.0,1,none,0,0,0,0.42096700008187327,25,24,25,25,8,5,1,0
wine,57,medium,PACER-X,178,13,10,32,0.1797752808988764,10,1.0,1,none,0,0,0,0.41101300007539976,25,24,25,25,8,5,1,0
wine,57,medium,StaleNoRecheck,178,13,10,32,0.1797752808988764,10,1.0,1,none,0,0,0,0.12504100004662178,107,25,107,107,0,8,0,0
wine,57,medium,NaiveNoPolicy,178,13,10,32,0.1797752808988764,10,0.4,0,ranking_truncation,6,1,0,0.10393899992777733,107,107,107,0,0,8,0,0
wine,58,narrow,ExactSecure,178,13,10,10,0.056179775280898875,10,1.0,1,none,0,0,0,0.12484600006246183,178,10,10,178,0,0,1,0
wine,58,narrow,PostFilter-IVF,178,13,10,10,0.056179775280898875,10,1.0,1,none,0,0,0,0.170566999941002,125,10,125,125,0,8,0,0
wine,58,narrow,AdaptivePostFilter-IVF,178,13,10,10,0.056179775280898875,10,1.0,1,none,0,0,0,0.485586999957377,178,10,178,178,0,12,0,0
wine,58,narrow,TenantPartition-IVF,178,13,10,10,0.056179775280898875,10,1.0,1,none,0,0,0,0.12423600014699332,125,10,125,125,0,8,0,0
wine,58,narrow,PreFilter-IVF,178,13,10,10,0.056179775280898875,10,1.0,1,none,0,0,0,0.20925500007251685,52,10,10,52,12,3,0,0
wine,58,narrow,PACER-A,178,13,10,10,0.056179775280898875,10,1.0,1,none,0,0,0,0.25704500012579956,10,10,10,10,9,3,1,0
wine,58,narrow,PACER-C,178,13,10,10,0.056179775280898875,10,1.0,1,none,0,0,0,0.24523599995518452,10,10,10,10,9,3,1,0
wine,58,narrow,PACER-X,178,13,10,10,0.056179775280898875,10,1.0,1,none,0,0,0,0.21403000005193462,10,10,10,10,9,3,1,0
wine,58,narrow,StaleNoRecheck,178,13,10,10,0.056179775280898875,10,1.0,1,none,0,0,0,0.15776500003994443,125,10,125,125,0,8,0,0
wine,58,narrow,NaiveNoPolicy,178,13,10,10,0.056179775280898875,10,0.2,0,ranking_truncation,8,1,1,0.06830200004515063,125,125,125,0,0,8,0,0
wine,59,cold,ExactSecure,178,13,10,4,0.02247191011235955,4,1.0,1,none,0,0,0,0.12353299985079502,178,4,4,178,0,0,1,0
wine,59,cold,PostFilter-IVF,178,13,10,4,0.02247191011235955,4,1.0,1,none,0,0,0,0.1284169998143625,112,4,112,112,0,8,0,0
wine,59,cold,AdaptivePostFilter-IVF,178,13,10,4,0.02247191011235955,4,1.0,1,none,0,0,0,0.5028609998589673,178,4,178,178,0,12,0,0
wine,59,cold,TenantPartition-IVF,178,13,10,4,0.02247191011235955,4,1.0,1,none,0,0,0,0.13776800005871337,112,4,112,112,0,8,0,0
wine,59,cold,PreFilter-IVF,178,13,10,4,0.02247191011235955,4,1.0,1,none,0,0,0,0.1518130000022211,42,4,4,42,12,2,0,0
wine,59,cold,PACER-A,178,13,10,4,0.02247191011235955,4,1.0,1,none,0,0,0,0.1715500000045722,4,4,4,4,2,2,1,0
wine,59,cold,PACER-C,178,13,10,4,0.02247191011235955,4,1.0,1,none,0,0,0,0.19293100012873765,4,4,4,4,2,2,1,0
wine,59,cold,PACER-X,178,13,10,4,0.02247191011235955,4,1.0,1,none,0,0,0,0.14581099981114676,4,4,4,4,2,2,1,0
wine,59,cold,StaleNoRecheck,178,13,10,4,0.02247191011235955,4,1.0,1,none,0,0,0,0.11950700013585447,112,4,112,112,0,8,0,0
wine,59,cold,NaiveNoPolicy,178,13,10,4,0.02247191011235955,10,0.5,0,ranking_truncation,8,0,0,0.05512700022336503,112,112,112,0,0,8,0,0
wine,60,broad,ExactSecure,178,13,10,166,0.9325842696629213,10,1.0,1,none,0,0,0,0.1526999999441614,178,166,166,178,0,0,1,0
wine,60,broad,PostFilter-IVF,178,13,10,166,0.9325842696629213,10,1.0,1,none,0,0,0,0.15854499997658422,136,129,136,136,0,8,0,0
wine,60,broad,AdaptivePostFilter-IVF,178,13,10,166,0.9325842696629213,10,1.0,1,none,0,0,0,0.5483759998696769,178,166,178,178,0,12,0,0
wine,60,broad,TenantPartition-IVF,178,13,10,166,0.9325842696629213,10,1.0,1,none,0,0,0,0.22977899993747997,136,129,136,136,0,8,0,0
wine,60,broad,PreFilter-IVF,178,13,10,166,0.9325842696629213,10,1.0,1,none,0,0,0,1.1954340000102093,136,127,127,136,8,8,0,0
wine,60,broad,PACER-A,178,13,10,166,0.9325842696629213,10,1.0,1,none,0,0,0,0.6663710000793799,122,116,122,122,7,7,1,0
wine,60,broad,PACER-C,178,13,10,166,0.9325842696629213,10,1.0,1,none,0,0,0,0.6547010000303999,122,116,122,122,7,7,1,0
wine,60,broad,PACER-X,178,13,10,166,0.9325842696629213,10,1.0,1,none,0,0,0,0.6437939998704678,122,116,122,122,7,7,1,0
wine,60,broad,StaleNoRecheck,178,13,10,166,0.9325842696629213,10,0.9,0,ranking_truncation,0,1,0,0.17154299985122634,136,136,136,136,0,8,0,0
wine,60,broad,NaiveNoPolicy,178,13,10,166,0.9325842696629213,10,0.9,0,ranking_truncation,0,1,0,0.0609090000125434,136,136,136,0,0,8,0,0
wine,61,medium,ExactSecure,178,13,10,31,0.17415730337078653,10,1.0,1,none,0,0,0,0.12992099982511718,178,31,31,178,0,0,1,0
wine,61,medium,PostFilter-IVF,178,13,10,31,0.17415730337078653,10,1.0,1,none,0,0,0,0.20941699995091767,124,31,124,124,0,8,0,0
wine,61,medium,AdaptivePostFilter-IVF,178,13,10,31,0.17415730337078653,10,1.0,1,none,0,0,0,0.9010310000121535,178,31,178,178,0,12,0,0
wine,61,medium,TenantPartition-IVF,178,13,10,31,0.17415730337078653,10,1.0,1,none,0,0,0,0.31430500007445517,124,31,124,124,0,8,0,0
wine,61,medium,PreFilter-IVF,178,13,10,31,0.17415730337078653,10,1.0,1,none,0,0,0,0.5855659999269847,97,31,31,97,12,5,0,0
wine,61,medium,PACER-A,178,13,10,31,0.17415730337078653,10,1.0,1,none,0,0,0,0.48288900006809854,32,31,32,32,6,5,1,0
wine,61,medium,PACER-C,178,13,10,31,0.17415730337078653,10,1.0,1,none,0,0,0,0.38220900000851543,32,31,32,32,6,5,1,0
wine,61,medium,PACER-X,178,13,10,31,0.17415730337078653,10,1.0,1,none,0,0,0,0.36550000004353933,32,31,32,32,6,5,1,0
wine,61,medium,StaleNoRecheck,178,13,10,31,0.17415730337078653,10,0.9,0,ranking_truncation,0,1,0,0.18125699989468558,124,32,124,124,0,8,0,0
wine,61,medium,NaiveNoPolicy,178,13,10,31,0.17415730337078653,10,0.5,0,ranking_truncation,5,0,0,0.06725000002916204,124,124,124,0,0,8,0,0
wine,62,narrow,ExactSecure,178,13,10,3,0.016853932584269662,3,1.0,1,none,0,0,0,0.12174199991932255,178,3,3,178,0,0,1,0
wine,62,narrow,PostFilter-IVF,178,13,10,3,0.016853932584269662,3,1.0,1,none,0,0,0,0.13248400000520633,125,3,125,125,0,8,0,0
wine,62,narrow,AdaptivePostFilter-IVF,178,13,10,3,0.016853932584269662,3,1.0,1,none,0,0,0,0.5206490000091435,178,3,178,178,0,12,0,0
wine,62,narrow,TenantPartition-IVF,178,13,10,3,0.016853932584269662,3,1.0,1,none,0,0,0,0.12494600014179014,125,3,125,125,0,8,0,0
wine,62,narrow,PreFilter-IVF,178,13,10,3,0.016853932584269662,3,1.0,1,none,0,0,0,0.14452599998548976,46,3,3,46,12,2,0,0
wine,62,narrow,PACER-A,178,13,10,3,0.016853932584269662,3,1.0,1,none,0,0,0,0.171663000173794,3,3,3,3,3,2,1,0
wine,62,narrow,PACER-C,178,13,10,3,0.016853932584269662,3,1.0,1,none,0,0,0,0.1770349999787868,3,3,3,3,3,2,1,0
wine,62,narrow,PACER-X,178,13,10,3,0.016853932584269662,3,1.0,1,none,0,0,0,0.15022200000203156,3,3,3,3,3,2,1,0
wine,62,narrow,StaleNoRecheck,178,13,10,3,0.016853932584269662,3,1.0,1,none,0,0,0,0.12546799985102552,125,3,125,125,0,8,0,0
wine,62,narrow,NaiveNoPolicy,178,13,10,3,0.016853932584269662,10,0.6666666666666666,0,ranking_truncation,8,0,0,0.05560500017054437,125,125,125,0,0,8,0,0
wine,63,cold,ExactSecure,178,13,10,4,0.02247191011235955,4,1.0,1,none,0,0,0,0.12062600012541225,178,4,4,178,0,0,1,0
wine,63,cold,PostFilter-IVF,178,13,10,4,0.02247191011235955,4,1.0,1,none,0,0,0,0.15694099988650123,112,4,112,112,0,8,0,0
wine,63,cold,AdaptivePostFilter-IVF,178,13,10,4,0.02247191011235955,4,1.0,1,none,0,0,0,0.47250099987650174,178,4,178,178,0,12,0,0
wine,63,cold,TenantPartition-IVF,178,13,10,4,0.02247191011235955,4,1.0,1,none,0,0,0,0.12748200015266775,112,4,112,112,0,8,0,0
wine,63,cold,PreFilter-IVF,178,13,10,4,0.02247191011235955,4,1.0,1,none,0,0,0,0.15084100004969514,42,4,4,42,12,2,0,0
wine,63,cold,PACER-A,178,13,10,4,0.02247191011235955,4,1.0,1,none,0,0,0,0.19790300007116457,4,4,4,4,3,2,1,0
wine,63,cold,PACER-C,178,13,10,4,0.02247191011235955,4,1.0,1,none,0,0,0,0.17889600007947593,4,4,4,4,3,2,1,0
wine,63,cold,PACER-X,178,13,10,4,0.02247191011235955,4,1.0,1,none,0,0,0,0.14666400011265068,4,4,4,4,3,2,1,0
wine,63,cold,StaleNoRecheck,178,13,10,4,0.02247191011235955,4,1.0,1,none,0,0,0,0.11634099996626901,112,4,112,112,0,8,0,0
wine,63,cold,NaiveNoPolicy,178,13,10,4,0.02247191011235955,10,0.25,0,ranking_truncation,9,2,0,0.05432499983726302,112,112,112,0,0,8,0,0
wine,64,broad,ExactSecure,178,13,10,164,0.9213483146067416,10,1.0,1,none,0,0,0,0.15697899993938336,178,164,164,178,0,0,1,0
wine,64,broad,PostFilter-IVF,178,13,10,164,0.9213483146067416,10,1.0,1,none,0,0,0,0.16184100013560965,118,108,118,118,0,8,0,0
wine,64,broad,AdaptivePostFilter-IVF,178,13,10,164,0.9213483146067416,10,1.0,1,none,0,0,0,0.49665699998513446,178,164,178,178,0,12,0,0
wine,64,broad,TenantPartition-IVF,178,13,10,164,0.9213483146067416,10,1.0,1,none,0,0,0,0.19486099995447148,118,108,118,118,0,8,0,0
wine,64,broad,PreFilter-IVF,178,13,10,164,0.9213483146067416,10,1.0,1,none,0,0,0,1.182167999786543,128,116,116,128,8,8,0,0
wine,64,broad,PACER-A,178,13,10,164,0.9213483146067416,10,1.0,1,none,0,0,0,0.5920219998643006,97,91,97,97,5,5,1,0
wine,64,broad,PACER-C,178,13,10,164,0.9213483146067416,10,1.0,1,none,0,0,0,0.4821569998512132,97,91,97,97,5,5,1,0
wine,64,broad,PACER-X,178,13,10,164,0.9213483146067416,10,1.0,1,none,0,0,0,0.5496969999967405,97,91,97,97,5,5,1,0
wine,64,broad,StaleNoRecheck,178,13,10,164,0.9213483146067416,10,1.0,1,none,0,0,0,0.15969099990797986,118,118,118,118,0,8,0,0
wine,64,broad,NaiveNoPolicy,178,13,10,164,0.9213483146067416,10,1.0,1,none,0,0,0,0.06714599999213533,118,118,118,0,0,8,0,0
wine,65,medium,ExactSecure,178,13,10,34,0.19101123595505617,10,1.0,1,none,0,0,0,0.12938700001541292,178,34,34,178,0,0,1,0
wine,65,medium,PostFilter-IVF,178,13,10,34,0.19101123595505617,10,1.0,1,none,0,0,0,0.20014599999740312,106,33,106,106,0,8,0,0
wine,65,medium,AdaptivePostFilter-IVF,178,13,10,34,0.19101123595505617,10,1.0,1,none,0,0,0,0.4868790001637535,178,34,178,178,0,12,0,0
wine,65,medium,TenantPartition-IVF,178,13,10,34,0.19101123595505617,10,1.0,1,none,0,0,0,0.147705000017595,106,33,106,106,0,8,0,0
wine,65,medium,PreFilter-IVF,178,13,10,34,0.19101123595505617,10,1.0,1,none,0,0,0,0.49108600001090963,97,34,34,97,12,7,0,0
wine,65,medium,PACER-A,178,13,10,34,0.19101123595505617,10,1.0,1,none,0,0,0,0.5177799998818955,36,34,36,36,8,7,1,0
wine,65,medium,PACER-C,178,13,10,34,0.19101123595505617,10,1.0,1,none,0,0,0,0.5830679999689892,36,34,36,36,8,7,1,0
wine,65,medium,PACER-X,178,13,10,34,0.19101123595505617,10,1.0,1,none,0,0,0,0.5461850000756385,36,34,36,36,8,7,1,0
wine,65,medium,StaleNoRecheck,178,13,10,34,0.19101123595505617,10,0.9,0,ranking_truncation,0,1,0,0.15738000001874752,106,35,106,106,0,8,0,0
wine,65,medium,NaiveNoPolicy,178,13,10,34,0.19101123595505617,10,0.3,0,ranking_truncation,7,0,0,0.05236299989519466,106,106,106,0,0,8,0,0
wine,66,narrow,ExactSecure,178,13,10,14,0.07865168539325842,10,1.0,1,none,0,0,0,0.1333929999418615,178,14,14,178,0,0,1,0
wine,66,narrow,PostFilter-IVF,178,13,10,14,0.07865168539325842,10,1.0,1,none,0,0,0,0.13616299997920578,118,14,118,118,0,8,0,0
wine,66,narrow,AdaptivePostFilter-IVF,178,13,10,14,0.07865168539325842,10,1.0,1,none,0,0,0,0.5973739998808014,178,14,178,178,0,12,0,0
wine,66,narrow,TenantPartition-IVF,178,13,10,14,0.07865168539325842,10,1.0,1,none,0,0,0,0.13942500004304748,118,14,118,118,0,8,0,0
wine,66,narrow,PreFilter-IVF,178,13,10,14,0.07865168539325842,10,1.0,1,none,0,0,0,0.42795699982889346,65,14,14,65,12,4,0,0
wine,66,narrow,PACER-A,178,13,10,14,0.07865168539325842,10,1.0,1,none,0,0,0,0.4233910001403274,15,14,15,15,6,4,1,0
wine,66,narrow,PACER-C,178,13,10,14,0.07865168539325842,10,1.0,1,none,0,0,0,0.32599399992250255,15,14,15,15,6,4,1,0
wine,66,narrow,PACER-X,178,13,10,14,0.07865168539325842,10,1.0,1,none,0,0,0,0.2881959999285755,15,14,15,15,6,4,1,0
wine,66,narrow,StaleNoRecheck,178,13,10,14,0.07865168539325842,10,0.9,0,ranking_truncation,0,1,0,0.13253399993118364,118,15,118,118,0,8,0,0
wine,66,narrow,NaiveNoPolicy,178,13,10,14,0.07865168539325842,10,0.5,0,ranking_truncation,4,1,1,0.05452899995361804,118,118,118,0,0,8,0,0
wine,67,cold,ExactSecure,178,13,10,1,0.0056179775280898875,1,1.0,1,none,0,0,0,0.1375929998630454,178,1,1,178,0,0,1,0
wine,67,cold,PostFilter-IVF,178,13,10,1,0.0056179775280898875,1,1.0,1,none,0,0,0,0.15447800001311407,136,1,136,136,0,8,0,0
wine,67,cold,AdaptivePostFilter-IVF,178,13,10,1,0.0056179775280898875,1,1.0,1,none,0,0,0,0.5029579999700218,178,1,178,178,0,12,0,0
wine,67,cold,TenantPartition-IVF,178,13,10,1,0.0056179775280898875,1,1.0,1,none,0,0,0,0.16995199985103682,136,1,136,136,0,8,0,0
wine,67,cold,PreFilter-IVF,178,13,10,1,0.0056179775280898875,1,1.0,1,none,0,0,0,0.11257799997110851,26,1,1,26,12,1,0,0
wine,67,cold,PACER-A,178,13,10,1,0.0056179775280898875,1,1.0,1,none,0,0,0,0.09677599996393838,1,1,1,1,1,1,1,0
wine,67,cold,PACER-C,178,13,10,1,0.0056179775280898875,1,1.0,1,none,0,0,0,0.08489499987263116,1,1,1,1,1,1,1,0
wine,67,cold,PACER-X,178,13,10,1,0.0056179775280898875,1,1.0,1,none,0,0,0,0.08385199998883763,1,1,1,1,1,1,1,0
wine,67,cold,StaleNoRecheck,178,13,10,1,0.0056179775280898875,1,1.0,1,none,0,0,0,0.14742300004400022,136,1,136,136,0,8,0,0
wine,67,cold,NaiveNoPolicy,178,13,10,1,0.0056179775280898875,10,1.0,0,ranking_truncation,9,1,3,0.07333200005632534,136,136,136,0,0,8,0,0
wine,68,broad,ExactSecure,178,13,10,164,0.9213483146067416,10,1.0,1,none,0,0,0,0.14065200002733036,178,164,164,178,0,0,1,0
wine,68,broad,PostFilter-IVF,178,13,10,164,0.9213483146067416,10,1.0,1,none,0,0,0,0.1493080001182534,136,128,136,136,0,8,0,0
wine,68,broad,AdaptivePostFilter-IVF,178,13,10,164,0.9213483146067416,10,1.0,1,none,0,0,0,0.5452560001231177,178,164,178,178,0,12,0,0
wine,68,broad,TenantPartition-IVF,178,13,10,164,0.9213483146067416,10,1.0,1,none,0,0,0,0.1697710001735686,136,128,136,136,0,8,0,0
wine,68,broad,PreFilter-IVF,178,13,10,164,0.9213483146067416,10,1.0,1,none,0,0,0,1.1565199999949982,136,126,126,136,8,8,0,0
wine,68,broad,PACER-A,178,13,10,164,0.9213483146067416,10,1.0,1,none,0,0,0,0.7176980000167532,122,114,122,122,7,7,1,0
wine,68,broad,PACER-C,178,13,10,164,0.9213483146067416,10,1.0,1,none,0,0,0,0.6423799998174218,122,114,122,122,7,7,1,0
wine,68,broad,PACER-X,178,13,10,164,0.9213483146067416,10,1.0,1,none,0,0,0,0.7265939998433169,122,114,122,122,7,7,1,0
wine,68,broad,StaleNoRecheck,178,13,10,164,0.9213483146067416,10,1.0,1,none,0,0,0,0.16270599985546141,136,136,136,136,0,8,0,0
wine,68,broad,NaiveNoPolicy,178,13,10,164,0.9213483146067416,10,1.0,1,none,0,0,0,0.056756000049063005,136,136,136,0,0,8,0,0
wine,69,medium,ExactSecure,178,13,10,47,0.2640449438202247,10,1.0,1,none,0,0,0,0.133211000047595,178,47,47,178,0,0,1,0
wine,69,medium,PostFilter-IVF,178,13,10,47,0.2640449438202247,10,1.0,1,none,0,0,0,0.1497020000442717,107,24,107,107,0,8,0,0
wine,69,medium,AdaptivePostFilter-IVF,178,13,10,47,0.2640449438202247,10,1.0,1,none,0,0,0,0.4996989998744539,178,47,178,178,0,12,0,0
wine,69,medium,TenantPartition-IVF,178,13,10,47,0.2640449438202247,10,1.0,1,none,0,0,0,0.15896200011411565,107,24,107,107,0,8,0,0
wine,69,medium,PreFilter-IVF,178,13,10,47,0.2640449438202247,10,1.0,1,none,0,0,0,0.5293960000471998,136,47,47,136,11,8,0,0
wine,69,medium,PACER-A,178,13,10,47,0.2640449438202247,10,1.0,1,none,0,0,0,0.4933620000429073,27,26,27,27,6,5,1,0
wine,69,medium,PACER-C,178,13,10,47,0.2640449438202247,10,1.0,1,none,0,0,0,0.5038850001710671,27,26,27,27,6,5,1,0
wine,69,medium,PACER-X,178,13,10,47,0.2640449438202247,10,1.0,1,none,0,0,0,0.8720769999399636,27,26,27,27,6,5,1,0
wine,69,medium,StaleNoRecheck,178,13,10,47,0.2640449438202247,10,1.0,1,none,0,0,0,0.14614399992751714,107,25,107,107,0,8,0,0
wine,69,medium,NaiveNoPolicy,178,13,10,47,0.2640449438202247,10,0.6,0,ranking_truncation,4,1,0,0.07349400016209984,107,107,107,0,0,8,0,0
wine,70,narrow,ExactSecure,178,13,10,3,0.016853932584269662,3,1.0,1,none,0,0,0,0.2734729998792318,178,3,3,178,0,0,1,0
wine,70,narrow,PostFilter-IVF,178,13,10,3,0.016853932584269662,3,1.0,1,none,0,0,0,0.2578580001681985,114,3,114,114,0,8,0,0
wine,70,narrow,AdaptivePostFilter-IVF,178,13,10,3,0.016853932584269662,3,1.0,1,none,0,0,0,0.5326049999894167,178,3,178,178,0,12,0,0
wine,70,narrow,TenantPartition-IVF,178,13,10,3,0.016853932584269662,3,1.0,1,none,0,0,0,0.12866599990957184,114,3,114,114,0,8,0,0
wine,70,narrow,PreFilter-IVF,178,13,10,3,0.016853932584269662,3,1.0,1,none,0,0,0,0.15716399980192364,46,3,3,46,12,2,0,0
wine,70,narrow,PACER-A,178,13,10,3,0.016853932584269662,3,1.0,1,none,0,0,0,0.17428799992558197,3,3,3,3,2,2,1,0
wine,70,narrow,PACER-C,178,13,10,3,0.016853932584269662,3,1.0,1,none,0,0,0,0.15372400002888753,3,3,3,3,2,2,1,0
wine,70,narrow,PACER-X,178,13,10,3,0.016853932584269662,3,1.0,1,none,0,0,0,0.15486100005546177,3,3,3,3,2,2,1,0
wine,70,narrow,StaleNoRecheck,178,13,10,3,0.016853932584269662,3,1.0,1,none,0,0,0,0.12290400013625913,114,3,114,114,0,8,0,0
wine,70,narrow,NaiveNoPolicy,178,13,10,3,0.016853932584269662,10,0.3333333333333333,0,ranking_truncation,9,0,0,0.05840799985890044,114,114,114,0,0,8,0,0
wine,71,cold,ExactSecure,178,13,10,1,0.0056179775280898875,1,1.0,1,none,0,0,0,0.12360599998828548,178,1,1,178,0,0,1,0
wine,71,cold,PostFilter-IVF,178,13,10,1,0.0056179775280898875,1,1.0,1,none,0,0,0,0.1509220001025824,138,1,138,138,0,8,0,0
wine,71,cold,AdaptivePostFilter-IVF,178,13,10,1,0.0056179775280898875,1,1.0,1,none,0,0,0,0.5477989998325938,178,1,178,178,0,12,0,0
wine,71,cold,TenantPartition-IVF,178,13,10,1,0.0056179775280898875,1,1.0,1,none,0,0,0,0.14757199983250757,138,1,138,138,0,8,0,0
wine,71,cold,PreFilter-IVF,178,13,10,1,0.0056179775280898875,1,1.0,1,none,0,0,0,0.12096699992980575,15,1,1,15,12,1,0,0
wine,71,cold,PACER-A,178,13,10,1,0.0056179775280898875,1,1.0,1,none,0,0,0,0.09400399994774489,1,1,1,1,2,1,1,0
wine,71,cold,PACER-C,178,13,10,1,0.0056179775280898875,1,1.0,1,none,0,0,0,0.08567600002606923,1,1,1,1,2,1,1,0
wine,71,cold,PACER-X,178,13,10,1,0.0056179775280898875,1,1.0,1,none,0,0,0,0.08431600008407258,1,1,1,1,2,1,1,0
wine,71,cold,StaleNoRecheck,178,13,10,1,0.0056179775280898875,1,1.0,1,none,0,0,0,0.17601800004740653,138,1,138,138,0,8,0,0
wine,71,cold,NaiveNoPolicy,178,13,10,1,0.0056179775280898875,10,1.0,0,ranking_truncation,9,2,0,0.083199000073364,138,138,138,0,0,8,0,0
wine,72,broad,ExactSecure,178,13,10,161,0.9044943820224719,10,1.0,1,none,0,0,0,0.13602099988929695,178,161,161,178,0,0,1,0
wine,72,broad,PostFilter-IVF,178,13,10,161,0.9044943820224719,10,1.0,1,none,0,0,0,0.16501200002494443,130,117,130,130,0,8,0,0
wine,72,broad,AdaptivePostFilter-IVF,178,13,10,161,0.9044943820224719,10,1.0,1,none,0,0,0,0.5533359999390086,178,161,178,178,0,12,0,0
wine,72,broad,TenantPartition-IVF,178,13,10,161,0.9044943820224719,10,1.0,1,none,0,0,0,0.2279870000165829,130,117,130,130,0,8,0,0
wine,72,broad,PreFilter-IVF,178,13,10,161,0.9044943820224719,10,1.0,1,none,0,0,0,1.2460569998893334,130,117,117,130,8,8,0,0
wine,72,broad,PACER-A,178,13,10,161,0.9044943820224719,10,1.0,1,none,0,0,0,0.7442819999141648,122,111,122,122,7,7,1,0
wine,72,broad,PACER-C,178,13,10,161,0.9044943820224719,10,1.0,1,none,0,0,0,0.6529540000883571,122,111,122,122,7,7,1,0
wine,72,broad,PACER-X,178,13,10,161,0.9044943820224719,10,1.0,1,none,0,0,0,0.5978550000236282,122,111,122,122,7,7,1,0
wine,72,broad,StaleNoRecheck,178,13,10,161,0.9044943820224719,10,0.9,0,ranking_truncation,0,1,0,0.19493900003908493,130,130,130,130,0,8,0,0
wine,72,broad,NaiveNoPolicy,178,13,10,161,0.9044943820224719,10,0.9,0,ranking_truncation,0,1,0,0.06532099996547913,130,130,130,0,0,8,0,0
wine,73,medium,ExactSecure,178,13,10,32,0.1797752808988764,10,1.0,1,none,0,0,0,0.13222099983067892,178,32,32,178,0,0,1,0
wine,73,medium,PostFilter-IVF,178,13,10,32,0.1797752808988764,10,1.0,1,none,0,0,0,0.14322399988486723,123,23,123,123,0,8,0,0
wine,73,medium,AdaptivePostFilter-IVF,178,13,10,32,0.1797752808988764,10,1.0,1,none,0,0,0,0.5110839999815653,178,32,178,178,0,12,0,0
wine,73,medium,TenantPartition-IVF,178,13,10,32,0.1797752808988764,10,1.0,1,none,0,0,0,0.1955109999016713,123,23,123,123,0,8,0,0
wine,73,medium,PreFilter-IVF,178,13,10,32,0.1797752808988764,10,1.0,1,none,0,0,0,0.7763539999814384,133,30,30,133,8,8,0,0
wine,73,medium,PACER-A,178,13,10,32,0.1797752808988764,10,1.0,1,none,0,0,0,0.6988269999510521,35,32,35,35,11,9,1,0
wine,73,medium,PACER-C,178,13,10,32,0.1797752808988764,10,1.0,1,none,0,0,0,0.7160219997786044,35,32,35,35,11,9,1,0
wine,73,medium,PACER-X,178,13,10,32,0.1797752808988764,10,1.0,1,none,0,0,0,0.617073999819695,35,32,35,35,11,9,1,0
wine,73,medium,StaleNoRecheck,178,13,10,32,0.1797752808988764,10,1.0,1,none,0,0,0,0.164370999982566,123,26,123,123,0,8,0,0
wine,73,medium,NaiveNoPolicy,178,13,10,32,0.1797752808988764,10,0.4,0,ranking_truncation,6,0,0,0.05554599988499831,123,123,123,0,0,8,0,0
wine,74,narrow,ExactSecure,178,13,10,15,0.08426966292134831,10,1.0,1,none,0,0,0,0.13693100004275038,178,15,15,178,0,0,1,0
wine,74,narrow,PostFilter-IVF,178,13,10,15,0.08426966292134831,10,1.0,1,none,0,0,0,0.1378140000269923,114,14,114,114,0,8,0,0
wine,74,narrow,AdaptivePostFilter-IVF,178,13,10,15,0.08426966292134831,10,1.0,1,none,0,0,0,0.4827069999464584,178,15,178,178,0,12,0,0
wine,74,narrow,TenantPartition-IVF,178,13,10,15,0.08426966292134831,10,1.0,1,none,0,0,0,0.13126099997862184,114,14,114,114,0,8,0,0
wine,74,narrow,PreFilter-IVF,178,13,10,15,0.08426966292134831,10,1.0,1,none,0,0,0,0.39121800000430085,65,15,15,65,12,4,0,0
wine,74,narrow,PACER-A,178,13,10,15,0.08426966292134831,10,1.0,1,none,0,0,0,0.565558000062083,15,15,15,15,7,4,1,0
wine,74,narrow,PACER-C,178,13,10,15,0.08426966292134831,10,1.0,1,none,0,0,0,0.31247600009010057,15,15,15,15,7,4,1,0
wine,74,narrow,PACER-X,178,13,10,15,0.08426966292134831,10,1.0,1,none,0,0,0,0.2845100000286038,15,15,15,15,7,4,1,0
wine,74,narrow,StaleNoRecheck,178,13,10,15,0.08426966292134831,10,1.0,1,none,0,0,0,0.16922000008889881,114,14,114,114,0,8,0,0
wine,74,narrow,NaiveNoPolicy,178,13,10,15,0.08426966292134831,10,0.6,0,ranking_truncation,4,1,0,0.06849300007161219,114,114,114,0,0,8,0,0
wine,75,cold,ExactSecure,178,13,10,1,0.0056179775280898875,1,1.0,1,none,0,0,0,0.12218699998811644,178,1,1,178,0,0,1,0
wine,75,cold,PostFilter-IVF,178,13,10,1,0.0056179775280898875,1,1.0,1,none,0,0,0,0.12006899987682118,96,1,96,96,0,8,0,0
wine,75,cold,AdaptivePostFilter-IVF,178,13,10,1,0.0056179775280898875,1,1.0,1,none,0,0,0,0.46655400001327507,178,1,178,178,0,12,0,0
wine,75,cold,TenantPartition-IVF,178,13,10,1,0.0056179775280898875,1,1.0,1,none,0,0,0,0.11580900013541395,96,1,96,96,0,8,0,0
wine,75,cold,PreFilter-IVF,178,13,10,1,0.0056179775280898875,1,1.0,1,none,0,0,0,0.099800000043615,14,1,1,14,12,1,0,0
wine,75,cold,PACER-A,178,13,10,1,0.0056179775280898875,1,1.0,1,none,0,0,0,0.10888899987548939,1,1,1,1,2,1,1,0
wine,75,cold,PACER-C,178,13,10,1,0.0056179775280898875,1,1.0,1,none,0,0,0,0.08572100000492355,1,1,1,1,2,1,1,0
wine,75,cold,PACER-X,178,13,10,1,0.0056179775280898875,1,1.0,1,none,0,0,0,0.08363699998881202,1,1,1,1,2,1,1,0
wine,75,cold,StaleNoRecheck,178,13,10,1,0.0056179775280898875,1,1.0,1,none,0,0,0,0.11986200001956604,96,1,96,96,0,8,0,0
wine,75,cold,NaiveNoPolicy,178,13,10,1,0.0056179775280898875,10,1.0,0,ranking_truncation,9,0,0,0.052667999852928915,96,96,96,0,0,8,0,0
wine,76,broad,ExactSecure,178,13,10,161,0.9044943820224719,10,1.0,1,none,0,0,0,0.14427699989028042,178,161,161,178,0,0,1,0
wine,76,broad,PostFilter-IVF,178,13,10,161,0.9044943820224719,10,1.0,1,none,0,0,0,0.13627399994220468,107,97,107,107,0,8,0,0
wine,76,broad,AdaptivePostFilter-IVF,178,13,10,161,0.9044943820224719,10,1.0,1,none,0,0,0,0.5088180000711873,178,161,178,178,0,12,0,0
wine,76,broad,TenantPartition-IVF,178,13,10,161,0.9044943820224719,10,1.0,1,none,0,0,0,0.16136499993990583,107,97,107,107,0,8,0,0
wine,76,broad,PreFilter-IVF,178,13,10,161,0.9044943820224719,10,1.0,1,none,0,0,0,1.557546000185539,107,97,97,107,8,8,0,0
wine,76,broad,PACER-A,178,13,10,161,0.9044943820224719,10,1.0,1,none,0,0,0,0.6560950000675803,103,93,103,103,7,7,1,0
wine,76,broad,PACER-C,178,13,10,161,0.9044943820224719,10,1.0,1,none,0,0,0,0.6429430000025604,103,93,103,103,7,7,1,0
wine,76,broad,PACER-X,178,13,10,161,0.9044943820224719,10,1.0,1,none,0,0,0,0.5948000000444154,103,93,103,103,7,7,1,0
wine,76,broad,StaleNoRecheck,178,13,10,161,0.9044943820224719,10,0.8,0,ranking_truncation,0,2,0,0.1273029999993014,107,107,107,107,0,8,0,0
wine,76,broad,NaiveNoPolicy,178,13,10,161,0.9044943820224719,10,0.8,0,ranking_truncation,0,2,0,0.05266500011202879,107,107,107,0,0,8,0,0
wine,77,medium,ExactSecure,178,13,10,51,0.28651685393258425,10,1.0,1,none,0,0,0,0.13045700006841798,178,51,51,178,0,0,1,0
wine,77,medium,PostFilter-IVF,178,13,10,51,0.28651685393258425,10,1.0,1,none,0,0,0,0.15111600009731774,113,40,113,113,0,8,0,0
wine,77,medium,AdaptivePostFilter-IVF,178,13,10,51,0.28651685393258425,10,1.0,1,none,0,0,0,0.5000310000013997,178,51,178,178,0,12,0,0
wine,77,medium,TenantPartition-IVF,178,13,10,51,0.28651685393258425,10,1.0,1,none,0,0,0,0.1504660001501179,113,40,113,113,0,8,0,0
wine,77,medium,PreFilter-IVF,178,13,10,51,0.28651685393258425,10,1.0,1,none,0,0,0,0.4969050000909192,132,45,45,132,8,8,0,0
wine,77,medium,PACER-A,178,13,10,51,0.28651685393258425,10,1.0,1,none,0,0,0,0.7351599999765313,55,51,55,55,10,10,1,0
wine,77,medium,PACER-C,178,13,10,51,0.28651685393258425,10,1.0,1,none,0,0,0,0.6998759999987669,55,51,55,55,10,10,1,0
wine,77,medium,PACER-X,178,13,10,51,0.28651685393258425,10,1.0,1,none,0,0,0,0.7079110000631772,55,51,55,55,10,10,1,0
wine,77,medium,StaleNoRecheck,178,13,10,51,0.28651685393258425,10,0.9,0,ranking_truncation,0,1,0,0.149090000149954,113,43,113,113,0,8,0,0
wine,77,medium,NaiveNoPolicy,178,13,10,51,0.28651685393258425,10,0.8,0,ranking_truncation,2,1,0,0.07553999989795557,113,113,113,0,0,8,0,0
wine,78,narrow,ExactSecure,178,13,10,3,0.016853932584269662,3,1.0,1,none,0,0,0,0.2225700000053621,178,3,3,178,0,0,1,0
wine,78,narrow,PostFilter-IVF,178,13,10,3,0.016853932584269662,3,1.0,1,none,0,0,0,0.19413500012888107,118,3,118,118,0,8,0,0
wine,78,narrow,AdaptivePostFilter-IVF,178,13,10,3,0.016853932584269662,3,1.0,1,none,0,0,0,0.6946810001409176,178,3,178,178,0,12,0,0
wine,78,narrow,TenantPartition-IVF,178,13,10,3,0.016853932584269662,3,1.0,1,none,0,0,0,0.19154300002810487,118,3,118,118,0,8,0,0
wine,78,narrow,PreFilter-IVF,178,13,10,3,0.016853932584269662,3,1.0,1,none,0,0,0,0.20306100009293004,46,3,3,46,12,2,0,0
wine,78,narrow,PACER-A,178,13,10,3,0.016853932584269662,3,1.0,1,none,0,0,0,0.21009900001445203,3,3,3,3,3,2,1,0
wine,78,narrow,PACER-C,178,13,10,3,0.016853932584269662,3,1.0,1,none,0,0,0,0.2360099999805243,3,3,3,3,3,2,1,0
wine,78,narrow,PACER-X,178,13,10,3,0.016853932584269662,3,1.0,1,none,0,0,0,0.22995999984232185,3,3,3,3,3,2,1,0
wine,78,narrow,StaleNoRecheck,178,13,10,3,0.016853932584269662,3,1.0,1,none,0,0,0,0.23000800001682364,118,3,118,118,0,8,0,0
wine,78,narrow,NaiveNoPolicy,178,13,10,3,0.016853932584269662,10,0.3333333333333333,0,ranking_truncation,9,1,0,0.08844600006341352,118,118,118,0,0,8,0,0
wine,79,cold,ExactSecure,178,13,10,2,0.011235955056179775,2,1.0,1,none,0,0,0,0.12468299996726273,178,2,2,178,0,0,1,0
wine,79,cold,PostFilter-IVF,178,13,10,2,0.011235955056179775,2,1.0,1,none,0,0,0,0.14884099982737098,130,2,130,130,0,8,0,0
wine,79,cold,AdaptivePostFilter-IVF,178,13,10,2,0.011235955056179775,2,1.0,1,none,0,0,0,0.4666069999075262,178,2,178,178,0,12,0,0
wine,79,cold,TenantPartition-IVF,178,13,10,2,0.011235955056179775,2,1.0,1,none,0,0,0,0.12621699988812907,130,2,130,130,0,8,0,0
wine,79,cold,PreFilter-IVF,178,13,10,2,0.011235955056179775,2,1.0,1,none,0,0,0,0.10778800015032175,26,2,2,26,12,1,0,0
wine,79,cold,PACER-A,178,13,10,2,0.011235955056179775,2,1.0,1,none,0,0,0,0.09318699994764756,2,2,2,2,1,1,1,0
wine,79,cold,PACER-C,178,13,10,2,0.011235955056179775,2,1.0,1,none,0,0,0,0.08639500015306112,2,2,2,2,1,1,1,0
wine,79,cold,PACER-X,178,13,10,2,0.011235955056179775,2,1.0,1,none,0,0,0,0.08585399996263732,2,2,2,2,1,1,1,0
wine,79,cold,StaleNoRecheck,178,13,10,2,0.011235955056179775,2,1.0,1,none,0,0,0,0.13136899997334694,130,2,130,130,0,8,0,0
wine,79,cold,NaiveNoPolicy,178,13,10,2,0.011235955056179775,10,0.5,0,ranking_truncation,9,0,0,0.05970600000182458,130,130,130,0,0,8,0,0
diabetes,0,broad,ExactSecure,442,10,10,398,0.9004524886877828,10,1.0,1,none,0,0,0,0.5168000000139727,442,398,398,442,0,0,1,0
diabetes,0,broad,PostFilter-IVF,442,10,10,398,0.9004524886877828,10,1.0,1,none,0,0,0,0.4767799998717237,220,206,220,220,0,8,0,0
diabetes,0,broad,AdaptivePostFilter-IVF,442,10,10,398,0.9004524886877828,10,1.0,1,none,0,0,0,1.6323959998771898,442,398,442,442,0,16,0,0
diabetes,0,broad,TenantPartition-IVF,442,10,10,398,0.9004524886877828,10,1.0,1,none,0,0,0,0.5354420000003302,220,206,220,220,0,8,0,0
diabetes,0,broad,PreFilter-IVF,442,10,10,398,0.9004524886877828,10,1.0,1,none,0,0,0,1.1869459999616083,252,230,230,252,8,8,0,0
diabetes,0,broad,PACER-A,442,10,10,398,0.9004524886877828,10,1.0,1,none,0,0,0,1.673813000024893,220,199,220,220,8,8,0,0
diabetes,0,broad,PACER-C,442,10,10,398,0.9004524886877828,10,1.0,1,none,0,0,0,2.673519000154556,367,336,367,367,13,13,1,0
diabetes,0,broad,PACER-X,442,10,10,398,0.9004524886877828,10,1.0,1,none,0,0,0,2.4178310000024794,367,336,367,367,13,13,1,0
diabetes,0,broad,StaleNoRecheck,442,10,10,398,0.9004524886877828,10,0.8,0,ranking_truncation,0,2,0,0.3487970000151108,220,220,220,220,0,8,0,0
diabetes,0,broad,NaiveNoPolicy,442,10,10,398,0.9004524886877828,10,0.8,0,ranking_truncation,0,2,0,0.10913999994954793,220,220,220,0,0,8,0,0
diabetes,1,medium,ExactSecure,442,10,10,31,0.07013574660633484,10,1.0,1,none,0,0,0,0.25561000006746326,442,31,31,442,0,0,1,0
diabetes,1,medium,PostFilter-IVF,442,10,10,31,0.07013574660633484,10,0.7,0,ranking_truncation,0,0,0,0.19703599991771625,218,10,218,218,0,8,0,0
diabetes,1,medium,AdaptivePostFilter-IVF,442,10,10,31,0.07013574660633484,10,1.0,1,none,0,0,0,0.7577199999104778,442,31,442,442,0,16,0,0
diabetes,1,medium,TenantPartition-IVF,442,10,10,31,0.07013574660633484,10,0.7,0,ranking_truncation,0,0,0,0.1968349999970087,218,10,218,218,0,8,0,0
diabetes,1,medium,PreFilter-IVF,442,10,10,31,0.07013574660633484,10,0.7,0,ranking_truncation,0,0,0,0.5829799999901297,224,12,12,224,9,7,0,0
diabetes,1,medium,PACER-A,442,10,10,31,0.07013574660633484,10,1.0,1,none,0,0,0,0.9264620000521973,36,31,36,36,16,13,1,0
diabetes,1,medium,PACER-C,442,10,10,31,0.07013574660633484,10,1.0,1,none,0,0,0,0.8880579998731264,36,31,36,36,16,13,1,0
diabetes,1,medium,PACER-X,442,10,10,31,0.07013574660633484,10,1.0,1,none,0,0,0,0.8218329999181151,36,31,36,36,16,13,1,0
diabetes,1,medium,StaleNoRecheck,442,10,10,31,0.07013574660633484,10,0.7,0,ranking_truncation,0,2,0,0.19734100010282418,218,12,218,218,0,8,0,0
diabetes,1,medium,NaiveNoPolicy,442,10,10,31,0.07013574660633484,10,0.1,0,ranking_truncation,9,0,4,0.08729399996809661,218,218,218,0,0,8,0,0
diabetes,2,narrow,ExactSecure,442,10,10,3,0.006787330316742082,3,1.0,1,none,0,0,0,0.2513850001832907,442,3,3,442,0,0,1,0
diabetes,2,narrow,PostFilter-IVF,442,10,10,3,0.006787330316742082,2,0.6666666666666666,0,candidate_starvation,0,0,0,0.19790600003943837,218,2,218,218,0,8,0,0
diabetes,2,narrow,AdaptivePostFilter-IVF,442,10,10,3,0.006787330316742082,3,1.0,1,none,0,0,0,0.8851790000790061,442,3,442,442,0,16,0,0
diabetes,2,narrow,TenantPartition-IVF,442,10,10,3,0.006787330316742082,2,0.6666666666666666,0,candidate_starvation,0,0,0,0.16539800003556593,218,2,218,218,0,8,0,0
diabetes,2,narrow,PreFilter-IVF,442,10,10,3,0.006787330316742082,3,1.0,1,none,0,0,0,0.2581379999355704,93,3,3,93,16,3,0,0
diabetes,2,narrow,PACER-A,442,10,10,3,0.006787330316742082,3,1.0,1,none,0,0,0,0.22320499988381926,3,3,3,3,9,3,1,0
diabetes,2,narrow,PACER-C,442,10,10,3,0.006787330316742082,3,1.0,1,none,0,0,0,0.23349699995378614,3,3,3,3,9,3,1,0
diabetes,2,narrow,PACER-X,442,10,10,3,0.006787330316742082,3,1.0,1,none,0,0,0,0.21915699994679017,3,3,3,3,9,3,1,0
diabetes,2,narrow,StaleNoRecheck,442,10,10,3,0.006787330316742082,2,0.6666666666666666,0,candidate_starvation,0,0,0,0.25635299994064553,218,2,218,218,0,8,0,0
diabetes,2,narrow,NaiveNoPolicy,442,10,10,3,0.006787330316742082,10,0.3333333333333333,0,ranking_truncation,9,0,8,0.07657500009372598,218,218,218,0,0,8,0,0
diabetes,3,cold,ExactSecure,442,10,10,2,0.004524886877828055,2,1.0,1,none,0,0,0,0.24045200007094536,442,2,2,442,0,0,1,0
diabetes,3,cold,PostFilter-IVF,442,10,10,2,0.004524886877828055,2,1.0,1,none,0,0,0,0.20662499991885852,220,2,220,220,0,8,0,0
diabetes,3,cold,AdaptivePostFilter-IVF,442,10,10,2,0.004524886877828055,2,1.0,1,none,0,0,0,0.7663619999220828,442,2,442,442,0,16,0,0
diabetes,3,cold,TenantPartition-IVF,442,10,10,2,0.004524886877828055,2,1.0,1,none,0,0,0,0.17995500002143672,220,2,220,220,0,8,0,0
diabetes,3,cold,PreFilter-IVF,442,10,10,2,0.004524886877828055,2,1.0,1,none,0,0,0,0.1546409998809395,27,2,2,27,16,1,0,0
diabetes,3,cold,PACER-A,442,10,10,2,0.004524886877828055,2,1.0,1,none,0,0,0,0.10111799997503113,2,2,2,2,4,1,1,0
diabetes,3,cold,PACER-C,442,10,10,2,0.004524886877828055,2,1.0,1,none,0,0,0,0.09030399996845517,2,2,2,2,4,1,1,0
diabetes,3,cold,PACER-X,442,10,10,2,0.004524886877828055,2,1.0,1,none,0,0,0,0.08786900002633047,2,2,2,2,4,1,1,0
diabetes,3,cold,StaleNoRecheck,442,10,10,2,0.004524886877828055,2,1.0,1,none,0,0,0,0.2067420000457787,220,2,220,220,0,8,0,0
diabetes,3,cold,NaiveNoPolicy,442,10,10,2,0.004524886877828055,10,0.5,0,ranking_truncation,9,2,2,0.08743500006858085,220,220,220,0,0,8,0,0
diabetes,4,broad,ExactSecure,442,10,10,415,0.9389140271493213,10,1.0,1,none,0,0,0,0.27355499992154364,442,415,415,442,0,0,1,0
diabetes,4,broad,PostFilter-IVF,442,10,10,415,0.9389140271493213,10,1.0,1,none,0,0,0,0.21423399994091596,220,207,220,220,0,8,0,0
diabetes,4,broad,AdaptivePostFilter-IVF,442,10,10,415,0.9389140271493213,10,1.0,1,none,0,0,0,0.7452190000094561,442,415,442,442,0,16,0,0
diabetes,4,broad,TenantPartition-IVF,442,10,10,415,0.9389140271493213,10,1.0,1,none,0,0,0,0.4011860000900924,220,207,220,220,0,8,0,0
diabetes,4,broad,PreFilter-IVF,442,10,10,415,0.9389140271493213,10,1.0,1,none,0,0,0,0.7178349999321654,235,222,222,235,8,8,0,0
diabetes,4,broad,PACER-A,442,10,10,415,0.9389140271493213,10,1.0,1,none,0,0,0,0.7805949999237782,220,207,220,220,8,8,0,0
diabetes,4,broad,PACER-C,442,10,10,415,0.9389140271493213,10,1.0,1,none,0,0,0,0.7246019999911368,235,222,235,235,8,8,1,0
diabetes,4,broad,PACER-X,442,10,10,415,0.9389140271493213,10,1.0,1,none,0,0,0,0.8148069998696883,235,222,235,235,8,8,1,0
diabetes,4,broad,StaleNoRecheck,442,10,10,415,0.9389140271493213,10,1.0,1,none,0,0,0,0.25955099999919184,220,220,220,220,0,8,0,0
diabetes,4,broad,NaiveNoPolicy,442,10,10,415,0.9389140271493213,10,1.0,1,none,0,0,0,0.09878399987428566,220,220,220,0,0,8,0,0
diabetes,5,medium,ExactSecure,442,10,10,44,0.09954751131221719,10,1.0,1,none,0,0,0,0.25584499985598086,442,44,44,442,0,0,1,0
diabetes,5,medium,PostFilter-IVF,442,10,10,44,0.09954751131221719,10,1.0,1,none,0,0,0,0.25379099997735466,220,35,220,220,0,8,0,0
diabetes,5,medium,AdaptivePostFilter-IVF,442,10,10,44,0.09954751131221719,10,1.0,1,none,0,0,0,0.9640630000831152,442,44,442,442,0,16,0,0
diabetes,5,medium,TenantPartition-IVF,442,10,10,44,0.09954751131221719,10,1.0,1,none,0,0,0,0.27237800009061175,220,35,220,220,0,8,0,0
diabetes,5,medium,PreFilter-IVF,442,10,10,44,0.09954751131221719,10,1.0,1,none,0,0,0,0.6355259999963891,233,37,37,233,9,8,0,0
diabetes,5,medium,PACER-A,442,10,10,44,0.09954751131221719,10,1.0,1,none,0,0,0,0.870685999871057,38,37,38,38,9,8,1,0
diabetes,5,medium,PACER-C,442,10,10,44,0.09954751131221719,10,1.0,1,none,0,0,0,0.6365279998590267,38,37,38,38,9,8,1,0
diabetes,5,medium,PACER-X,442,10,10,44,0.09954751131221719,10,1.0,1,none,0,0,0,0.6183039999996254,38,37,38,38,9,8,1,0
diabetes,5,medium,StaleNoRecheck,442,10,10,44,0.09954751131221719,10,0.9,0,ranking_truncation,0,1,0,0.2577970001311769,220,36,220,220,0,8,0,0
diabetes,5,medium,NaiveNoPolicy,442,10,10,44,0.09954751131221719,10,0.2,0,ranking_truncation,8,0,0,0.10655800019776507,220,220,220,0,0,8,0,0
diabetes,6,narrow,ExactSecure,442,10,10,4,0.00904977375565611,4,1.0,1,none,0,0,0,0.28748499994435406,442,4,4,442,0,0,1,0
diabetes,6,narrow,PostFilter-IVF,442,10,10,4,0.00904977375565611,3,0.75,0,candidate_starvation,0,0,0,0.2099509999879956,207,3,207,207,0,8,0,0
diabetes,6,narrow,AdaptivePostFilter-IVF,442,10,10,4,0.00904977375565611,4,1.0,1,none,0,0,0,0.8470699999634235,442,4,442,442,0,16,0,0
diabetes,6,narrow,TenantPartition-IVF,442,10,10,4,0.00904977375565611,3,0.75,0,candidate_starvation,0,0,0,0.15029900009722041,207,3,207,207,0,8,0,0
diabetes,6,narrow,PreFilter-IVF,442,10,10,4,0.00904977375565611,4,1.0,1,none,0,0,0,0.32029999988480995,109,4,4,109,16,4,0,0
diabetes,6,narrow,PACER-A,442,10,10,4,0.00904977375565611,4,1.0,1,none,0,0,0,0.3099870000369265,4,4,4,4,9,4,1,0
diabetes,6,narrow,PACER-C,442,10,10,4,0.00904977375565611,4,1.0,1,none,0,0,0,0.3096770001320692,4,4,4,4,9,4,1,0
diabetes,6,narrow,PACER-X,442,10,10,4,0.00904977375565611,4,1.0,1,none,0,0,0,0.27770399992732564,4,4,4,4,9,4,1,0
diabetes,6,narrow,StaleNoRecheck,442,10,10,4,0.00904977375565611,3,0.75,0,candidate_starvation,0,0,0,0.21036699990872876,207,3,207,207,0,8,0,0
diabetes,6,narrow,NaiveNoPolicy,442,10,10,4,0.00904977375565611,10,0.25,0,ranking_truncation,9,1,5,0.07082000001901179,207,207,207,0,0,8,0,0
diabetes,7,cold,ExactSecure,442,10,10,1,0.0022624434389140274,1,1.0,1,none,0,0,0,0.3121800000371877,442,1,1,442,0,0,1,0
diabetes,7,cold,PostFilter-IVF,442,10,10,1,0.0022624434389140274,1,1.0,1,none,0,0,0,0.23515399993812025,213,1,213,213,0,8,0,0
diabetes,7,cold,AdaptivePostFilter-IVF,442,10,10,1,0.0022624434389140274,1,1.0,1,none,0,0,0,0.8117649999803689,442,1,442,442,0,16,0,0
diabetes,7,cold,TenantPartition-IVF,442,10,10,1,0.0022624434389140274,1,1.0,1,none,0,0,0,0.17013700016832445,213,1,213,213,0,8,0,0
diabetes,7,cold,PreFilter-IVF,442,10,10,1,0.0022624434389140274,1,1.0,1,none,0,0,0,0.14915600013409858,38,1,1,38,16,1,0,0
diabetes,7,cold,PACER-A,442,10,10,1,0.0022624434389140274,1,1.0,1,none,0,0,0,0.09574199998496624,1,1,1,1,2,1,1,0
diabetes,7,cold,PACER-C,442,10,10,1,0.0022624434389140274,1,1.0,1,none,0,0,0,0.08542900013708277,1,1,1,1,2,1,1,0
diabetes,7,cold,PACER-X,442,10,10,1,0.0022624434389140274,1,1.0,1,none,0,0,0,0.08873199999470671,1,1,1,1,2,1,1,0
diabetes,7,cold,StaleNoRecheck,442,10,10,1,0.0022624434389140274,1,1.0,1,none,0,0,0,0.1885350000065955,213,1,213,213,0,8,0,0
diabetes,7,cold,NaiveNoPolicy,442,10,10,1,0.0022624434389140274,10,1.0,0,ranking_truncation,9,0,9,0.08209899988287361,213,213,213,0,0,8,0,0
diabetes,8,broad,ExactSecure,442,10,10,407,0.920814479638009,10,1.0,1,none,0,0,0,0.3110969998942892,442,407,407,442,0,0,1,0
diabetes,8,broad,PostFilter-IVF,442,10,10,407,0.920814479638009,10,1.0,1,none,0,0,0,0.3313750000870641,220,204,220,220,0,8,0,0
diabetes,8,broad,AdaptivePostFilter-IVF,442,10,10,407,0.920814479638009,10,1.0,1,none,0,0,0,0.8138480000070558,442,407,442,442,0,16,0,0
diabetes,8,broad,TenantPartition-IVF,442,10,10,407,0.920814479638009,10,1.0,1,none,0,0,0,0.26181399994129606,220,204,220,220,0,8,0,0
diabetes,8,broad,PreFilter-IVF,442,10,10,407,0.920814479638009,10,1.0,1,none,0,0,0,0.5712629999834462,224,209,209,224,8,8,0,0
diabetes,8,broad,PACER-A,442,10,10,407,0.920814479638009,10,1.0,1,none,0,0,0,1.0909140000876505,220,205,220,220,8,8,0,0
diabetes,8,broad,PACER-C,442,10,10,407,0.920814479638009,10,1.0,1,none,0,0,0,0.9588220000296133,262,244,262,262,9,9,1,0
diabetes,8,broad,PACER-X,442,10,10,407,0.920814479638009,10,1.0,1,none,0,0,0,0.8893419999367325,262,244,262,262,9,9,1,0
diabetes,8,broad,StaleNoRecheck,442,10,10,407,0.920814479638009,10,1.0,1,none,0,0,0,0.24289299994961766,220,220,220,220,0,8,0,0
diabetes,8,broad,NaiveNoPolicy,442,10,10,407,0.920814479638009,10,1.0,1,none,0,0,0,0.08098000012068951,220,220,220,0,0,8,0,0
diabetes,9,medium,ExactSecure,442,10,10,40,0.09049773755656108,10,1.0,1,none,0,0,0,0.2635129999362107,442,40,40,442,0,0,1,0
diabetes,9,medium,PostFilter-IVF,442,10,10,40,0.09049773755656108,10,0.9,0,ranking_truncation,0,0,0,0.23663100000703707,220,23,220,220,0,8,0,0
diabetes,9,medium,AdaptivePostFilter-IVF,442,10,10,40,0.09049773755656108,10,1.0,1,none,0,0,0,0.8574880000651319,442,40,442,442,0,16,0,0
diabetes,9,medium,TenantPartition-IVF,442,10,10,40,0.09049773755656108,10,0.9,0,ranking_truncation,0,0,0,0.2566850000675913,220,23,220,220,0,8,0,0
diabetes,9,medium,PreFilter-IVF,442,10,10,40,0.09049773755656108,10,0.9,0,ranking_truncation,0,0,0,0.694596000130332,230,23,23,230,9,8,0,0
diabetes,9,medium,PACER-A,442,10,10,40,0.09049773755656108,10,1.0,1,none,0,0,0,1.1142910000216943,44,40,44,44,16,14,1,0
diabetes,9,medium,PACER-C,442,10,10,40,0.09049773755656108,10,1.0,1,none,0,0,0,1.0484639999503997,44,40,44,44,16,14,1,0
diabetes,9,medium,PACER-X,442,10,10,40,0.09049773755656108,10,1.0,1,none,0,0,0,1.0998109999036387,44,40,44,44,16,14,1,0
diabetes,9,medium,StaleNoRecheck,442,10,10,40,0.09049773755656108,10,0.9,0,ranking_truncation,0,1,0,0.24810099989736045,220,26,220,220,0,8,0,0
diabetes,9,medium,NaiveNoPolicy,442,10,10,40,0.09049773755656108,10,0.2,0,ranking_truncation,5,2,3,0.08727299996280635,220,220,220,0,0,8,0,0
diabetes,10,narrow,ExactSecure,442,10,10,4,0.00904977375565611,4,1.0,1,none,0,0,0,0.30186799995135516,442,4,4,442,0,0,1,0
diabetes,10,narrow,PostFilter-IVF,442,10,10,4,0.00904977375565611,4,1.0,1,none,0,0,0,0.23951599996507866,220,4,220,220,0,8,0,0
diabetes,10,narrow,AdaptivePostFilter-IVF,442,10,10,4,0.00904977375565611,4,1.0,1,none,0,0,0,0.7533789998888096,442,4,442,442,0,16,0,0
diabetes,10,narrow,TenantPartition-IVF,442,10,10,4,0.00904977375565611,4,1.0,1,none,0,0,0,0.1568390000556974,220,4,220,220,0,8,0,0
diabetes,10,narrow,PreFilter-IVF,442,10,10,4,0.00904977375565611,4,1.0,1,none,0,0,0,0.2753920000486687,145,4,4,145,16,4,0,0
diabetes,10,narrow,PACER-A,442,10,10,4,0.00904977375565611,4,1.0,1,none,0,0,0,0.2899029998388869,4,4,4,4,7,4,1,0
diabetes,10,narrow,PACER-C,442,10,10,4,0.00904977375565611,4,1.0,1,none,0,0,0,0.3310579998014873,4,4,4,4,7,4,1,0
diabetes,10,narrow,PACER-X,442,10,10,4,0.00904977375565611,4,1.0,1,none,0,0,0,0.25418600012017123,4,4,4,4,7,4,1,0
diabetes,10,narrow,StaleNoRecheck,442,10,10,4,0.00904977375565611,4,1.0,1,none,0,0,0,0.22337399991556595,220,4,220,220,0,8,0,0
diabetes,10,narrow,NaiveNoPolicy,442,10,10,4,0.00904977375565611,10,0.25,0,ranking_truncation,9,0,8,0.09362299988424638,220,220,220,0,0,8,0,0
diabetes,11,cold,ExactSecure,442,10,10,1,0.0022624434389140274,1,1.0,1,none,0,0,0,0.24348200008716958,442,1,1,442,0,0,1,0
diabetes,11,cold,PostFilter-IVF,442,10,10,1,0.0022624434389140274,1,1.0,1,none,0,0,0,0.20411100013006944,220,1,220,220,0,8,0,0
diabetes,11,cold,AdaptivePostFilter-IVF,442,10,10,1,0.0022624434389140274,1,1.0,1,none,0,0,0,0.7519240000419813,442,1,442,442,0,16,0,0
diabetes,11,cold,TenantPartition-IVF,442,10,10,1,0.0022624434389140274,1,1.0,1,none,0,0,0,0.14905700004419487,220,1,220,220,0,8,0,0
diabetes,11,cold,PreFilter-IVF,442,10,10,1,0.0022624434389140274,1,1.0,1,none,0,0,0,0.169287000062468,51,1,1,51,16,1,0,0
diabetes,11,cold,PACER-A,442,10,10,1,0.0022624434389140274,1,1.0,1,none,0,0,0,0.1317859998835047,1,1,1,1,3,1,1,0
diabetes,11,cold,PACER-C,442,10,10,1,0.0022624434389140274,1,1.0,1,none,0,0,0,0.08966800010057341,1,1,1,1,3,1,1,0
diabetes,11,cold,PACER-X,442,10,10,1,0.0022624434389140274,1,1.0,1,none,0,0,0,0.08615500019004685,1,1,1,1,3,1,1,0
diabetes,11,cold,StaleNoRecheck,442,10,10,1,0.0022624434389140274,1,1.0,1,none,0,0,0,0.22910999996383907,220,1,220,220,0,8,0,0
diabetes,11,cold,NaiveNoPolicy,442,10,10,1,0.0022624434389140274,10,1.0,0,ranking_truncation,9,1,7,0.0839790000100038,220,220,220,0,0,8,0,0
diabetes,12,broad,ExactSecure,442,10,10,398,0.9004524886877828,10,1.0,1,none,0,0,0,0.31137000019043626,442,398,398,442,0,0,1,0
diabetes,12,broad,PostFilter-IVF,442,10,10,398,0.9004524886877828,10,1.0,1,none,0,0,0,0.22399099998438032,220,201,220,220,0,8,0,0
diabetes,12,broad,AdaptivePostFilter-IVF,442,10,10,398,0.9004524886877828,10,1.0,1,none,0,0,0,0.7862150000619295,442,398,442,442,0,16,0,0
diabetes,12,broad,TenantPartition-IVF,442,10,10,398,0.9004524886877828,10,1.0,1,none,0,0,0,0.2773459998479666,220,201,220,220,0,8,0,0
diabetes,12,broad,PreFilter-IVF,442,10,10,398,0.9004524886877828,10,1.0,1,none,0,0,0,0.607341999966593,223,204,204,223,8,8,0,0
diabetes,12,broad,PACER-A,442,10,10,398,0.9004524886877828,10,1.0,1,none,0,0,0,1.0163130000364617,220,202,220,220,8,8,0,0
diabetes,12,broad,PACER-C,442,10,10,398,0.9004524886877828,10,1.0,1,none,0,0,0,1.1801380001088546,303,281,303,303,12,12,1,0
diabetes,12,broad,PACER-X,442,10,10,398,0.9004524886877828,10,1.0,1,none,0,0,0,1.1531160000686214,303,281,303,303,12,12,1,0
diabetes,12,broad,StaleNoRecheck,442,10,10,398,0.9004524886877828,10,1.0,1,none,0,0,0,0.225783999894702,220,220,220,220,0,8,0,0
diabetes,12,broad,NaiveNoPolicy,442,10,10,398,0.9004524886877828,10,1.0,1,none,0,0,0,0.08067199996730778,220,220,220,0,0,8,0,0
diabetes,13,medium,ExactSecure,442,10,10,58,0.13122171945701358,10,1.0,1,none,0,0,0,0.2595830001155264,442,58,58,442,0,0,1,0
diabetes,13,medium,PostFilter-IVF,442,10,10,58,0.13122171945701358,10,1.0,1,none,0,0,0,0.21546299990404805,213,28,213,213,0,8,0,0
diabetes,13,medium,AdaptivePostFilter-IVF,442,10,10,58,0.13122171945701358,10,1.0,1,none,0,0,0,0.7982929998888721,442,58,442,442,0,16,0,0
diabetes,13,medium,TenantPartition-IVF,442,10,10,58,0.13122171945701358,10,1.0,1,none,0,0,0,0.21672200000466546,213,28,213,213,0,8,0,0
diabetes,13,medium,PreFilter-IVF,442,10,10,58,0.13122171945701358,10,1.0,1,none,0,0,0,0.639064999859329,218,33,33,218,10,8,0,0
diabetes,13,medium,PACER-A,442,10,10,58,0.13122171945701358,10,1.0,1,none,0,0,0,1.0026980000930052,62,58,62,62,16,13,1,0
diabetes,13,medium,PACER-C,442,10,10,58,0.13122171945701358,10,1.0,1,none,0,0,0,1.0508330001357535,62,58,62,62,16,13,1,0
diabetes,13,medium,PACER-X,442,10,10,58,0.13122171945701358,10,1.0,1,none,0,0,0,0.9429809999801364,62,58,62,62,16,13,1,0
diabetes,13,medium,StaleNoRecheck,442,10,10,58,0.13122171945701358,10,0.9,0,ranking_truncation,0,1,0,0.19472200006021012,213,31,213,213,0,8,0,0
diabetes,13,medium,NaiveNoPolicy,442,10,10,58,0.13122171945701358,10,0.1,0,ranking_truncation,8,0,5,0.08172399998329638,213,213,213,0,0,8,0,0
diabetes,14,narrow,ExactSecure,442,10,10,10,0.02262443438914027,10,1.0,1,none,0,0,0,0.27863599984812026,442,10,10,442,0,0,1,0
diabetes,14,narrow,PostFilter-IVF,442,10,10,10,0.02262443438914027,9,0.9,0,candidate_starvation,0,0,0,0.24838499984980444,220,9,220,220,0,8,0,0
diabetes,14,narrow,AdaptivePostFilter-IVF,442,10,10,10,0.02262443438914027,10,1.0,1,none,0,0,0,0.8138079999753245,442,10,442,442,0,16,0,0
diabetes,14,narrow,TenantPartition-IVF,442,10,10,10,0.02262443438914027,9,0.9,0,candidate_starvation,0,0,0,0.17546499998388754,220,9,220,220,0,8,0,0
diabetes,14,narrow,PreFilter-IVF,442,10,10,10,0.02262443438914027,10,1.0,1,none,0,0,0,0.45503900014409737,251,10,10,251,13,8,0,0
diabetes,14,narrow,PACER-A,442,10,10,10,0.02262443438914027,10,1.0,1,none,0,0,0,0.5032149999806279,13,10,13,13,13,8,1,0
diabetes,14,narrow,PACER-C,442,10,10,10,0.02262443438914027,10,1.0,1,none,0,0,0,0.5322580000211019,13,10,13,13,13,8,1,0
diabetes,14,narrow,PACER-X,442,10,10,10,0.02262443438914027,10,1.0,1,none,0,0,0,0.5039800000758987,13,10,13,13,13,8,1,0
diabetes,14,narrow,StaleNoRecheck,442,10,10,10,0.02262443438914027,10,0.8,0,ranking_truncation,0,2,0,0.2155479999146337,220,11,220,220,0,8,0,0
diabetes,14,narrow,NaiveNoPolicy,442,10,10,10,0.02262443438914027,10,0.1,0,ranking_truncation,8,1,5,0.11728600020433078,220,220,220,0,0,8,0,0
diabetes,15,cold,ExactSecure,442,10,10,1,0.0022624434389140274,1,1.0,1,none,0,0,0,0.2627670000947546,442,1,1,442,0,0,1,0
diabetes,15,cold,PostFilter-IVF,442,10,10,1,0.0022624434389140274,1,1.0,1,none,0,0,0,0.2470640001774882,220,1,220,220,0,8,0,0
diabetes,15,cold,AdaptivePostFilter-IVF,442,10,10,1,0.0022624434389140274,1,1.0,1,none,0,0,0,0.9275779998461076,442,1,442,442,0,16,0,0
diabetes,15,cold,TenantPartition-IVF,442,10,10,1,0.0022624434389140274,1,1.0,1,none,0,0,0,0.20522099998743215,220,1,220,220,0,8,0,0
diabetes,15,cold,PreFilter-IVF,442,10,10,1,0.0022624434389140274,1,1.0,1,none,0,0,0,0.16798899991954386,44,1,1,44,16,1,0,0
diabetes,15,cold,PACER-A,442,10,10,1,0.0022624434389140274,1,1.0,1,none,0,0,0,0.09858700013865018,1,1,1,1,2,1,1,0
diabetes,15,cold,PACER-C,442,10,10,1,0.0022624434389140274,1,1.0,1,none,0,0,0,0.08699099998921156,1,1,1,1,2,1,1,0
diabetes,15,cold,PACER-X,442,10,10,1,0.0022624434389140274,1,1.0,1,none,0,0,0,0.08432100003119558,1,1,1,1,2,1,1,0
diabetes,15,cold,StaleNoRecheck,442,10,10,1,0.0022624434389140274,1,1.0,1,none,0,0,0,0.23549200000161363,220,1,220,220,0,8,0,0
diabetes,15,cold,NaiveNoPolicy,442,10,10,1,0.0022624434389140274,10,1.0,0,ranking_truncation,8,0,8,0.13286300008985563,220,220,220,0,0,8,0,0
diabetes,16,broad,ExactSecure,442,10,10,415,0.9389140271493213,10,1.0,1,none,0,0,0,0.28720099999191007,442,415,415,442,0,0,1,0
diabetes,16,broad,PostFilter-IVF,442,10,10,415,0.9389140271493213,10,1.0,1,none,0,0,0,0.25656299999354815,209,202,209,209,0,8,0,0
diabetes,16,broad,AdaptivePostFilter-IVF,442,10,10,415,0.9389140271493213,10,1.0,1,none,0,0,0,0.773889000129202,442,415,442,442,0,16,0,0
diabetes,16,broad,TenantPartition-IVF,442,10,10,415,0.9389140271493213,10,1.0,1,none,0,0,0,0.2511789998607128,209,202,209,209,0,8,0,0
diabetes,16,broad,PreFilter-IVF,442,10,10,415,0.9389140271493213,10,1.0,1,none,0,0,0,0.610737999977573,192,183,183,192,8,8,0,0
diabetes,16,broad,PACER-A,442,10,10,415,0.9389140271493213,10,1.0,1,none,0,0,0,0.8618280000973755,220,210,220,220,9,9,0,0
diabetes,16,broad,PACER-C,442,10,10,415,0.9389140271493213,10,1.0,1,none,0,0,0,1.126260000091861,336,316,336,336,12,12,1,0
diabetes,16,broad,PACER-X,442,10,10,415,0.9389140271493213,10,1.0,1,none,0,0,0,1.2546430000384134,336,316,336,336,12,12,1,0
diabetes,16,broad,StaleNoRecheck,442,10,10,415,0.9389140271493213,10,0.8,0,ranking_truncation,0,2,0,0.20062400017195614,209,209,209,209,0,8,0,0
diabetes,16,broad,NaiveNoPolicy,442,10,10,415,0.9389140271493213,10,0.8,0,ranking_truncation,0,2,0,0.06857099992885196,209,209,209,0,0,8,0,0
diabetes,17,medium,ExactSecure,442,10,10,51,0.11538461538461539,10,1.0,1,none,0,0,0,0.38832700010971166,442,51,51,442,0,0,1,0
diabetes,17,medium,PostFilter-IVF,442,10,10,51,0.11538461538461539,10,1.0,1,none,0,0,0,0.20091000010324933,204,31,204,204,0,8,0,0
diabetes,17,medium,AdaptivePostFilter-IVF,442,10,10,51,0.11538461538461539,10,1.0,1,none,0,0,0,0.8059310000589903,442,51,442,442,0,16,0,0
diabetes,17,medium,TenantPartition-IVF,442,10,10,51,0.11538461538461539,10,1.0,1,none,0,0,0,0.2331820001018059,204,31,204,204,0,8,0,0
diabetes,17,medium,PreFilter-IVF,442,10,10,51,0.11538461538461539,10,1.0,1,none,0,0,0,0.6046769999557,204,31,31,204,8,8,0,0
diabetes,17,medium,PACER-A,442,10,10,51,0.11538461538461539,10,1.0,1,none,0,0,0,1.0568089999196673,61,50,61,61,15,15,1,0
diabetes,17,medium,PACER-C,442,10,10,51,0.11538461538461539,10,1.0,1,none,0,0,0,1.030450999905952,61,50,61,61,15,15,1,0
diabetes,17,medium,PACER-X,442,10,10,51,0.11538461538461539,10,1.0,1,none,0,0,0,0.9806900000057794,61,50,61,61,15,15,1,0
diabetes,17,medium,StaleNoRecheck,442,10,10,51,0.11538461538461539,10,0.9,0,ranking_truncation,0,1,0,0.20325600007709,204,36,204,204,0,8,0,0
diabetes,17,medium,NaiveNoPolicy,442,10,10,51,0.11538461538461539,10,0.1,0,ranking_truncation,9,2,3,0.08223400004681025,204,204,204,0,0,8,0,0
diabetes,18,narrow,ExactSecure,442,10,10,4,0.00904977375565611,4,1.0,1,none,0,0,0,0.3046540000468667,442,4,4,442,0,0,1,0
diabetes,18,narrow,PostFilter-IVF,442,10,10,4,0.00904977375565611,3,0.75,0,candidate_starvation,0,0,0,0.32792199999676086,220,3,220,220,0,8,0,0
diabetes,18,narrow,AdaptivePostFilter-IVF,442,10,10,4,0.00904977375565611,4,1.0,1,none,0,0,0,0.8620010000868206,442,4,442,442,0,16,0,0
diabetes,18,narrow,TenantPartition-IVF,442,10,10,4,0.00904977375565611,3,0.75,0,candidate_starvation,0,0,0,0.16721899987715005,220,3,220,220,0,8,0,0
diabetes,18,narrow,PreFilter-IVF,442,10,10,4,0.00904977375565611,4,1.0,1,none,0,0,0,0.23886200006018043,95,4,4,95,16,3,0,0
diabetes,18,narrow,PACER-A,442,10,10,4,0.00904977375565611,4,1.0,1,none,0,0,0,0.33490400005575793,5,4,5,5,10,3,1,0
diabetes,18,narrow,PACER-C,442,10,10,4,0.00904977375565611,4,1.0,1,none,0,0,0,0.21861100003661704,5,4,5,5,10,3,1,0
diabetes,18,narrow,PACER-X,442,10,10,4,0.00904977375565611,4,1.0,1,none,0,0,0,0.20622600004571723,5,4,5,5,10,3,1,0
diabetes,18,narrow,StaleNoRecheck,442,10,10,4,0.00904977375565611,4,0.75,0,ranking_truncation,0,1,0,0.2637050001794705,220,4,220,220,0,8,0,0
diabetes,18,narrow,NaiveNoPolicy,442,10,10,4,0.00904977375565611,10,0.0,0,ranking_truncation,9,1,9,0.09042800002134754,220,220,220,0,0,8,0,0
diabetes,19,cold,ExactSecure,442,10,10,2,0.004524886877828055,2,1.0,1,none,0,0,0,0.4397039999730623,442,2,2,442,0,0,1,0
diabetes,19,cold,PostFilter-IVF,442,10,10,2,0.004524886877828055,2,1.0,1,none,0,0,0,0.3394619998289272,220,2,220,220,0,8,0,0
diabetes,19,cold,AdaptivePostFilter-IVF,442,10,10,2,0.004524886877828055,2,1.0,1,none,0,0,0,1.0041640000508778,442,2,442,442,0,16,0,0
diabetes,19,cold,TenantPartition-IVF,442,10,10,2,0.004524886877828055,2,1.0,1,none,0,0,0,0.24118800001815544,220,2,220,220,0,8,0,0
diabetes,19,cold,PreFilter-IVF,442,10,10,2,0.004524886877828055,2,1.0,1,none,0,0,0,0.15079499985404254,19,2,2,19,16,1,0,0
diabetes,19,cold,PACER-A,442,10,10,2,0.004524886877828055,2,1.0,1,none,0,0,0,0.1375330000428221,2,2,2,2,1,1,1,0
diabetes,19,cold,PACER-C,442,10,10,2,0.004524886877828055,2,1.0,1,none,0,0,0,0.14651400010734505,2,2,2,2,1,1,1,0
diabetes,19,cold,PACER-X,442,10,10,2,0.004524886877828055,2,1.0,1,none,0,0,0,0.13760300021203875,2,2,2,2,1,1,1,0
diabetes,19,cold,StaleNoRecheck,442,10,10,2,0.004524886877828055,2,1.0,1,none,0,0,0,0.25828399998317764,220,2,220,220,0,8,0,0
diabetes,19,cold,NaiveNoPolicy,442,10,10,2,0.004524886877828055,10,1.0,0,ranking_truncation,7,0,8,0.10836499996003113,220,220,220,0,0,8,0,0
diabetes,20,broad,ExactSecure,442,10,10,407,0.920814479638009,10,1.0,1,none,0,0,0,0.30784199998379336,442,407,407,442,0,0,1,0
diabetes,20,broad,PostFilter-IVF,442,10,10,407,0.920814479638009,10,1.0,1,none,0,0,0,0.29621600015161675,220,198,220,220,0,8,0,0
diabetes,20,broad,AdaptivePostFilter-IVF,442,10,10,407,0.920814479638009,10,1.0,1,none,0,0,0,1.1697170000388724,442,407,442,442,0,16,0,0
diabetes,20,broad,TenantPartition-IVF,442,10,10,407,0.920814479638009,10,1.0,1,none,0,0,0,0.2716789999794855,220,198,220,220,0,8,0,0
diabetes,20,broad,PreFilter-IVF,442,10,10,407,0.920814479638009,10,1.0,1,none,0,0,0,1.1702919998697325,212,191,191,212,8,8,0,0
diabetes,20,broad,PACER-A,442,10,10,407,0.920814479638009,10,1.0,1,none,0,0,0,1.1141979998683382,220,198,220,220,9,9,0,0
diabetes,20,broad,PACER-C,442,10,10,407,0.920814479638009,10,1.0,1,none,0,0,0,1.3389570001436368,348,317,348,348,12,12,1,0
diabetes,20,broad,PACER-X,442,10,10,407,0.920814479638009,10,1.0,1,none,0,0,0,1.3790199998311437,348,317,348,348,12,12,1,0
diabetes,20,broad,StaleNoRecheck,442,10,10,407,0.920814479638009,10,0.8,0,ranking_truncation,0,2,0,0.20378299996082205,220,220,220,220,0,8,0,0
diabetes,20,broad,NaiveNoPolicy,442,10,10,407,0.920814479638009,10,0.8,0,ranking_truncation,0,2,0,0.06923699993421906,220,220,220,0,0,8,0,0
diabetes,21,medium,ExactSecure,442,10,10,81,0.1832579185520362,10,1.0,1,none,0,0,0,0.2990899999986141,442,81,81,442,0,0,1,0
diabetes,21,medium,PostFilter-IVF,442,10,10,81,0.1832579185520362,10,1.0,1,none,0,0,0,0.20524600017779449,212,39,212,212,0,8,0,0
diabetes,21,medium,AdaptivePostFilter-IVF,442,10,10,81,0.1832579185520362,10,1.0,1,none,0,0,0,0.8364619998246781,442,81,442,442,0,16,0,0
diabetes,21,medium,TenantPartition-IVF,442,10,10,81,0.1832579185520362,10,1.0,1,none,0,0,0,0.2084600000671344,212,39,212,212,0,8,0,0
diabetes,21,medium,PreFilter-IVF,442,10,10,81,0.1832579185520362,10,1.0,1,none,0,0,0,0.84064199995737,216,41,41,216,8,8,0,0
diabetes,21,medium,PACER-A,442,10,10,81,0.1832579185520362,10,1.0,1,none,0,0,0,1.1740039999494911,59,56,59,59,12,12,1,0
diabetes,21,medium,PACER-C,442,10,10,81,0.1832579185520362,10,1.0,1,none,0,0,0,1.223414999913075,59,56,59,59,12,12,1,0
diabetes,21,medium,PACER-X,442,10,10,81,0.1832579185520362,10,1.0,1,none,0,0,0,1.091309999992518,59,56,59,59,12,12,1,0
diabetes,21,medium,StaleNoRecheck,442,10,10,81,0.1832579185520362,10,0.8,0,ranking_truncation,0,2,0,0.3064970001105394,212,42,212,212,0,8,0,0
diabetes,21,medium,NaiveNoPolicy,442,10,10,81,0.1832579185520362,10,0.2,0,ranking_truncation,6,2,2,0.0772389998928702,212,212,212,0,0,8,0,0
diabetes,22,narrow,ExactSecure,442,10,10,4,0.00904977375565611,4,1.0,1,none,0,0,0,0.3530220001266571,442,4,4,442,0,0,1,0
diabetes,22,narrow,PostFilter-IVF,442,10,10,4,0.00904977375565611,3,0.75,0,candidate_starvation,0,0,0,0.22944699981053418,214,3,214,214,0,8,0,0
diabetes,22,narrow,AdaptivePostFilter-IVF,442,10,10,4,0.00904977375565611,4,1.0,1,none,0,0,0,0.8803289999832487,442,4,442,442,0,16,0,0
diabetes,22,narrow,TenantPartition-IVF,442,10,10,4,0.00904977375565611,3,0.75,0,candidate_starvation,0,0,0,0.48629900015839667,214,3,214,214,0,8,0,0
diabetes,22,narrow,PreFilter-IVF,442,10,10,4,0.00904977375565611,4,1.0,1,none,0,0,0,0.42469799996069924,117,4,4,117,16,4,0,0
diabetes,22,narrow,PACER-A,442,10,10,4,0.00904977375565611,4,1.0,1,none,0,0,0,0.4574729998694238,4,4,4,4,10,4,1,0
diabetes,22,narrow,PACER-C,442,10,10,4,0.00904977375565611,4,1.0,1,none,0,0,0,0.36505000002762245,4,4,4,4,10,4,1,0
diabetes,22,narrow,PACER-X,442,10,10,4,0.00904977375565611,4,1.0,1,none,0,0,0,0.4583400000228721,4,4,4,4,10,4,1,0
diabetes,22,narrow,StaleNoRecheck,442,10,10,4,0.00904977375565611,3,0.75,0,candidate_starvation,0,0,0,0.21306500002538087,214,3,214,214,0,8,0,0
diabetes,22,narrow,NaiveNoPolicy,442,10,10,4,0.00904977375565611,10,0.25,0,ranking_truncation,9,0,6,0.09574799992151384,214,214,214,0,0,8,0,0
diabetes,23,cold,ExactSecure,442,10,10,2,0.004524886877828055,2,1.0,1,none,0,0,0,0.5045560001235572,442,2,2,442,0,0,1,0
diabetes,23,cold,PostFilter-IVF,442,10,10,2,0.004524886877828055,2,1.0,1,none,0,0,0,0.20699199990303896,220,2,220,220,0,8,0,0
diabetes,23,cold,AdaptivePostFilter-IVF,442,10,10,2,0.004524886877828055,2,1.0,1,none,0,0,0,1.0208429998783686,442,2,442,442,0,16,0,0
diabetes,23,cold,TenantPartition-IVF,442,10,10,2,0.004524886877828055,2,1.0,1,none,0,0,0,0.1992769998651056,220,2,220,220,0,8,0,0
diabetes,23,cold,PreFilter-IVF,442,10,10,2,0.004524886877828055,2,1.0,1,none,0,0,0,0.1989960001083091,17,2,2,17,16,1,0,0
diabetes,23,cold,PACER-A,442,10,10,2,0.004524886877828055,2,1.0,1,none,0,0,0,0.1343779999842809,2,2,2,2,2,1,1,0
diabetes,23,cold,PACER-C,442,10,10,2,0.004524886877828055,2,1.0,1,none,0,0,0,0.11975500001426553,2,2,2,2,2,1,1,0
diabetes,23,cold,PACER-X,442,10,10,2,0.004524886877828055,2,1.0,1,none,0,0,0,0.15179100000750623,2,2,2,2,2,1,1,0
diabetes,23,cold,StaleNoRecheck,442,10,10,2,0.004524886877828055,2,1.0,1,none,0,0,0,0.2142109999567765,220,2,220,220,0,8,0,0
diabetes,23,cold,NaiveNoPolicy,442,10,10,2,0.004524886877828055,10,0.5,0,ranking_truncation,9,2,7,0.08302400010506972,220,220,220,0,0,8,0,0
diabetes,24,broad,ExactSecure,442,10,10,398,0.9004524886877828,10,1.0,1,none,0,0,0,0.35565500002121553,442,398,398,442,0,0,1,0
diabetes,24,broad,PostFilter-IVF,442,10,10,398,0.9004524886877828,10,0.9,0,ranking_truncation,0,0,0,0.2756280000539846,220,197,220,220,0,8,0,0
diabetes,24,broad,AdaptivePostFilter-IVF,442,10,10,398,0.9004524886877828,10,1.0,1,none,0,0,0,0.9303539998199994,442,398,442,442,0,16,0,0
diabetes,24,broad,TenantPartition-IVF,442,10,10,398,0.9004524886877828,10,0.9,0,ranking_truncation,0,0,0,0.31459500019082043,220,197,220,220,0,8,0,0
diabetes,24,broad,PreFilter-IVF,442,10,10,398,0.9004524886877828,10,0.9,0,ranking_truncation,0,0,0,0.8553369998480775,224,201,201,224,8,8,0,0
diabetes,24,broad,PACER-A,442,10,10,398,0.9004524886877828,10,0.9,0,ranking_truncation,0,0,0,0.963508000040747,220,197,220,220,8,8,0,0
diabetes,24,broad,PACER-C,442,10,10,398,0.9004524886877828,10,1.0,1,none,0,0,0,1.8182169999363396,442,398,442,442,16,16,1,0
diabetes,24,broad,PACER-X,442,10,10,398,0.9004524886877828,10,1.0,1,none,0,0,0,1.664714000071399,442,398,442,442,16,16,1,0
diabetes,24,broad,StaleNoRecheck,442,10,10,398,0.9004524886877828,10,0.9,0,ranking_truncation,0,1,0,0.4793269999936456,220,220,220,220,0,8,0,0
diabetes,24,broad,NaiveNoPolicy,442,10,10,398,0.9004524886877828,10,0.9,0,ranking_truncation,0,1,0,0.17762600009518792,220,220,220,0,0,8,0,0
diabetes,25,medium,ExactSecure,442,10,10,92,0.2081447963800905,10,1.0,1,none,0,0,0,0.36937899994882173,442,92,92,442,0,0,1,0
diabetes,25,medium,PostFilter-IVF,442,10,10,92,0.2081447963800905,10,1.0,1,none,0,0,0,0.25025599984473956,218,83,218,218,0,8,0,0
diabetes,25,medium,AdaptivePostFilter-IVF,442,10,10,92,0.2081447963800905,10,1.0,1,none,0,0,0,0.9950579999440379,442,92,442,442,0,16,0,0
diabetes,25,medium,TenantPartition-IVF,442,10,10,92,0.2081447963800905,10,1.0,1,none,0,0,0,0.2423129999442608,218,83,218,218,0,8,0,0
diabetes,25,medium,PreFilter-IVF,442,10,10,92,0.2081447963800905,10,1.0,1,none,0,0,0,0.4903240001112863,218,83,83,218,8,8,0,0
diabetes,25,medium,PACER-A,442,10,10,92,0.2081447963800905,10,1.0,1,none,0,0,0,0.9341219999896566,86,83,86,86,8,8,1,0
diabetes,25,medium,PACER-C,442,10,10,92,0.2081447963800905,10,1.0,1,none,0,0,0,1.0698559999582358,86,83,86,86,8,8,1,0
diabetes,25,medium,PACER-X,442,10,10,92,0.2081447963800905,10,1.0,1,none,0,0,0,1.1419659999774012,86,83,86,86,8,8,1,0
diabetes,25,medium,StaleNoRecheck,442,10,10,92,0.2081447963800905,10,1.0,1,none,0,0,0,0.3204399999958696,218,86,218,218,0,8,0,0
diabetes,25,medium,NaiveNoPolicy,442,10,10,92,0.2081447963800905,10,0.7,0,ranking_truncation,1,0,2,0.08108199995149334,218,218,218,0,0,8,0,0
diabetes,26,narrow,ExactSecure,442,10,10,16,0.03619909502262444,10,1.0,1,none,0,0,0,0.25578000008863455,442,16,16,442,0,0,1,0
diabetes,26,narrow,PostFilter-IVF,442,10,10,16,0.03619909502262444,10,1.0,1,none,0,0,0,0.21444300000439398,217,15,217,217,0,8,0,0
diabetes,26,narrow,AdaptivePostFilter-IVF,442,10,10,16,0.03619909502262444,10,1.0,1,none,0,0,0,0.853413000186265,442,16,442,442,0,16,0,0
diabetes,26,narrow,TenantPartition-IVF,442,10,10,16,0.03619909502262444,10,1.0,1,none,0,0,0,0.1823910001803597,217,15,217,217,0,8,0,0
diabetes,26,narrow,PreFilter-IVF,442,10,10,16,0.03619909502262444,10,1.0,1,none,0,0,0,0.349571000015203,149,16,16,149,16,4,0,0
diabetes,26,narrow,PACER-A,442,10,10,16,0.03619909502262444,10,1.0,1,none,0,0,0,0.4683699999077362,16,16,16,16,7,4,1,0
diabetes,26,narrow,PACER-C,442,10,10,16,0.03619909502262444,10,1.0,1,none,0,0,0,0.3350290000980749,16,16,16,16,7,4,1,0
diabetes,26,narrow,PACER-X,442,10,10,16,0.03619909502262444,10,1.0,1,none,0,0,0,0.5022049999752198,16,16,16,16,7,4,1,0
diabetes,26,narrow,StaleNoRecheck,442,10,10,16,0.03619909502262444,10,1.0,1,none,0,0,0,0.2617269999518612,217,15,217,217,0,8,0,0
diabetes,26,narrow,NaiveNoPolicy,442,10,10,16,0.03619909502262444,10,0.4,0,ranking_truncation,6,0,6,0.0942189999477705,217,217,217,0,0,8,0,0
diabetes,27,cold,ExactSecure,442,10,10,7,0.01583710407239819,7,1.0,1,none,0,0,0,0.3567349999684666,442,7,7,442,0,0,1,0
diabetes,27,cold,PostFilter-IVF,442,10,10,7,0.01583710407239819,7,1.0,1,none,0,0,0,0.2713649998895562,218,7,218,218,0,8,0,0
diabetes,27,cold,AdaptivePostFilter-IVF,442,10,10,7,0.01583710407239819,7,1.0,1,none,0,0,0,0.8251090000612749,442,7,442,442,0,16,0,0
diabetes,27,cold,TenantPartition-IVF,442,10,10,7,0.01583710407239819,7,1.0,1,none,0,0,0,0.1689129999249417,218,7,218,218,0,8,0,0
diabetes,27,cold,PreFilter-IVF,442,10,10,7,0.01583710407239819,7,1.0,1,none,0,0,0,0.2260639998894476,95,7,7,95,16,2,0,0
diabetes,27,cold,PACER-A,442,10,10,7,0.01583710407239819,7,1.0,1,none,0,0,0,0.22631199999523233,7,7,7,7,3,2,1,0
diabetes,27,cold,PACER-C,442,10,10,7,0.01583710407239819,7,1.0,1,none,0,0,0,0.1748650001900387,7,7,7,7,3,2,1,0
diabetes,27,cold,PACER-X,442,10,10,7,0.01583710407239819,7,1.0,1,none,0,0,0,0.15651100011382368,7,7,7,7,3,2,1,0
diabetes,27,cold,StaleNoRecheck,442,10,10,7,0.01583710407239819,7,1.0,1,none,0,0,0,0.3542429999470187,218,7,218,218,0,8,0,0
diabetes,27,cold,NaiveNoPolicy,442,10,10,7,0.01583710407239819,10,0.42857142857142855,0,ranking_truncation,6,0,5,0.12729399986710632,218,218,218,0,0,8,0,0
diabetes,28,broad,ExactSecure,442,10,10,399,0.9027149321266968,10,1.0,1,none,0,0,0,0.5366720001802605,442,399,399,442,0,0,1,0
diabetes,28,broad,PostFilter-IVF,442,10,10,399,0.9027149321266968,10,1.0,1,none,0,0,0,0.473238999802561,220,199,220,220,0,8,0,0
diabetes,28,broad,AdaptivePostFilter-IVF,442,10,10,399,0.9027149321266968,10,1.0,1,none,0,0,0,1.4369189998433285,442,399,442,442,0,16,0,0
diabetes,28,broad,TenantPartition-IVF,442,10,10,399,0.9027149321266968,10,1.0,1,none,0,0,0,0.4764349998822581,220,199,220,220,0,8,0,0
diabetes,28,broad,PreFilter-IVF,442,10,10,399,0.9027149321266968,10,1.0,1,none,0,0,0,1.1241909999171185,233,211,211,233,8,8,0,0
diabetes,28,broad,PACER-A,442,10,10,399,0.9027149321266968,10,1.0,1,none,0,0,0,0.8949909999955707,220,198,220,220,8,8,0,0
diabetes,28,broad,PACER-C,442,10,10,399,0.9027149321266968,10,1.0,1,none,0,0,0,1.004413999908138,252,229,252,252,9,9,1,0
diabetes,28,broad,PACER-X,442,10,10,399,0.9027149321266968,10,1.0,1,none,0,0,0,0.9364709999317711,252,229,252,252,9,9,1,0
diabetes,28,broad,StaleNoRecheck,442,10,10,399,0.9027149321266968,10,0.9,0,ranking_truncation,0,1,0,0.2351819998693827,220,220,220,220,0,8,0,0
diabetes,28,broad,NaiveNoPolicy,442,10,10,399,0.9027149321266968,10,0.9,0,ranking_truncation,0,1,0,0.0833159999729105,220,220,220,0,0,8,0,0
diabetes,29,medium,ExactSecure,442,10,10,62,0.14027149321266968,10,1.0,1,none,0,0,0,0.2546059999986028,442,62,62,442,0,0,1,0
diabetes,29,medium,PostFilter-IVF,442,10,10,62,0.14027149321266968,10,1.0,1,none,0,0,0,0.19696899994414707,209,22,209,209,0,8,0,0
diabetes,29,medium,AdaptivePostFilter-IVF,442,10,10,62,0.14027149321266968,10,1.0,1,none,0,0,0,0.7483120000415511,442,62,442,442,0,16,0,0
diabetes,29,medium,TenantPartition-IVF,442,10,10,62,0.14027149321266968,10,1.0,1,none,0,0,0,0.19863800002895005,209,22,209,209,0,8,0,0
diabetes,29,medium,PreFilter-IVF,442,10,10,62,0.14027149321266968,10,1.0,1,none,0,0,0,0.6643300000632735,224,33,33,224,9,8,0,0
diabetes,29,medium,PACER-A,442,10,10,62,0.14027149321266968,10,1.0,1,none,0,0,0,0.9539719999338558,44,40,44,44,13,12,1,0
diabetes,29,medium,PACER-C,442,10,10,62,0.14027149321266968,10,1.0,1,none,0,0,0,0.827631999982259,44,40,44,44,13,12,1,0
diabetes,29,medium,PACER-X,442,10,10,62,0.14027149321266968,10,1.0,1,none,0,0,0,0.8795109999937267,44,40,44,44,13,12,1,0
diabetes,29,medium,StaleNoRecheck,442,10,10,62,0.14027149321266968,10,0.8,0,ranking_truncation,0,2,0,0.20601500000339001,209,26,209,209,0,8,0,0
diabetes,29,medium,NaiveNoPolicy,442,10,10,62,0.14027149321266968,10,0.3,0,ranking_truncation,6,0,2,0.10337899993828614,209,209,209,0,0,8,0,0
diabetes,30,narrow,ExactSecure,442,10,10,17,0.038461538461538464,10,1.0,1,none,0,0,0,0.25639200021032593,442,17,17,442,0,0,1,0
diabetes,30,narrow,PostFilter-IVF,442,10,10,17,0.038461538461538464,10,1.0,1,none,0,0,0,0.22319200002129946,220,16,220,220,0,8,0,0
diabetes,30,narrow,AdaptivePostFilter-IVF,442,10,10,17,0.038461538461538464,10,1.0,1,none,0,0,0,0.8262399999239278,442,17,442,442,0,16,0,0
diabetes,30,narrow,TenantPartition-IVF,442,10,10,17,0.038461538461538464,10,1.0,1,none,0,0,0,0.17259199989894114,220,16,220,220,0,8,0,0
diabetes,30,narrow,PreFilter-IVF,442,10,10,17,0.038461538461538464,10,1.0,1,none,0,0,0,0.3258439999171969,149,17,17,149,16,4,0,0
diabetes,30,narrow,PACER-A,442,10,10,17,0.038461538461538464,10,1.0,1,none,0,0,0,0.3161560000535246,17,17,17,17,10,4,1,0
diabetes,30,narrow,PACER-C,442,10,10,17,0.038461538461538464,10,1.0,1,none,0,0,0,0.3521720000208006,17,17,17,17,10,4,1,0
diabetes,30,narrow,PACER-X,442,10,10,17,0.038461538461538464,10,1.0,1,none,0,0,0,0.3557239999736339,17,17,17,17,10,4,1,0
diabetes,30,narrow,StaleNoRecheck,442,10,10,17,0.038461538461538464,10,1.0,1,none,0,0,0,0.21671100012099487,220,16,220,220,0,8,0,0
diabetes,30,narrow,NaiveNoPolicy,442,10,10,17,0.038461538461538464,10,0.1,0,ranking_truncation,9,0,7,0.09787500016500417,220,220,220,0,0,8,0,0
diabetes,31,cold,ExactSecure,442,10,10,1,0.0022624434389140274,1,1.0,1,none,0,0,0,0.28174099998068414,442,1,1,442,0,0,1,0
diabetes,31,cold,PostFilter-IVF,442,10,10,1,0.0022624434389140274,1,1.0,1,none,0,0,0,0.20778099997187383,196,1,196,196,0,8,0,0
diabetes,31,cold,AdaptivePostFilter-IVF,442,10,10,1,0.0022624434389140274,1,1.0,1,none,0,0,0,0.9527380000236008,442,1,442,442,0,16,0,0
diabetes,31,cold,TenantPartition-IVF,442,10,10,1,0.0022624434389140274,1,1.0,1,none,0,0,0,0.1896950000173092,196,1,196,196,0,8,0,0
diabetes,31,cold,PreFilter-IVF,442,10,10,1,0.0022624434389140274,1,1.0,1,none,0,0,0,0.19744199994420342,48,1,1,48,16,1,0,0
diabetes,31,cold,PACER-A,442,10,10,1,0.0022624434389140274,1,1.0,1,none,0,0,0,0.12472499997784325,1,1,1,1,2,1,1,0
diabetes,31,cold,PACER-C,442,10,10,1,0.0022624434389140274,1,1.0,1,none,0,0,0,0.12074899996150634,1,1,1,1,2,1,1,0
diabetes,31,cold,PACER-X,442,10,10,1,0.0022624434389140274,1,1.0,1,none,0,0,0,0.15940100001898827,1,1,1,1,2,1,1,0
diabetes,31,cold,StaleNoRecheck,442,10,10,1,0.0022624434389140274,1,1.0,1,none,0,0,0,0.33672799986561586,196,1,196,196,0,8,0,0
diabetes,31,cold,NaiveNoPolicy,442,10,10,1,0.0022624434389140274,10,1.0,0,ranking_truncation,9,0,7,0.1313889999892126,196,196,196,0,0,8,0,0
diabetes,32,broad,ExactSecure,442,10,10,401,0.9072398190045249,10,1.0,1,none,0,0,0,0.2983659999244992,442,401,401,442,0,0,1,0
diabetes,32,broad,PostFilter-IVF,442,10,10,401,0.9072398190045249,10,1.0,1,none,0,0,0,0.203758999987258,216,199,216,216,0,8,0,0
diabetes,32,broad,AdaptivePostFilter-IVF,442,10,10,401,0.9072398190045249,10,1.0,1,none,0,0,0,0.8716190000086499,442,401,442,442,0,16,0,0
diabetes,32,broad,TenantPartition-IVF,442,10,10,401,0.9072398190045249,10,1.0,1,none,0,0,0,0.23864800004957942,216,199,216,216,0,8,0,0
diabetes,32,broad,PreFilter-IVF,442,10,10,401,0.9072398190045249,10,1.0,1,none,0,0,0,0.6063890000405081,214,198,198,214,8,8,0,0
diabetes,32,broad,PACER-A,442,10,10,401,0.9072398190045249,10,1.0,1,none,0,0,0,0.8872319999682077,220,204,220,220,9,9,0,0
diabetes,32,broad,PACER-C,442,10,10,401,0.9072398190045249,10,1.0,1,none,0,0,0,1.0389179999492626,278,257,278,278,11,11,1,0
diabetes,32,broad,PACER-X,442,10,10,401,0.9072398190045249,10,1.0,1,none,0,0,0,1.1137039998629916,278,257,278,278,11,11,1,0
diabetes,32,broad,StaleNoRecheck,442,10,10,401,0.9072398190045249,10,1.0,1,none,0,0,0,0.19965000001320732,216,216,216,216,0,8,0,0
diabetes,32,broad,NaiveNoPolicy,442,10,10,401,0.9072398190045249,10,1.0,1,none,0,0,0,0.0683240000398655,216,216,216,0,0,8,0,0
diabetes,33,medium,ExactSecure,442,10,10,72,0.16289592760180996,10,1.0,1,none,0,0,0,0.27305399999022484,442,72,72,442,0,0,1,0
diabetes,33,medium,PostFilter-IVF,442,10,10,72,0.16289592760180996,10,1.0,1,none,0,0,0,0.2022030000716768,220,41,220,220,0,8,0,0
diabetes,33,medium,AdaptivePostFilter-IVF,442,10,10,72,0.16289592760180996,10,1.0,1,none,0,0,0,0.9561990000293008,442,72,442,442,0,16,0,0
diabetes,33,medium,TenantPartition-IVF,442,10,10,72,0.16289592760180996,10,1.0,1,none,0,0,0,0.26672900003177347,220,41,220,220,0,8,0,0
diabetes,33,medium,PreFilter-IVF,442,10,10,72,0.16289592760180996,10,1.0,1,none,0,0,0,0.7776410000133183,226,51,51,226,9,8,0,0
diabetes,33,medium,PACER-A,442,10,10,72,0.16289592760180996,10,1.0,1,none,0,0,0,1.0600170000998332,65,62,65,65,12,11,1,0
diabetes,33,medium,PACER-C,442,10,10,72,0.16289592760180996,10,1.0,1,none,0,0,0,1.013269999930344,65,62,65,65,12,11,1,0
diabetes,33,medium,PACER-X,442,10,10,72,0.16289592760180996,10,1.0,1,none,0,0,0,1.0212219999630179,65,62,65,65,12,11,1,0
diabetes,33,medium,StaleNoRecheck,442,10,10,72,0.16289592760180996,10,0.9,0,ranking_truncation,0,1,0,0.25674599987723923,220,43,220,220,0,8,0,0
diabetes,33,medium,NaiveNoPolicy,442,10,10,72,0.16289592760180996,10,0.3,0,ranking_truncation,6,0,4,0.09108200015361945,220,220,220,0,0,8,0,0
diabetes,34,narrow,ExactSecure,442,10,10,6,0.013574660633484163,6,1.0,1,none,0,0,0,0.2522740001040802,442,6,6,442,0,0,1,0
diabetes,34,narrow,PostFilter-IVF,442,10,10,6,0.013574660633484163,6,1.0,1,none,0,0,0,0.24875099984456028,220,6,220,220,0,8,0,0
diabetes,34,narrow,AdaptivePostFilter-IVF,442,10,10,6,0.013574660633484163,6,1.0,1,none,0,0,0,0.7484870000098454,442,6,442,442,0,16,0,0
diabetes,34,narrow,TenantPartition-IVF,442,10,10,6,0.013574660633484163,6,1.0,1,none,0,0,0,0.262910999936139,220,6,220,220,0,8,0,0
diabetes,34,narrow,PreFilter-IVF,442,10,10,6,0.013574660633484163,6,1.0,1,none,0,0,0,0.32577399997535395,128,6,6,128,16,4,0,0
diabetes,34,narrow,PACER-A,442,10,10,6,0.013574660633484163,6,1.0,1,none,0,0,0,0.30291699999906996,6,6,6,6,9,4,1,0
diabetes,34,narrow,PACER-C,442,10,10,6,0.013574660633484163,6,1.0,1,none,0,0,0,0.3733739999915997,6,6,6,6,9,4,1,0
diabetes,34,narrow,PACER-X,442,10,10,6,0.013574660633484163,6,1.0,1,none,0,0,0,0.4360490002000006,6,6,6,6,9,4,1,0
diabetes,34,narrow,StaleNoRecheck,442,10,10,6,0.013574660633484163,6,1.0,1,none,0,0,0,0.3614390000166168,220,6,220,220,0,8,0,0
diabetes,34,narrow,NaiveNoPolicy,442,10,10,6,0.013574660633484163,10,0.16666666666666666,0,ranking_truncation,9,1,4,0.11261300005571684,220,220,220,0,0,8,0,0
diabetes,35,cold,ExactSecure,442,10,10,1,0.0022624434389140274,1,1.0,1,none,0,0,0,0.40831399996932305,442,1,1,442,0,0,1,0
diabetes,35,cold,PostFilter-IVF,442,10,10,1,0.0022624434389140274,1,1.0,1,none,0,0,0,0.30152900012581085,219,1,219,219,0,8,0,0
diabetes,35,cold,AdaptivePostFilter-IVF,442,10,10,1,0.0022624434389140274,1,1.0,1,none,0,0,0,1.1392970000088098,442,1,442,442,0,16,0,0
diabetes,35,cold,TenantPartition-IVF,442,10,10,1,0.0022624434389140274,1,1.0,1,none,0,0,0,0.22275699984675157,219,1,219,219,0,8,0,0
diabetes,35,cold,PreFilter-IVF,442,10,10,1,0.0022624434389140274,1,1.0,1,none,0,0,0,0.16610100010439055,23,1,1,23,16,1,0,0
diabetes,35,cold,PACER-A,442,10,10,1,0.0022624434389140274,1,1.0,1,none,0,0,0,0.10059399983219919,1,1,1,1,1,1,1,0
diabetes,35,cold,PACER-C,442,10,10,1,0.0022624434389140274,1,1.0,1,none,0,0,0,0.08732099990993447,1,1,1,1,1,1,1,0
diabetes,35,cold,PACER-X,442,10,10,1,0.0022624434389140274,1,1.0,1,none,0,0,0,0.08378500001526845,1,1,1,1,1,1,1,0
diabetes,35,cold,StaleNoRecheck,442,10,10,1,0.0022624434389140274,1,1.0,1,none,0,0,0,0.18360200010647532,219,1,219,219,0,8,0,0
diabetes,35,cold,NaiveNoPolicy,442,10,10,1,0.0022624434389140274,10,1.0,0,ranking_truncation,9,1,7,0.10050500009128882,219,219,219,0,0,8,0,0
diabetes,36,broad,ExactSecure,442,10,10,398,0.9004524886877828,10,1.0,1,none,0,0,0,0.2672609998626285,442,398,398,442,0,0,1,0
diabetes,36,broad,PostFilter-IVF,442,10,10,398,0.9004524886877828,10,1.0,1,none,0,0,0,0.20293600005061307,211,186,211,211,0,8,0,0
diabetes,36,broad,AdaptivePostFilter-IVF,442,10,10,398,0.9004524886877828,10,1.0,1,none,0,0,0,1.1853739999878599,442,398,442,442,0,16,0,0
diabetes,36,broad,TenantPartition-IVF,442,10,10,398,0.9004524886877828,10,1.0,1,none,0,0,0,0.47564299984514946,211,186,211,211,0,8,0,0
diabetes,36,broad,PreFilter-IVF,442,10,10,398,0.9004524886877828,10,1.0,1,none,0,0,0,0.9629519997815805,217,191,191,217,8,8,0,0
diabetes,36,broad,PACER-A,442,10,10,398,0.9004524886877828,10,1.0,1,none,0,0,0,1.1949950001053367,220,194,220,220,9,9,0,0
diabetes,36,broad,PACER-C,442,10,10,398,0.9004524886877828,10,1.0,1,none,0,0,0,1.4169660000789008,257,227,257,257,10,10,1,0
diabetes,36,broad,PACER-X,442,10,10,398,0.9004524886877828,10,1.0,1,none,0,0,0,1.4817950000178826,257,227,257,257,10,10,1,0
diabetes,36,broad,StaleNoRecheck,442,10,10,398,0.9004524886877828,10,1.0,1,none,0,0,0,0.37738099990747287,211,211,211,211,0,8,0,0
diabetes,36,broad,NaiveNoPolicy,442,10,10,398,0.9004524886877828,10,1.0,1,none,0,0,0,0.12667399983001815,211,211,211,0,0,8,0,0
diabetes,37,medium,ExactSecure,442,10,10,40,0.09049773755656108,10,1.0,1,none,0,0,0,0.5329830000846414,442,40,40,442,0,0,1,0
diabetes,37,medium,PostFilter-IVF,442,10,10,40,0.09049773755656108,10,1.0,1,none,0,0,0,0.43160500013073033,220,27,220,220,0,8,0,0
diabetes,37,medium,AdaptivePostFilter-IVF,442,10,10,40,0.09049773755656108,10,1.0,1,none,0,0,0,1.4087800000197603,442,40,442,442,0,16,0,0
diabetes,37,medium,TenantPartition-IVF,442,10,10,40,0.09049773755656108,10,1.0,1,none,0,0,0,0.27968399990641046,220,27,220,220,0,8,0,0
diabetes,37,medium,PreFilter-IVF,442,10,10,40,0.09049773755656108,10,0.9,0,ranking_truncation,0,0,0,0.8038380001380574,219,27,27,219,8,8,0,0
diabetes,37,medium,PACER-A,442,10,10,40,0.09049773755656108,10,1.0,1,none,0,0,0,1.203095000164467,45,40,45,45,15,13,1,0
diabetes,37,medium,PACER-C,442,10,10,40,0.09049773755656108,10,1.0,1,none,0,0,0,1.4731440001014562,45,40,45,45,15,13,1,0
diabetes,37,medium,PACER-X,442,10,10,40,0.09049773755656108,10,1.0,1,none,0,0,0,1.418753000052675,45,40,45,45,15,13,1,0
diabetes,37,medium,StaleNoRecheck,442,10,10,40,0.09049773755656108,10,0.8,0,ranking_truncation,0,2,0,0.43292899999869405,220,31,220,220,0,8,0,0
diabetes,37,medium,NaiveNoPolicy,442,10,10,40,0.09049773755656108,10,0.6,0,ranking_truncation,2,1,1,0.1559540000926063,220,220,220,0,0,8,0,0
diabetes,38,narrow,ExactSecure,442,10,10,3,0.006787330316742082,3,1.0,1,none,0,0,0,0.48415200012641435,442,3,3,442,0,0,1,0
diabetes,38,narrow,PostFilter-IVF,442,10,10,3,0.006787330316742082,3,1.0,1,none,0,0,0,0.40000800004236226,220,3,220,220,0,8,0,0
diabetes,38,narrow,AdaptivePostFilter-IVF,442,10,10,3,0.006787330316742082,3,1.0,1,none,0,0,0,1.355127999886463,442,3,442,442,0,16,0,0
diabetes,38,narrow,TenantPartition-IVF,442,10,10,3,0.006787330316742082,3,1.0,1,none,0,0,0,0.7093249998888496,220,3,220,220,0,8,0,0
diabetes,38,narrow,PreFilter-IVF,442,10,10,3,0.006787330316742082,3,1.0,1,none,0,0,0,0.2824140001393971,89,3,3,89,16,3,0,0
diabetes,38,narrow,PACER-A,442,10,10,3,0.006787330316742082,3,1.0,1,none,0,0,0,0.415188000033595,3,3,3,3,5,3,1,0
diabetes,38,narrow,PACER-C,442,10,10,3,0.006787330316742082,3,1.0,1,none,0,0,0,0.2320779999536171,3,3,3,3,5,3,1,0
diabetes,38,narrow,PACER-X,442,10,10,3,0.006787330316742082,3,1.0,1,none,0,0,0,0.27038999996875646,3,3,3,3,5,3,1,0
diabetes,38,narrow,StaleNoRecheck,442,10,10,3,0.006787330316742082,3,1.0,1,none,0,0,0,0.2590080000572925,220,3,220,220,0,8,0,0
diabetes,38,narrow,NaiveNoPolicy,442,10,10,3,0.006787330316742082,10,0.3333333333333333,0,ranking_truncation,8,2,8,0.11798300010923413,220,220,220,0,0,8,0,0
diabetes,39,cold,ExactSecure,442,10,10,1,0.0022624434389140274,1,1.0,1,none,0,0,0,0.2795310001602047,442,1,1,442,0,0,1,0
diabetes,39,cold,PostFilter-IVF,442,10,10,1,0.0022624434389140274,1,1.0,1,none,0,0,0,0.214108999898599,220,1,220,220,0,8,0,0
diabetes,39,cold,AdaptivePostFilter-IVF,442,10,10,1,0.0022624434389140274,1,1.0,1,none,0,0,0,3.136079000114478,442,1,442,442,0,16,0,0
diabetes,39,cold,TenantPartition-IVF,442,10,10,1,0.0022624434389140274,1,1.0,1,none,0,0,0,0.1931839999542717,220,1,220,220,0,8,0,0
diabetes,39,cold,PreFilter-IVF,442,10,10,1,0.0022624434389140274,1,1.0,1,none,0,0,0,0.17024900012074795,27,1,1,27,16,1,0,0
diabetes,39,cold,PACER-A,442,10,10,1,0.0022624434389140274,1,1.0,1,none,0,0,0,0.11025900016647938,1,1,1,1,1,1,1,0
diabetes,39,cold,PACER-C,442,10,10,1,0.0022624434389140274,1,1.0,1,none,0,0,0,0.12592100006258988,1,1,1,1,1,1,1,0
diabetes,39,cold,PACER-X,442,10,10,1,0.0022624434389140274,1,1.0,1,none,0,0,0,0.10177999979532615,1,1,1,1,1,1,1,0
diabetes,39,cold,StaleNoRecheck,442,10,10,1,0.0022624434389140274,1,1.0,1,none,0,0,0,0.22564200003216683,220,1,220,220,0,8,0,0
diabetes,39,cold,NaiveNoPolicy,442,10,10,1,0.0022624434389140274,10,1.0,0,ranking_truncation,9,0,7,0.08300800004690245,220,220,220,0,0,8,0,0
diabetes,40,broad,ExactSecure,442,10,10,401,0.9072398190045249,10,1.0,1,none,0,0,0,0.43054299999312207,442,401,401,442,0,0,1,0
diabetes,40,broad,PostFilter-IVF,442,10,10,401,0.9072398190045249,10,1.0,1,none,0,0,0,0.4061319998527324,207,186,207,207,0,8,0,0
diabetes,40,broad,AdaptivePostFilter-IVF,442,10,10,401,0.9072398190045249,10,1.0,1,none,0,0,0,1.3985450000291166,442,401,442,442,0,16,0,0
diabetes,40,broad,TenantPartition-IVF,442,10,10,401,0.9072398190045249,10,1.0,1,none,0,0,0,0.25616700008868065,207,186,207,207,0,8,0,0
diabetes,40,broad,PreFilter-IVF,442,10,10,401,0.9072398190045249,10,1.0,1,none,0,0,0,0.8869119999417308,207,186,186,207,8,8,0,0
diabetes,40,broad,PACER-A,442,10,10,401,0.9072398190045249,10,1.0,1,none,0,0,0,0.962327000024743,220,197,220,220,9,9,0,0
diabetes,40,broad,PACER-C,442,10,10,401,0.9072398190045249,10,1.0,1,none,0,0,0,1.1070320001635992,234,210,234,234,9,9,1,0
diabetes,40,broad,PACER-X,442,10,10,401,0.9072398190045249,10,1.0,1,none,0,0,0,1.0596740000892169,234,210,234,234,9,9,1,0
diabetes,40,broad,StaleNoRecheck,442,10,10,401,0.9072398190045249,10,1.0,1,none,0,0,0,0.40826500003277033,207,207,207,207,0,8,0,0
diabetes,40,broad,NaiveNoPolicy,442,10,10,401,0.9072398190045249,10,1.0,1,none,0,0,0,0.07400200001939083,207,207,207,0,0,8,0,0
diabetes,41,medium,ExactSecure,442,10,10,45,0.10180995475113122,10,1.0,1,none,0,0,0,0.2591910001683573,442,45,45,442,0,0,1,0
diabetes,41,medium,PostFilter-IVF,442,10,10,45,0.10180995475113122,10,1.0,1,none,0,0,0,0.22458599983110616,220,21,220,220,0,8,0,0
diabetes,41,medium,AdaptivePostFilter-IVF,442,10,10,45,0.10180995475113122,10,1.0,1,none,0,0,0,0.8762889999616164,442,45,442,442,0,16,0,0
diabetes,41,medium,TenantPartition-IVF,442,10,10,45,0.10180995475113122,10,1.0,1,none,0,0,0,0.22337599989441514,220,21,220,220,0,8,0,0
diabetes,41,medium,PreFilter-IVF,442,10,10,45,0.10180995475113122,10,1.0,1,none,0,0,0,1.1428269999669283,222,25,25,222,11,8,0,0
diabetes,41,medium,PACER-A,442,10,10,45,0.10180995475113122,10,1.0,1,none,0,0,0,0.8987270000488934,32,27,32,32,12,9,1,0
diabetes,41,medium,PACER-C,442,10,10,45,0.10180995475113122,10,1.0,1,none,0,0,0,0.6315929999800574,32,27,32,32,12,9,1,0
diabetes,41,medium,PACER-X,442,10,10,45,0.10180995475113122,10,1.0,1,none,0,0,0,0.6713369998578855,32,27,32,32,12,9,1,0
diabetes,41,medium,StaleNoRecheck,442,10,10,45,0.10180995475113122,10,0.9,0,ranking_truncation,0,1,0,0.28811199990741443,220,24,220,220,0,8,0,0
diabetes,41,medium,NaiveNoPolicy,442,10,10,45,0.10180995475113122,10,0.2,0,ranking_truncation,1,0,8,0.08908099994187069,220,220,220,0,0,8,0,0
diabetes,42,narrow,ExactSecure,442,10,10,5,0.011312217194570135,5,1.0,1,none,0,0,0,0.2569799999037059,442,5,5,442,0,0,1,0
diabetes,42,narrow,PostFilter-IVF,442,10,10,5,0.011312217194570135,2,0.4,0,candidate_starvation,0,0,0,0.2688140000373096,220,2,220,220,0,8,0,0
diabetes,42,narrow,AdaptivePostFilter-IVF,442,10,10,5,0.011312217194570135,5,1.0,1,none,0,0,0,0.7344470000134606,442,5,442,442,0,16,0,0
diabetes,42,narrow,TenantPartition-IVF,442,10,10,5,0.011312217194570135,2,0.4,0,candidate_starvation,0,0,0,0.20813100013583608,220,2,220,220,0,8,0,0
diabetes,42,narrow,PreFilter-IVF,442,10,10,5,0.011312217194570135,5,1.0,1,none,0,0,0,0.4256510001141578,168,5,5,168,16,5,0,0
diabetes,42,narrow,PACER-A,442,10,10,5,0.011312217194570135,5,1.0,1,none,0,0,0,0.3834629999346362,5,5,5,5,14,5,1,0
diabetes,42,narrow,PACER-C,442,10,10,5,0.011312217194570135,5,1.0,1,none,0,0,0,0.3197720000116533,5,5,5,5,14,5,1,0
diabetes,42,narrow,PACER-X,442,10,10,5,0.011312217194570135,5,1.0,1,none,0,0,0,0.3076489999784826,5,5,5,5,14,5,1,0
diabetes,42,narrow,StaleNoRecheck,442,10,10,5,0.011312217194570135,2,0.4,0,candidate_starvation,0,0,0,0.3131439998469432,220,2,220,220,0,8,0,0
diabetes,42,narrow,NaiveNoPolicy,442,10,10,5,0.011312217194570135,10,0.2,0,ranking_truncation,9,0,7,0.09473399995840737,220,220,220,0,0,8,0,0
diabetes,43,cold,ExactSecure,442,10,10,5,0.011312217194570135,5,1.0,1,none,0,0,0,0.2582260001418035,442,5,5,442,0,0,1,0
diabetes,43,cold,PostFilter-IVF,442,10,10,5,0.011312217194570135,4,0.8,0,candidate_starvation,0,0,0,0.17850499989435775,193,4,193,193,0,8,0,0
diabetes,43,cold,AdaptivePostFilter-IVF,442,10,10,5,0.011312217194570135,5,1.0,1,none,0,0,0,0.7865770000989869,442,5,442,442,0,16,0,0
diabetes,43,cold,TenantPartition-IVF,442,10,10,5,0.011312217194570135,4,0.8,0,candidate_starvation,0,0,0,0.18260899992128543,193,4,193,193,0,8,0,0
diabetes,43,cold,PreFilter-IVF,442,10,10,5,0.011312217194570135,5,1.0,1,none,0,0,0,0.2707930000269698,148,5,5,148,16,4,0,0
diabetes,43,cold,PACER-A,442,10,10,5,0.011312217194570135,5,1.0,1,none,0,0,0,0.2861440000287985,5,5,5,5,12,4,1,0
diabetes,43,cold,PACER-C,442,10,10,5,0.011312217194570135,5,1.0,1,none,0,0,0,0.2976339999349875,5,5,5,5,12,4,1,0
diabetes,43,cold,PACER-X,442,10,10,5,0.011312217194570135,5,1.0,1,none,0,0,0,0.3153359998577798,5,5,5,5,12,4,1,0
diabetes,43,cold,StaleNoRecheck,442,10,10,5,0.011312217194570135,4,0.8,0,candidate_starvation,0,0,0,0.18112900011146849,193,4,193,193,0,8,0,0
diabetes,43,cold,NaiveNoPolicy,442,10,10,5,0.011312217194570135,10,0.2,0,ranking_truncation,9,2,8,0.07726599983470805,193,193,193,0,0,8,0,0
diabetes,44,broad,ExactSecure,442,10,10,398,0.9004524886877828,10,1.0,1,none,0,0,0,0.33434599981774227,442,398,398,442,0,0,1,0
diabetes,44,broad,PostFilter-IVF,442,10,10,398,0.9004524886877828,10,1.0,1,none,0,0,0,0.20848000008300005,216,201,216,216,0,8,0,0
diabetes,44,broad,AdaptivePostFilter-IVF,442,10,10,398,0.9004524886877828,10,1.0,1,none,0,0,0,0.8383520000734279,442,398,442,442,0,16,0,0
diabetes,44,broad,TenantPartition-IVF,442,10,10,398,0.9004524886877828,10,1.0,1,none,0,0,0,0.23530499993285048,216,201,216,216,0,8,0,0
diabetes,44,broad,PreFilter-IVF,442,10,10,398,0.9004524886877828,10,1.0,1,none,0,0,0,0.5999709999287006,216,201,201,216,8,8,0,0
diabetes,44,broad,PACER-A,442,10,10,398,0.9004524886877828,10,1.0,1,none,0,0,0,0.9609239998553676,220,205,220,220,9,9,0,0
diabetes,44,broad,PACER-C,442,10,10,398,0.9004524886877828,10,1.0,1,none,0,0,0,1.4522349999879225,384,344,384,384,13,13,1,0
diabetes,44,broad,PACER-X,442,10,10,398,0.9004524886877828,10,1.0,1,none,0,0,0,1.4790600000651466,384,344,384,384,13,13,1,0
diabetes,44,broad,StaleNoRecheck,442,10,10,398,0.9004524886877828,10,1.0,1,none,0,0,0,0.21394700002019817,216,216,216,216,0,8,0,0
diabetes,44,broad,NaiveNoPolicy,442,10,10,398,0.9004524886877828,10,1.0,1,none,0,0,0,0.07051300008242833,216,216,216,0,0,8,0,0
diabetes,45,medium,ExactSecure,442,10,10,28,0.06334841628959276,10,1.0,1,none,0,0,0,0.30143100002533174,442,28,28,442,0,0,1,0
diabetes,45,medium,PostFilter-IVF,442,10,10,28,0.06334841628959276,8,0.8,0,candidate_starvation,0,0,0,0.1948029998857237,203,8,203,203,0,8,0,0
diabetes,45,medium,AdaptivePostFilter-IVF,442,10,10,28,0.06334841628959276,10,1.0,1,none,0,0,0,0.7964880001054553,442,28,442,442,0,16,0,0
diabetes,45,medium,TenantPartition-IVF,442,10,10,28,0.06334841628959276,8,0.8,0,candidate_starvation,0,0,0,0.20831899996665015,203,8,203,203,0,8,0,0
diabetes,45,medium,PreFilter-IVF,442,10,10,28,0.06334841628959276,10,1.0,1,none,0,0,0,0.9412470001279871,229,19,19,229,11,7,0,0
diabetes,45,medium,PACER-A,442,10,10,28,0.06334841628959276,10,1.0,1,none,0,0,0,1.1038909999570024,32,28,32,32,16,11,1,0
diabetes,45,medium,PACER-C,442,10,10,28,0.06334841628959276,10,1.0,1,none,0,0,0,1.0944739999558806,32,28,32,32,16,11,1,0
diabetes,45,medium,PACER-X,442,10,10,28,0.06334841628959276,10,1.0,1,none,0,0,0,0.9181609998449858,32,28,32,32,16,11,1,0
diabetes,45,medium,StaleNoRecheck,442,10,10,28,0.06334841628959276,8,0.8,0,candidate_starvation,0,0,0,0.1863740001226688,203,8,203,203,0,8,0,0
diabetes,45,medium,NaiveNoPolicy,442,10,10,28,0.06334841628959276,10,0.1,0,ranking_truncation,9,1,1,0.09270099985769775,203,203,203,0,0,8,0,0
diabetes,46,narrow,ExactSecure,442,10,10,5,0.011312217194570135,5,1.0,1,none,0,0,0,0.1794699999209115,442,5,5,442,0,0,1,0
diabetes,46,narrow,PostFilter-IVF,442,10,10,5,0.011312217194570135,4,0.8,0,candidate_starvation,0,0,0,0.21217400012574217,220,4,220,220,0,8,0,0
diabetes,46,narrow,AdaptivePostFilter-IVF,442,10,10,5,0.011312217194570135,5,1.0,1,none,0,0,0,0.7549409999683121,442,5,442,442,0,16,0,0
diabetes,46,narrow,TenantPartition-IVF,442,10,10,5,0.011312217194570135,4,0.8,0,candidate_starvation,0,0,0,0.21269900003062503,220,4,220,220,0,8,0,0
diabetes,46,narrow,PreFilter-IVF,442,10,10,5,0.011312217194570135,5,1.0,1,none,0,0,0,0.33922099987648835,134,5,5,134,16,4,0,0
diabetes,46,narrow,PACER-A,442,10,10,5,0.011312217194570135,5,1.0,1,none,0,0,0,0.28356100006021734,5,5,5,5,11,4,1,0
diabetes,46,narrow,PACER-C,442,10,10,5,0.011312217194570135,5,1.0,1,none,0,0,0,0.25976000006266986,5,5,5,5,11,4,1,0
diabetes,46,narrow,PACER-X,442,10,10,5,0.011312217194570135,5,1.0,1,none,0,0,0,0.2826139998433064,5,5,5,5,11,4,1,0
diabetes,46,narrow,StaleNoRecheck,442,10,10,5,0.011312217194570135,4,0.8,0,candidate_starvation,0,0,0,0.37506600006054214,220,4,220,220,0,8,0,0
diabetes,46,narrow,NaiveNoPolicy,442,10,10,5,0.011312217194570135,10,0.2,0,ranking_truncation,9,1,9,0.0866909999786003,220,220,220,0,0,8,0,0
diabetes,47,cold,ExactSecure,442,10,10,1,0.0022624434389140274,1,1.0,1,none,0,0,0,0.29613199990308203,442,1,1,442,0,0,1,0
diabetes,47,cold,PostFilter-IVF,442,10,10,1,0.0022624434389140274,1,1.0,1,none,0,0,0,0.1949520001289784,217,1,217,217,0,8,0,0
diabetes,47,cold,AdaptivePostFilter-IVF,442,10,10,1,0.0022624434389140274,1,1.0,1,none,0,0,0,0.8145710000917461,442,1,442,442,0,16,0,0
diabetes,47,cold,TenantPartition-IVF,442,10,10,1,0.0022624434389140274,1,1.0,1,none,0,0,0,0.1597729999502917,217,1,217,217,0,8,0,0
diabetes,47,cold,PreFilter-IVF,442,10,10,1,0.0022624434389140274,1,1.0,1,none,0,0,0,0.1894859999538312,21,1,1,21,16,1,0,0
diabetes,47,cold,PACER-A,442,10,10,1,0.0022624434389140274,1,1.0,1,none,0,0,0,0.09992600007535657,1,1,1,1,2,1,1,0
diabetes,47,cold,PACER-C,442,10,10,1,0.0022624434389140274,1,1.0,1,none,0,0,0,0.08636899997327419,1,1,1,1,2,1,1,0
diabetes,47,cold,PACER-X,442,10,10,1,0.0022624434389140274,1,1.0,1,none,0,0,0,0.08578500001021894,1,1,1,1,2,1,1,0
diabetes,47,cold,StaleNoRecheck,442,10,10,1,0.0022624434389140274,1,1.0,1,none,0,0,0,0.18728600002759777,217,1,217,217,0,8,0,0
diabetes,47,cold,NaiveNoPolicy,442,10,10,1,0.0022624434389140274,10,1.0,0,ranking_truncation,9,1,6,0.06936999989193282,217,217,217,0,0,8,0,0
diabetes,48,broad,ExactSecure,442,10,10,401,0.9072398190045249,10,1.0,1,none,0,0,0,0.2938749998975254,442,401,401,442,0,0,1,0
diabetes,48,broad,PostFilter-IVF,442,10,10,401,0.9072398190045249,10,1.0,1,none,0,0,0,0.21865799999432056,220,195,220,220,0,8,0,0
diabetes,48,broad,AdaptivePostFilter-IVF,442,10,10,401,0.9072398190045249,10,1.0,1,none,0,0,0,0.9318909999365133,442,401,442,442,0,16,0,0
diabetes,48,broad,TenantPartition-IVF,442,10,10,401,0.9072398190045249,10,1.0,1,none,0,0,0,0.2886869999656483,220,195,220,220,0,8,0,0
diabetes,48,broad,PreFilter-IVF,442,10,10,401,0.9072398190045249,10,1.0,1,none,0,0,0,0.7890459999089217,223,198,198,223,8,8,0,0
diabetes,48,broad,PACER-A,442,10,10,401,0.9072398190045249,10,1.0,1,none,0,0,0,0.9686289999990549,220,195,220,220,8,8,0,0
diabetes,48,broad,PACER-C,442,10,10,401,0.9072398190045249,10,1.0,1,none,0,0,0,1.1980040001162706,350,313,350,350,12,12,1,0
diabetes,48,broad,PACER-X,442,10,10,401,0.9072398190045249,10,1.0,1,none,0,0,0,1.1561750000055326,350,313,350,350,12,12,1,0
diabetes,48,broad,StaleNoRecheck,442,10,10,401,0.9072398190045249,10,1.0,1,none,0,0,0,0.3616399999373243,220,220,220,220,0,8,0,0
diabetes,48,broad,NaiveNoPolicy,442,10,10,401,0.9072398190045249,10,1.0,1,none,0,0,0,0.08852800010572537,220,220,220,0,0,8,0,0
diabetes,49,medium,ExactSecure,442,10,10,35,0.07918552036199095,10,1.0,1,none,0,0,0,0.2541090000249824,442,35,35,442,0,0,1,0
diabetes,49,medium,PostFilter-IVF,442,10,10,35,0.07918552036199095,10,1.0,1,none,0,0,0,0.23298500013879675,220,19,220,220,0,8,0,0
diabetes,49,medium,AdaptivePostFilter-IVF,442,10,10,35,0.07918552036199095,10,1.0,1,none,0,0,0,0.9114020001561585,442,35,442,442,0,16,0,0
diabetes,49,medium,TenantPartition-IVF,442,10,10,35,0.07918552036199095,10,1.0,1,none,0,0,0,0.21684400007870863,220,19,220,220,0,8,0,0
diabetes,49,medium,PreFilter-IVF,442,10,10,35,0.07918552036199095,10,1.0,1,none,0,0,0,0.6845049999810726,207,22,22,207,10,8,0,0
diabetes,49,medium,PACER-A,442,10,10,35,0.07918552036199095,10,1.0,1,none,0,0,0,1.3569169998390862,44,35,44,44,16,13,1,0
diabetes,49,medium,PACER-C,442,10,10,35,0.07918552036199095,10,1.0,1,none,0,0,0,0.9527340000659024,44,35,44,44,16,13,1,0
diabetes,49,medium,PACER-X,442,10,10,35,0.07918552036199095,10,1.0,1,none,0,0,0,0.6913439999607363,44,35,44,44,16,13,1,0
diabetes,49,medium,StaleNoRecheck,442,10,10,35,0.07918552036199095,10,0.8,0,ranking_truncation,0,2,0,0.22879700009070802,220,25,220,220,0,8,0,0
diabetes,49,medium,NaiveNoPolicy,442,10,10,35,0.07918552036199095,10,0.3,0,ranking_truncation,7,1,2,0.08088099980341212,220,220,220,0,0,8,0,0
diabetes,50,narrow,ExactSecure,442,10,10,11,0.024886877828054297,10,1.0,1,none,0,0,0,0.3884750001361681,442,11,11,442,0,0,1,0
diabetes,50,narrow,PostFilter-IVF,442,10,10,11,0.024886877828054297,8,0.8,0,candidate_starvation,0,0,0,0.2509500000087428,193,8,193,193,0,8,0,0
diabetes,50,narrow,AdaptivePostFilter-IVF,442,10,10,11,0.024886877828054297,10,1.0,1,none,0,0,0,0.9382229998209368,442,11,442,442,0,16,0,0
diabetes,50,narrow,TenantPartition-IVF,442,10,10,11,0.024886877828054297,8,0.8,0,candidate_starvation,0,0,0,0.19303599992781528,193,8,193,193,0,8,0,0
diabetes,50,narrow,PreFilter-IVF,442,10,10,11,0.024886877828054297,10,1.0,1,none,0,0,0,0.43299000003571564,169,11,11,169,16,5,0,0
diabetes,50,narrow,PACER-A,442,10,10,11,0.024886877828054297,10,1.0,1,none,0,0,0,0.46163599995452387,12,11,12,12,8,5,1,0
diabetes,50,narrow,PACER-C,442,10,10,11,0.024886877828054297,10,1.0,1,none,0,0,0,0.5135510000400245,12,11,12,12,8,5,1,0
diabetes,50,narrow,PACER-X,442,10,10,11,0.024886877828054297,10,1.0,1,none,0,0,0,0.4937060000429483,12,11,12,12,8,5,1,0
diabetes,50,narrow,StaleNoRecheck,442,10,10,11,0.024886877828054297,9,0.8,0,candidate_starvation,0,1,0,0.1910890000544896,193,9,193,193,0,8,0,0
diabetes,50,narrow,NaiveNoPolicy,442,10,10,11,0.024886877828054297,10,0.1,0,ranking_truncation,9,0,7,0.0741270000617078,193,193,193,0,0,8,0,0
diabetes,51,cold,ExactSecure,442,10,10,1,0.0022624434389140274,1,1.0,1,none,0,0,0,0.2705690001221228,442,1,1,442,0,0,1,0
diabetes,51,cold,PostFilter-IVF,442,10,10,1,0.0022624434389140274,1,1.0,1,none,0,0,0,0.20892800012006774,220,1,220,220,0,8,0,0
diabetes,51,cold,AdaptivePostFilter-IVF,442,10,10,1,0.0022624434389140274,1,1.0,1,none,0,0,0,0.7506559998091689,442,1,442,442,0,16,0,0
diabetes,51,cold,TenantPartition-IVF,442,10,10,1,0.0022624434389140274,1,1.0,1,none,0,0,0,0.18956600001729385,220,1,220,220,0,8,0,0
diabetes,51,cold,PreFilter-IVF,442,10,10,1,0.0022624434389140274,1,1.0,1,none,0,0,0,0.16245300002992735,48,1,1,48,16,1,0,0
diabetes,51,cold,PACER-A,442,10,10,1,0.0022624434389140274,1,1.0,1,none,0,0,0,0.10481499998604704,1,1,1,1,2,1,1,0
diabetes,51,cold,PACER-C,442,10,10,1,0.0022624434389140274,1,1.0,1,none,0,0,0,0.08862000004228321,1,1,1,1,2,1,1,0
diabetes,51,cold,PACER-X,442,10,10,1,0.0022624434389140274,1,1.0,1,none,0,0,0,0.10341000006519607,1,1,1,1,2,1,1,0
diabetes,51,cold,StaleNoRecheck,442,10,10,1,0.0022624434389140274,1,1.0,1,none,0,0,0,0.21633300002577016,220,1,220,220,0,8,0,0
diabetes,51,cold,NaiveNoPolicy,442,10,10,1,0.0022624434389140274,10,1.0,0,ranking_truncation,9,0,6,0.07313900005101459,220,220,220,0,0,8,0,0
diabetes,52,broad,ExactSecure,442,10,10,398,0.9004524886877828,10,1.0,1,none,0,0,0,0.35182500005248585,442,398,398,442,0,0,1,0
diabetes,52,broad,PostFilter-IVF,442,10,10,398,0.9004524886877828,10,1.0,1,none,0,0,0,0.3186149999692134,220,194,220,220,0,8,0,0
diabetes,52,broad,AdaptivePostFilter-IVF,442,10,10,398,0.9004524886877828,10,1.0,1,none,0,0,0,0.8318239999880461,442,398,442,442,0,16,0,0
diabetes,52,broad,TenantPartition-IVF,442,10,10,398,0.9004524886877828,10,1.0,1,none,0,0,0,0.3025769999567274,220,194,220,220,0,8,0,0
diabetes,52,broad,PreFilter-IVF,442,10,10,398,0.9004524886877828,10,1.0,1,none,0,0,0,0.7913739998457459,224,195,195,224,8,8,0,0
diabetes,52,broad,PACER-A,442,10,10,398,0.9004524886877828,10,1.0,1,none,0,0,0,1.169207999964783,220,192,220,220,8,8,0,0
diabetes,52,broad,PACER-C,442,10,10,398,0.9004524886877828,10,1.0,1,none,0,0,0,1.0884690000239061,280,248,280,280,11,11,1,0
diabetes,52,broad,PACER-X,442,10,10,398,0.9004524886877828,10,1.0,1,none,0,0,0,1.1003770000570512,280,248,280,280,11,11,1,0
diabetes,52,broad,StaleNoRecheck,442,10,10,398,0.9004524886877828,10,0.7,0,ranking_truncation,0,3,0,0.27852999983224436,220,220,220,220,0,8,0,0
diabetes,52,broad,NaiveNoPolicy,442,10,10,398,0.9004524886877828,10,0.7,0,ranking_truncation,0,3,0,0.0854239999625861,220,220,220,0,0,8,0,0
diabetes,53,medium,ExactSecure,442,10,10,51,0.11538461538461539,10,1.0,1,none,0,0,0,0.2537620000566676,442,51,51,442,0,0,1,0
diabetes,53,medium,PostFilter-IVF,442,10,10,51,0.11538461538461539,10,1.0,1,none,0,0,0,0.4611169999861886,215,33,215,215,0,8,0,0
diabetes,53,medium,AdaptivePostFilter-IVF,442,10,10,51,0.11538461538461539,10,1.0,1,none,0,0,0,0.953237999965495,442,51,442,442,0,16,0,0
diabetes,53,medium,TenantPartition-IVF,442,10,10,51,0.11538461538461539,10,1.0,1,none,0,0,0,0.269590000016251,215,33,215,215,0,8,0,0
diabetes,53,medium,PreFilter-IVF,442,10,10,51,0.11538461538461539,10,1.0,1,none,0,0,0,0.6272489999901154,215,33,33,215,8,8,0,0
diabetes,53,medium,PACER-A,442,10,10,51,0.11538461538461539,10,1.0,1,none,0,0,0,1.1677859999963403,45,44,45,45,12,12,1,0
diabetes,53,medium,PACER-C,442,10,10,51,0.11538461538461539,10,1.0,1,none,0,0,0,1.3506469999811088,45,44,45,45,12,12,1,0
diabetes,53,medium,PACER-X,442,10,10,51,0.11538461538461539,10,1.0,1,none,0,0,0,1.2211000000661443,45,44,45,45,12,12,1,0
diabetes,53,medium,StaleNoRecheck,442,10,10,51,0.11538461538461539,10,1.0,1,none,0,0,0,0.3547810001691687,215,33,215,215,0,8,0,0
diabetes,53,medium,NaiveNoPolicy,442,10,10,51,0.11538461538461539,10,0.4,0,ranking_truncation,6,1,0,0.0815410000996053,215,215,215,0,0,8,0,0
diabetes,54,narrow,ExactSecure,442,10,10,10,0.02262443438914027,10,1.0,1,none,0,0,0,0.29616599999826576,442,10,10,442,0,0,1,0
diabetes,54,narrow,PostFilter-IVF,442,10,10,10,0.02262443438914027,10,1.0,1,none,0,0,0,0.20960799997737922,218,10,218,218,0,8,0,0
diabetes,54,narrow,AdaptivePostFilter-IVF,442,10,10,10,0.02262443438914027,10,1.0,1,none,0,0,0,1.4164780000101018,442,10,442,442,0,16,0,0
diabetes,54,narrow,TenantPartition-IVF,442,10,10,10,0.02262443438914027,10,1.0,1,none,0,0,0,0.8937499999319698,218,10,218,218,0,8,0,0
diabetes,54,narrow,PreFilter-IVF,442,10,10,10,0.02262443438914027,10,1.0,1,none,0,0,0,0.6128019999778189,148,10,10,148,16,4,0,0
diabetes,54,narrow,PACER-A,442,10,10,10,0.02262443438914027,10,1.0,1,none,0,0,0,0.49676899993755796,11,10,11,11,6,4,1,0
diabetes,54,narrow,PACER-C,442,10,10,10,0.02262443438914027,10,1.0,1,none,0,0,0,0.4699789999449422,11,10,11,11,6,4,1,0
diabetes,54,narrow,PACER-X,442,10,10,10,0.02262443438914027,10,1.0,1,none,0,0,0,0.4992770000171731,11,10,11,11,6,4,1,0
diabetes,54,narrow,StaleNoRecheck,442,10,10,10,0.02262443438914027,10,0.9,0,ranking_truncation,0,1,0,0.4008739999790123,218,11,218,218,0,8,0,0
diabetes,54,narrow,NaiveNoPolicy,442,10,10,10,0.02262443438914027,10,0.1,0,ranking_truncation,7,0,7,0.13392400001066562,218,218,218,0,0,8,0,0
diabetes,55,cold,ExactSecure,442,10,10,2,0.004524886877828055,2,1.0,1,none,0,0,0,0.5424890000540472,442,2,2,442,0,0,1,0
diabetes,55,cold,PostFilter-IVF,442,10,10,2,0.004524886877828055,2,1.0,1,none,0,0,0,0.39990300001591095,218,2,218,218,0,8,0,0
diabetes,55,cold,AdaptivePostFilter-IVF,442,10,10,2,0.004524886877828055,2,1.0,1,none,0,0,0,1.0577680000096734,442,2,442,442,0,16,0,0
diabetes,55,cold,TenantPartition-IVF,442,10,10,2,0.004524886877828055,2,1.0,1,none,0,0,0,0.14833099999123078,218,2,218,218,0,8,0,0
diabetes,55,cold,PreFilter-IVF,442,10,10,2,0.004524886877828055,2,1.0,1,none,0,0,0,0.2394389998698898,85,2,2,85,16,2,0,0
diabetes,55,cold,PACER-A,442,10,10,2,0.004524886877828055,2,1.0,1,none,0,0,0,0.16141100013555842,3,2,3,3,4,2,1,0
diabetes,55,cold,PACER-C,442,10,10,2,0.004524886877828055,2,1.0,1,none,0,0,0,0.1386379999530618,3,2,3,3,4,2,1,0
diabetes,55,cold,PACER-X,442,10,10,2,0.004524886877828055,2,1.0,1,none,0,0,0,0.13053299994680856,3,2,3,3,4,2,1,0
diabetes,55,cold,StaleNoRecheck,442,10,10,2,0.004524886877828055,3,1.0,0,ranking_truncation,0,1,0,0.28255800020815514,218,3,218,218,0,8,0,0
diabetes,55,cold,NaiveNoPolicy,442,10,10,2,0.004524886877828055,10,1.0,0,ranking_truncation,8,0,7,0.10506500007068098,218,218,218,0,0,8,0,0
diabetes,56,broad,ExactSecure,442,10,10,415,0.9389140271493213,10,1.0,1,none,0,0,0,0.27969200004918093,442,415,415,442,0,0,1,0
diabetes,56,broad,PostFilter-IVF,442,10,10,415,0.9389140271493213,10,1.0,1,none,0,0,0,0.22158799993121647,209,198,209,209,0,8,0,0
diabetes,56,broad,AdaptivePostFilter-IVF,442,10,10,415,0.9389140271493213,10,1.0,1,none,0,0,0,0.7871769998928357,442,415,442,442,0,16,0,0
diabetes,56,broad,TenantPartition-IVF,442,10,10,415,0.9389140271493213,10,1.0,1,none,0,0,0,0.22567999985767528,209,198,209,209,0,8,0,0
diabetes,56,broad,PreFilter-IVF,442,10,10,415,0.9389140271493213,10,1.0,1,none,0,0,0,0.68034500009162,209,198,198,209,8,8,0,0
diabetes,56,broad,PACER-A,442,10,10,415,0.9389140271493213,10,1.0,1,none,0,0,0,0.9771430000000692,220,208,220,220,9,9,0,0
diabetes,56,broad,PACER-C,442,10,10,415,0.9389140271493213,10,1.0,1,none,0,0,0,1.0659239999313286,322,304,322,322,11,11,1,0
diabetes,56,broad,PACER-X,442,10,10,415,0.9389140271493213,10,1.0,1,none,0,0,0,1.0463910000453325,322,304,322,322,11,11,1,0
diabetes,56,broad,StaleNoRecheck,442,10,10,415,0.9389140271493213,10,0.8,0,ranking_truncation,0,2,0,0.1997120000396535,209,209,209,209,0,8,0,0
diabetes,56,broad,NaiveNoPolicy,442,10,10,415,0.9389140271493213,10,0.8,0,ranking_truncation,0,2,0,0.11419000020396197,209,209,209,0,0,8,0,0
diabetes,57,medium,ExactSecure,442,10,10,50,0.11312217194570136,10,1.0,1,none,0,0,0,0.2633920000789658,442,50,50,442,0,0,1,0
diabetes,57,medium,PostFilter-IVF,442,10,10,50,0.11312217194570136,10,1.0,1,none,0,0,0,0.25650900010987243,220,34,220,220,0,8,0,0
diabetes,57,medium,AdaptivePostFilter-IVF,442,10,10,50,0.11312217194570136,10,1.0,1,none,0,0,0,0.8123449999857257,442,50,442,442,0,16,0,0
diabetes,57,medium,TenantPartition-IVF,442,10,10,50,0.11312217194570136,10,1.0,1,none,0,0,0,0.23983000005500799,220,34,220,220,0,8,0,0
diabetes,57,medium,PreFilter-IVF,442,10,10,50,0.11312217194570136,10,1.0,1,none,0,0,0,0.6130849999408383,225,39,39,225,10,7,0,0
diabetes,57,medium,PACER-A,442,10,10,50,0.11312217194570136,10,1.0,1,none,0,0,0,0.7479209998564329,49,47,49,49,14,9,1,0
diabetes,57,medium,PACER-C,442,10,10,50,0.11312217194570136,10,1.0,1,none,0,0,0,0.7483249999040709,49,47,49,49,14,9,1,0
diabetes,57,medium,PACER-X,442,10,10,50,0.11312217194570136,10,1.0,1,none,0,0,0,0.6427809998967859,49,47,49,49,14,9,1,0
diabetes,57,medium,StaleNoRecheck,442,10,10,50,0.11312217194570136,10,1.0,1,none,0,0,0,0.24412700008724642,220,36,220,220,0,8,0,0
diabetes,57,medium,NaiveNoPolicy,442,10,10,50,0.11312217194570136,10,0.1,0,ranking_truncation,8,0,1,0.08691500011082098,220,220,220,0,0,8,0,0
diabetes,58,narrow,ExactSecure,442,10,10,4,0.00904977375565611,4,1.0,1,none,0,0,0,0.27465399989523576,442,4,4,442,0,0,1,0
diabetes,58,narrow,PostFilter-IVF,442,10,10,4,0.00904977375565611,4,1.0,1,none,0,0,0,0.21639300007336715,208,4,208,208,0,8,0,0
diabetes,58,narrow,AdaptivePostFilter-IVF,442,10,10,4,0.00904977375565611,4,1.0,1,none,0,0,0,0.763503999905879,442,4,442,442,0,16,0,0
diabetes,58,narrow,TenantPartition-IVF,442,10,10,4,0.00904977375565611,4,1.0,1,none,0,0,0,0.2087909999772819,208,4,208,208,0,8,0,0
diabetes,58,narrow,PreFilter-IVF,442,10,10,4,0.00904977375565611,4,1.0,1,none,0,0,0,0.27260499996373255,103,4,4,103,16,3,0,0
diabetes,58,narrow,PACER-A,442,10,10,4,0.00904977375565611,4,1.0,1,none,0,0,0,0.27382799999031704,4,4,4,4,5,3,1,0
diabetes,58,narrow,PACER-C,442,10,10,4,0.00904977375565611,4,1.0,1,none,0,0,0,0.2380679998168489,4,4,4,4,5,3,1,0
diabetes,58,narrow,PACER-X,442,10,10,4,0.00904977375565611,4,1.0,1,none,0,0,0,0.20960899996680382,4,4,4,4,5,3,1,0
diabetes,58,narrow,StaleNoRecheck,442,10,10,4,0.00904977375565611,4,1.0,1,none,0,0,0,0.17518300001029274,208,4,208,208,0,8,0,0
diabetes,58,narrow,NaiveNoPolicy,442,10,10,4,0.00904977375565611,10,0.25,0,ranking_truncation,9,0,8,0.12239399984537158,208,208,208,0,0,8,0,0
diabetes,59,cold,ExactSecure,442,10,10,1,0.0022624434389140274,1,1.0,1,none,0,0,0,0.3641889998107217,442,1,1,442,0,0,1,0
diabetes,59,cold,PostFilter-IVF,442,10,10,1,0.0022624434389140274,1,1.0,1,none,0,0,0,0.20855000002484303,215,1,215,215,0,8,0,0
diabetes,59,cold,AdaptivePostFilter-IVF,442,10,10,1,0.0022624434389140274,1,1.0,1,none,0,0,0,0.7483209999463725,442,1,442,442,0,16,0,0
diabetes,59,cold,TenantPartition-IVF,442,10,10,1,0.0022624434389140274,1,1.0,1,none,0,0,0,0.15958599988152855,215,1,215,215,0,8,0,0
diabetes,59,cold,PreFilter-IVF,442,10,10,1,0.0022624434389140274,1,1.0,1,none,0,0,0,0.18741300004876393,16,1,1,16,16,1,0,0
diabetes,59,cold,PACER-A,442,10,10,1,0.0022624434389140274,1,1.0,1,none,0,0,0,0.10516399993321102,1,1,1,1,1,1,1,0
diabetes,59,cold,PACER-C,442,10,10,1,0.0022624434389140274,1,1.0,1,none,0,0,0,0.08751299992582062,1,1,1,1,1,1,1,0
diabetes,59,cold,PACER-X,442,10,10,1,0.0022624434389140274,1,1.0,1,none,0,0,0,0.09086799991564476,1,1,1,1,1,1,1,0
diabetes,59,cold,StaleNoRecheck,442,10,10,1,0.0022624434389140274,1,1.0,1,none,0,0,0,0.1887600001282408,215,1,215,215,0,8,0,0
diabetes,59,cold,NaiveNoPolicy,442,10,10,1,0.0022624434389140274,10,1.0,0,ranking_truncation,9,1,6,0.09693599986349,215,215,215,0,0,8,0,0
diabetes,60,broad,ExactSecure,442,10,10,398,0.9004524886877828,10,1.0,1,none,0,0,0,0.2772289999484201,442,398,398,442,0,0,1,0
diabetes,60,broad,PostFilter-IVF,442,10,10,398,0.9004524886877828,10,1.0,1,none,0,0,0,0.2034889998867584,217,191,217,217,0,8,0,0
diabetes,60,broad,AdaptivePostFilter-IVF,442,10,10,398,0.9004524886877828,10,1.0,1,none,0,0,0,0.8198259999971924,442,398,442,442,0,16,0,0
diabetes,60,broad,TenantPartition-IVF,442,10,10,398,0.9004524886877828,10,1.0,1,none,0,0,0,0.2561410001362674,217,191,217,217,0,8,0,0
diabetes,60,broad,PreFilter-IVF,442,10,10,398,0.9004524886877828,10,1.0,1,none,0,0,0,0.8120180000332766,217,191,191,217,8,8,0,0
diabetes,60,broad,PACER-A,442,10,10,398,0.9004524886877828,10,1.0,1,none,0,0,0,0.8432390000052692,217,191,217,217,8,8,1,0
diabetes,60,broad,PACER-C,442,10,10,398,0.9004524886877828,10,1.0,1,none,0,0,0,0.797597999962818,217,191,217,217,8,8,1,0
diabetes,60,broad,PACER-X,442,10,10,398,0.9004524886877828,10,1.0,1,none,0,0,0,0.80597500004842,217,191,217,217,8,8,1,0
diabetes,60,broad,StaleNoRecheck,442,10,10,398,0.9004524886877828,10,1.0,1,none,0,0,0,0.19608899992817896,217,217,217,217,0,8,0,0
diabetes,60,broad,NaiveNoPolicy,442,10,10,398,0.9004524886877828,10,1.0,1,none,0,0,0,0.06892799979141273,217,217,217,0,0,8,0,0
diabetes,61,medium,ExactSecure,442,10,10,54,0.12217194570135746,10,1.0,1,none,0,0,0,0.3379140000561165,442,54,54,442,0,0,1,0
diabetes,61,medium,PostFilter-IVF,442,10,10,54,0.12217194570135746,10,1.0,1,none,0,0,0,0.24664800002938136,220,34,220,220,0,8,0,0
diabetes,61,medium,AdaptivePostFilter-IVF,442,10,10,54,0.12217194570135746,10,1.0,1,none,0,0,0,0.7951689999572409,442,54,442,442,0,16,0,0
diabetes,61,medium,TenantPartition-IVF,442,10,10,54,0.12217194570135746,10,1.0,1,none,0,0,0,0.23278300000129093,220,34,220,220,0,8,0,0
diabetes,61,medium,PreFilter-IVF,442,10,10,54,0.12217194570135746,10,1.0,1,none,0,0,0,0.5878829999801383,223,38,38,223,10,8,0,0
diabetes,61,medium,PACER-A,442,10,10,54,0.12217194570135746,10,1.0,1,none,0,0,0,0.7479009998405672,50,49,50,50,13,10,1,0
diabetes,61,medium,PACER-C,442,10,10,54,0.12217194570135746,10,1.0,1,none,0,0,0,0.7475540000996261,50,49,50,50,13,10,1,0
diabetes,61,medium,PACER-X,442,10,10,54,0.12217194570135746,10,1.0,1,none,0,0,0,0.7769999999709398,50,49,50,50,13,10,1,0
diabetes,61,medium,StaleNoRecheck,442,10,10,54,0.12217194570135746,10,1.0,1,none,0,0,0,0.22032599986232526,220,34,220,220,0,8,0,0
diabetes,61,medium,NaiveNoPolicy,442,10,10,54,0.12217194570135746,10,0.3,0,ranking_truncation,7,1,4,0.0793230001363554,220,220,220,0,0,8,0,0
diabetes,62,narrow,ExactSecure,442,10,10,6,0.013574660633484163,6,1.0,1,none,0,0,0,0.24621000011393335,442,6,6,442,0,0,1,0
diabetes,62,narrow,PostFilter-IVF,442,10,10,6,0.013574660633484163,6,1.0,1,none,0,0,0,0.20545699999274802,220,6,220,220,0,8,0,0
diabetes,62,narrow,AdaptivePostFilter-IVF,442,10,10,6,0.013574660633484163,6,1.0,1,none,0,0,0,0.8482299999741372,442,6,442,442,0,16,0,0
diabetes,62,narrow,TenantPartition-IVF,442,10,10,6,0.013574660633484163,6,1.0,1,none,0,0,0,0.176743000110946,220,6,220,220,0,8,0,0
diabetes,62,narrow,PreFilter-IVF,442,10,10,6,0.013574660633484163,6,1.0,1,none,0,0,0,0.28660199996011215,86,6,6,86,16,2,0,0
diabetes,62,narrow,PACER-A,442,10,10,6,0.013574660633484163,6,1.0,1,none,0,0,0,0.18916400017587875,7,6,7,7,5,2,1,0
diabetes,62,narrow,PACER-C,442,10,10,6,0.013574660633484163,6,1.0,1,none,0,0,0,0.239166999790541,7,6,7,7,5,2,1,0
diabetes,62,narrow,PACER-X,442,10,10,6,0.013574660633484163,6,1.0,1,none,0,0,0,0.27758700002777914,7,6,7,7,5,2,1,0
diabetes,62,narrow,StaleNoRecheck,442,10,10,6,0.013574660633484163,7,1.0,0,ranking_truncation,0,1,0,0.3753700000288518,220,7,220,220,0,8,0,0
diabetes,62,narrow,NaiveNoPolicy,442,10,10,6,0.013574660633484163,10,0.3333333333333333,0,ranking_truncation,8,0,6,0.14863100000184204,220,220,220,0,0,8,0,0
diabetes,63,cold,ExactSecure,442,10,10,1,0.0022624434389140274,1,1.0,1,none,0,0,0,0.5119549998653383,442,1,1,442,0,0,1,0
diabetes,63,cold,PostFilter-IVF,442,10,10,1,0.0022624434389140274,1,1.0,1,none,0,0,0,0.3447040000992274,193,1,193,193,0,8,0,0
diabetes,63,cold,AdaptivePostFilter-IVF,442,10,10,1,0.0022624434389140274,1,1.0,1,none,0,0,0,1.3603500001408975,442,1,442,442,0,16,0,0
diabetes,63,cold,TenantPartition-IVF,442,10,10,1,0.0022624434389140274,1,1.0,1,none,0,0,0,0.26563699998405355,193,1,193,193,0,8,0,0
diabetes,63,cold,PreFilter-IVF,442,10,10,1,0.0022624434389140274,1,1.0,1,none,0,0,0,0.26558699983070255,27,1,1,27,16,1,0,0
diabetes,63,cold,PACER-A,442,10,10,1,0.0022624434389140274,1,1.0,1,none,0,0,0,0.18463700007487205,1,1,1,1,1,1,1,0
diabetes,63,cold,PACER-C,442,10,10,1,0.0022624434389140274,1,1.0,1,none,0,0,0,0.17254699992008682,1,1,1,1,1,1,1,0
diabetes,63,cold,PACER-X,442,10,10,1,0.0022624434389140274,1,1.0,1,none,0,0,0,0.15377299996544025,1,1,1,1,1,1,1,0
diabetes,63,cold,StaleNoRecheck,442,10,10,1,0.0022624434389140274,1,1.0,1,none,0,0,0,0.29318399992916966,193,1,193,193,0,8,0,0
diabetes,63,cold,NaiveNoPolicy,442,10,10,1,0.0022624434389140274,10,1.0,0,ranking_truncation,9,1,8,0.13561800005845726,193,193,193,0,0,8,0,0
diabetes,64,broad,ExactSecure,442,10,10,401,0.9072398190045249,10,1.0,1,none,0,0,0,0.5849570000009408,442,401,401,442,0,0,1,0
diabetes,64,broad,PostFilter-IVF,442,10,10,401,0.9072398190045249,10,1.0,1,none,0,0,0,0.38219699990804656,216,199,216,216,0,8,0,0
diabetes,64,broad,AdaptivePostFilter-IVF,442,10,10,401,0.9072398190045249,10,1.0,1,none,0,0,0,1.4800149999700807,442,401,442,442,0,16,0,0
diabetes,64,broad,TenantPartition-IVF,442,10,10,401,0.9072398190045249,10,1.0,1,none,0,0,0,0.45290899993233324,216,199,216,216,0,8,0,0
diabetes,64,broad,PreFilter-IVF,442,10,10,401,0.9072398190045249,10,1.0,1,none,0,0,0,0.8494589999372693,218,201,201,218,8,8,0,0
diabetes,64,broad,PACER-A,442,10,10,401,0.9072398190045249,10,1.0,1,none,0,0,0,1.6230839999025193,220,203,220,220,9,9,0,0
diabetes,64,broad,PACER-C,442,10,10,401,0.9072398190045249,10,1.0,1,none,0,0,0,2.116608999813252,325,297,325,325,12,12,1,0
diabetes,64,broad,PACER-X,442,10,10,401,0.9072398190045249,10,1.0,1,none,0,0,0,1.5743899998597044,325,297,325,325,12,12,1,0
diabetes,64,broad,StaleNoRecheck,442,10,10,401,0.9072398190045249,10,0.9,0,ranking_truncation,0,1,0,0.35464899997350585,216,216,216,216,0,8,0,0
diabetes,64,broad,NaiveNoPolicy,442,10,10,401,0.9072398190045249,10,0.9,0,ranking_truncation,0,1,0,0.13367199994718248,216,216,216,0,0,8,0,0
diabetes,65,medium,ExactSecure,442,10,10,53,0.11990950226244344,10,1.0,1,none,0,0,0,0.3687359999275941,442,53,53,442,0,0,1,0
diabetes,65,medium,PostFilter-IVF,442,10,10,53,0.11990950226244344,10,1.0,1,none,0,0,0,0.3515169998991041,215,15,215,215,0,8,0,0
diabetes,65,medium,AdaptivePostFilter-IVF,442,10,10,53,0.11990950226244344,10,1.0,1,none,0,0,0,1.3856419998319325,442,53,442,442,0,16,0,0
diabetes,65,medium,TenantPartition-IVF,442,10,10,53,0.11990950226244344,10,1.0,1,none,0,0,0,0.3003429999353102,215,15,215,215,0,8,0,0
diabetes,65,medium,PreFilter-IVF,442,10,10,53,0.11990950226244344,10,1.0,1,none,0,0,0,0.8131840002079116,199,21,21,199,10,8,0,0
diabetes,65,medium,PACER-A,442,10,10,53,0.11990950226244344,10,1.0,1,none,0,0,0,1.156402999868078,60,53,60,60,16,14,1,0
diabetes,65,medium,PACER-C,442,10,10,53,0.11990950226244344,10,1.0,1,none,0,0,0,1.2011050000637624,60,53,60,60,16,14,1,0
diabetes,65,medium,PACER-X,442,10,10,53,0.11990950226244344,10,1.0,1,none,0,0,0,1.1458599999514263,60,53,60,60,16,14,1,0
diabetes,65,medium,StaleNoRecheck,442,10,10,53,0.11990950226244344,10,0.9,0,ranking_truncation,0,1,0,0.2560529999300343,215,17,215,215,0,8,0,0
diabetes,65,medium,NaiveNoPolicy,442,10,10,53,0.11990950226244344,10,0.1,0,ranking_truncation,8,3,4,0.09545000011712546,215,215,215,0,0,8,0,0
diabetes,66,narrow,ExactSecure,442,10,10,4,0.00904977375565611,4,1.0,1,none,0,0,0,0.40570800001660245,442,4,4,442,0,0,1,0
diabetes,66,narrow,PostFilter-IVF,442,10,10,4,0.00904977375565611,2,0.5,0,candidate_starvation,0,0,0,0.23367599987977883,203,2,203,203,0,8,0,0
diabetes,66,narrow,AdaptivePostFilter-IVF,442,10,10,4,0.00904977375565611,4,1.0,1,none,0,0,0,0.8675849999235652,442,4,442,442,0,16,0,0
diabetes,66,narrow,TenantPartition-IVF,442,10,10,4,0.00904977375565611,2,0.5,0,candidate_starvation,0,0,0,0.1662449999457749,203,2,203,203,0,8,0,0
diabetes,66,narrow,PreFilter-IVF,442,10,10,4,0.00904977375565611,4,1.0,1,none,0,0,0,0.29982000000927655,52,4,4,52,16,3,0,0
diabetes,66,narrow,PACER-A,442,10,10,4,0.00904977375565611,4,1.0,1,none,0,0,0,0.2726410000377655,4,4,4,4,14,3,1,0
diabetes,66,narrow,PACER-C,442,10,10,4,0.00904977375565611,4,1.0,1,none,0,0,0,0.24097100003928063,4,4,4,4,14,3,1,0
diabetes,66,narrow,PACER-X,442,10,10,4,0.00904977375565611,4,1.0,1,none,0,0,0,0.24330499991265242,4,4,4,4,14,3,1,0
diabetes,66,narrow,StaleNoRecheck,442,10,10,4,0.00904977375565611,2,0.5,0,candidate_starvation,0,0,0,0.17431099990972143,203,2,203,203,0,8,0,0
diabetes,66,narrow,NaiveNoPolicy,442,10,10,4,0.00904977375565611,10,0.25,0,ranking_truncation,9,0,8,0.08561599997847225,203,203,203,0,0,8,0,0
diabetes,67,cold,ExactSecure,442,10,10,1,0.0022624434389140274,1,1.0,1,none,0,0,0,0.2659320000475418,442,1,1,442,0,0,1,0
diabetes,67,cold,PostFilter-IVF,442,10,10,1,0.0022624434389140274,1,1.0,1,none,0,0,0,0.19514499990691547,220,1,220,220,0,8,0,0
diabetes,67,cold,AdaptivePostFilter-IVF,442,10,10,1,0.0022624434389140274,1,1.0,1,none,0,0,0,0.9267860000363726,442,1,442,442,0,16,0,0
diabetes,67,cold,TenantPartition-IVF,442,10,10,1,0.0022624434389140274,1,1.0,1,none,0,0,0,0.20565099998748337,220,1,220,220,0,8,0,0
diabetes,67,cold,PreFilter-IVF,442,10,10,1,0.0022624434389140274,1,1.0,1,none,0,0,0,0.2881149998756882,23,1,1,23,16,1,0,0
diabetes,67,cold,PACER-A,442,10,10,1,0.0022624434389140274,1,1.0,1,none,0,0,0,0.1297489998250967,1,1,1,1,1,1,1,0
diabetes,67,cold,PACER-C,442,10,10,1,0.0022624434389140274,1,1.0,1,none,0,0,0,0.0959310000325786,1,1,1,1,1,1,1,0
diabetes,67,cold,PACER-X,442,10,10,1,0.0022624434389140274,1,1.0,1,none,0,0,0,0.10355299991715583,1,1,1,1,1,1,1,0
diabetes,67,cold,StaleNoRecheck,442,10,10,1,0.0022624434389140274,1,1.0,1,none,0,0,0,0.2247740001166676,220,1,220,220,0,8,0,0
diabetes,67,cold,NaiveNoPolicy,442,10,10,1,0.0022624434389140274,10,1.0,0,ranking_truncation,9,0,6,0.1144540001405403,220,220,220,0,0,8,0,0
diabetes,68,broad,ExactSecure,442,10,10,407,0.920814479638009,10,1.0,1,none,0,0,0,0.3613599999425787,442,407,407,442,0,0,1,0
diabetes,68,broad,PostFilter-IVF,442,10,10,407,0.920814479638009,10,1.0,1,none,0,0,0,0.25367300008838356,218,203,218,218,0,8,0,0
diabetes,68,broad,AdaptivePostFilter-IVF,442,10,10,407,0.920814479638009,10,1.0,1,none,0,0,0,0.9460720000333822,442,407,442,442,0,16,0,0
diabetes,68,broad,TenantPartition-IVF,442,10,10,407,0.920814479638009,10,1.0,1,none,0,0,0,0.2615199998672324,218,203,218,218,0,8,0,0
diabetes,68,broad,PreFilter-IVF,442,10,10,407,0.920814479638009,10,1.0,1,none,0,0,0,0.6164959997931874,218,203,203,218,8,8,0,0
diabetes,68,broad,PACER-A,442,10,10,407,0.920814479638009,10,1.0,1,none,0,0,0,1.1724689998118265,220,204,220,220,9,9,0,0
diabetes,68,broad,PACER-C,442,10,10,407,0.920814479638009,10,1.0,1,none,0,0,0,1.5314629999920726,293,270,293,293,11,11,1,0
diabetes,68,broad,PACER-X,442,10,10,407,0.920814479638009,10,1.0,1,none,0,0,0,1.6478180000376597,293,270,293,293,11,11,1,0
diabetes,68,broad,StaleNoRecheck,442,10,10,407,0.920814479638009,10,1.0,1,none,0,0,0,0.3707159999066789,218,218,218,218,0,8,0,0
diabetes,68,broad,NaiveNoPolicy,442,10,10,407,0.920814479638009,10,1.0,1,none,0,0,0,0.07238900002448645,218,218,218,0,0,8,0,0
diabetes,69,medium,ExactSecure,442,10,10,92,0.2081447963800905,10,1.0,1,none,0,0,0,0.29734000008829753,442,92,92,442,0,0,1,0
diabetes,69,medium,PostFilter-IVF,442,10,10,92,0.2081447963800905,10,1.0,1,none,0,0,0,0.3051510000204871,220,76,220,220,0,8,0,0
diabetes,69,medium,AdaptivePostFilter-IVF,442,10,10,92,0.2081447963800905,10,1.0,1,none,0,0,0,0.8489939998526097,442,92,442,442,0,16,0,0
diabetes,69,medium,TenantPartition-IVF,442,10,10,92,0.2081447963800905,10,1.0,1,none,0,0,0,0.2237329999843496,220,76,220,220,0,8,0,0
diabetes,69,medium,PreFilter-IVF,442,10,10,92,0.2081447963800905,10,1.0,1,none,0,0,0,0.7191180000063468,224,77,77,224,8,8,0,0
diabetes,69,medium,PACER-A,442,10,10,92,0.2081447963800905,10,1.0,1,none,0,0,0,0.9170420000828017,93,85,93,93,10,10,1,0
diabetes,69,medium,PACER-C,442,10,10,92,0.2081447963800905,10,1.0,1,none,0,0,0,0.9631870000248455,93,85,93,93,10,10,1,0
diabetes,69,medium,PACER-X,442,10,10,92,0.2081447963800905,10,1.0,1,none,0,0,0,0.8228799999869807,93,85,93,93,10,10,1,0
diabetes,69,medium,StaleNoRecheck,442,10,10,92,0.2081447963800905,10,0.9,0,ranking_truncation,0,1,0,0.2480560001458798,220,83,220,220,0,8,0,0
diabetes,69,medium,NaiveNoPolicy,442,10,10,92,0.2081447963800905,10,0.7,0,ranking_truncation,2,1,1,0.08313500006806862,220,220,220,0,0,8,0,0
diabetes,70,narrow,ExactSecure,442,10,10,10,0.02262443438914027,10,1.0,1,none,0,0,0,0.263822000079017,442,10,10,442,0,0,1,0
diabetes,70,narrow,PostFilter-IVF,442,10,10,10,0.02262443438914027,10,1.0,1,none,0,0,0,0.21472499997798877,218,10,218,218,0,8,0,0
diabetes,70,narrow,AdaptivePostFilter-IVF,442,10,10,10,0.02262443438914027,10,1.0,1,none,0,0,0,0.9203919998981291,442,10,442,442,0,16,0,0
diabetes,70,narrow,TenantPartition-IVF,442,10,10,10,0.02262443438914027,10,1.0,1,none,0,0,0,0.16926399985095486,218,10,218,218,0,8,0,0
diabetes,70,narrow,PreFilter-IVF,442,10,10,10,0.02262443438914027,10,1.0,1,none,0,0,0,0.3634540000803099,148,10,10,148,16,4,0,0
diabetes,70,narrow,PACER-A,442,10,10,10,0.02262443438914027,10,1.0,1,none,0,0,0,0.31920099991111783,11,10,11,11,7,4,1,0
diabetes,70,narrow,PACER-C,442,10,10,10,0.02262443438914027,10,1.0,1,none,0,0,0,0.29535999988183903,11,10,11,11,7,4,1,0
diabetes,70,narrow,PACER-X,442,10,10,10,0.02262443438914027,10,1.0,1,none,0,0,0,0.36172199997963617,11,10,11,11,7,4,1,0
diabetes,70,narrow,StaleNoRecheck,442,10,10,10,0.02262443438914027,10,0.9,0,ranking_truncation,0,1,0,0.8231910001086362,218,11,218,218,0,8,0,0
diabetes,70,narrow,NaiveNoPolicy,442,10,10,10,0.02262443438914027,10,0.2,0,ranking_truncation,7,0,8,0.160450999828754,218,218,218,0,0,8,0,0
diabetes,71,cold,ExactSecure,442,10,10,4,0.00904977375565611,4,1.0,1,none,0,0,0,0.37894499996582454,442,4,4,442,0,0,1,0
diabetes,71,cold,PostFilter-IVF,442,10,10,4,0.00904977375565611,2,0.5,0,candidate_starvation,0,0,0,0.21583400007330056,220,2,220,220,0,8,0,0
diabetes,71,cold,AdaptivePostFilter-IVF,442,10,10,4,0.00904977375565611,4,1.0,1,none,0,0,0,0.967596999998932,442,4,442,442,0,16,0,0
diabetes,71,cold,TenantPartition-IVF,442,10,10,4,0.00904977375565611,2,0.5,0,candidate_starvation,0,0,0,0.16287700009343098,220,2,220,220,0,8,0,0
diabetes,71,cold,PreFilter-IVF,442,10,10,4,0.00904977375565611,4,1.0,1,none,0,0,0,0.42174800000793766,138,4,4,138,16,4,0,0
diabetes,71,cold,PACER-A,442,10,10,4,0.00904977375565611,4,1.0,1,none,0,0,0,0.3478280000308587,4,4,4,4,16,4,1,0
diabetes,71,cold,PACER-C,442,10,10,4,0.00904977375565611,4,1.0,1,none,0,0,0,0.38933399991947226,4,4,4,4,16,4,1,0
diabetes,71,cold,PACER-X,442,10,10,4,0.00904977375565611,4,1.0,1,none,0,0,0,0.38433199983956,4,4,4,4,16,4,1,0
diabetes,71,cold,StaleNoRecheck,442,10,10,4,0.00904977375565611,2,0.5,0,candidate_starvation,0,0,0,0.20726999991893535,220,2,220,220,0,8,0,0
diabetes,71,cold,NaiveNoPolicy,442,10,10,4,0.00904977375565611,10,0.25,0,ranking_truncation,9,0,5,0.11531099994499527,220,220,220,0,0,8,0,0
diabetes,72,broad,ExactSecure,442,10,10,415,0.9389140271493213,10,1.0,1,none,0,0,0,0.3562819999842759,442,415,415,442,0,0,1,0
diabetes,72,broad,PostFilter-IVF,442,10,10,415,0.9389140271493213,10,1.0,1,none,0,0,0,0.313401000084923,211,203,211,211,0,8,0,0
diabetes,72,broad,AdaptivePostFilter-IVF,442,10,10,415,0.9389140271493213,10,1.0,1,none,0,0,0,0.9048530000654864,442,415,442,442,0,16,0,0
diabetes,72,broad,TenantPartition-IVF,442,10,10,415,0.9389140271493213,10,1.0,1,none,0,0,0,0.2681689998098591,211,203,211,211,0,8,0,0
diabetes,72,broad,PreFilter-IVF,442,10,10,415,0.9389140271493213,10,1.0,1,none,0,0,0,0.7731289999810542,211,203,203,211,8,8,0,0
diabetes,72,broad,PACER-A,442,10,10,415,0.9389140271493213,10,1.0,1,none,0,0,0,1.468909000095664,220,212,220,220,9,9,0,0
diabetes,72,broad,PACER-C,442,10,10,415,0.9389140271493213,10,1.0,1,none,0,0,0,1.7545780001455569,331,311,331,331,12,12,1,0
diabetes,72,broad,PACER-X,442,10,10,415,0.9389140271493213,10,1.0,1,none,0,0,0,1.2024319999,331,311,331,331,12,12,1,0
diabetes,72,broad,StaleNoRecheck,442,10,10,415,0.9389140271493213,10,1.0,1,none,0,0,0,0.2748479998899711,211,211,211,211,0,8,0,0
diabetes,72,broad,NaiveNoPolicy,442,10,10,415,0.9389140271493213,10,1.0,1,none,0,0,0,0.07416400012516533,211,211,211,0,0,8,0,0
diabetes,73,medium,ExactSecure,442,10,10,53,0.11990950226244344,10,1.0,1,none,0,0,0,0.3485549998458737,442,53,53,442,0,0,1,0
diabetes,73,medium,PostFilter-IVF,442,10,10,53,0.11990950226244344,10,1.0,1,none,0,0,0,0.26445900016369706,216,36,216,216,0,8,0,0
diabetes,73,medium,AdaptivePostFilter-IVF,442,10,10,53,0.11990950226244344,10,1.0,1,none,0,0,0,0.853740999900765,442,53,442,442,0,16,0,0
diabetes,73,medium,TenantPartition-IVF,442,10,10,53,0.11990950226244344,10,1.0,1,none,0,0,0,0.2799160001814016,216,36,216,216,0,8,0,0
diabetes,73,medium,PreFilter-IVF,442,10,10,53,0.11990950226244344,10,0.9,0,ranking_truncation,0,0,0,0.488167000185058,236,33,33,236,8,8,0,0
diabetes,73,medium,PACER-A,442,10,10,53,0.11990950226244344,10,1.0,1,none,0,0,0,1.7003390000809304,56,50,56,56,13,13,1,0
diabetes,73,medium,PACER-C,442,10,10,53,0.11990950226244344,10,1.0,1,none,0,0,0,1.4184649999151588,56,50,56,56,13,13,1,0
diabetes,73,medium,PACER-X,442,10,10,53,0.11990950226244344,10,1.0,1,none,0,0,0,1.0122950000095443,56,50,56,56,13,13,1,0
diabetes,73,medium,StaleNoRecheck,442,10,10,53,0.11990950226244344,10,0.9,0,ranking_truncation,0,1,0,0.3545279998888873,216,38,216,216,0,8,0,0
diabetes,73,medium,NaiveNoPolicy,442,10,10,53,0.11990950226244344,10,0.3,0,ranking_truncation,6,1,0,0.09378200002174708,216,216,216,0,0,8,0,0
diabetes,74,narrow,ExactSecure,442,10,10,16,0.03619909502262444,10,1.0,1,none,0,0,0,0.45548700018116506,442,16,16,442,0,0,1,0
diabetes,74,narrow,PostFilter-IVF,442,10,10,16,0.03619909502262444,10,1.0,1,none,0,0,0,0.3461520000200835,220,16,220,220,0,8,0,0
diabetes,74,narrow,AdaptivePostFilter-IVF,442,10,10,16,0.03619909502262444,10,1.0,1,none,0,0,0,0.7573719999527384,442,16,442,442,0,16,0,0
diabetes,74,narrow,TenantPartition-IVF,442,10,10,16,0.03619909502262444,10,1.0,1,none,0,0,0,0.205591999929311,220,16,220,220,0,8,0,0
diabetes,74,narrow,PreFilter-IVF,442,10,10,16,0.03619909502262444,10,1.0,1,none,0,0,0,0.31244100000549224,149,16,16,149,16,4,0,0
diabetes,74,narrow,PACER-A,442,10,10,16,0.03619909502262444,10,1.0,1,none,0,0,0,0.3147140000692161,16,16,16,16,4,4,1,0
diabetes,74,narrow,PACER-C,442,10,10,16,0.03619909502262444,10,1.0,1,none,0,0,0,0.3177209998739272,16,16,16,16,4,4,1,0
diabetes,74,narrow,PACER-X,442,10,10,16,0.03619909502262444,10,1.0,1,none,0,0,0,0.31908500000099593,16,16,16,16,4,4,1,0
diabetes,74,narrow,StaleNoRecheck,442,10,10,16,0.03619909502262444,10,1.0,1,none,0,0,0,0.33362199997100106,220,16,220,220,0,8,0,0
diabetes,74,narrow,NaiveNoPolicy,442,10,10,16,0.03619909502262444,10,0.4,0,ranking_truncation,6,0,6,0.14065700020182703,220,220,220,0,0,8,0,0
diabetes,75,cold,ExactSecure,442,10,10,2,0.004524886877828055,2,1.0,1,none,0,0,0,0.5812889999106119,442,2,2,442,0,0,1,0
diabetes,75,cold,PostFilter-IVF,442,10,10,2,0.004524886877828055,2,1.0,1,none,0,0,0,0.3399749998607149,213,2,213,213,0,8,0,0
diabetes,75,cold,AdaptivePostFilter-IVF,442,10,10,2,0.004524886877828055,2,1.0,1,none,0,0,0,1.202166999973997,442,2,442,442,0,16,0,0
diabetes,75,cold,TenantPartition-IVF,442,10,10,2,0.004524886877828055,2,1.0,1,none,0,0,0,0.20503400014604267,213,2,213,213,0,8,0,0
diabetes,75,cold,PreFilter-IVF,442,10,10,2,0.004524886877828055,2,1.0,1,none,0,0,0,0.27149399988957157,48,2,2,48,16,1,0,0
diabetes,75,cold,PACER-A,442,10,10,2,0.004524886877828055,2,1.0,1,none,0,0,0,0.11537000000316766,2,2,2,2,3,1,1,0
diabetes,75,cold,PACER-C,442,10,10,2,0.004524886877828055,2,1.0,1,none,0,0,0,0.1430610000170418,2,2,2,2,3,1,1,0
diabetes,75,cold,PACER-X,442,10,10,2,0.004524886877828055,2,1.0,1,none,0,0,0,0.10439000016049249,2,2,2,2,3,1,1,0
diabetes,75,cold,StaleNoRecheck,442,10,10,2,0.004524886877828055,2,1.0,1,none,0,0,0,0.5901040001390356,213,2,213,213,0,8,0,0
diabetes,75,cold,NaiveNoPolicy,442,10,10,2,0.004524886877828055,10,0.5,0,ranking_truncation,9,2,6,0.11821699990832713,213,213,213,0,0,8,0,0
diabetes,76,broad,ExactSecure,442,10,10,415,0.9389140271493213,10,1.0,1,none,0,0,0,0.38254099990808754,442,415,415,442,0,0,1,0
diabetes,76,broad,PostFilter-IVF,442,10,10,415,0.9389140271493213,10,1.0,1,none,0,0,0,0.2510609999717417,220,206,220,220,0,8,0,0
diabetes,76,broad,AdaptivePostFilter-IVF,442,10,10,415,0.9389140271493213,10,1.0,1,none,0,0,0,1.055294000025242,442,415,442,442,0,16,0,0
diabetes,76,broad,TenantPartition-IVF,442,10,10,415,0.9389140271493213,10,1.0,1,none,0,0,0,0.32492800005456957,220,206,220,220,0,8,0,0
diabetes,76,broad,PreFilter-IVF,442,10,10,415,0.9389140271493213,10,1.0,1,none,0,0,0,0.9618770000088261,249,232,232,249,8,8,0,0
diabetes,76,broad,PACER-A,442,10,10,415,0.9389140271493213,10,1.0,1,none,0,0,0,0.9622569998555264,220,203,220,220,8,8,0,0
diabetes,76,broad,PACER-C,442,10,10,415,0.9389140271493213,10,1.0,1,none,0,0,0,1.3016770001286204,300,282,300,300,11,11,1,0
diabetes,76,broad,PACER-X,442,10,10,415,0.9389140271493213,10,1.0,1,none,0,0,0,1.1842779999824415,300,282,300,300,11,11,1,0
diabetes,76,broad,StaleNoRecheck,442,10,10,415,0.9389140271493213,10,0.9,0,ranking_truncation,0,1,0,0.30586100001528393,220,220,220,220,0,8,0,0
diabetes,76,broad,NaiveNoPolicy,442,10,10,415,0.9389140271493213,10,0.9,0,ranking_truncation,0,1,0,0.09397000007993483,220,220,220,0,0,8,0,0
diabetes,77,medium,ExactSecure,442,10,10,37,0.083710407239819,10,1.0,1,none,0,0,0,0.3119150001111848,442,37,37,442,0,0,1,0
diabetes,77,medium,PostFilter-IVF,442,10,10,37,0.083710407239819,10,0.9,0,ranking_truncation,0,0,0,0.3071020000788849,211,13,211,211,0,8,0,0
diabetes,77,medium,AdaptivePostFilter-IVF,442,10,10,37,0.083710407239819,10,1.0,1,none,0,0,0,1.1019889998351573,442,37,442,442,0,16,0,0
diabetes,77,medium,TenantPartition-IVF,442,10,10,37,0.083710407239819,10,0.9,0,ranking_truncation,0,0,0,0.2508499999294145,211,13,211,211,0,8,0,0
diabetes,77,medium,PreFilter-IVF,442,10,10,37,0.083710407239819,10,1.0,1,none,0,0,0,0.8639840000341792,198,24,24,198,13,8,0,0
diabetes,77,medium,PACER-A,442,10,10,37,0.083710407239819,10,1.0,1,none,0,0,0,1.0047690000192233,42,37,42,42,16,11,1,0
diabetes,77,medium,PACER-C,442,10,10,37,0.083710407239819,10,1.0,1,none,0,0,0,1.0636289998728898,42,37,42,42,16,11,1,0
diabetes,77,medium,PACER-X,442,10,10,37,0.083710407239819,10,1.0,1,none,0,0,0,0.9597910000138654,42,37,42,42,16,11,1,0
diabetes,77,medium,StaleNoRecheck,442,10,10,37,0.083710407239819,10,0.8,0,ranking_truncation,0,2,0,0.2571569998508494,211,15,211,211,0,8,0,0
diabetes,77,medium,NaiveNoPolicy,442,10,10,37,0.083710407239819,10,0.3,0,ranking_truncation,7,1,2,0.0968219999322173,211,211,211,0,0,8,0,0
diabetes,78,narrow,ExactSecure,442,10,10,9,0.020361990950226245,9,1.0,1,none,0,0,0,0.27963699994870694,442,9,9,442,0,0,1,0
diabetes,78,narrow,PostFilter-IVF,442,10,10,9,0.020361990950226245,9,1.0,1,none,0,0,0,0.26669099997889134,220,9,220,220,0,8,0,0
diabetes,78,narrow,AdaptivePostFilter-IVF,442,10,10,9,0.020361990950226245,9,1.0,1,none,0,0,0,0.7737779999388295,442,9,442,442,0,16,0,0
diabetes,78,narrow,TenantPartition-IVF,442,10,10,9,0.020361990950226245,9,1.0,1,none,0,0,0,0.19431900000199676,220,9,220,220,0,8,0,0
diabetes,78,narrow,PreFilter-IVF,442,10,10,9,0.020361990950226245,9,1.0,1,none,0,0,0,0.44538499992086145,191,9,9,191,16,6,0,0
diabetes,78,narrow,PACER-A,442,10,10,9,0.020361990950226245,9,1.0,1,none,0,0,0,0.44709400003739574,10,9,10,10,7,6,1,0
diabetes,78,narrow,PACER-C,442,10,10,9,0.020361990950226245,9,1.0,1,none,0,0,0,0.40924600011749135,10,9,10,10,7,6,1,0
diabetes,78,narrow,PACER-X,442,10,10,9,0.020361990950226245,9,1.0,1,none,0,0,0,0.4176399997959379,10,9,10,10,7,6,1,0
diabetes,78,narrow,StaleNoRecheck,442,10,10,9,0.020361990950226245,10,1.0,0,ranking_truncation,0,1,0,0.22535099992637697,220,10,220,220,0,8,0,0
diabetes,78,narrow,NaiveNoPolicy,442,10,10,9,0.020361990950226245,10,0.2222222222222222,0,ranking_truncation,8,1,8,0.09336400012216473,220,220,220,0,0,8,0,0
diabetes,79,cold,ExactSecure,442,10,10,5,0.011312217194570135,5,1.0,1,none,0,0,0,0.3189899998687906,442,5,5,442,0,0,1,0
diabetes,79,cold,PostFilter-IVF,442,10,10,5,0.011312217194570135,5,1.0,1,none,0,0,0,0.21672799994121306,218,5,218,218,0,8,0,0
diabetes,79,cold,AdaptivePostFilter-IVF,442,10,10,5,0.011312217194570135,5,1.0,1,none,0,0,0,0.8916450001379417,442,5,442,442,0,16,0,0
diabetes,79,cold,TenantPartition-IVF,442,10,10,5,0.011312217194570135,5,1.0,1,none,0,0,0,0.17412699980923207,218,5,218,218,0,8,0,0
diabetes,79,cold,PreFilter-IVF,442,10,10,5,0.011312217194570135,5,1.0,1,none,0,0,0,0.23416099998030404,116,5,5,116,16,3,0,0
diabetes,79,cold,PACER-A,442,10,10,5,0.011312217194570135,5,1.0,1,none,0,0,0,0.2741359999163251,5,5,5,5,5,3,1,0
diabetes,79,cold,PACER-C,442,10,10,5,0.011312217194570135,5,1.0,1,none,0,0,0,0.2400599998964026,5,5,5,5,5,3,1,0
diabetes,79,cold,PACER-X,442,10,10,5,0.011312217194570135,5,1.0,1,none,0,0,0,0.2194219998727931,5,5,5,5,5,3,1,0
diabetes,79,cold,StaleNoRecheck,442,10,10,5,0.011312217194570135,5,1.0,1,none,0,0,0,0.2385459999914019,218,5,218,218,0,8,0,0
diabetes,79,cold,NaiveNoPolicy,442,10,10,5,0.011312217194570135,10,0.4,0,ranking_truncation,8,1,6,0.10858400014512881,218,218,218,0,0,8,0,0
