query_id,regime,correlation,method,n,dim,k,allowed_count,selectivity,returned,recall_at_k,secure_topk_exact,failure_mode,policy_violations,deleted_violations,tenant_violations,explanation_valid,explanation_total,explanation_accuracy,latency_ms,raw_candidates,candidates,distance_evals,policy_checks,summary_checks,visited_cluster_count,certified,certified_and_exact,certificate_false_positive,certificate_gap,truncated_visible_slice
0,broad,positive,ExactSecure,15000,64,10,6511,0.43406666666666666,10,1.0,1,none,0,0,0,10,10,1.0,8.326744999976654,15000,6511,6511,15000,0,0,1,1,0,0.0,0
0,broad,positive,PreFilter-Exact,15000,64,10,6511,0.43406666666666666,10,1.0,1,none,0,0,0,10,10,1.0,8.27735500001836,15000,6511,6511,15000,0,0,1,1,0,0.0,0
0,broad,positive,BitmapSlice-Exact,15000,64,10,6511,0.43406666666666666,10,1.0,1,none,0,0,0,10,10,1.0,16.65472500008036,7202,6511,6511,7202,0,0,1,1,0,0.0,0
0,broad,positive,ScalarOnly,15000,64,10,6511,0.43406666666666666,10,0.0,0,ranking_truncation,0,0,0,10,10,1.0,7.533370000146533,15000,6511,0,15000,0,0,0,1,0,0.0,0
0,broad,positive,PostFilter-IVF,15000,64,10,6511,0.43406666666666666,10,1.0,1,none,0,0,0,10,10,1.0,1.617099999975835,1823,658,1823,1823,0,8,0,1,0,0.0,0
0,broad,positive,AdaptivePostFilter-IVF,15000,64,10,6511,0.43406666666666666,10,1.0,1,none,0,0,0,10,10,1.0,4.438915000037014,4800,1873,4800,4800,0,21,0,1,0,0.0,0
0,broad,positive,ExactPrefix-PostFilter,15000,64,10,6511,0.43406666666666666,10,1.0,1,none,0,0,0,10,10,1.0,3.6051090000910335,2400,929,15000,2400,0,0,0,1,0,0.0,0
0,broad,positive,TenantPartition-IVF,15000,64,10,6511,0.43406666666666666,10,1.0,1,none,0,0,0,10,10,1.0,1.321052000093914,1823,658,1823,1823,0,8,0,1,0,0.0,0
0,broad,positive,PreFilter-IVF,15000,64,10,6511,0.43406666666666666,10,1.0,1,none,0,0,0,10,10,1.0,1.6849420001108228,1823,658,658,1823,8,8,0,1,0,0.0,0
0,broad,positive,PACER-A,15000,64,10,6511,0.43406666666666666,10,1.0,1,none,0,0,0,10,10,1.0,8.766800000103103,2400,2151,2400,2400,24,24,0,1,0,0.5648780465126038,1
0,broad,positive,PACER-C,15000,64,10,6511,0.43406666666666666,10,1.0,1,none,0,0,0,10,10,1.0,22.307406999971136,7202,6511,7202,7202,64,64,1,1,0,0.0,0
0,broad,positive,PACER-X,15000,64,10,6511,0.43406666666666666,10,1.0,1,none,0,0,0,10,10,1.0,21.8628830000398,7202,6511,7202,7202,64,64,1,1,0,0.0,0
0,broad,positive,PACER-A-NoSlices,15000,64,10,6511,0.43406666666666666,10,1.0,1,none,0,0,0,10,10,1.0,2.4508689998583577,2400,890,2400,2400,11,11,0,1,0,0.5759817957878113,1
0,broad,positive,PACER-A-NoBounds,15000,64,10,6511,0.43406666666666666,10,1.0,1,none,0,0,0,10,10,1.0,8.552117000135695,2400,2144,2400,2400,22,22,0,1,0,0.0,1
0,broad,positive,StaleNoRecheck,15000,64,10,6511,0.43406666666666666,10,0.8,0,ranking_truncation,0,2,0,8,10,0.8,1.4110979998349649,1823,723,1823,1823,0,8,0,1,0,0.0,0
0,broad,positive,NaiveNoPolicy,15000,64,10,6511,0.43406666666666666,10,0.4,0,ranking_truncation,0,3,4,4,10,0.4,0.4470650001167087,1823,1823,1823,0,0,8,0,1,0,0.0,0
1,medium,positive,ExactSecure,15000,64,10,306,0.0204,10,1.0,1,none,0,0,0,10,10,1.0,7.459981000010885,15000,306,306,15000,0,0,1,1,0,0.0,0
1,medium,positive,PreFilter-Exact,15000,64,10,306,0.0204,10,1.0,1,none,0,0,0,10,10,1.0,7.417503999931796,15000,306,306,15000,0,0,1,1,0,0.0,0
1,medium,positive,BitmapSlice-Exact,15000,64,10,306,0.0204,10,1.0,1,none,0,0,0,10,10,1.0,0.9474970001974725,345,306,306,345,0,0,1,1,0,0.0,0
1,medium,positive,ScalarOnly,15000,64,10,306,0.0204,10,0.1,0,ranking_truncation,0,0,0,10,10,1.0,7.730261000006067,15000,306,0,15000,0,0,0,1,0,0.0,0
1,medium,positive,PostFilter-IVF,15000,64,10,306,0.0204,10,0.8,0,ranking_truncation,0,0,0,10,10,1.0,1.4972960000250168,1825,35,1825,1825,0,8,0,1,0,0.0,0
1,medium,positive,AdaptivePostFilter-IVF,15000,64,10,306,0.0204,10,1.0,1,none,0,0,0,10,10,1.0,4.385549000062383,4800,109,4800,4800,0,22,0,1,0,0.0,0
1,medium,positive,ExactPrefix-PostFilter,15000,64,10,306,0.0204,10,1.0,1,none,0,0,0,10,10,1.0,3.6929149998741195,2400,45,15000,2400,0,0,0,1,0,0.0,0
1,medium,positive,TenantPartition-IVF,15000,64,10,306,0.0204,10,0.8,0,ranking_truncation,0,0,0,10,10,1.0,1.1270810000496567,1825,35,1825,1825,0,8,0,1,0,0.0,0
1,medium,positive,PreFilter-IVF,15000,64,10,306,0.0204,10,0.8,0,ranking_truncation,0,0,0,10,10,1.0,1.6882890001852502,1538,44,44,1538,10,8,0,1,0,0.0,0
1,medium,positive,PACER-A,15000,64,10,306,0.0204,10,1.0,1,none,0,0,0,10,10,1.0,5.01839999992626,345,306,345,345,64,55,1,1,0,0.0,0
1,medium,positive,PACER-C,15000,64,10,306,0.0204,10,1.0,1,none,0,0,0,10,10,1.0,4.714797000133331,345,306,345,345,64,55,1,1,0,0.0,0
1,medium,positive,PACER-X,15000,64,10,306,0.0204,10,1.0,1,none,0,0,0,10,10,1.0,4.955214000119668,345,306,345,345,64,55,1,1,0,0.0,0
1,medium,positive,PACER-A-NoSlices,15000,64,10,306,0.0204,10,0.8,0,ranking_truncation,0,0,0,10,10,1.0,2.133683000010933,2400,46,2400,2400,13,13,0,1,0,0.7450611591339111,1
1,medium,positive,PACER-A-NoBounds,15000,64,10,306,0.0204,10,1.0,1,none,0,0,0,10,10,1.0,4.531674000190833,345,306,345,345,64,55,1,1,0,0.0,0
1,medium,positive,StaleNoRecheck,15000,64,10,306,0.0204,10,0.8,0,ranking_truncation,0,1,0,9,10,0.9,1.4922660000138421,1825,37,1825,1825,0,8,0,1,0,0.0,0
1,medium,positive,NaiveNoPolicy,15000,64,10,306,0.0204,10,0.1,0,ranking_truncation,7,2,7,1,10,0.1,0.6820180001341214,1825,1825,1825,0,0,8,0,1,0,0.0,0
2,narrow,positive,ExactSecure,15000,64,10,8,0.0005333333333333334,8,1.0,1,none,0,0,0,8,8,1.0,7.425016000070173,15000,8,8,15000,0,0,1,1,0,0.0,0
2,narrow,positive,PreFilter-Exact,15000,64,10,8,0.0005333333333333334,8,1.0,1,none,0,0,0,8,8,1.0,7.303795999860085,15000,8,8,15000,0,0,1,1,0,0.0,0
2,narrow,positive,BitmapSlice-Exact,15000,64,10,8,0.0005333333333333334,8,1.0,1,none,0,0,0,8,8,1.0,0.1802940000743547,10,8,8,10,0,0,1,1,0,0.0,0
2,narrow,positive,ScalarOnly,15000,64,10,8,0.0005333333333333334,8,1.0,0,ranking_truncation,0,0,0,8,8,1.0,7.9100210000433435,15000,8,0,15000,0,0,0,1,0,0.0,0
2,narrow,positive,PostFilter-IVF,15000,64,10,8,0.0005333333333333334,3,0.375,0,candidate_starvation,0,0,0,3,3,1.0,1.37426899982529,1744,3,1744,1744,0,8,0,1,0,0.0,0
2,narrow,positive,AdaptivePostFilter-IVF,15000,64,10,8,0.0005333333333333334,7,0.875,0,candidate_starvation,0,0,0,7,7,1.0,4.127093000079185,4800,7,4800,4800,0,21,0,1,0,0.0,0
2,narrow,positive,ExactPrefix-PostFilter,15000,64,10,8,0.0005333333333333334,4,0.5,0,candidate_starvation,0,0,0,4,4,1.0,3.3247730000312004,2400,4,15000,2400,0,0,0,1,0,0.0,0
2,narrow,positive,TenantPartition-IVF,15000,64,10,8,0.0005333333333333334,3,0.375,0,candidate_starvation,0,0,0,3,3,1.0,0.7051119998777722,1744,3,1744,1744,0,8,0,1,0,0.0,0
2,narrow,positive,PreFilter-IVF,15000,64,10,8,0.0005333333333333334,8,1.0,1,none,0,0,0,8,8,1.0,1.1398889998872619,1021,8,8,1021,64,4,0,1,0,0.0,0
2,narrow,positive,PACER-A,15000,64,10,8,0.0005333333333333334,8,1.0,1,none,0,0,0,8,8,1.0,0.4270910001196171,10,8,10,10,55,4,1,1,0,0.0,0
2,narrow,positive,PACER-C,15000,64,10,8,0.0005333333333333334,8,1.0,1,none,0,0,0,8,8,1.0,0.3660520001176337,10,8,10,10,55,4,1,1,0,0.0,0
2,narrow,positive,PACER-X,15000,64,10,8,0.0005333333333333334,8,1.0,1,none,0,0,0,8,8,1.0,0.3530839999257296,10,8,10,10,55,4,1,1,0,0.0,0
2,narrow,positive,PACER-A-NoSlices,15000,64,10,8,0.0005333333333333334,3,0.375,0,candidate_starvation,0,0,0,3,3,1.0,1.6787960000783642,2400,3,2400,2400,12,12,0,1,0,0.0,1
2,narrow,positive,PACER-A-NoBounds,15000,64,10,8,0.0005333333333333334,8,1.0,1,none,0,0,0,8,8,1.0,0.37418199985950196,10,8,10,10,57,4,1,1,0,0.0,0
2,narrow,positive,StaleNoRecheck,15000,64,10,8,0.0005333333333333334,5,0.375,0,candidate_starvation,0,2,0,3,5,0.6,1.1843390000194631,1744,5,1744,1744,0,8,0,1,0,0.0,0
2,narrow,positive,NaiveNoPolicy,15000,64,10,8,0.0005333333333333334,10,0.125,0,ranking_truncation,9,1,9,1,10,0.1,0.4438139999365376,1744,1744,1744,0,0,8,0,1,0,0.0,0
3,cold,positive,ExactSecure,15000,64,10,5,0.0003333333333333333,5,1.0,1,none,0,0,0,5,5,1.0,6.750201999921046,15000,5,5,15000,0,0,1,1,0,0.0,0
3,cold,positive,PreFilter-Exact,15000,64,10,5,0.0003333333333333333,5,1.0,1,none,0,0,0,5,5,1.0,8.103454999854875,15000,5,5,15000,0,0,1,1,0,0.0,0
3,cold,positive,BitmapSlice-Exact,15000,64,10,5,0.0003333333333333333,5,1.0,1,none,0,0,0,5,5,1.0,0.08731499997338688,6,5,5,6,0,0,1,1,0,0.0,0
3,cold,positive,ScalarOnly,15000,64,10,5,0.0003333333333333333,5,1.0,0,ranking_truncation,0,0,0,5,5,1.0,7.4070259997824905,15000,5,0,15000,0,0,0,1,0,0.0,0
3,cold,positive,PostFilter-IVF,15000,64,10,5,0.0003333333333333333,3,0.6,0,candidate_starvation,0,0,0,3,3,1.0,1.3027110001075926,1740,3,1740,1740,0,8,0,1,0,0.0,0
3,cold,positive,AdaptivePostFilter-IVF,15000,64,10,5,0.0003333333333333333,3,0.6,0,candidate_starvation,0,0,0,3,3,1.0,3.708210999775474,4800,3,4800,4800,0,21,0,1,0,0.0,0
3,cold,positive,ExactPrefix-PostFilter,15000,64,10,5,0.0003333333333333333,2,0.4,0,candidate_starvation,0,0,0,2,2,1.0,3.2305140000516985,2400,2,15000,2400,0,0,0,1,0,0.0,0
3,cold,positive,TenantPartition-IVF,15000,64,10,5,0.0003333333333333333,3,0.6,0,candidate_starvation,0,0,0,3,3,1.0,0.7776530001137871,1740,3,1740,1740,0,8,0,1,0,0.0,0
3,cold,positive,PreFilter-IVF,15000,64,10,5,0.0003333333333333333,5,1.0,1,none,0,0,0,5,5,1.0,1.5446459999566287,948,5,5,948,64,3,0,1,0,0.0,0
3,cold,positive,PACER-A,15000,64,10,5,0.0003333333333333333,5,1.0,1,none,0,0,0,5,5,1.0,0.5590069999925618,6,5,6,6,48,3,1,1,0,0.0,0
3,cold,positive,PACER-C,15000,64,10,5,0.0003333333333333333,5,1.0,1,none,0,0,0,5,5,1.0,0.3259510001498711,6,5,6,6,48,3,1,1,0,0.0,0
3,cold,positive,PACER-X,15000,64,10,5,0.0003333333333333333,5,1.0,1,none,0,0,0,5,5,1.0,0.3407300000617397,6,5,6,6,48,3,1,1,0,0.0,0
3,cold,positive,PACER-A-NoSlices,15000,64,10,5,0.0003333333333333333,3,0.6,0,candidate_starvation,0,0,0,3,3,1.0,1.803791000156707,2400,3,2400,2400,11,11,0,1,0,0.0,1
3,cold,positive,PACER-A-NoBounds,15000,64,10,5,0.0003333333333333333,5,1.0,1,none,0,0,0,5,5,1.0,0.33279500007665774,6,5,6,6,48,3,1,1,0,0.0,0
3,cold,positive,StaleNoRecheck,15000,64,10,5,0.0003333333333333333,3,0.6,0,candidate_starvation,0,0,0,3,3,1.0,1.393236000012621,1740,3,1740,1740,0,8,0,1,0,0.0,0
3,cold,positive,NaiveNoPolicy,15000,64,10,5,0.0003333333333333333,10,0.2,0,ranking_truncation,8,2,8,1,10,0.1,0.5192609999085107,1740,1740,1740,0,0,8,0,1,0,0.0,0
4,broad,positive,ExactSecure,15000,64,10,7021,0.4680666666666667,10,1.0,1,none,0,0,0,10,10,1.0,8.091736999858767,15000,7021,7021,15000,0,0,1,1,0,0.0,0
4,broad,positive,PreFilter-Exact,15000,64,10,7021,0.4680666666666667,10,1.0,1,none,0,0,0,10,10,1.0,7.985128999962399,15000,7021,7021,15000,0,0,1,1,0,0.0,0
4,broad,positive,BitmapSlice-Exact,15000,64,10,7021,0.4680666666666667,10,1.0,1,none,0,0,0,10,10,1.0,16.537835999997696,7491,7021,7021,7491,0,0,1,1,0,0.0,0
4,broad,positive,ScalarOnly,15000,64,10,7021,0.4680666666666667,10,0.0,0,ranking_truncation,0,0,0,10,10,1.0,7.210543999917718,15000,7021,0,15000,0,0,0,1,0,0.0,0
4,broad,positive,PostFilter-IVF,15000,64,10,7021,0.4680666666666667,10,0.6,0,ranking_truncation,0,0,0,10,10,1.0,1.3005710000015824,1537,660,1537,1537,0,8,0,1,0,0.0,0
4,broad,positive,AdaptivePostFilter-IVF,15000,64,10,7021,0.4680666666666667,10,0.8,0,ranking_truncation,0,0,0,10,10,1.0,4.532687000164515,4800,2143,4800,4800,0,24,0,1,0,0.0,0
4,broad,positive,ExactPrefix-PostFilter,15000,64,10,7021,0.4680666666666667,10,1.0,1,none,0,0,0,10,10,1.0,3.4026170001197897,2400,1122,15000,2400,0,0,0,1,0,0.0,0
4,broad,positive,TenantPartition-IVF,15000,64,10,7021,0.4680666666666667,10,0.6,0,ranking_truncation,0,0,0,10,10,1.0,1.0935770001196943,1537,660,1537,1537,0,8,0,1,0,0.0,0
4,broad,positive,PreFilter-IVF,15000,64,10,7021,0.4680666666666667,10,0.6,0,ranking_truncation,0,0,0,10,10,1.0,1.6758560000198486,1670,839,839,1670,8,8,0,1,0,0.0,0
4,broad,positive,PACER-A,15000,64,10,7021,0.4680666666666667,10,0.8,0,ranking_truncation,0,0,0,10,10,1.0,7.7366450000226905,2400,2234,2400,2400,22,22,0,1,0,0.6369234919548035,1
4,broad,positive,PACER-C,15000,64,10,7021,0.4680666666666667,10,1.0,1,none,0,0,0,10,10,1.0,23.16016200006743,7491,7021,7491,7491,64,64,1,1,0,0.0,0
4,broad,positive,PACER-X,15000,64,10,7021,0.4680666666666667,10,1.0,1,none,0,0,0,10,10,1.0,22.084000999939235,7491,7021,7491,7491,64,64,1,1,0,0.0,0
4,broad,positive,PACER-A-NoSlices,15000,64,10,7021,0.4680666666666667,10,0.7,0,ranking_truncation,0,0,0,10,10,1.0,2.3188840000329947,2400,1160,2400,2400,12,12,0,1,0,0.6411404013633728,1
4,broad,positive,PACER-A-NoBounds,15000,64,10,7021,0.4680666666666667,10,0.8,0,ranking_truncation,0,0,0,10,10,1.0,7.313983000130975,2400,2229,2400,2400,24,24,0,1,0,0.0,1
4,broad,positive,StaleNoRecheck,15000,64,10,7021,0.4680666666666667,10,0.6,0,ranking_truncation,0,1,0,9,10,0.9,1.2358430001313536,1537,702,1537,1537,0,8,0,1,0,0.0,0
4,broad,positive,NaiveNoPolicy,15000,64,10,7021,0.4680666666666667,10,0.5,0,ranking_truncation,0,1,4,5,10,0.5,0.3816270000243094,1537,1537,1537,0,0,8,0,1,0,0.0,0
5,medium,positive,ExactSecure,15000,64,10,317,0.021133333333333334,10,1.0,1,none,0,0,0,10,10,1.0,7.590961999994761,15000,317,317,15000,0,0,1,1,0,0.0,0
5,medium,positive,PreFilter-Exact,15000,64,10,317,0.021133333333333334,10,1.0,1,none,0,0,0,10,10,1.0,7.378229999858377,15000,317,317,15000,0,0,1,1,0,0.0,0
5,medium,positive,BitmapSlice-Exact,15000,64,10,317,0.021133333333333334,10,1.0,1,none,0,0,0,10,10,1.0,0.9152410000297095,355,317,317,355,0,0,1,1,0,0.0,0
5,medium,positive,ScalarOnly,15000,64,10,317,0.021133333333333334,10,0.2,0,ranking_truncation,0,0,0,10,10,1.0,7.520297000155551,15000,317,0,15000,0,0,0,1,0,0.0,0
5,medium,positive,PostFilter-IVF,15000,64,10,317,0.021133333333333334,10,0.4,0,ranking_truncation,0,0,0,10,10,1.0,1.6495360000590154,2276,55,2276,2276,0,8,0,1,0,0.0,0
5,medium,positive,AdaptivePostFilter-IVF,15000,64,10,317,0.021133333333333334,10,0.9,0,ranking_truncation,0,0,0,10,10,1.0,3.8512389999141305,4800,132,4800,4800,0,21,0,1,0,0.0,0
5,medium,positive,ExactPrefix-PostFilter,15000,64,10,317,0.021133333333333334,10,1.0,1,none,0,0,0,10,10,1.0,3.194182000015644,2400,64,15000,2400,0,0,0,1,0,0.0,0
5,medium,positive,TenantPartition-IVF,15000,64,10,317,0.021133333333333334,10,0.4,0,ranking_truncation,0,0,0,10,10,1.0,1.0640330001479015,2276,55,2276,2276,0,8,0,1,0,0.0,0
5,medium,positive,PreFilter-IVF,15000,64,10,317,0.021133333333333334,10,0.5,0,ranking_truncation,0,0,0,10,10,1.0,1.7225069998403342,2069,54,54,2069,10,8,0,1,0,0.0,0
5,medium,positive,PACER-A,15000,64,10,317,0.021133333333333334,10,1.0,1,none,0,0,0,10,10,1.0,4.783302000078038,355,317,355,355,64,57,1,1,0,0.0,0
5,medium,positive,PACER-C,15000,64,10,317,0.021133333333333334,10,1.0,1,none,0,0,0,10,10,1.0,4.609232999882806,355,317,355,355,64,57,1,1,0,0.0,0
5,medium,positive,PACER-X,15000,64,10,317,0.021133333333333334,10,1.0,1,none,0,0,0,10,10,1.0,4.603911999993215,355,317,355,355,64,57,1,1,0,0.0,0
5,medium,positive,PACER-A-NoSlices,15000,64,10,317,0.021133333333333334,10,0.5,0,ranking_truncation,0,0,0,10,10,1.0,1.8284410000433127,2400,54,2400,2400,11,11,0,1,0,0.7920101284980774,1
5,medium,positive,PACER-A-NoBounds,15000,64,10,317,0.021133333333333334,10,1.0,1,none,0,0,0,10,10,1.0,4.8474170000645245,355,317,355,355,64,57,1,1,0,0.0,0
5,medium,positive,StaleNoRecheck,15000,64,10,317,0.021133333333333334,10,0.4,0,ranking_truncation,0,0,0,10,10,1.0,1.760268999987602,2276,58,2276,2276,0,8,0,1,0,0.0,0
5,medium,positive,NaiveNoPolicy,15000,64,10,317,0.021133333333333334,10,0.0,0,ranking_truncation,10,1,8,0,10,0.0,0.7905209999989893,2276,2276,2276,0,0,8,0,1,0,0.0,0
6,narrow,positive,ExactSecure,15000,64,10,7,0.00046666666666666666,7,1.0,1,none,0,0,0,7,7,1.0,7.381429000133721,15000,7,7,15000,0,0,1,1,0,0.0,0
6,narrow,positive,PreFilter-Exact,15000,64,10,7,0.00046666666666666666,7,1.0,1,none,0,0,0,7,7,1.0,6.84984499980601,15000,7,7,15000,0,0,1,1,0,0.0,0
6,narrow,positive,BitmapSlice-Exact,15000,64,10,7,0.00046666666666666666,7,1.0,1,none,0,0,0,7,7,1.0,0.14924900006008102,7,7,7,7,0,0,1,1,0,0.0,0
6,narrow,positive,ScalarOnly,15000,64,10,7,0.00046666666666666666,7,1.0,0,ranking_truncation,0,0,0,7,7,1.0,6.907658999807609,15000,7,0,15000,0,0,0,1,0,0.0,0
6,narrow,positive,PostFilter-IVF,15000,64,10,7,0.00046666666666666666,1,0.14285714285714285,0,candidate_starvation,0,0,0,1,1,1.0,1.2560640000174317,1750,1,1750,1750,0,8,0,1,0,0.0,0
6,narrow,positive,AdaptivePostFilter-IVF,15000,64,10,7,0.00046666666666666666,4,0.5714285714285714,0,candidate_starvation,0,0,0,4,4,1.0,3.5600139999587554,4800,4,4800,4800,0,22,0,1,0,0.0,0
6,narrow,positive,ExactPrefix-PostFilter,15000,64,10,7,0.00046666666666666666,1,0.14285714285714285,0,candidate_starvation,0,0,0,1,1,1.0,3.029010000091148,2400,1,15000,2400,0,0,0,1,0,0.0,0
6,narrow,positive,TenantPartition-IVF,15000,64,10,7,0.00046666666666666666,1,0.14285714285714285,0,candidate_starvation,0,0,0,1,1,1.0,0.701225000057093,1750,1,1750,1750,0,8,0,1,0,0.0,0
6,narrow,positive,PreFilter-IVF,15000,64,10,7,0.00046666666666666666,7,1.0,1,none,0,0,0,7,7,1.0,1.5225350000491744,1755,7,7,1755,64,7,0,1,0,0.0,0
6,narrow,positive,PACER-A,15000,64,10,7,0.00046666666666666666,7,1.0,1,none,0,0,0,7,7,1.0,0.5548609999550536,7,7,7,7,47,7,1,1,0,0.0,0
6,narrow,positive,PACER-C,15000,64,10,7,0.00046666666666666666,7,1.0,1,none,0,0,0,7,7,1.0,0.4971809999005927,7,7,7,7,47,7,1,1,0,0.0,0
6,narrow,positive,PACER-X,15000,64,10,7,0.00046666666666666666,7,1.0,1,none,0,0,0,7,7,1.0,0.4782030000569648,7,7,7,7,47,7,1,1,0,0.0,0
6,narrow,positive,PACER-A-NoSlices,15000,64,10,7,0.00046666666666666666,1,0.14285714285714285,0,candidate_starvation,0,0,0,1,1,1.0,1.5770190000239381,2400,1,2400,2400,10,10,0,1,0,0.0,1
6,narrow,positive,PACER-A-NoBounds,15000,64,10,7,0.00046666666666666666,7,1.0,1,none,0,0,0,7,7,1.0,0.5043920000389335,7,7,7,7,49,7,1,1,0,0.0,0
6,narrow,positive,StaleNoRecheck,15000,64,10,7,0.00046666666666666666,1,0.14285714285714285,0,candidate_starvation,0,0,0,1,1,1.0,1.1192690001280425,1750,1,1750,1750,0,8,0,1,0,0.0,0
6,narrow,positive,NaiveNoPolicy,15000,64,10,7,0.00046666666666666666,10,0.0,0,ranking_truncation,10,1,10,0,10,0.0,0.366073000122924,1750,1750,1750,0,0,8,0,1,0,0.0,0
7,cold,positive,ExactSecure,15000,64,10,11,0.0007333333333333333,10,1.0,1,none,0,0,0,10,10,1.0,7.135187000130827,15000,11,11,15000,0,0,1,1,0,0.0,0
7,cold,positive,PreFilter-Exact,15000,64,10,11,0.0007333333333333333,10,1.0,1,none,0,0,0,10,10,1.0,7.129781000003277,15000,11,11,15000,0,0,1,1,0,0.0,0
7,cold,positive,BitmapSlice-Exact,15000,64,10,11,0.0007333333333333333,10,1.0,1,none,0,0,0,10,10,1.0,0.10845500014511344,12,11,11,12,0,0,1,1,0,0.0,0
7,cold,positive,ScalarOnly,15000,64,10,11,0.0007333333333333333,10,0.9,0,ranking_truncation,0,0,0,10,10,1.0,7.061046999979226,15000,11,0,15000,0,0,0,1,0,0.0,0
7,cold,positive,PostFilter-IVF,15000,64,10,11,0.0007333333333333333,5,0.5,0,candidate_starvation,0,0,0,5,5,1.0,1.3633720000143512,1929,5,1929,1929,0,8,0,1,0,0.0,0
7,cold,positive,AdaptivePostFilter-IVF,15000,64,10,11,0.0007333333333333333,8,0.7,0,candidate_starvation,0,0,0,8,8,1.0,3.698279999980514,4800,8,4800,4800,0,23,0,1,0,0.0,0
7,cold,positive,ExactPrefix-PostFilter,15000,64,10,11,0.0007333333333333333,6,0.6,0,candidate_starvation,0,0,0,6,6,1.0,3.063572999963071,2400,6,15000,2400,0,0,0,1,0,0.0,0
7,cold,positive,TenantPartition-IVF,15000,64,10,11,0.0007333333333333333,5,0.5,0,candidate_starvation,0,0,0,5,5,1.0,0.9212359998400643,1929,5,1929,1929,0,8,0,1,0,0.0,0
7,cold,positive,PreFilter-IVF,15000,64,10,11,0.0007333333333333333,10,1.0,1,none,0,0,0,10,10,1.0,1.6577300000335526,1757,11,11,1757,64,7,0,1,0,0.0,0
7,cold,positive,PACER-A,15000,64,10,11,0.0007333333333333333,10,1.0,1,none,0,0,0,10,10,1.0,0.6198050000421063,12,11,12,12,48,7,1,1,0,0.0,0
7,cold,positive,PACER-C,15000,64,10,11,0.0007333333333333333,10,1.0,1,none,0,0,0,10,10,1.0,0.5582810001669714,12,11,12,12,48,7,1,1,0,0.0,0
7,cold,positive,PACER-X,15000,64,10,11,0.0007333333333333333,10,1.0,1,none,0,0,0,10,10,1.0,0.5457869999645482,12,11,12,12,48,7,1,1,0,0.0,0
7,cold,positive,PACER-A-NoSlices,15000,64,10,11,0.0007333333333333333,5,0.5,0,candidate_starvation,0,0,0,5,5,1.0,1.7414330000065092,2400,5,2400,2400,11,11,0,1,0,0.0,1
7,cold,positive,PACER-A-NoBounds,15000,64,10,11,0.0007333333333333333,10,1.0,1,none,0,0,0,10,10,1.0,0.552808000065852,12,11,12,12,64,7,1,1,0,0.0,0
7,cold,positive,StaleNoRecheck,15000,64,10,11,0.0007333333333333333,6,0.5,0,candidate_starvation,0,1,0,5,6,0.8333333333333334,1.5091959999153914,1929,6,1929,1929,0,8,0,1,0,0.0,0
7,cold,positive,NaiveNoPolicy,15000,64,10,11,0.0007333333333333333,10,0.0,0,ranking_truncation,9,1,7,0,10,0.0,0.4430149999734567,1929,1929,1929,0,0,8,0,1,0,0.0,0
8,broad,positive,ExactSecure,15000,64,10,6928,0.46186666666666665,10,1.0,1,none,0,0,0,10,10,1.0,8.547524000050544,15000,6928,6928,15000,0,0,1,1,0,0.0,0
8,broad,positive,PreFilter-Exact,15000,64,10,6928,0.46186666666666665,10,1.0,1,none,0,0,0,10,10,1.0,9.530789000109507,15000,6928,6928,15000,0,0,1,1,0,0.0,0
8,broad,positive,BitmapSlice-Exact,15000,64,10,6928,0.46186666666666665,10,1.0,1,none,0,0,0,10,10,1.0,18.868598999915775,7515,6928,6928,7515,0,0,1,1,0,0.0,0
8,broad,positive,ScalarOnly,15000,64,10,6928,0.46186666666666665,10,0.0,0,ranking_truncation,0,0,0,10,10,1.0,7.827364000149828,15000,6928,0,15000,0,0,0,1,0,0.0,0
8,broad,positive,PostFilter-IVF,15000,64,10,6928,0.46186666666666665,10,0.6,0,ranking_truncation,0,0,0,10,10,1.0,2.0479359998262225,2371,1048,2371,2371,0,8,0,1,0,0.0,0
8,broad,positive,AdaptivePostFilter-IVF,15000,64,10,6928,0.46186666666666665,10,0.7,0,ranking_truncation,0,0,0,10,10,1.0,5.076768999970227,4800,2148,4800,4800,0,21,0,1,0,0.0,0
8,broad,positive,ExactPrefix-PostFilter,15000,64,10,6928,0.46186666666666665,10,1.0,1,none,0,0,0,10,10,1.0,3.5256869998647744,2400,1068,15000,2400,0,0,0,1,0,0.0,0
8,broad,positive,TenantPartition-IVF,15000,64,10,6928,0.46186666666666665,10,0.6,0,ranking_truncation,0,0,0,10,10,1.0,2.1483209998223174,2371,1048,2371,2371,0,8,0,1,0,0.0,0
8,broad,positive,PreFilter-IVF,15000,64,10,6928,0.46186666666666665,10,0.5,0,ranking_truncation,0,0,0,10,10,1.0,2.25277599997753,2206,966,966,2206,8,8,0,1,0,0.0,0
8,broad,positive,PACER-A,15000,64,10,6928,0.46186666666666665,10,0.7,0,ranking_truncation,0,0,0,10,10,1.0,10.483604000000923,2400,2211,2400,2400,20,20,0,1,0,0.6334505975246429,1
8,broad,positive,PACER-C,15000,64,10,6928,0.46186666666666665,10,1.0,1,none,0,0,0,10,10,1.0,23.14698700001827,7515,6928,7515,7515,64,64,1,1,0,0.0,0
8,broad,positive,PACER-X,15000,64,10,6928,0.46186666666666665,10,1.0,1,none,0,0,0,10,10,1.0,23.524839999936376,7515,6928,7515,7515,64,64,1,1,0,0.0,0
8,broad,positive,PACER-A-NoSlices,15000,64,10,6928,0.46186666666666665,10,0.6,0,ranking_truncation,0,0,0,10,10,1.0,3.079209000134142,2400,1066,2400,2400,9,9,0,1,0,0.6497529745101929,1
8,broad,positive,PACER-A-NoBounds,15000,64,10,6928,0.46186666666666665,10,0.7,0,ranking_truncation,0,0,0,10,10,1.0,7.6677810000091995,2400,2217,2400,2400,21,21,0,1,0,0.0,1
8,broad,positive,StaleNoRecheck,15000,64,10,6928,0.46186666666666665,10,0.6,0,ranking_truncation,0,1,0,9,10,0.9,2.0274169999083824,2371,1146,2371,2371,0,8,0,1,0,0.0,0
8,broad,positive,NaiveNoPolicy,15000,64,10,6928,0.46186666666666665,10,0.4,0,ranking_truncation,0,0,6,4,10,0.4,0.5752430001848552,2371,2371,2371,0,0,8,0,1,0,0.0,0
9,medium,positive,ExactSecure,15000,64,10,507,0.0338,10,1.0,1,none,0,0,0,10,10,1.0,7.440679999945132,15000,507,507,15000,0,0,1,1,0,0.0,0
9,medium,positive,PreFilter-Exact,15000,64,10,507,0.0338,10,1.0,1,none,0,0,0,10,10,1.0,7.553071000074851,15000,507,507,15000,0,0,1,1,0,0.0,0
9,medium,positive,BitmapSlice-Exact,15000,64,10,507,0.0338,10,1.0,1,none,0,0,0,10,10,1.0,1.432414999953835,553,507,507,553,0,0,1,1,0,0.0,0
9,medium,positive,ScalarOnly,15000,64,10,507,0.0338,10,0.0,0,ranking_truncation,0,0,0,10,10,1.0,7.956150999916645,15000,507,0,15000,0,0,0,1,0,0.0,0
9,medium,positive,PostFilter-IVF,15000,64,10,507,0.0338,10,0.7,0,ranking_truncation,0,0,0,10,10,1.0,1.6068310001173813,2034,84,2034,2034,0,8,0,1,0,0.0,0
9,medium,positive,AdaptivePostFilter-IVF,15000,64,10,507,0.0338,10,0.8,0,ranking_truncation,0,0,0,10,10,1.0,4.520661000015025,4800,176,4800,4800,0,21,0,1,0,0.0,0
9,medium,positive,ExactPrefix-PostFilter,15000,64,10,507,0.0338,10,1.0,1,none,0,0,0,10,10,1.0,3.6459020000165765,2400,103,15000,2400,0,0,0,1,0,0.0,0
9,medium,positive,TenantPartition-IVF,15000,64,10,507,0.0338,10,0.7,0,ranking_truncation,0,0,0,10,10,1.0,1.0992760001045099,2034,84,2034,2034,0,8,0,1,0,0.0,0
9,medium,positive,PreFilter-IVF,15000,64,10,507,0.0338,10,0.7,0,ranking_truncation,0,0,0,10,10,1.0,1.9759549998070725,1987,84,84,1987,8,8,0,1,0,0.0,0
9,medium,positive,PACER-A,15000,64,10,507,0.0338,10,1.0,1,none,0,0,0,10,10,1.0,6.550692000018898,553,507,553,553,64,60,1,1,0,0.0,0
9,medium,positive,PACER-C,15000,64,10,507,0.0338,10,1.0,1,none,0,0,0,10,10,1.0,6.1951530001351784,553,507,553,553,64,60,1,1,0,0.0,0
9,medium,positive,PACER-X,15000,64,10,507,0.0338,10,1.0,1,none,0,0,0,10,10,1.0,5.425133000017013,553,507,553,553,64,60,1,1,0,0.0,0
9,medium,positive,PACER-A-NoSlices,15000,64,10,507,0.0338,10,0.7,0,ranking_truncation,0,0,0,10,10,1.0,2.03931900000498,2400,110,2400,2400,10,10,0,1,0,0.7282175421714783,1
9,medium,positive,PACER-A-NoBounds,15000,64,10,507,0.0338,10,1.0,1,none,0,0,0,10,10,1.0,6.250886999850991,553,507,553,553,64,60,1,1,0,0.0,0
9,medium,positive,StaleNoRecheck,15000,64,10,507,0.0338,10,0.7,0,ranking_truncation,0,2,0,8,10,0.8,1.8078640000567248,2034,92,2034,2034,0,8,0,1,0,0.0,0
9,medium,positive,NaiveNoPolicy,15000,64,10,507,0.0338,10,0.1,0,ranking_truncation,8,0,7,1,10,0.1,0.6397100000867795,2034,2034,2034,0,0,8,0,1,0,0.0,0
10,narrow,positive,ExactSecure,15000,64,10,14,0.0009333333333333333,10,1.0,1,none,0,0,0,10,10,1.0,8.064733000082924,15000,14,14,15000,0,0,1,1,0,0.0,0
10,narrow,positive,PreFilter-Exact,15000,64,10,14,0.0009333333333333333,10,1.0,1,none,0,0,0,10,10,1.0,7.343701000081637,15000,14,14,15000,0,0,1,1,0,0.0,0
10,narrow,positive,BitmapSlice-Exact,15000,64,10,14,0.0009333333333333333,10,1.0,1,none,0,0,0,10,10,1.0,0.16702400012036378,16,14,14,16,0,0,1,1,0,0.0,0
10,narrow,positive,ScalarOnly,15000,64,10,14,0.0009333333333333333,10,0.8,0,ranking_truncation,0,0,0,10,10,1.0,7.679262000010567,15000,14,0,15000,0,0,0,1,0,0.0,0
10,narrow,positive,PostFilter-IVF,15000,64,10,14,0.0009333333333333333,9,0.8,0,candidate_starvation,0,0,0,9,9,1.0,1.760441999977047,2192,9,2192,2192,0,8,0,1,0,0.0,0
10,narrow,positive,AdaptivePostFilter-IVF,15000,64,10,14,0.0009333333333333333,10,1.0,1,none,0,0,0,10,10,1.0,4.3004320000363805,4800,11,4800,4800,0,20,0,1,0,0.0,0
10,narrow,positive,ExactPrefix-PostFilter,15000,64,10,14,0.0009333333333333333,7,0.7,0,candidate_starvation,0,0,0,7,7,1.0,3.332653000143182,2400,7,15000,2400,0,0,0,1,0,0.0,0
10,narrow,positive,TenantPartition-IVF,15000,64,10,14,0.0009333333333333333,9,0.8,0,candidate_starvation,0,0,0,9,9,1.0,1.263300999880812,2192,9,2192,2192,0,8,0,1,0,0.0,0
10,narrow,positive,PreFilter-IVF,15000,64,10,14,0.0009333333333333333,10,1.0,1,none,0,0,0,10,10,1.0,1.9303080000554473,1973,14,14,1973,64,6,0,1,0,0.0,0
10,narrow,positive,PACER-A,15000,64,10,14,0.0009333333333333333,10,1.0,1,none,0,0,0,10,10,1.0,0.6422089998068259,16,14,16,16,62,6,1,1,0,0.0,0
10,narrow,positive,PACER-C,15000,64,10,14,0.0009333333333333333,10,1.0,1,none,0,0,0,10,10,1.0,0.5499839999174583,16,14,16,16,62,6,1,1,0,0.0,0
10,narrow,positive,PACER-X,15000,64,10,14,0.0009333333333333333,10,1.0,1,none,0,0,0,10,10,1.0,0.5858480001279531,16,14,16,16,62,6,1,1,0,0.0,0
10,narrow,positive,PACER-A-NoSlices,15000,64,10,14,0.0009333333333333333,9,0.8,0,candidate_starvation,0,0,0,9,9,1.0,1.6884080000636459,2400,9,2400,2400,10,10,0,1,0,0.0,1
10,narrow,positive,PACER-A-NoBounds,15000,64,10,14,0.0009333333333333333,10,1.0,1,none,0,0,0,10,10,1.0,0.5509929999334418,16,14,16,16,64,6,1,1,0,0.0,0
10,narrow,positive,StaleNoRecheck,15000,64,10,14,0.0009333333333333333,9,0.8,0,candidate_starvation,0,0,0,9,9,1.0,1.7154269999082317,2192,9,2192,2192,0,8,0,1,0,0.0,0
10,narrow,positive,NaiveNoPolicy,15000,64,10,14,0.0009333333333333333,10,0.1,0,ranking_truncation,9,1,9,1,10,0.1,0.5865010000434268,2192,2192,2192,0,0,8,0,1,0,0.0,0
11,cold,positive,ExactSecure,15000,64,10,2,0.00013333333333333334,2,1.0,1,none,0,0,0,2,2,1.0,7.433708000007755,15000,2,2,15000,0,0,1,1,0,0.0,0
11,cold,positive,PreFilter-Exact,15000,64,10,2,0.00013333333333333334,2,1.0,1,none,0,0,0,2,2,1.0,7.410499999878084,15000,2,2,15000,0,0,1,1,0,0.0,0
11,cold,positive,BitmapSlice-Exact,15000,64,10,2,0.00013333333333333334,2,1.0,1,none,0,0,0,2,2,1.0,0.0796679998984473,2,2,2,2,0,0,1,1,0,0.0,0
11,cold,positive,ScalarOnly,15000,64,10,2,0.00013333333333333334,2,1.0,1,none,0,0,0,2,2,1.0,7.612928000071406,15000,2,0,15000,0,0,0,1,0,0.0,0
11,cold,positive,PostFilter-IVF,15000,64,10,2,0.00013333333333333334,1,0.5,0,candidate_starvation,0,0,0,1,1,1.0,1.5246760001446091,1824,1,1824,1824,0,8,0,1,0,0.0,0
11,cold,positive,AdaptivePostFilter-IVF,15000,64,10,2,0.00013333333333333334,1,0.5,0,candidate_starvation,0,0,0,1,1,1.0,4.331505999971341,4800,1,4800,4800,0,22,0,1,0,0.0,0
11,cold,positive,ExactPrefix-PostFilter,15000,64,10,2,0.00013333333333333334,1,0.5,0,candidate_starvation,0,0,0,1,1,1.0,3.296685999885085,2400,1,15000,2400,0,0,0,1,0,0.0,0
11,cold,positive,TenantPartition-IVF,15000,64,10,2,0.00013333333333333334,1,0.5,0,candidate_starvation,0,0,0,1,1,1.0,0.7761209999443963,1824,1,1824,1824,0,8,0,1,0,0.0,0
11,cold,positive,PreFilter-IVF,15000,64,10,2,0.00013333333333333334,2,1.0,1,none,0,0,0,2,2,1.0,0.730217999944216,437,2,2,437,64,2,0,1,0,0.0,0
11,cold,positive,PACER-A,15000,64,10,2,0.00013333333333333334,2,1.0,1,none,0,0,0,2,2,1.0,0.3094080000209942,2,2,2,2,42,2,1,1,0,0.0,0
11,cold,positive,PACER-C,15000,64,10,2,0.00013333333333333334,2,1.0,1,none,0,0,0,2,2,1.0,0.2621799999360519,2,2,2,2,42,2,1,1,0,0.0,0
11,cold,positive,PACER-X,15000,64,10,2,0.00013333333333333334,2,1.0,1,none,0,0,0,2,2,1.0,0.21350799988795188,2,2,2,2,42,2,1,1,0,0.0,0
11,cold,positive,PACER-A-NoSlices,15000,64,10,2,0.00013333333333333334,1,0.5,0,candidate_starvation,0,0,0,1,1,1.0,1.7700649998459994,2400,1,2400,2400,12,12,0,1,0,0.0,1
11,cold,positive,PACER-A-NoBounds,15000,64,10,2,0.00013333333333333334,2,1.0,1,none,0,0,0,2,2,1.0,0.3009160000146949,2,2,2,2,41,2,1,1,0,0.0,0
11,cold,positive,StaleNoRecheck,15000,64,10,2,0.00013333333333333334,1,0.5,0,candidate_starvation,0,0,0,1,1,1.0,1.232015999903524,1824,1,1824,1824,0,8,0,1,0,0.0,0
11,cold,positive,NaiveNoPolicy,15000,64,10,2,0.00013333333333333334,10,0.5,0,ranking_truncation,9,2,9,1,10,0.1,0.442966000036904,1824,1824,1824,0,0,8,0,1,0,0.0,0
12,broad,positive,ExactSecure,15000,64,10,6676,0.44506666666666667,10,1.0,1,none,0,0,0,10,10,1.0,8.247716999903787,15000,6676,6676,15000,0,0,1,1,0,0.0,0
12,broad,positive,PreFilter-Exact,15000,64,10,6676,0.44506666666666667,10,1.0,1,none,0,0,0,10,10,1.0,8.055754999986675,15000,6676,6676,15000,0,0,1,1,0,0.0,0
12,broad,positive,BitmapSlice-Exact,15000,64,10,6676,0.44506666666666667,10,1.0,1,none,0,0,0,10,10,1.0,16.280278999829534,7423,6676,6676,7423,0,0,1,1,0,0.0,0
12,broad,positive,ScalarOnly,15000,64,10,6676,0.44506666666666667,10,0.0,0,ranking_truncation,0,0,0,10,10,1.0,7.505730000048061,15000,6676,0,15000,0,0,0,1,0,0.0,0
12,broad,positive,PostFilter-IVF,15000,64,10,6676,0.44506666666666667,10,0.9,0,ranking_truncation,0,0,0,10,10,1.0,1.9506020000790159,2299,1081,2299,2299,0,8,0,1,0,0.0,0
12,broad,positive,AdaptivePostFilter-IVF,15000,64,10,6676,0.44506666666666667,10,1.0,1,none,0,0,0,10,10,1.0,4.224063000037859,4800,2205,4800,4800,0,21,0,1,0,0.0,0
12,broad,positive,ExactPrefix-PostFilter,15000,64,10,6676,0.44506666666666667,10,1.0,1,none,0,0,0,10,10,1.0,3.5683119999703194,2400,1089,15000,2400,0,0,0,1,0,0.0,0
12,broad,positive,TenantPartition-IVF,15000,64,10,6676,0.44506666666666667,10,0.9,0,ranking_truncation,0,0,0,10,10,1.0,1.5922529998988466,2299,1081,2299,2299,0,8,0,1,0,0.0,0
12,broad,positive,PreFilter-IVF,15000,64,10,6676,0.44506666666666667,10,0.9,0,ranking_truncation,0,0,0,10,10,1.0,1.7839800000274408,2140,1020,1020,2140,8,8,0,1,0,0.0,0
12,broad,positive,PACER-A,15000,64,10,6676,0.44506666666666667,10,1.0,1,none,0,0,0,10,10,1.0,7.549364000169589,2400,2175,2400,2400,22,22,0,1,0,0.5843406319618225,1
12,broad,positive,PACER-C,15000,64,10,6676,0.44506666666666667,10,1.0,1,none,0,0,0,10,10,1.0,22.189069999967614,7423,6676,7423,7423,64,64,1,1,0,0.0,0
12,broad,positive,PACER-X,15000,64,10,6676,0.44506666666666667,10,1.0,1,none,0,0,0,10,10,1.0,23.001181000154247,7423,6676,7423,7423,64,64,1,1,0,0.0,0
12,broad,positive,PACER-A-NoSlices,15000,64,10,6676,0.44506666666666667,10,0.9,0,ranking_truncation,0,0,0,10,10,1.0,2.2561559999303427,2400,1123,2400,2400,9,9,0,1,0,0.5959702730178833,1
12,broad,positive,PACER-A-NoBounds,15000,64,10,6676,0.44506666666666667,10,1.0,1,none,0,0,0,10,10,1.0,7.3303829999531445,2400,2172,2400,2400,20,20,0,1,0,0.0,1
12,broad,positive,StaleNoRecheck,15000,64,10,6676,0.44506666666666667,10,0.9,0,ranking_truncation,0,1,0,9,10,0.9,1.9691759998750058,2299,1183,2299,2299,0,8,0,1,0,0.0,0
12,broad,positive,NaiveNoPolicy,15000,64,10,6676,0.44506666666666667,10,0.4,0,ranking_truncation,0,2,5,4,10,0.4,0.8551340001758945,2299,2299,2299,0,0,8,0,1,0,0.0,0
13,medium,positive,ExactSecure,15000,64,10,423,0.0282,10,1.0,1,none,0,0,0,10,10,1.0,8.226343999922392,15000,423,423,15000,0,0,1,1,0,0.0,0
13,medium,positive,PreFilter-Exact,15000,64,10,423,0.0282,10,1.0,1,none,0,0,0,10,10,1.0,8.606637999946543,15000,423,423,15000,0,0,1,1,0,0.0,0
13,medium,positive,BitmapSlice-Exact,15000,64,10,423,0.0282,10,1.0,1,none,0,0,0,10,10,1.0,1.7320399999789515,455,423,423,455,0,0,1,1,0,0.0,0
13,medium,positive,ScalarOnly,15000,64,10,423,0.0282,10,0.1,0,ranking_truncation,0,0,0,10,10,1.0,7.542162999925495,15000,423,0,15000,0,0,0,1,0,0.0,0
13,medium,positive,PostFilter-IVF,15000,64,10,423,0.0282,10,0.9,0,ranking_truncation,0,0,0,10,10,1.0,1.3508130000445817,1601,43,1601,1601,0,8,0,1,0,0.0,0
13,medium,positive,AdaptivePostFilter-IVF,15000,64,10,423,0.0282,10,1.0,1,none,0,0,0,10,10,1.0,4.031926000152453,4800,137,4800,4800,0,22,0,1,0,0.0,0
13,medium,positive,ExactPrefix-PostFilter,15000,64,10,423,0.0282,10,1.0,1,none,0,0,0,10,10,1.0,3.3361349999267986,2400,61,15000,2400,0,0,0,1,0,0.0,0
13,medium,positive,TenantPartition-IVF,15000,64,10,423,0.0282,10,0.9,0,ranking_truncation,0,0,0,10,10,1.0,0.848009000037564,1601,43,1601,1601,0,8,0,1,0,0.0,0
13,medium,positive,PreFilter-IVF,15000,64,10,423,0.0282,10,0.9,0,ranking_truncation,0,0,0,10,10,1.0,1.5460659999462223,1576,46,46,1576,10,8,0,1,0,0.0,0
13,medium,positive,PACER-A,15000,64,10,423,0.0282,10,1.0,1,none,0,0,0,10,10,1.0,5.205542000112473,455,423,455,455,64,59,1,1,0,0.0,0
13,medium,positive,PACER-C,15000,64,10,423,0.0282,10,1.0,1,none,0,0,0,10,10,1.0,5.12597600004483,455,423,455,455,64,59,1,1,0,0.0,0
13,medium,positive,PACER-X,15000,64,10,423,0.0282,10,1.0,1,none,0,0,0,10,10,1.0,5.105287000105818,455,423,455,455,64,59,1,1,0,0.0,0
13,medium,positive,PACER-A-NoSlices,15000,64,10,423,0.0282,10,1.0,1,none,0,0,0,10,10,1.0,2.099552999879961,2400,68,2400,2400,13,13,0,1,0,0.7239354848861694,1
13,medium,positive,PACER-A-NoBounds,15000,64,10,423,0.0282,10,1.0,1,none,0,0,0,10,10,1.0,5.003815000009126,455,423,455,455,64,59,1,1,0,0.0,0
13,medium,positive,StaleNoRecheck,15000,64,10,423,0.0282,10,0.9,0,ranking_truncation,0,1,0,9,10,0.9,1.490953000029549,1601,46,1601,1601,0,8,0,1,0,0.0,0
13,medium,positive,NaiveNoPolicy,15000,64,10,423,0.0282,10,0.1,0,ranking_truncation,7,2,6,1,10,0.1,0.6086120001782547,1601,1601,1601,0,0,8,0,1,0,0.0,0
14,narrow,positive,ExactSecure,15000,64,10,9,0.0006,9,1.0,1,none,0,0,0,9,9,1.0,7.0408200001566,15000,9,9,15000,0,0,1,1,0,0.0,0
14,narrow,positive,PreFilter-Exact,15000,64,10,9,0.0006,9,1.0,1,none,0,0,0,9,9,1.0,7.267174000162413,15000,9,9,15000,0,0,1,1,0,0.0,0
14,narrow,positive,BitmapSlice-Exact,15000,64,10,9,0.0006,9,1.0,1,none,0,0,0,9,9,1.0,0.09898799999064067,10,9,9,10,0,0,1,1,0,0.0,0
14,narrow,positive,ScalarOnly,15000,64,10,9,0.0006,9,1.0,0,ranking_truncation,0,0,0,9,9,1.0,7.294994999938353,15000,9,0,15000,0,0,0,1,0,0.0,0
14,narrow,positive,PostFilter-IVF,15000,64,10,9,0.0006,3,0.3333333333333333,0,candidate_starvation,0,0,0,3,3,1.0,1.4954069999930653,1943,3,1943,1943,0,8,0,1,0,0.0,0
14,narrow,positive,AdaptivePostFilter-IVF,15000,64,10,9,0.0006,3,0.3333333333333333,0,candidate_starvation,0,0,0,3,3,1.0,4.029505999824323,4800,3,4800,4800,0,20,0,1,0,0.0,0
14,narrow,positive,ExactPrefix-PostFilter,15000,64,10,9,0.0006,2,0.2222222222222222,0,candidate_starvation,0,0,0,2,2,1.0,3.2529770001019642,2400,2,15000,2400,0,0,0,1,0,0.0,0
14,narrow,positive,TenantPartition-IVF,15000,64,10,9,0.0006,3,0.3333333333333333,0,candidate_starvation,0,0,0,3,3,1.0,0.8442440000635543,1943,3,1943,1943,0,8,0,1,0,0.0,0
14,narrow,positive,PreFilter-IVF,15000,64,10,9,0.0006,9,1.0,1,none,0,0,0,9,9,1.0,1.2642570000025444,1094,9,9,1094,64,3,0,1,0,0.0,0
14,narrow,positive,PACER-A,15000,64,10,9,0.0006,9,1.0,1,none,0,0,0,9,9,1.0,0.52518899997267,10,9,10,10,56,3,1,1,0,0.0,0
14,narrow,positive,PACER-C,15000,64,10,9,0.0006,9,1.0,1,none,0,0,0,9,9,1.0,0.32378999981119705,10,9,10,10,56,3,1,1,0,0.0,0
14,narrow,positive,PACER-X,15000,64,10,9,0.0006,9,1.0,1,none,0,0,0,9,9,1.0,0.3027360000942281,10,9,10,10,56,3,1,1,0,0.0,0
14,narrow,positive,PACER-A-NoSlices,15000,64,10,9,0.0006,3,0.3333333333333333,0,candidate_starvation,0,0,0,3,3,1.0,1.6523429999324435,2400,3,2400,2400,10,10,0,1,0,0.0,1
14,narrow,positive,PACER-A-NoBounds,15000,64,10,9,0.0006,9,1.0,1,none,0,0,0,9,9,1.0,0.31377599998450023,10,9,10,10,56,3,1,1,0,0.0,0
14,narrow,positive,StaleNoRecheck,15000,64,10,9,0.0006,3,0.3333333333333333,0,candidate_starvation,0,0,0,3,3,1.0,1.420963000100528,1943,3,1943,1943,0,8,0,1,0,0.0,0
14,narrow,positive,NaiveNoPolicy,15000,64,10,9,0.0006,10,0.1111111111111111,0,ranking_truncation,9,0,6,1,10,0.1,0.8275850000245555,1943,1943,1943,0,0,8,0,1,0,0.0,0
15,cold,positive,ExactSecure,15000,64,10,1,6.666666666666667e-05,1,1.0,1,none,0,0,0,1,1,1.0,7.5489700000161974,15000,1,1,15000,0,0,1,1,0,0.0,0
15,cold,positive,PreFilter-Exact,15000,64,10,1,6.666666666666667e-05,1,1.0,1,none,0,0,0,1,1,1.0,7.129628000029697,15000,1,1,15000,0,0,1,1,0,0.0,0
15,cold,positive,BitmapSlice-Exact,15000,64,10,1,6.666666666666667e-05,1,1.0,1,none,0,0,0,1,1,1.0,0.10460399994371983,1,1,1,1,0,0,1,1,0,0.0,0
15,cold,positive,ScalarOnly,15000,64,10,1,6.666666666666667e-05,1,1.0,1,none,0,0,0,1,1,1.0,7.455880999941655,15000,1,0,15000,0,0,0,1,0,0.0,0
15,cold,positive,PostFilter-IVF,15000,64,10,1,6.666666666666667e-05,1,1.0,1,none,0,0,0,1,1,1.0,1.393134999943868,1963,1,1963,1963,0,8,0,1,0,0.0,0
15,cold,positive,AdaptivePostFilter-IVF,15000,64,10,1,6.666666666666667e-05,1,1.0,1,none,0,0,0,1,1,1.0,3.638560000126745,4800,1,4800,4800,0,22,0,1,0,0.0,0
15,cold,positive,ExactPrefix-PostFilter,15000,64,10,1,6.666666666666667e-05,1,1.0,1,none,0,0,0,1,1,1.0,2.995632999954978,2400,1,15000,2400,0,0,0,1,0,0.0,0
15,cold,positive,TenantPartition-IVF,15000,64,10,1,6.666666666666667e-05,1,1.0,1,none,0,0,0,1,1,1.0,0.752357999999731,1963,1,1963,1963,0,8,0,1,0,0.0,0
15,cold,positive,PreFilter-IVF,15000,64,10,1,6.666666666666667e-05,1,1.0,1,none,0,0,0,1,1,1.0,0.6593809998776123,320,1,1,320,64,1,0,1,0,0.0,0
15,cold,positive,PACER-A,15000,64,10,1,6.666666666666667e-05,1,1.0,1,none,0,0,0,1,1,1.0,0.17377800008944178,1,1,1,1,4,1,1,1,0,0.0,0
15,cold,positive,PACER-C,15000,64,10,1,6.666666666666667e-05,1,1.0,1,none,0,0,0,1,1,1.0,0.12068000000908796,1,1,1,1,4,1,1,1,0,0.0,0
15,cold,positive,PACER-X,15000,64,10,1,6.666666666666667e-05,1,1.0,1,none,0,0,0,1,1,1.0,0.13234100015324657,1,1,1,1,4,1,1,1,0,0.0,0
15,cold,positive,PACER-A-NoSlices,15000,64,10,1,6.666666666666667e-05,1,1.0,1,none,0,0,0,1,1,1.0,1.6817139999147912,2400,1,2400,2400,12,12,0,1,0,0.0,1
15,cold,positive,PACER-A-NoBounds,15000,64,10,1,6.666666666666667e-05,1,1.0,1,none,0,0,0,1,1,1.0,0.14773800012335414,1,1,1,1,6,1,1,1,0,0.0,0
15,cold,positive,StaleNoRecheck,15000,64,10,1,6.666666666666667e-05,1,1.0,1,none,0,0,0,1,1,1.0,1.3154119999398972,1963,1,1963,1963,0,8,0,1,0,0.0,0
15,cold,positive,NaiveNoPolicy,15000,64,10,1,6.666666666666667e-05,10,1.0,0,ranking_truncation,9,0,7,1,10,0.1,0.42447200007700303,1963,1963,1963,0,0,8,0,1,0,0.0,0
16,broad,positive,ExactSecure,15000,64,10,7097,0.47313333333333335,10,1.0,1,none,0,0,0,10,10,1.0,8.862935000024663,15000,7097,7097,15000,0,0,1,1,0,0.0,0
16,broad,positive,PreFilter-Exact,15000,64,10,7097,0.47313333333333335,10,1.0,1,none,0,0,0,10,10,1.0,8.395508999910817,15000,7097,7097,15000,0,0,1,1,0,0.0,0
16,broad,positive,BitmapSlice-Exact,15000,64,10,7097,0.47313333333333335,10,1.0,1,none,0,0,0,10,10,1.0,18.89656800017292,7714,7097,7097,7714,0,0,1,1,0,0.0,0
16,broad,positive,ScalarOnly,15000,64,10,7097,0.47313333333333335,10,0.0,0,ranking_truncation,0,0,0,10,10,1.0,8.03106100011064,15000,7097,0,15000,0,0,0,1,0,0.0,0
16,broad,positive,PostFilter-IVF,15000,64,10,7097,0.47313333333333335,10,1.0,1,none,0,0,0,10,10,1.0,1.859227999830182,1932,941,1932,1932,0,8,0,1,0,0.0,0
16,broad,positive,AdaptivePostFilter-IVF,15000,64,10,7097,0.47313333333333335,10,1.0,1,none,0,0,0,10,10,1.0,4.658006999989084,4800,2349,4800,4800,0,20,0,1,0,0.0,0
16,broad,positive,ExactPrefix-PostFilter,15000,64,10,7097,0.47313333333333335,10,1.0,1,none,0,0,0,10,10,1.0,3.6105449999013217,2400,1153,15000,2400,0,0,0,1,0,0.0,0
16,broad,positive,TenantPartition-IVF,15000,64,10,7097,0.47313333333333335,10,1.0,1,none,0,0,0,10,10,1.0,1.3217040000199631,1932,941,1932,1932,0,8,0,1,0,0.0,0
16,broad,positive,PreFilter-IVF,15000,64,10,7097,0.47313333333333335,10,1.0,1,none,0,0,0,10,10,1.0,1.8465979999291449,2159,1033,1033,2159,8,8,0,1,0,0.0,0
16,broad,positive,PACER-A,15000,64,10,7097,0.47313333333333335,10,1.0,1,none,0,0,0,10,10,1.0,7.392124000034528,2400,2210,2400,2400,19,19,0,1,0,0.5661905705928802,1
16,broad,positive,PACER-C,15000,64,10,7097,0.47313333333333335,10,1.0,1,none,0,0,0,10,10,1.0,24.740862999806268,7714,7097,7714,7714,64,64,1,1,0,0.0,0
16,broad,positive,PACER-X,15000,64,10,7097,0.47313333333333335,10,1.0,1,none,0,0,0,10,10,1.0,24.15094399998452,7714,7097,7714,7714,64,64,1,1,0,0.0,0
16,broad,positive,PACER-A-NoSlices,15000,64,10,7097,0.47313333333333335,10,1.0,1,none,0,0,0,10,10,1.0,2.158454999971582,2400,1168,2400,2400,9,9,0,1,0,0.5721818506717682,1
16,broad,positive,PACER-A-NoBounds,15000,64,10,7097,0.47313333333333335,10,1.0,1,none,0,0,0,10,10,1.0,7.528845000024376,2400,2210,2400,2400,19,19,0,1,0,0.0,1
16,broad,positive,StaleNoRecheck,15000,64,10,7097,0.47313333333333335,10,0.9,0,ranking_truncation,0,1,0,9,10,0.9,1.5664489999380748,1932,1022,1932,1932,0,8,0,1,0,0.0,0
16,broad,positive,NaiveNoPolicy,15000,64,10,7097,0.47313333333333335,10,0.6,0,ranking_truncation,0,1,3,6,10,0.6,0.4312370001571253,1932,1932,1932,0,0,8,0,1,0,0.0,0
17,medium,positive,ExactSecure,15000,64,10,388,0.025866666666666666,10,1.0,1,none,0,0,0,10,10,1.0,8.169263999889154,15000,388,388,15000,0,0,1,1,0,0.0,0
17,medium,positive,PreFilter-Exact,15000,64,10,388,0.025866666666666666,10,1.0,1,none,0,0,0,10,10,1.0,7.9409069999201165,15000,388,388,15000,0,0,1,1,0,0.0,0
17,medium,positive,BitmapSlice-Exact,15000,64,10,388,0.025866666666666666,10,1.0,1,none,0,0,0,10,10,1.0,0.9978880000289791,419,388,388,419,0,0,1,1,0,0.0,0
17,medium,positive,ScalarOnly,15000,64,10,388,0.025866666666666666,10,0.1,0,ranking_truncation,0,0,0,10,10,1.0,7.396618000029775,15000,388,0,15000,0,0,0,1,0,0.0,0
17,medium,positive,PostFilter-IVF,15000,64,10,388,0.025866666666666666,10,0.9,0,ranking_truncation,0,0,0,10,10,1.0,1.7058170001291728,1940,74,1940,1940,0,8,0,1,0,0.0,0
17,medium,positive,AdaptivePostFilter-IVF,15000,64,10,388,0.025866666666666666,10,1.0,1,none,0,0,0,10,10,1.0,3.764723999893249,4800,123,4800,4800,0,19,0,1,0,0.0,0
17,medium,positive,ExactPrefix-PostFilter,15000,64,10,388,0.025866666666666666,10,1.0,1,none,0,0,0,10,10,1.0,3.2016780000958533,2400,79,15000,2400,0,0,0,1,0,0.0,0
17,medium,positive,TenantPartition-IVF,15000,64,10,388,0.025866666666666666,10,0.9,0,ranking_truncation,0,0,0,10,10,1.0,1.1549779999313614,1940,74,1940,1940,0,8,0,1,0,0.0,0
17,medium,positive,PreFilter-IVF,15000,64,10,388,0.025866666666666666,10,0.8,0,ranking_truncation,0,0,0,10,10,1.0,1.8865380000079313,2125,74,74,2125,8,8,0,1,0,0.0,0
17,medium,positive,PACER-A,15000,64,10,388,0.025866666666666666,10,1.0,1,none,0,0,0,10,10,1.0,5.206341000075554,419,388,419,419,64,56,1,1,0,0.0,0
17,medium,positive,PACER-C,15000,64,10,388,0.025866666666666666,10,1.0,1,none,0,0,0,10,10,1.0,5.01200600001539,419,388,419,419,64,56,1,1,0,0.0,0
17,medium,positive,PACER-X,15000,64,10,388,0.025866666666666666,10,1.0,1,none,0,0,0,10,10,1.0,5.498536000004606,419,388,419,419,64,56,1,1,0,0.0,0
17,medium,positive,PACER-A-NoSlices,15000,64,10,388,0.025866666666666666,10,0.8,0,ranking_truncation,0,0,0,10,10,1.0,2.222135000010894,2400,78,2400,2400,10,10,0,1,0,0.729902446269989,1
17,medium,positive,PACER-A-NoBounds,15000,64,10,388,0.025866666666666666,10,1.0,1,none,0,0,0,10,10,1.0,5.0561309999466175,419,388,419,419,64,56,1,1,0,0.0,0
17,medium,positive,StaleNoRecheck,15000,64,10,388,0.025866666666666666,10,0.9,0,ranking_truncation,0,0,0,10,10,1.0,1.6479839998737589,1940,75,1940,1940,0,8,0,1,0,0.0,0
17,medium,positive,NaiveNoPolicy,15000,64,10,388,0.025866666666666666,10,0.1,0,ranking_truncation,9,0,7,1,10,0.1,0.8782879999671422,1940,1940,1940,0,0,8,0,1,0,0.0,0
18,narrow,positive,ExactSecure,15000,64,10,3,0.0002,3,1.0,1,none,0,0,0,3,3,1.0,7.807811999782643,15000,3,3,15000,0,0,1,1,0,0.0,0
18,narrow,positive,PreFilter-Exact,15000,64,10,3,0.0002,3,1.0,1,none,0,0,0,3,3,1.0,8.33870599990405,15000,3,3,15000,0,0,1,1,0,0.0,0
18,narrow,positive,BitmapSlice-Exact,15000,64,10,3,0.0002,3,1.0,1,none,0,0,0,3,3,1.0,0.07694800001445401,3,3,3,3,0,0,1,1,0,0.0,0
18,narrow,positive,ScalarOnly,15000,64,10,3,0.0002,3,1.0,1,none,0,0,0,3,3,1.0,8.676196000124037,15000,3,0,15000,0,0,0,1,0,0.0,0
18,narrow,positive,PostFilter-IVF,15000,64,10,3,0.0002,3,1.0,1,none,0,0,0,3,3,1.0,1.650318999963929,1836,3,1836,1836,0,8,0,1,0,0.0,0
18,narrow,positive,AdaptivePostFilter-IVF,15000,64,10,3,0.0002,3,1.0,1,none,0,0,0,3,3,1.0,4.040295999857335,4800,3,4800,4800,0,18,0,1,0,0.0,0
18,narrow,positive,ExactPrefix-PostFilter,15000,64,10,3,0.0002,2,0.6666666666666666,0,candidate_starvation,0,0,0,2,2,1.0,3.161425999905987,2400,2,15000,2400,0,0,0,1,0,0.0,0
18,narrow,positive,TenantPartition-IVF,15000,64,10,3,0.0002,3,1.0,1,none,0,0,0,3,3,1.0,0.7584070001485088,1836,3,1836,1836,0,8,0,1,0,0.0,0
18,narrow,positive,PreFilter-IVF,15000,64,10,3,0.0002,3,1.0,1,none,0,0,0,3,3,1.0,0.6982849999985774,360,3,3,360,64,1,0,1,0,0.0,0
18,narrow,positive,PACER-A,15000,64,10,3,0.0002,3,1.0,1,none,0,0,0,3,3,1.0,0.190972999916994,3,3,3,3,1,1,1,1,0,0.0,0
18,narrow,positive,PACER-C,15000,64,10,3,0.0002,3,1.0,1,none,0,0,0,3,3,1.0,0.1735390001158521,3,3,3,3,1,1,1,1,0,0.0,0
18,narrow,positive,PACER-X,15000,64,10,3,0.0002,3,1.0,1,none,0,0,0,3,3,1.0,0.1605960001143103,3,3,3,3,1,1,1,1,0,0.0,0
18,narrow,positive,PACER-A-NoSlices,15000,64,10,3,0.0002,3,1.0,1,none,0,0,0,3,3,1.0,1.7728090001583041,2400,3,2400,2400,10,10,0,1,0,0.0,1
18,narrow,positive,PACER-A-NoBounds,15000,64,10,3,0.0002,3,1.0,1,none,0,0,0,3,3,1.0,0.14890000011291704,3,3,3,3,1,1,1,1,0,0.0,0
18,narrow,positive,StaleNoRecheck,15000,64,10,3,0.0002,3,1.0,1,none,0,0,0,3,3,1.0,1.4874240000608552,1836,3,1836,1836,0,8,0,1,0,0.0,0
18,narrow,positive,NaiveNoPolicy,15000,64,10,3,0.0002,10,0.3333333333333333,0,ranking_truncation,9,1,9,1,10,0.1,0.4189029998542537,1836,1836,1836,0,0,8,0,1,0,0.0,0
19,cold,positive,ExactSecure,15000,64,10,2,0.00013333333333333334,2,1.0,1,none,0,0,0,2,2,1.0,7.087069999897722,15000,2,2,15000,0,0,1,1,0,0.0,0
19,cold,positive,PreFilter-Exact,15000,64,10,2,0.00013333333333333334,2,1.0,1,none,0,0,0,2,2,1.0,7.474883999975646,15000,2,2,15000,0,0,1,1,0,0.0,0
19,cold,positive,BitmapSlice-Exact,15000,64,10,2,0.00013333333333333334,2,1.0,1,none,0,0,0,2,2,1.0,0.11035600005016022,2,2,2,2,0,0,1,1,0,0.0,0
19,cold,positive,ScalarOnly,15000,64,10,2,0.00013333333333333334,2,1.0,1,none,0,0,0,2,2,1.0,7.409737999978461,15000,2,0,15000,0,0,0,1,0,0.0,0
19,cold,positive,PostFilter-IVF,15000,64,10,2,0.00013333333333333334,2,1.0,1,none,0,0,0,2,2,1.0,1.3448889999381208,1822,2,1822,1822,0,8,0,1,0,0.0,0
19,cold,positive,AdaptivePostFilter-IVF,15000,64,10,2,0.00013333333333333334,2,1.0,1,none,0,0,0,2,2,1.0,3.6550350000652543,4800,2,4800,4800,0,22,0,1,0,0.0,0
19,cold,positive,ExactPrefix-PostFilter,15000,64,10,2,0.00013333333333333334,2,1.0,1,none,0,0,0,2,2,1.0,3.340872000080708,2400,2,15000,2400,0,0,0,1,0,0.0,0
19,cold,positive,TenantPartition-IVF,15000,64,10,2,0.00013333333333333334,2,1.0,1,none,0,0,0,2,2,1.0,0.7407359998978791,1822,2,1822,1822,0,8,0,1,0,0.0,0
19,cold,positive,PreFilter-IVF,15000,64,10,2,0.00013333333333333334,2,1.0,1,none,0,0,0,2,2,1.0,0.6010050001350464,262,2,2,262,64,1,0,1,0,0.0,0
19,cold,positive,PACER-A,15000,64,10,2,0.00013333333333333334,2,1.0,1,none,0,0,0,2,2,1.0,0.19503299995449197,2,2,2,2,1,1,1,1,0,0.0,0
19,cold,positive,PACER-C,15000,64,10,2,0.00013333333333333334,2,1.0,1,none,0,0,0,2,2,1.0,0.1275189999887516,2,2,2,2,1,1,1,1,0,0.0,0
19,cold,positive,PACER-X,15000,64,10,2,0.00013333333333333334,2,1.0,1,none,0,0,0,2,2,1.0,0.11629700020421296,2,2,2,2,1,1,1,1,0,0.0,0
19,cold,positive,PACER-A-NoSlices,15000,64,10,2,0.00013333333333333334,2,1.0,1,none,0,0,0,2,2,1.0,1.7222149999724934,2400,2,2400,2400,11,11,0,1,0,0.0,1
19,cold,positive,PACER-A-NoBounds,15000,64,10,2,0.00013333333333333334,2,1.0,1,none,0,0,0,2,2,1.0,0.18629599981068168,2,2,2,2,5,1,1,1,0,0.0,0
19,cold,positive,StaleNoRecheck,15000,64,10,2,0.00013333333333333334,2,1.0,1,none,0,0,0,2,2,1.0,1.2931779999689752,1822,2,1822,1822,0,8,0,1,0,0.0,0
19,cold,positive,NaiveNoPolicy,15000,64,10,2,0.00013333333333333334,10,0.5,0,ranking_truncation,9,2,8,1,10,0.1,0.3848180001568835,1822,1822,1822,0,0,8,0,1,0,0.0,0
20,broad,positive,ExactSecure,15000,64,10,7015,0.4676666666666667,10,1.0,1,none,0,0,0,10,10,1.0,8.838527999841972,15000,7015,7015,15000,0,0,1,1,0,0.0,0
20,broad,positive,PreFilter-Exact,15000,64,10,7015,0.4676666666666667,10,1.0,1,none,0,0,0,10,10,1.0,8.59949499999857,15000,7015,7015,15000,0,0,1,1,0,0.0,0
20,broad,positive,BitmapSlice-Exact,15000,64,10,7015,0.4676666666666667,10,1.0,1,none,0,0,0,10,10,1.0,17.261408999956984,7450,7015,7015,7450,0,0,1,1,0,0.0,0
20,broad,positive,ScalarOnly,15000,64,10,7015,0.4676666666666667,10,0.0,0,ranking_truncation,0,0,0,10,10,1.0,9.02057500002229,15000,7015,0,15000,0,0,0,1,0,0.0,0
20,broad,positive,PostFilter-IVF,15000,64,10,7015,0.4676666666666667,10,0.9,0,ranking_truncation,0,0,0,10,10,1.0,2.352926999947158,2400,1100,2400,2400,0,8,0,1,0,0.0,0
20,broad,positive,AdaptivePostFilter-IVF,15000,64,10,7015,0.4676666666666667,10,1.0,1,none,0,0,0,10,10,1.0,4.311262000101124,4800,2368,4800,4800,0,17,0,1,0,0.0,0
20,broad,positive,ExactPrefix-PostFilter,15000,64,10,7015,0.4676666666666667,10,1.0,1,none,0,0,0,10,10,1.0,3.4610910001902084,2400,1164,15000,2400,0,0,0,1,0,0.0,0
20,broad,positive,TenantPartition-IVF,15000,64,10,7015,0.4676666666666667,10,0.9,0,ranking_truncation,0,0,0,10,10,1.0,1.991048000036244,2400,1100,2400,2400,0,8,0,1,0,0.0,0
20,broad,positive,PreFilter-IVF,15000,64,10,7015,0.4676666666666667,10,0.7,0,ranking_truncation,0,0,0,10,10,1.0,2.543154000022696,2312,1128,1128,2312,8,8,0,1,0,0.0,0
20,broad,positive,PACER-A,15000,64,10,7015,0.4676666666666667,10,1.0,1,none,0,0,0,10,10,1.0,7.042143000035139,2400,2275,2400,2400,16,16,0,1,0,0.6269567012786865,1
20,broad,positive,PACER-C,15000,64,10,7015,0.4676666666666667,10,1.0,1,none,0,0,0,10,10,1.0,23.805361000086123,7450,7015,7450,7450,64,64,1,1,0,0.0,0
20,broad,positive,PACER-X,15000,64,10,7015,0.4676666666666667,10,1.0,1,none,0,0,0,10,10,1.0,23.916042000109883,7450,7015,7450,7450,64,64,1,1,0,0.0,0
20,broad,positive,PACER-A-NoSlices,15000,64,10,7015,0.4676666666666667,10,0.9,0,ranking_truncation,0,0,0,10,10,1.0,2.158875999839438,2400,1169,2400,2400,9,9,0,1,0,0.6412531137466431,1
20,broad,positive,PACER-A-NoBounds,15000,64,10,7015,0.4676666666666667,10,1.0,1,none,0,0,0,10,10,1.0,8.345895000047676,2400,2277,2400,2400,16,16,0,1,0,0.0,1
20,broad,positive,StaleNoRecheck,15000,64,10,7015,0.4676666666666667,10,0.9,0,ranking_truncation,0,0,0,10,10,1.0,2.5792230001115968,2400,1157,2400,2400,0,8,0,1,0,0.0,0
20,broad,positive,NaiveNoPolicy,15000,64,10,7015,0.4676666666666667,10,0.3,0,ranking_truncation,0,1,7,3,10,0.3,0.8884260000741051,2400,2400,2400,0,0,8,0,1,0,0.0,0
21,medium,positive,ExactSecure,15000,64,10,308,0.020533333333333334,10,1.0,1,none,0,0,0,10,10,1.0,7.753136000019367,15000,308,308,15000,0,0,1,1,0,0.0,0
21,medium,positive,PreFilter-Exact,15000,64,10,308,0.020533333333333334,10,1.0,1,none,0,0,0,10,10,1.0,7.773116999942431,15000,308,308,15000,0,0,1,1,0,0.0,0
21,medium,positive,BitmapSlice-Exact,15000,64,10,308,0.020533333333333334,10,1.0,1,none,0,0,0,10,10,1.0,0.992430999986027,362,308,308,362,0,0,1,1,0,0.0,0
21,medium,positive,ScalarOnly,15000,64,10,308,0.020533333333333334,10,0.0,0,ranking_truncation,0,0,0,10,10,1.0,7.899632000089696,15000,308,0,15000,0,0,0,1,0,0.0,0
21,medium,positive,PostFilter-IVF,15000,64,10,308,0.020533333333333334,10,0.3,0,ranking_truncation,0,0,0,10,10,1.0,1.317194999955973,1612,19,1612,1612,0,8,0,1,0,0.0,0
21,medium,positive,AdaptivePostFilter-IVF,15000,64,10,308,0.020533333333333334,10,0.8,0,ranking_truncation,0,0,0,10,10,1.0,4.355350999958318,4800,60,4800,4800,0,22,0,1,0,0.0,0
21,medium,positive,ExactPrefix-PostFilter,15000,64,10,308,0.020533333333333334,10,1.0,1,none,0,0,0,10,10,1.0,5.180620000146519,2400,37,15000,2400,0,0,0,1,0,0.0,0
21,medium,positive,TenantPartition-IVF,15000,64,10,308,0.020533333333333334,10,0.3,0,ranking_truncation,0,0,0,10,10,1.0,1.3523309999072808,1612,19,1612,1612,0,8,0,1,0,0.0,0
21,medium,positive,PreFilter-IVF,15000,64,10,308,0.020533333333333334,10,0.3,0,ranking_truncation,0,0,0,10,10,1.0,2.4328389999936917,1856,25,25,1856,11,8,0,1,0,0.0,0
21,medium,positive,PACER-A,15000,64,10,308,0.020533333333333334,10,1.0,1,none,0,0,0,10,10,1.0,5.778200000122524,362,308,362,362,64,56,1,1,0,0.0,0
21,medium,positive,PACER-C,15000,64,10,308,0.020533333333333334,10,1.0,1,none,0,0,0,10,10,1.0,5.441553000082422,362,308,362,362,64,56,1,1,0,0.0,0
21,medium,positive,PACER-X,15000,64,10,308,0.020533333333333334,10,1.0,1,none,0,0,0,10,10,1.0,5.9723760000451875,362,308,362,362,64,56,1,1,0,0.0,0
21,medium,positive,PACER-A-NoSlices,15000,64,10,308,0.020533333333333334,10,0.5,0,ranking_truncation,0,0,0,10,10,1.0,2.323566999848481,2400,35,2400,2400,13,13,0,1,0,0.8141660094261169,1
21,medium,positive,PACER-A-NoBounds,15000,64,10,308,0.020533333333333334,10,1.0,1,none,0,0,0,10,10,1.0,5.277201000126297,362,308,362,362,64,56,1,1,0,0.0,0
21,medium,positive,StaleNoRecheck,15000,64,10,308,0.020533333333333334,10,0.3,0,ranking_truncation,0,3,0,7,10,0.7,1.5991420000318612,1612,25,1612,1612,0,8,0,1,0,0.0,0
21,medium,positive,NaiveNoPolicy,15000,64,10,308,0.020533333333333334,10,0.1,0,ranking_truncation,8,4,6,1,10,0.1,0.4053000000112661,1612,1612,1612,0,0,8,0,1,0,0.0,0
22,narrow,positive,ExactSecure,15000,64,10,4,0.0002666666666666667,4,1.0,1,none,0,0,0,4,4,1.0,7.754618000035407,15000,4,4,15000,0,0,1,1,0,0.0,0
22,narrow,positive,PreFilter-Exact,15000,64,10,4,0.0002666666666666667,4,1.0,1,none,0,0,0,4,4,1.0,7.638945999815405,15000,4,4,15000,0,0,1,1,0,0.0,0
22,narrow,positive,BitmapSlice-Exact,15000,64,10,4,0.0002666666666666667,4,1.0,1,none,0,0,0,4,4,1.0,0.09668000006968214,4,4,4,4,0,0,1,1,0,0.0,0
22,narrow,positive,ScalarOnly,15000,64,10,4,0.0002666666666666667,4,1.0,0,ranking_truncation,0,0,0,4,4,1.0,7.712079999919297,15000,4,0,15000,0,0,0,1,0,0.0,0
22,narrow,positive,PostFilter-IVF,15000,64,10,4,0.0002666666666666667,2,0.5,0,candidate_starvation,0,0,0,2,2,1.0,1.8399690000023838,2219,2,2219,2219,0,8,0,1,0,0.0,0
22,narrow,positive,AdaptivePostFilter-IVF,15000,64,10,4,0.0002666666666666667,2,0.5,0,candidate_starvation,0,0,0,2,2,1.0,4.0040699998371565,4800,2,4800,4800,0,20,0,1,0,0.0,0
22,narrow,positive,ExactPrefix-PostFilter,15000,64,10,4,0.0002666666666666667,3,0.75,0,candidate_starvation,0,0,0,3,3,1.0,3.501031000041621,2400,3,15000,2400,0,0,0,1,0,0.0,0
22,narrow,positive,TenantPartition-IVF,15000,64,10,4,0.0002666666666666667,2,0.5,0,candidate_starvation,0,0,0,2,2,1.0,0.9618970000246918,2219,2,2219,2219,0,8,0,1,0,0.0,0
22,narrow,positive,PreFilter-IVF,15000,64,10,4,0.0002666666666666667,4,1.0,1,none,0,0,0,4,4,1.0,1.7943230000128096,1214,4,4,1214,64,4,0,1,0,0.0,0
22,narrow,positive,PACER-A,15000,64,10,4,0.0002666666666666667,4,1.0,1,none,0,0,0,4,4,1.0,0.4975110000486893,4,4,4,4,35,4,1,1,0,0.0,0
22,narrow,positive,PACER-C,15000,64,10,4,0.0002666666666666667,4,1.0,1,none,0,0,0,4,4,1.0,0.4326800001308584,4,4,4,4,35,4,1,1,0,0.0,0
22,narrow,positive,PACER-X,15000,64,10,4,0.0002666666666666667,4,1.0,1,none,0,0,0,4,4,1.0,0.3576000001430657,4,4,4,4,35,4,1,1,0,0.0,0
22,narrow,positive,PACER-A-NoSlices,15000,64,10,4,0.0002666666666666667,2,0.5,0,candidate_starvation,0,0,0,2,2,1.0,2.398797000068953,2400,2,2400,2400,10,10,0,1,0,0.0,1
22,narrow,positive,PACER-A-NoBounds,15000,64,10,4,0.0002666666666666667,4,1.0,1,none,0,0,0,4,4,1.0,0.5331059999207355,4,4,4,4,37,4,1,1,0,0.0,0
22,narrow,positive,StaleNoRecheck,15000,64,10,4,0.0002666666666666667,2,0.5,0,candidate_starvation,0,0,0,2,2,1.0,1.8472429999292217,2219,2,2219,2219,0,8,0,1,0,0.0,0
22,narrow,positive,NaiveNoPolicy,15000,64,10,4,0.0002666666666666667,10,0.25,0,ranking_truncation,9,2,7,1,10,0.1,0.6587760001366405,2219,2219,2219,0,0,8,0,1,0,0.0,0
23,cold,positive,ExactSecure,15000,64,10,2,0.00013333333333333334,2,1.0,1,none,0,0,0,2,2,1.0,7.891881999967154,15000,2,2,15000,0,0,1,1,0,0.0,0
23,cold,positive,PreFilter-Exact,15000,64,10,2,0.00013333333333333334,2,1.0,1,none,0,0,0,2,2,1.0,8.100425000066025,15000,2,2,15000,0,0,1,1,0,0.0,0
23,cold,positive,BitmapSlice-Exact,15000,64,10,2,0.00013333333333333334,2,1.0,1,none,0,0,0,2,2,1.0,0.10221499996987404,2,2,2,2,0,0,1,1,0,0.0,0
23,cold,positive,ScalarOnly,15000,64,10,2,0.00013333333333333334,2,1.0,0,ranking_truncation,0,0,0,2,2,1.0,7.834004999949684,15000,2,0,15000,0,0,0,1,0,0.0,0
23,cold,positive,PostFilter-IVF,15000,64,10,2,0.00013333333333333334,1,0.5,0,candidate_starvation,0,0,0,1,1,1.0,1.6761639999458566,1746,1,1746,1746,0,8,0,1,0,0.0,0
23,cold,positive,AdaptivePostFilter-IVF,15000,64,10,2,0.00013333333333333334,1,0.5,0,candidate_starvation,0,0,0,1,1,1.0,4.462963999912972,4800,1,4800,4800,0,20,0,1,0,0.0,0
23,cold,positive,ExactPrefix-PostFilter,15000,64,10,2,0.00013333333333333334,1,0.5,0,candidate_starvation,0,0,0,1,1,1.0,3.495191999945746,2400,1,15000,2400,0,0,0,1,0,0.0,0
23,cold,positive,TenantPartition-IVF,15000,64,10,2,0.00013333333333333334,1,0.5,0,candidate_starvation,0,0,0,1,1,1.0,0.9188240001094528,1746,1,1746,1746,0,8,0,1,0,0.0,0
23,cold,positive,PreFilter-IVF,15000,64,10,2,0.00013333333333333334,2,1.0,1,none,0,0,0,2,2,1.0,1.4443959998970968,748,2,2,748,64,2,0,1,0,0.0,0
23,cold,positive,PACER-A,15000,64,10,2,0.00013333333333333334,2,1.0,1,none,0,0,0,2,2,1.0,0.27132800005347235,2,2,2,2,22,2,1,1,0,0.0,0
23,cold,positive,PACER-C,15000,64,10,2,0.00013333333333333334,2,1.0,1,none,0,0,0,2,2,1.0,0.20065099988642032,2,2,2,2,22,2,1,1,0,0.0,0
23,cold,positive,PACER-X,15000,64,10,2,0.00013333333333333334,2,1.0,1,none,0,0,0,2,2,1.0,0.20466399996621476,2,2,2,2,22,2,1,1,0,0.0,0
23,cold,positive,PACER-A-NoSlices,15000,64,10,2,0.00013333333333333334,1,0.5,0,candidate_starvation,0,0,0,1,1,1.0,1.6919590000270546,2400,1,2400,2400,11,11,0,1,0,0.0,1
23,cold,positive,PACER-A-NoBounds,15000,64,10,2,0.00013333333333333334,2,1.0,1,none,0,0,0,2,2,1.0,0.24179000001822715,2,2,2,2,29,2,1,1,0,0.0,0
23,cold,positive,StaleNoRecheck,15000,64,10,2,0.00013333333333333334,1,0.5,0,candidate_starvation,0,0,0,1,1,1.0,1.7510770001081255,1746,1,1746,1746,0,8,0,1,0,0.0,0
23,cold,positive,NaiveNoPolicy,15000,64,10,2,0.00013333333333333334,10,0.0,0,ranking_truncation,10,1,9,0,10,0.0,0.6310859998848173,1746,1746,1746,0,0,8,0,1,0,0.0,0
24,broad,positive,ExactSecure,15000,64,10,6499,0.4332666666666667,10,1.0,1,none,0,0,0,10,10,1.0,8.615233000000444,15000,6499,6499,15000,0,0,1,1,0,0.0,0
24,broad,positive,PreFilter-Exact,15000,64,10,6499,0.4332666666666667,10,1.0,1,none,0,0,0,10,10,1.0,7.932466999818644,15000,6499,6499,15000,0,0,1,1,0,0.0,0
24,broad,positive,BitmapSlice-Exact,15000,64,10,6499,0.4332666666666667,10,1.0,1,none,0,0,0,10,10,1.0,17.740426000045773,7203,6499,6499,7203,0,0,1,1,0,0.0,0
24,broad,positive,ScalarOnly,15000,64,10,6499,0.4332666666666667,10,0.0,0,ranking_truncation,0,0,0,10,10,1.0,8.00641099999666,15000,6499,0,15000,0,0,0,1,0,0.0,0
24,broad,positive,PostFilter-IVF,15000,64,10,6499,0.4332666666666667,10,0.7,0,ranking_truncation,0,0,0,10,10,1.0,2.938960999927076,2010,708,2010,2010,0,8,0,1,0,0.0,0
24,broad,positive,AdaptivePostFilter-IVF,15000,64,10,6499,0.4332666666666667,10,0.8,0,ranking_truncation,0,0,0,10,10,1.0,7.807821999904263,4800,2145,4800,4800,0,22,0,1,0,0.0,0
24,broad,positive,ExactPrefix-PostFilter,15000,64,10,6499,0.4332666666666667,10,1.0,1,none,0,0,0,10,10,1.0,4.900068000097235,2400,983,15000,2400,0,0,0,1,0,0.0,0
24,broad,positive,TenantPartition-IVF,15000,64,10,6499,0.4332666666666667,10,0.7,0,ranking_truncation,0,0,0,10,10,1.0,2.241121999986717,2010,708,2010,2010,0,8,0,1,0,0.0,0
24,broad,positive,PreFilter-IVF,15000,64,10,6499,0.4332666666666667,10,0.7,0,ranking_truncation,0,0,0,10,10,1.0,1.7264599998725316,2010,708,708,2010,8,8,0,1,0,0.0,0
24,broad,positive,PACER-A,15000,64,10,6499,0.4332666666666667,10,0.8,0,ranking_truncation,0,0,0,10,10,1.0,7.341232000044329,2400,2173,2400,2400,22,22,0,1,0,0.6309433281421661,1
24,broad,positive,PACER-C,15000,64,10,6499,0.4332666666666667,10,1.0,1,none,0,0,0,10,10,1.0,21.388725000178965,7203,6499,7203,7203,64,64,1,1,0,0.0,0
24,broad,positive,PACER-X,15000,64,10,6499,0.4332666666666667,10,1.0,1,none,0,0,0,10,10,1.0,21.796276000031867,7203,6499,7203,7203,64,64,1,1,0,0.0,0
24,broad,positive,PACER-A-NoSlices,15000,64,10,6499,0.4332666666666667,10,0.8,0,ranking_truncation,0,0,0,10,10,1.0,2.1108410001033917,2400,872,2400,2400,10,10,0,1,0,0.6457463502883911,1
24,broad,positive,PACER-A-NoBounds,15000,64,10,6499,0.4332666666666667,10,0.8,0,ranking_truncation,0,0,0,10,10,1.0,7.706583000071987,2400,2172,2400,2400,22,22,0,1,0,0.0,1
24,broad,positive,StaleNoRecheck,15000,64,10,6499,0.4332666666666667,10,0.7,0,ranking_truncation,0,0,0,10,10,1.0,1.5286259999811591,2010,773,2010,2010,0,8,0,1,0,0.0,0
24,broad,positive,NaiveNoPolicy,15000,64,10,6499,0.4332666666666667,10,0.5,0,ranking_truncation,0,1,5,5,10,0.5,0.49989099989034,2010,2010,2010,0,0,8,0,1,0,0.0,0
25,medium,positive,ExactSecure,15000,64,10,329,0.021933333333333332,10,1.0,1,none,0,0,0,10,10,1.0,8.943978000161223,15000,329,329,15000,0,0,1,1,0,0.0,0
25,medium,positive,PreFilter-Exact,15000,64,10,329,0.021933333333333332,10,1.0,1,none,0,0,0,10,10,1.0,8.281936000003043,15000,329,329,15000,0,0,1,1,0,0.0,0
25,medium,positive,BitmapSlice-Exact,15000,64,10,329,0.021933333333333332,10,1.0,1,none,0,0,0,10,10,1.0,1.2604990001818805,370,329,329,370,0,0,1,1,0,0.0,0
25,medium,positive,ScalarOnly,15000,64,10,329,0.021933333333333332,10,0.1,0,ranking_truncation,0,0,0,10,10,1.0,8.384440999861908,15000,329,0,15000,0,0,0,1,0,0.0,0
25,medium,positive,PostFilter-IVF,15000,64,10,329,0.021933333333333332,10,0.0,0,ranking_truncation,0,0,0,10,10,1.0,1.9850099999985105,1549,23,1549,1549,0,8,0,1,0,0.0,0
25,medium,positive,AdaptivePostFilter-IVF,15000,64,10,329,0.021933333333333332,10,0.7,0,ranking_truncation,0,0,0,10,10,1.0,5.281033000073876,4800,131,4800,4800,0,22,0,1,0,0.0,0
25,medium,positive,ExactPrefix-PostFilter,15000,64,10,329,0.021933333333333332,10,1.0,1,none,0,0,0,10,10,1.0,3.1269549999706214,2400,62,15000,2400,0,0,0,1,0,0.0,0
25,medium,positive,TenantPartition-IVF,15000,64,10,329,0.021933333333333332,10,0.0,0,ranking_truncation,0,0,0,10,10,1.0,1.1714340000708034,1549,23,1549,1549,0,8,0,1,0,0.0,0
25,medium,positive,PreFilter-IVF,15000,64,10,329,0.021933333333333332,10,0.1,0,ranking_truncation,0,0,0,10,10,1.0,1.9295570000394946,1727,27,27,1727,10,8,0,1,0,0.0,0
25,medium,positive,PACER-A,15000,64,10,329,0.021933333333333332,10,1.0,1,none,0,0,0,10,10,1.0,5.839543999854868,370,329,370,370,64,54,1,1,0,0.0,0
25,medium,positive,PACER-C,15000,64,10,329,0.021933333333333332,10,1.0,1,none,0,0,0,10,10,1.0,6.034508000084315,370,329,370,370,64,54,1,1,0,0.0,0
25,medium,positive,PACER-X,15000,64,10,329,0.021933333333333332,10,1.0,1,none,0,0,0,10,10,1.0,7.161069999938263,370,329,370,370,64,54,1,1,0,0.0,0
25,medium,positive,PACER-A-NoSlices,15000,64,10,329,0.021933333333333332,10,0.1,0,ranking_truncation,0,0,0,10,10,1.0,2.8430530001060106,2400,31,2400,2400,12,12,0,1,0,0.8576346933841705,1
25,medium,positive,PACER-A-NoBounds,15000,64,10,329,0.021933333333333332,10,1.0,1,none,0,0,0,10,10,1.0,5.5051890001323045,370,329,370,370,64,54,1,1,0,0.0,0
25,medium,positive,StaleNoRecheck,15000,64,10,329,0.021933333333333332,10,0.0,0,ranking_truncation,0,2,0,8,10,0.8,1.4686409999740135,1549,25,1549,1549,0,8,0,1,0,0.0,0
25,medium,positive,NaiveNoPolicy,15000,64,10,329,0.021933333333333332,10,0.0,0,ranking_truncation,9,0,7,0,10,0.0,0.46977000010883785,1549,1549,1549,0,0,8,0,1,0,0.0,0
26,narrow,positive,ExactSecure,15000,64,10,4,0.0002666666666666667,4,1.0,1,none,0,0,0,4,4,1.0,7.606264000060037,15000,4,4,15000,0,0,1,1,0,0.0,0
26,narrow,positive,PreFilter-Exact,15000,64,10,4,0.0002666666666666667,4,1.0,1,none,0,0,0,4,4,1.0,9.921955999971033,15000,4,4,15000,0,0,1,1,0,0.0,0
26,narrow,positive,BitmapSlice-Exact,15000,64,10,4,0.0002666666666666667,4,1.0,1,none,0,0,0,4,4,1.0,0.09386900001118192,4,4,4,4,0,0,1,1,0,0.0,0
26,narrow,positive,ScalarOnly,15000,64,10,4,0.0002666666666666667,4,1.0,0,ranking_truncation,0,0,0,4,4,1.0,8.70283099993685,15000,4,0,15000,0,0,0,1,0,0.0,0
26,narrow,positive,PostFilter-IVF,15000,64,10,4,0.0002666666666666667,2,0.5,0,candidate_starvation,0,0,0,2,2,1.0,1.7416919999959646,1935,2,1935,1935,0,8,0,1,0,0.0,0
26,narrow,positive,AdaptivePostFilter-IVF,15000,64,10,4,0.0002666666666666667,3,0.75,0,candidate_starvation,0,0,0,3,3,1.0,4.701696999973137,4800,3,4800,4800,0,20,0,1,0,0.0,0
26,narrow,positive,ExactPrefix-PostFilter,15000,64,10,4,0.0002666666666666667,1,0.25,0,candidate_starvation,0,0,0,1,1,1.0,3.278316999967501,2400,1,15000,2400,0,0,0,1,0,0.0,0
26,narrow,positive,TenantPartition-IVF,15000,64,10,4,0.0002666666666666667,2,0.5,0,candidate_starvation,0,0,0,2,2,1.0,1.0768550000648247,1935,2,1935,1935,0,8,0,1,0,0.0,0
26,narrow,positive,PreFilter-IVF,15000,64,10,4,0.0002666666666666667,4,1.0,1,none,0,0,0,4,4,1.0,1.1513209999520768,722,4,4,722,64,4,0,1,0,0.0,0
26,narrow,positive,PACER-A,15000,64,10,4,0.0002666666666666667,4,1.0,1,none,0,0,0,4,4,1.0,0.46303199997055344,4,4,4,4,38,4,1,1,0,0.0,0
26,narrow,positive,PACER-C,15000,64,10,4,0.0002666666666666667,4,1.0,1,none,0,0,0,4,4,1.0,0.4465309998522571,4,4,4,4,38,4,1,1,0,0.0,0
26,narrow,positive,PACER-X,15000,64,10,4,0.0002666666666666667,4,1.0,1,none,0,0,0,4,4,1.0,0.38761700011491484,4,4,4,4,38,4,1,1,0,0.0,0
26,narrow,positive,PACER-A-NoSlices,15000,64,10,4,0.0002666666666666667,2,0.5,0,candidate_starvation,0,0,0,2,2,1.0,1.891219999833993,2400,2,2400,2400,10,10,0,1,0,0.0,1
26,narrow,positive,PACER-A-NoBounds,15000,64,10,4,0.0002666666666666667,4,1.0,1,none,0,0,0,4,4,1.0,0.39612900013707986,4,4,4,4,33,4,1,1,0,0.0,0
26,narrow,positive,StaleNoRecheck,15000,64,10,4,0.0002666666666666667,2,0.5,0,candidate_starvation,0,0,0,2,2,1.0,1.5112309999949503,1935,2,1935,1935,0,8,0,1,0,0.0,0
26,narrow,positive,NaiveNoPolicy,15000,64,10,4,0.0002666666666666667,10,0.25,0,ranking_truncation,9,1,9,1,10,0.1,0.6989560001784412,1935,1935,1935,0,0,8,0,1,0,0.0,0
27,cold,positive,ExactSecure,15000,64,10,6,0.0004,6,1.0,1,none,0,0,0,6,6,1.0,7.777823999958855,15000,6,6,15000,0,0,1,1,0,0.0,0
27,cold,positive,PreFilter-Exact,15000,64,10,6,0.0004,6,1.0,1,none,0,0,0,6,6,1.0,7.874036999965028,15000,6,6,15000,0,0,1,1,0,0.0,0
27,cold,positive,BitmapSlice-Exact,15000,64,10,6,0.0004,6,1.0,1,none,0,0,0,6,6,1.0,0.08894300003703393,6,6,6,6,0,0,1,1,0,0.0,0
27,cold,positive,ScalarOnly,15000,64,10,6,0.0004,6,1.0,0,ranking_truncation,0,0,0,6,6,1.0,8.089064000159851,15000,6,0,15000,0,0,0,1,0,0.0,0
27,cold,positive,PostFilter-IVF,15000,64,10,6,0.0004,2,0.3333333333333333,0,candidate_starvation,0,0,0,2,2,1.0,1.3893679999910091,1633,2,1633,1633,0,8,0,1,0,0.0,0
27,cold,positive,AdaptivePostFilter-IVF,15000,64,10,6,0.0004,4,0.6666666666666666,0,candidate_starvation,0,0,0,4,4,1.0,3.9356429999770626,4800,4,4800,4800,0,20,0,1,0,0.0,0
27,cold,positive,ExactPrefix-PostFilter,15000,64,10,6,0.0004,2,0.3333333333333333,0,candidate_starvation,0,0,0,2,2,1.0,3.3979060001456673,2400,2,15000,2400,0,0,0,1,0,0.0,0
27,cold,positive,TenantPartition-IVF,15000,64,10,6,0.0004,2,0.3333333333333333,0,candidate_starvation,0,0,0,2,2,1.0,0.7195009998213209,1633,2,1633,1633,0,8,0,1,0,0.0,0
27,cold,positive,PreFilter-IVF,15000,64,10,6,0.0004,6,1.0,1,none,0,0,0,6,6,1.0,1.1973509999734233,822,6,6,822,64,5,0,1,0,0.0,0
27,cold,positive,PACER-A,15000,64,10,6,0.0004,6,1.0,1,none,0,0,0,6,6,1.0,0.5551740000555583,6,6,6,6,64,5,1,1,0,0.0,0
27,cold,positive,PACER-C,15000,64,10,6,0.0004,6,1.0,1,none,0,0,0,6,6,1.0,0.4784200000358396,6,6,6,6,64,5,1,1,0,0.0,0
27,cold,positive,PACER-X,15000,64,10,6,0.0004,6,1.0,1,none,0,0,0,6,6,1.0,0.4868969999733963,6,6,6,6,64,5,1,1,0,0.0,0
27,cold,positive,PACER-A-NoSlices,15000,64,10,6,0.0004,2,0.3333333333333333,0,candidate_starvation,0,0,0,2,2,1.0,1.9422940001732059,2400,2,2400,2400,12,12,0,1,0,0.0,1
27,cold,positive,PACER-A-NoBounds,15000,64,10,6,0.0004,6,1.0,1,none,0,0,0,6,6,1.0,0.4673089999869262,6,6,6,6,64,5,1,1,0,0.0,0
27,cold,positive,StaleNoRecheck,15000,64,10,6,0.0004,2,0.3333333333333333,0,candidate_starvation,0,0,0,2,2,1.0,1.0845580000022892,1633,2,1633,1633,0,8,0,1,0,0.0,0
27,cold,positive,NaiveNoPolicy,15000,64,10,6,0.0004,10,0.16666666666666666,0,ranking_truncation,9,1,9,1,10,0.1,0.3791250001086155,1633,1633,1633,0,0,8,0,1,0,0.0,0
28,broad,positive,ExactSecure,15000,64,10,7022,0.46813333333333335,10,1.0,1,none,0,0,0,10,10,1.0,8.673817000044437,15000,7022,7022,15000,0,0,1,1,0,0.0,0
28,broad,positive,PreFilter-Exact,15000,64,10,7022,0.46813333333333335,10,1.0,1,none,0,0,0,10,10,1.0,9.329642000011518,15000,7022,7022,15000,0,0,1,1,0,0.0,0
28,broad,positive,BitmapSlice-Exact,15000,64,10,7022,0.46813333333333335,10,1.0,1,none,0,0,0,10,10,1.0,20.005188999903112,7502,7022,7022,7502,0,0,1,1,0,0.0,0
28,broad,positive,ScalarOnly,15000,64,10,7022,0.46813333333333335,10,0.0,0,ranking_truncation,0,0,0,10,10,1.0,7.618073000003278,15000,7022,0,15000,0,0,0,1,0,0.0,0
28,broad,positive,PostFilter-IVF,15000,64,10,7022,0.46813333333333335,10,0.8,0,ranking_truncation,0,0,0,10,10,1.0,1.6513230000327894,1903,1084,1903,1903,0,8,0,1,0,0.0,0
28,broad,positive,AdaptivePostFilter-IVF,15000,64,10,7022,0.46813333333333335,10,0.9,0,ranking_truncation,0,0,0,10,10,1.0,4.1296849999525875,4800,2108,4800,4800,0,20,0,1,0,0.0,0
28,broad,positive,ExactPrefix-PostFilter,15000,64,10,7022,0.46813333333333335,10,1.0,1,none,0,0,0,10,10,1.0,3.899840000030963,2400,1163,15000,2400,0,0,0,1,0,0.0,0
28,broad,positive,TenantPartition-IVF,15000,64,10,7022,0.46813333333333335,10,0.8,0,ranking_truncation,0,0,0,10,10,1.0,1.4667630000531062,1903,1084,1903,1903,0,8,0,1,0,0.0,0
28,broad,positive,PreFilter-IVF,15000,64,10,7022,0.46813333333333335,10,0.8,0,ranking_truncation,0,0,0,10,10,1.0,1.6529229999378003,1903,1084,1084,1903,8,8,0,1,0,0.0,0
28,broad,positive,PACER-A,15000,64,10,7022,0.46813333333333335,10,0.9,0,ranking_truncation,0,0,0,10,10,1.0,7.890846999998757,2400,2242,2400,2400,21,21,0,1,0,0.6335245370864868,1
28,broad,positive,PACER-C,15000,64,10,7022,0.46813333333333335,10,1.0,1,none,0,0,0,10,10,1.0,25.047124000138865,7502,7022,7502,7502,64,64,1,1,0,0.0,0
28,broad,positive,PACER-X,15000,64,10,7022,0.46813333333333335,10,1.0,1,none,0,0,0,10,10,1.0,25.531169000032605,7502,7022,7502,7502,64,64,1,1,0,0.0,0
28,broad,positive,PACER-A-NoSlices,15000,64,10,7022,0.46813333333333335,10,0.8,0,ranking_truncation,0,0,0,10,10,1.0,2.5042800000392162,2400,1341,2400,2400,12,12,0,1,0,0.6424783766269684,1
28,broad,positive,PACER-A-NoBounds,15000,64,10,7022,0.46813333333333335,10,0.9,0,ranking_truncation,0,0,0,10,10,1.0,7.642846999942776,2400,2241,2400,2400,21,21,0,1,0,0.0,1
28,broad,positive,StaleNoRecheck,15000,64,10,7022,0.46813333333333335,10,0.8,0,ranking_truncation,0,1,0,9,10,0.9,1.4677650001431175,1903,1165,1903,1903,0,8,0,1,0,0.0,0
28,broad,positive,NaiveNoPolicy,15000,64,10,7022,0.46813333333333335,10,0.5,0,ranking_truncation,0,1,4,5,10,0.5,0.443798000105744,1903,1903,1903,0,0,8,0,1,0,0.0,0
29,medium,positive,ExactSecure,15000,64,10,398,0.026533333333333332,10,1.0,1,none,0,0,0,10,10,1.0,7.8504170000996965,15000,398,398,15000,0,0,1,1,0,0.0,0
29,medium,positive,PreFilter-Exact,15000,64,10,398,0.026533333333333332,10,1.0,1,none,0,0,0,10,10,1.0,7.875366000007489,15000,398,398,15000,0,0,1,1,0,0.0,0
29,medium,positive,BitmapSlice-Exact,15000,64,10,398,0.026533333333333332,10,1.0,1,none,0,0,0,10,10,1.0,1.3121790000241162,439,398,398,439,0,0,1,1,0,0.0,0
29,medium,positive,ScalarOnly,15000,64,10,398,0.026533333333333332,10,0.1,0,ranking_truncation,0,0,0,10,10,1.0,7.638108000037391,15000,398,0,15000,0,0,0,1,0,0.0,0
29,medium,positive,PostFilter-IVF,15000,64,10,398,0.026533333333333332,10,0.7,0,ranking_truncation,0,0,0,10,10,1.0,1.4795739998589852,1863,52,1863,1863,0,8,0,1,0,0.0,0
29,medium,positive,AdaptivePostFilter-IVF,15000,64,10,398,0.026533333333333332,10,0.7,0,ranking_truncation,0,0,0,10,10,1.0,4.10896500011404,4800,107,4800,4800,0,20,0,1,0,0.0,0
29,medium,positive,ExactPrefix-PostFilter,15000,64,10,398,0.026533333333333332,10,1.0,1,none,0,0,0,10,10,1.0,3.339799000059429,2400,69,15000,2400,0,0,0,1,0,0.0,0
29,medium,positive,TenantPartition-IVF,15000,64,10,398,0.026533333333333332,10,0.7,0,ranking_truncation,0,0,0,10,10,1.0,0.9303599999839207,1863,52,1863,1863,0,8,0,1,0,0.0,0
29,medium,positive,PreFilter-IVF,15000,64,10,398,0.026533333333333332,10,0.7,0,ranking_truncation,0,0,0,10,10,1.0,1.632356000072832,1915,58,58,1915,9,8,0,1,0,0.0,0
29,medium,positive,PACER-A,15000,64,10,398,0.026533333333333332,10,1.0,1,none,0,0,0,10,10,1.0,5.405423000183873,439,398,439,439,62,57,1,1,0,0.0,0
29,medium,positive,PACER-C,15000,64,10,398,0.026533333333333332,10,1.0,1,none,0,0,0,10,10,1.0,5.268030000024737,439,398,439,439,62,57,1,1,0,0.0,0
29,medium,positive,PACER-X,15000,64,10,398,0.026533333333333332,10,1.0,1,none,0,0,0,10,10,1.0,5.081677999896783,439,398,439,439,62,57,1,1,0,0.0,0
29,medium,positive,PACER-A-NoSlices,15000,64,10,398,0.026533333333333332,10,0.7,0,ranking_truncation,0,0,0,10,10,1.0,2.1100120000028255,2400,61,2400,2400,12,12,0,1,0,0.754494309425354,1
29,medium,positive,PACER-A-NoBounds,15000,64,10,398,0.026533333333333332,10,1.0,1,none,0,0,0,10,10,1.0,5.404385000019829,439,398,439,439,64,57,1,1,0,0.0,0
29,medium,positive,StaleNoRecheck,15000,64,10,398,0.026533333333333332,10,0.7,0,ranking_truncation,0,0,0,10,10,1.0,1.4916560000983736,1863,58,1863,1863,0,8,0,1,0,0.0,0
29,medium,positive,NaiveNoPolicy,15000,64,10,398,0.026533333333333332,10,0.1,0,ranking_truncation,8,1,6,1,10,0.1,0.46324999993885285,1863,1863,1863,0,0,8,0,1,0,0.0,0
30,narrow,positive,ExactSecure,15000,64,10,3,0.0002,3,1.0,1,none,0,0,0,3,3,1.0,8.858357000008255,15000,3,3,15000,0,0,1,1,0,0.0,0
30,narrow,positive,PreFilter-Exact,15000,64,10,3,0.0002,3,1.0,1,none,0,0,0,3,3,1.0,10.0940019999598,15000,3,3,15000,0,0,1,1,0,0.0,0
30,narrow,positive,BitmapSlice-Exact,15000,64,10,3,0.0002,3,1.0,1,none,0,0,0,3,3,1.0,0.09430599993720534,4,3,3,4,0,0,1,1,0,0.0,0
30,narrow,positive,ScalarOnly,15000,64,10,3,0.0002,3,1.0,0,ranking_truncation,0,0,0,3,3,1.0,7.251064000001861,15000,3,0,15000,0,0,0,1,0,0.0,0
30,narrow,positive,PostFilter-IVF,15000,64,10,3,0.0002,3,1.0,1,none,0,0,0,3,3,1.0,1.3836159998845687,1678,3,1678,1678,0,8,0,1,0,0.0,0
30,narrow,positive,AdaptivePostFilter-IVF,15000,64,10,3,0.0002,3,1.0,1,none,0,0,0,3,3,1.0,4.264962999968702,4800,3,4800,4800,0,21,0,1,0,0.0,0
30,narrow,positive,ExactPrefix-PostFilter,15000,64,10,3,0.0002,2,0.6666666666666666,0,candidate_starvation,0,0,0,2,2,1.0,3.267700000151308,2400,2,15000,2400,0,0,0,1,0,0.0,0
30,narrow,positive,TenantPartition-IVF,15000,64,10,3,0.0002,3,1.0,1,none,0,0,0,3,3,1.0,0.7002720001310081,1678,3,1678,1678,0,8,0,1,0,0.0,0
30,narrow,positive,PreFilter-IVF,15000,64,10,3,0.0002,3,1.0,1,none,0,0,0,3,3,1.0,0.7367850000719045,381,3,3,381,64,1,0,1,0,0.0,0
30,narrow,positive,PACER-A,15000,64,10,3,0.0002,3,1.0,1,none,0,0,0,3,3,1.0,0.2142010000625305,4,3,4,4,6,1,1,1,0,0.0,0
30,narrow,positive,PACER-C,15000,64,10,3,0.0002,3,1.0,1,none,0,0,0,3,3,1.0,0.18425999996907194,4,3,4,4,6,1,1,1,0,0.0,0
30,narrow,positive,PACER-X,15000,64,10,3,0.0002,3,1.0,1,none,0,0,0,3,3,1.0,0.1594519999343902,4,3,4,4,6,1,1,1,0,0.0,0
30,narrow,positive,PACER-A-NoSlices,15000,64,10,3,0.0002,3,1.0,1,none,0,0,0,3,3,1.0,1.903214000094522,2400,3,2400,2400,11,11,0,1,0,0.0,1
30,narrow,positive,PACER-A-NoBounds,15000,64,10,3,0.0002,3,1.0,1,none,0,0,0,3,3,1.0,0.17286100001001614,4,3,4,4,2,1,1,1,0,0.0,0
30,narrow,positive,StaleNoRecheck,15000,64,10,3,0.0002,4,1.0,0,ranking_truncation,0,1,0,3,4,0.75,1.1290859999917302,1678,4,1678,1678,0,8,0,1,0,0.0,0
30,narrow,positive,NaiveNoPolicy,15000,64,10,3,0.0002,10,0.3333333333333333,0,ranking_truncation,9,0,9,1,10,0.1,0.4779509999934817,1678,1678,1678,0,0,8,0,1,0,0.0,0
31,cold,positive,ExactSecure,15000,64,10,3,0.0002,3,1.0,1,none,0,0,0,3,3,1.0,8.896312999922884,15000,3,3,15000,0,0,1,1,0,0.0,0
31,cold,positive,PreFilter-Exact,15000,64,10,3,0.0002,3,1.0,1,none,0,0,0,3,3,1.0,8.419604999971853,15000,3,3,15000,0,0,1,1,0,0.0,0
31,cold,positive,BitmapSlice-Exact,15000,64,10,3,0.0002,3,1.0,1,none,0,0,0,3,3,1.0,0.08538299994143017,3,3,3,3,0,0,1,1,0,0.0,0
31,cold,positive,ScalarOnly,15000,64,10,3,0.0002,3,1.0,0,ranking_truncation,0,0,0,3,3,1.0,8.29028900011508,15000,3,0,15000,0,0,0,1,0,0.0,0
31,cold,positive,PostFilter-IVF,15000,64,10,3,0.0002,1,0.3333333333333333,0,candidate_starvation,0,0,0,1,1,1.0,1.2412650000896974,1514,1,1514,1514,0,8,0,1,0,0.0,0
31,cold,positive,AdaptivePostFilter-IVF,15000,64,10,3,0.0002,3,1.0,1,none,0,0,0,3,3,1.0,4.19645999977547,4800,3,4800,4800,0,21,0,1,0,0.0,0
31,cold,positive,ExactPrefix-PostFilter,15000,64,10,3,0.0002,2,0.6666666666666666,0,candidate_starvation,0,0,0,2,2,1.0,3.4372000000075786,2400,2,15000,2400,0,0,0,1,0,0.0,0
31,cold,positive,TenantPartition-IVF,15000,64,10,3,0.0002,1,0.3333333333333333,0,candidate_starvation,0,0,0,1,1,1.0,0.895211000170093,1514,1,1514,1514,0,8,0,1,0,0.0,0
31,cold,positive,PreFilter-IVF,15000,64,10,3,0.0002,3,1.0,1,none,0,0,0,3,3,1.0,1.0342539999328437,776,3,3,776,64,3,0,1,0,0.0,0
31,cold,positive,PACER-A,15000,64,10,3,0.0002,3,1.0,1,none,0,0,0,3,3,1.0,0.34226100001433224,3,3,3,3,13,3,1,1,0,0.0,0
31,cold,positive,PACER-C,15000,64,10,3,0.0002,3,1.0,1,none,0,0,0,3,3,1.0,0.2712509999582835,3,3,3,3,13,3,1,1,0,0.0,0
31,cold,positive,PACER-X,15000,64,10,3,0.0002,3,1.0,1,none,0,0,0,3,3,1.0,0.2625040001476009,3,3,3,3,13,3,1,1,0,0.0,0
31,cold,positive,PACER-A-NoSlices,15000,64,10,3,0.0002,2,0.6666666666666666,0,candidate_starvation,0,0,0,2,2,1.0,1.7372700001487829,2400,2,2400,2400,12,12,0,1,0,0.0,1
31,cold,positive,PACER-A-NoBounds,15000,64,10,3,0.0002,3,1.0,1,none,0,0,0,3,3,1.0,0.2794810000068537,3,3,3,3,15,3,1,1,0,0.0,0
31,cold,positive,StaleNoRecheck,15000,64,10,3,0.0002,1,0.3333333333333333,0,candidate_starvation,0,0,0,1,1,1.0,1.2523570001121698,1514,1,1514,1514,0,8,0,1,0,0.0,0
31,cold,positive,NaiveNoPolicy,15000,64,10,3,0.0002,10,0.3333333333333333,0,ranking_truncation,9,2,9,1,10,0.1,0.44027300009474857,1514,1514,1514,0,0,8,0,1,0,0.0,0
32,broad,positive,ExactSecure,15000,64,10,7041,0.4694,10,1.0,1,none,0,0,0,10,10,1.0,8.894043000054808,15000,7041,7041,15000,0,0,1,1,0,0.0,0
32,broad,positive,PreFilter-Exact,15000,64,10,7041,0.4694,10,1.0,1,none,0,0,0,10,10,1.0,8.118762000094648,15000,7041,7041,15000,0,0,1,1,0,0.0,0
32,broad,positive,BitmapSlice-Exact,15000,64,10,7041,0.4694,10,1.0,1,none,0,0,0,10,10,1.0,17.136484000047858,7625,7041,7041,7625,0,0,1,1,0,0.0,0
32,broad,positive,ScalarOnly,15000,64,10,7041,0.4694,10,0.0,0,ranking_truncation,0,0,0,10,10,1.0,8.191915999987032,15000,7041,0,15000,0,0,0,1,0,0.0,0
32,broad,positive,PostFilter-IVF,15000,64,10,7041,0.4694,10,0.7,0,ranking_truncation,0,0,0,10,10,1.0,2.087779000021328,2284,1078,2284,2284,0,8,0,1,0,0.0,0
32,broad,positive,AdaptivePostFilter-IVF,15000,64,10,7041,0.4694,10,0.9,0,ranking_truncation,0,0,0,10,10,1.0,4.343654999956925,4800,2236,4800,4800,0,20,0,1,0,0.0,0
32,broad,positive,ExactPrefix-PostFilter,15000,64,10,7041,0.4694,10,1.0,1,none,0,0,0,10,10,1.0,3.1421129999671393,2400,1115,15000,2400,0,0,0,1,0,0.0,0
32,broad,positive,TenantPartition-IVF,15000,64,10,7041,0.4694,10,0.7,0,ranking_truncation,0,0,0,10,10,1.0,1.9059660000948497,2284,1078,2284,2284,0,8,0,1,0,0.0,0
32,broad,positive,PreFilter-IVF,15000,64,10,7041,0.4694,10,0.7,0,ranking_truncation,0,0,0,10,10,1.0,1.9686010000441456,2158,1007,1007,2158,8,8,0,1,0,0.0,0
32,broad,positive,PACER-A,15000,64,10,7041,0.4694,10,0.9,0,ranking_truncation,0,0,0,10,10,1.0,7.360551999909148,2400,2216,2400,2400,19,19,0,1,0,0.6218687891960144,1
32,broad,positive,PACER-C,15000,64,10,7041,0.4694,10,1.0,1,none,0,0,0,10,10,1.0,23.22186099991086,7625,7041,7625,7625,64,64,1,1,0,0.0,0
32,broad,positive,PACER-X,15000,64,10,7041,0.4694,10,1.0,1,none,0,0,0,10,10,1.0,23.665988000175275,7625,7041,7625,7625,64,64,1,1,0,0.0,0
32,broad,positive,PACER-A-NoSlices,15000,64,10,7041,0.4694,10,0.7,0,ranking_truncation,0,0,0,10,10,1.0,2.2439520000716584,2400,1155,2400,2400,10,10,0,1,0,0.6336700320243835,1
32,broad,positive,PACER-A-NoBounds,15000,64,10,7041,0.4694,10,0.9,0,ranking_truncation,0,0,0,10,10,1.0,7.6493809999647056,2400,2216,2400,2400,20,20,0,1,0,0.0,1
32,broad,positive,StaleNoRecheck,15000,64,10,7041,0.4694,10,0.7,0,ranking_truncation,0,1,0,9,10,0.9,2.122488999930283,2284,1163,2284,2284,0,8,0,1,0,0.0,0
32,broad,positive,NaiveNoPolicy,15000,64,10,7041,0.4694,10,0.5,0,ranking_truncation,0,0,5,5,10,0.5,0.550306999912209,2284,2284,2284,0,0,8,0,1,0,0.0,0
33,medium,positive,ExactSecure,15000,64,10,303,0.0202,10,1.0,1,none,0,0,0,10,10,1.0,11.46165800014387,15000,303,303,15000,0,0,1,1,0,0.0,0
33,medium,positive,PreFilter-Exact,15000,64,10,303,0.0202,10,1.0,1,none,0,0,0,10,10,1.0,8.26093899991065,15000,303,303,15000,0,0,1,1,0,0.0,0
33,medium,positive,BitmapSlice-Exact,15000,64,10,303,0.0202,10,1.0,1,none,0,0,0,10,10,1.0,1.3599359999716398,325,303,303,325,0,0,1,1,0,0.0,0
33,medium,positive,ScalarOnly,15000,64,10,303,0.0202,10,0.1,0,ranking_truncation,0,0,0,10,10,1.0,8.648656999866944,15000,303,0,15000,0,0,0,1,0,0.0,0
33,medium,positive,PostFilter-IVF,15000,64,10,303,0.0202,10,1.0,1,none,0,0,0,10,10,1.0,1.5316079998228815,1982,60,1982,1982,0,8,0,1,0,0.0,0
33,medium,positive,AdaptivePostFilter-IVF,15000,64,10,303,0.0202,10,1.0,1,none,0,0,0,10,10,1.0,4.073761000199738,4800,103,4800,4800,0,22,0,1,0,0.0,0
33,medium,positive,ExactPrefix-PostFilter,15000,64,10,303,0.0202,10,1.0,1,none,0,0,0,10,10,1.0,3.4452380000402627,2400,70,15000,2400,0,0,0,1,0,0.0,0
33,medium,positive,TenantPartition-IVF,15000,64,10,303,0.0202,10,1.0,1,none,0,0,0,10,10,1.0,0.951977999875453,1982,60,1982,1982,0,8,0,1,0,0.0,0
33,medium,positive,PreFilter-IVF,15000,64,10,303,0.0202,10,1.0,1,none,0,0,0,10,10,1.0,1.6652940000767558,1551,60,60,1551,9,8,0,1,0,0.0,0
33,medium,positive,PACER-A,15000,64,10,303,0.0202,10,1.0,1,none,0,0,0,10,10,1.0,4.848404999847844,325,303,325,325,64,53,1,1,0,0.0,0
33,medium,positive,PACER-C,15000,64,10,303,0.0202,10,1.0,1,none,0,0,0,10,10,1.0,4.693025999813472,325,303,325,325,64,53,1,1,0,0.0,0
33,medium,positive,PACER-X,15000,64,10,303,0.0202,10,1.0,1,none,0,0,0,10,10,1.0,4.889360999868586,325,303,325,325,64,53,1,1,0,0.0,0
33,medium,positive,PACER-A-NoSlices,15000,64,10,303,0.0202,10,1.0,1,none,0,0,0,10,10,1.0,2.3818700001356774,2400,61,2400,2400,12,12,0,1,0,0.704304963350296,1
33,medium,positive,PACER-A-NoBounds,15000,64,10,303,0.0202,10,1.0,1,none,0,0,0,10,10,1.0,4.49684100021841,325,303,325,325,64,53,1,1,0,0.0,0
33,medium,positive,StaleNoRecheck,15000,64,10,303,0.0202,10,1.0,1,none,0,0,0,10,10,1.0,1.6896049999104434,1982,63,1982,1982,0,8,0,1,0,0.0,0
33,medium,positive,NaiveNoPolicy,15000,64,10,303,0.0202,10,0.1,0,ranking_truncation,9,2,7,1,10,0.1,0.6205280001267965,1982,1982,1982,0,0,8,0,1,0,0.0,0
34,narrow,positive,ExactSecure,15000,64,10,10,0.0006666666666666666,10,1.0,1,none,0,0,0,10,10,1.0,7.4059020000731834,15000,10,10,15000,0,0,1,1,0,0.0,0
34,narrow,positive,PreFilter-Exact,15000,64,10,10,0.0006666666666666666,10,1.0,1,none,0,0,0,10,10,1.0,7.799182000098881,15000,10,10,15000,0,0,1,1,0,0.0,0
34,narrow,positive,BitmapSlice-Exact,15000,64,10,10,0.0006666666666666666,10,1.0,1,none,0,0,0,10,10,1.0,0.09729899988997204,10,10,10,10,0,0,1,1,0,0.0,0
34,narrow,positive,ScalarOnly,15000,64,10,10,0.0006666666666666666,10,1.0,0,ranking_truncation,0,0,0,10,10,1.0,7.831729999907111,15000,10,0,15000,0,0,0,1,0,0.0,0
34,narrow,positive,PostFilter-IVF,15000,64,10,10,0.0006666666666666666,1,0.1,0,candidate_starvation,0,0,0,1,1,1.0,1.5468229998987226,2077,1,2077,2077,0,8,0,1,0,0.0,0
34,narrow,positive,AdaptivePostFilter-IVF,15000,64,10,10,0.0006666666666666666,4,0.4,0,candidate_starvation,0,0,0,4,4,1.0,5.982123999956457,4800,4,4800,4800,0,22,0,1,0,0.0,0
34,narrow,positive,ExactPrefix-PostFilter,15000,64,10,10,0.0006666666666666666,2,0.2,0,candidate_starvation,0,0,0,2,2,1.0,3.43448100011301,2400,2,15000,2400,0,0,0,1,0,0.0,0
34,narrow,positive,TenantPartition-IVF,15000,64,10,10,0.0006666666666666666,1,0.1,0,candidate_starvation,0,0,0,1,1,1.0,0.8435439999630034,2077,1,2077,2077,0,8,0,1,0,0.0,0
34,narrow,positive,PreFilter-IVF,15000,64,10,10,0.0006666666666666666,10,1.0,1,none,0,0,0,10,10,1.0,1.391818999991301,1753,10,10,1753,44,8,0,1,0,0.0,0
34,narrow,positive,PACER-A,15000,64,10,10,0.0006666666666666666,10,1.0,1,none,0,0,0,10,10,1.0,0.6648629998835531,10,10,10,10,44,8,1,1,0,0.0,0
34,narrow,positive,PACER-C,15000,64,10,10,0.0006666666666666666,10,1.0,1,none,0,0,0,10,10,1.0,0.5848630000855337,10,10,10,10,44,8,1,1,0,0.0,0
34,narrow,positive,PACER-X,15000,64,10,10,0.0006666666666666666,10,1.0,1,none,0,0,0,10,10,1.0,0.6199839999680989,10,10,10,10,44,8,1,1,0,0.0,0
34,narrow,positive,PACER-A-NoSlices,15000,64,10,10,0.0006666666666666666,2,0.2,0,candidate_starvation,0,0,0,2,2,1.0,1.755463000108648,2400,2,2400,2400,11,11,0,1,0,0.0,1
34,narrow,positive,PACER-A-NoBounds,15000,64,10,10,0.0006666666666666666,10,1.0,1,none,0,0,0,10,10,1.0,0.6718950000959012,10,10,10,10,64,8,1,1,0,0.0,0
34,narrow,positive,StaleNoRecheck,15000,64,10,10,0.0006666666666666666,1,0.1,0,candidate_starvation,0,0,0,1,1,1.0,1.6518769998583593,2077,1,2077,2077,0,8,0,1,0,0.0,0
34,narrow,positive,NaiveNoPolicy,15000,64,10,10,0.0006666666666666666,10,0.0,0,ranking_truncation,10,1,10,0,10,0.0,0.8745389998239261,2077,2077,2077,0,0,8,0,1,0,0.0,0
35,cold,positive,ExactSecure,15000,64,10,8,0.0005333333333333334,8,1.0,1,none,0,0,0,8,8,1.0,7.539410000163116,15000,8,8,15000,0,0,1,1,0,0.0,0
35,cold,positive,PreFilter-Exact,15000,64,10,8,0.0005333333333333334,8,1.0,1,none,0,0,0,8,8,1.0,7.762141000057454,15000,8,8,15000,0,0,1,1,0,0.0,0
35,cold,positive,BitmapSlice-Exact,15000,64,10,8,0.0005333333333333334,8,1.0,1,none,0,0,0,8,8,1.0,0.10260699991704314,9,8,8,9,0,0,1,1,0,0.0,0
35,cold,positive,ScalarOnly,15000,64,10,8,0.0005333333333333334,8,1.0,0,ranking_truncation,0,0,0,8,8,1.0,7.47023300004912,15000,8,0,15000,0,0,0,1,0,0.0,0
35,cold,positive,PostFilter-IVF,15000,64,10,8,0.0005333333333333334,2,0.25,0,candidate_starvation,0,0,0,2,2,1.0,1.305711999975756,1386,2,1386,1386,0,8,0,1,0,0.0,0
35,cold,positive,AdaptivePostFilter-IVF,15000,64,10,8,0.0005333333333333334,2,0.25,0,candidate_starvation,0,0,0,2,2,1.0,3.9823479999085976,4800,2,4800,4800,0,22,0,1,0,0.0,0
35,cold,positive,ExactPrefix-PostFilter,15000,64,10,8,0.0005333333333333334,3,0.375,0,candidate_starvation,0,0,0,3,3,1.0,3.200375999995231,2400,3,15000,2400,0,0,0,1,0,0.0,0
35,cold,positive,TenantPartition-IVF,15000,64,10,8,0.0005333333333333334,2,0.25,0,candidate_starvation,0,0,0,2,2,1.0,0.6304060000275058,1386,2,1386,1386,0,8,0,1,0,0.0,0
35,cold,positive,PreFilter-IVF,15000,64,10,8,0.0005333333333333334,8,1.0,1,none,0,0,0,8,8,1.0,1.251262000096176,966,8,8,966,64,5,0,1,0,0.0,0
35,cold,positive,PACER-A,15000,64,10,8,0.0005333333333333334,8,1.0,1,none,0,0,0,8,8,1.0,0.5061660001501878,9,8,9,9,43,5,1,1,0,0.0,0
35,cold,positive,PACER-C,15000,64,10,8,0.0005333333333333334,8,1.0,1,none,0,0,0,8,8,1.0,0.4078360000221437,9,8,9,9,43,5,1,1,0,0.0,0
35,cold,positive,PACER-X,15000,64,10,8,0.0005333333333333334,8,1.0,1,none,0,0,0,8,8,1.0,0.404857999910746,9,8,9,9,43,5,1,1,0,0.0,0
35,cold,positive,PACER-A-NoSlices,15000,64,10,8,0.0005333333333333334,2,0.25,0,candidate_starvation,0,0,0,2,2,1.0,1.8461550000665738,2400,2,2400,2400,12,12,0,1,0,0.0,1
35,cold,positive,PACER-A-NoBounds,15000,64,10,8,0.0005333333333333334,8,1.0,1,none,0,0,0,8,8,1.0,0.41659200019239506,9,8,9,9,38,5,1,1,0,0.0,0
35,cold,positive,StaleNoRecheck,15000,64,10,8,0.0005333333333333334,2,0.25,0,candidate_starvation,0,0,0,2,2,1.0,1.0028950000560144,1386,2,1386,1386,0,8,0,1,0,0.0,0
35,cold,positive,NaiveNoPolicy,15000,64,10,8,0.0005333333333333334,10,0.125,0,ranking_truncation,9,1,8,1,10,0.1,0.3672850000384642,1386,1386,1386,0,0,8,0,1,0,0.0,0
36,broad,positive,ExactSecure,15000,64,10,6862,0.4574666666666667,10,1.0,1,none,0,0,0,10,10,1.0,9.354679999887594,15000,6862,6862,15000,0,0,1,1,0,0.0,0
36,broad,positive,PreFilter-Exact,15000,64,10,6862,0.4574666666666667,10,1.0,1,none,0,0,0,10,10,1.0,8.773148000045694,15000,6862,6862,15000,0,0,1,1,0,0.0,0
36,broad,positive,BitmapSlice-Exact,15000,64,10,6862,0.4574666666666667,10,1.0,1,none,0,0,0,10,10,1.0,22.216777000039656,7442,6862,6862,7442,0,0,1,1,0,0.0,0
36,broad,positive,ScalarOnly,15000,64,10,6862,0.4574666666666667,10,0.1,0,ranking_truncation,0,0,0,10,10,1.0,7.8103199998622586,15000,6862,0,15000,0,0,0,1,0,0.0,0
36,broad,positive,PostFilter-IVF,15000,64,10,6862,0.4574666666666667,10,0.7,0,ranking_truncation,0,0,0,10,10,1.0,1.4001979998283787,1678,751,1678,1678,0,8,0,1,0,0.0,0
36,broad,positive,AdaptivePostFilter-IVF,15000,64,10,6862,0.4574666666666667,10,0.8,0,ranking_truncation,0,0,0,10,10,1.0,5.932858000051056,4800,2235,4800,4800,0,23,0,1,0,0.0,0
36,broad,positive,ExactPrefix-PostFilter,15000,64,10,6862,0.4574666666666667,10,1.0,1,none,0,0,0,10,10,1.0,3.434556000001976,2400,1196,15000,2400,0,0,0,1,0,0.0,0
36,broad,positive,TenantPartition-IVF,15000,64,10,6862,0.4574666666666667,10,0.7,0,ranking_truncation,0,0,0,10,10,1.0,1.5755459999127197,1678,751,1678,1678,0,8,0,1,0,0.0,0
36,broad,positive,PreFilter-IVF,15000,64,10,6862,0.4574666666666667,10,0.6,0,ranking_truncation,0,0,0,10,10,1.0,3.1829389999984414,1555,723,723,1555,8,8,0,1,0,0.0,0
36,broad,positive,PACER-A,15000,64,10,6862,0.4574666666666667,10,0.7,0,ranking_truncation,0,0,0,10,10,1.0,10.845021000022825,2400,2216,2400,2400,21,21,0,1,0,0.6279299557209015,1
36,broad,positive,PACER-C,15000,64,10,6862,0.4574666666666667,10,1.0,1,none,0,0,0,10,10,1.0,23.731364000013855,7442,6862,7442,7442,64,64,1,1,0,0.0,0
36,broad,positive,PACER-X,15000,64,10,6862,0.4574666666666667,10,1.0,1,none,0,0,0,10,10,1.0,24.815426000031948,7442,6862,7442,7442,64,64,1,1,0,0.0,0
36,broad,positive,PACER-A-NoSlices,15000,64,10,6862,0.4574666666666667,10,0.7,0,ranking_truncation,0,0,0,10,10,1.0,2.634863000139376,2400,1108,2400,2400,13,13,0,1,0,0.6360572874546051,1
36,broad,positive,PACER-A-NoBounds,15000,64,10,6862,0.4574666666666667,10,0.8,0,ranking_truncation,0,0,0,10,10,1.0,8.002085000043735,2400,2210,2400,2400,23,23,0,1,0,0.0,1
36,broad,positive,StaleNoRecheck,15000,64,10,6862,0.4574666666666667,10,0.7,0,ranking_truncation,0,0,0,10,10,1.0,1.288574999989578,1678,816,1678,1678,0,8,0,1,0,0.0,0
36,broad,positive,NaiveNoPolicy,15000,64,10,6862,0.4574666666666667,10,0.6,0,ranking_truncation,0,0,4,6,10,0.6,0.4108819998691615,1678,1678,1678,0,0,8,0,1,0,0.0,0
37,medium,positive,ExactSecure,15000,64,10,373,0.024866666666666665,10,1.0,1,none,0,0,0,10,10,1.0,7.9830390000097395,15000,373,373,15000,0,0,1,1,0,0.0,0
37,medium,positive,PreFilter-Exact,15000,64,10,373,0.024866666666666665,10,1.0,1,none,0,0,0,10,10,1.0,8.016201999907935,15000,373,373,15000,0,0,1,1,0,0.0,0
37,medium,positive,BitmapSlice-Exact,15000,64,10,373,0.024866666666666665,10,1.0,1,none,0,0,0,10,10,1.0,1.1074250001001928,414,373,373,414,0,0,1,1,0,0.0,0
37,medium,positive,ScalarOnly,15000,64,10,373,0.024866666666666665,10,0.1,0,ranking_truncation,0,0,0,10,10,1.0,8.966148999888901,15000,373,0,15000,0,0,0,1,0,0.0,0
37,medium,positive,PostFilter-IVF,15000,64,10,373,0.024866666666666665,10,0.6,0,ranking_truncation,0,0,0,10,10,1.0,1.7825620000166964,2216,53,2216,2216,0,8,0,1,0,0.0,0
37,medium,positive,AdaptivePostFilter-IVF,15000,64,10,373,0.024866666666666665,10,0.8,0,ranking_truncation,0,0,0,10,10,1.0,4.053572000202621,4800,135,4800,4800,0,19,0,1,0,0.0,0
37,medium,positive,ExactPrefix-PostFilter,15000,64,10,373,0.024866666666666665,10,1.0,1,none,0,0,0,10,10,1.0,3.672391999998581,2400,69,15000,2400,0,0,0,1,0,0.0,0
37,medium,positive,TenantPartition-IVF,15000,64,10,373,0.024866666666666665,10,0.6,0,ranking_truncation,0,0,0,10,10,1.0,1.1202549999325129,2216,53,2216,2216,0,8,0,1,0,0.0,0
37,medium,positive,PreFilter-IVF,15000,64,10,373,0.024866666666666665,10,0.6,0,ranking_truncation,0,0,0,10,10,1.0,2.0885160001853365,2268,51,51,2268,9,8,0,1,0,0.0,0
37,medium,positive,PACER-A,15000,64,10,373,0.024866666666666665,10,1.0,1,none,0,0,0,10,10,1.0,5.23958799999491,414,373,414,414,64,53,1,1,0,0.0,0
37,medium,positive,PACER-C,15000,64,10,373,0.024866666666666665,10,1.0,1,none,0,0,0,10,10,1.0,5.650576000107321,414,373,414,414,64,53,1,1,0,0.0,0
37,medium,positive,PACER-X,15000,64,10,373,0.024866666666666665,10,1.0,1,none,0,0,0,10,10,1.0,4.5999860001302295,414,373,414,414,64,53,1,1,0,0.0,0
37,medium,positive,PACER-A-NoSlices,15000,64,10,373,0.024866666666666665,10,0.6,0,ranking_truncation,0,0,0,10,10,1.0,2.008121000017127,2400,49,2400,2400,9,9,0,1,0,0.8034177273511887,1
37,medium,positive,PACER-A-NoBounds,15000,64,10,373,0.024866666666666665,10,1.0,1,none,0,0,0,10,10,1.0,4.785832000152368,414,373,414,414,64,53,1,1,0,0.0,0
37,medium,positive,StaleNoRecheck,15000,64,10,373,0.024866666666666665,10,0.6,0,ranking_truncation,0,1,0,9,10,0.9,1.8686109999634937,2216,62,2216,2216,0,8,0,1,0,0.0,0
37,medium,positive,NaiveNoPolicy,15000,64,10,373,0.024866666666666665,10,0.1,0,ranking_truncation,9,0,7,1,10,0.1,0.5658180000409629,2216,2216,2216,0,0,8,0,1,0,0.0,0
38,narrow,positive,ExactSecure,15000,64,10,3,0.0002,3,1.0,1,none,0,0,0,3,3,1.0,8.01636400001371,15000,3,3,15000,0,0,1,1,0,0.0,0
38,narrow,positive,PreFilter-Exact,15000,64,10,3,0.0002,3,1.0,1,none,0,0,0,3,3,1.0,8.02899600012097,15000,3,3,15000,0,0,1,1,0,0.0,0
38,narrow,positive,BitmapSlice-Exact,15000,64,10,3,0.0002,3,1.0,1,none,0,0,0,3,3,1.0,0.08772699993642163,5,3,3,5,0,0,1,1,0,0.0,0
38,narrow,positive,ScalarOnly,15000,64,10,3,0.0002,3,1.0,0,ranking_truncation,0,0,0,3,3,1.0,7.622989999845231,15000,3,0,15000,0,0,0,1,0,0.0,0
38,narrow,positive,PostFilter-IVF,15000,64,10,3,0.0002,2,0.6666666666666666,0,candidate_starvation,0,0,0,2,2,1.0,1.9749630000660545,2270,2,2270,2270,0,8,0,1,0,0.0,0
38,narrow,positive,AdaptivePostFilter-IVF,15000,64,10,3,0.0002,2,0.6666666666666666,0,candidate_starvation,0,0,0,2,2,1.0,4.381590000093638,4800,2,4800,4800,0,20,0,1,0,0.0,0
38,narrow,positive,ExactPrefix-PostFilter,15000,64,10,3,0.0002,1,0.3333333333333333,0,candidate_starvation,0,0,0,1,1,1.0,3.5944280000421713,2400,1,15000,2400,0,0,0,1,0,0.0,0
38,narrow,positive,TenantPartition-IVF,15000,64,10,3,0.0002,2,0.6666666666666666,0,candidate_starvation,0,0,0,2,2,1.0,1.2405799998305156,2270,2,2270,2270,0,8,0,1,0,0.0,0
38,narrow,positive,PreFilter-IVF,15000,64,10,3,0.0002,3,1.0,1,none,0,0,0,3,3,1.0,1.0069519998978649,673,3,3,673,64,3,0,1,0,0.0,0
38,narrow,positive,PACER-A,15000,64,10,3,0.0002,3,1.0,1,none,0,0,0,3,3,1.0,0.4082240000116144,5,3,5,5,59,3,1,1,0,0.0,0
38,narrow,positive,PACER-C,15000,64,10,3,0.0002,3,1.0,1,none,0,0,0,3,3,1.0,0.2892250001877983,5,3,5,5,59,3,1,1,0,0.0,0
38,narrow,positive,PACER-X,15000,64,10,3,0.0002,3,1.0,1,none,0,0,0,3,3,1.0,0.26916299998447357,5,3,5,5,59,3,1,1,0,0.0,0
38,narrow,positive,PACER-A-NoSlices,15000,64,10,3,0.0002,2,0.6666666666666666,0,candidate_starvation,0,0,0,2,2,1.0,1.954827999952613,2400,2,2400,2400,10,10,0,1,0,0.0,1
38,narrow,positive,PACER-A-NoBounds,15000,64,10,3,0.0002,3,1.0,1,none,0,0,0,3,3,1.0,0.3552979999312811,5,3,5,5,56,3,1,1,0,0.0,0
38,narrow,positive,StaleNoRecheck,15000,64,10,3,0.0002,3,0.6666666666666666,0,ranking_truncation,0,1,0,2,3,0.6666666666666666,1.5183570001227054,2270,3,2270,2270,0,8,0,1,0,0.0,0
38,narrow,positive,NaiveNoPolicy,15000,64,10,3,0.0002,10,0.0,0,ranking_truncation,9,1,8,0,10,0.0,0.5786090000583499,2270,2270,2270,0,0,8,0,1,0,0.0,0
39,cold,positive,ExactSecure,15000,64,10,6,0.0004,6,1.0,1,none,0,0,0,6,6,1.0,7.3386710000704625,15000,6,6,15000,0,0,1,1,0,0.0,0
39,cold,positive,PreFilter-Exact,15000,64,10,6,0.0004,6,1.0,1,none,0,0,0,6,6,1.0,8.164517000068372,15000,6,6,15000,0,0,1,1,0,0.0,0
39,cold,positive,BitmapSlice-Exact,15000,64,10,6,0.0004,6,1.0,1,none,0,0,0,6,6,1.0,0.08770699992055597,6,6,6,6,0,0,1,1,0,0.0,0
39,cold,positive,ScalarOnly,15000,64,10,6,0.0004,6,1.0,0,ranking_truncation,0,0,0,6,6,1.0,7.642810000106692,15000,6,0,15000,0,0,0,1,0,0.0,0
39,cold,positive,PostFilter-IVF,15000,64,10,6,0.0004,2,0.3333333333333333,0,candidate_starvation,0,0,0,2,2,1.0,1.54230400016786,1706,2,1706,1706,0,8,0,1,0,0.0,0
39,cold,positive,AdaptivePostFilter-IVF,15000,64,10,6,0.0004,5,0.8333333333333334,0,candidate_starvation,0,0,0,5,5,1.0,4.223240000101214,4800,5,4800,4800,0,21,0,1,0,0.0,0
39,cold,positive,ExactPrefix-PostFilter,15000,64,10,6,0.0004,3,0.5,0,candidate_starvation,0,0,0,3,3,1.0,3.280392000078791,2400,3,15000,2400,0,0,0,1,0,0.0,0
39,cold,positive,TenantPartition-IVF,15000,64,10,6,0.0004,2,0.3333333333333333,0,candidate_starvation,0,0,0,2,2,1.0,0.7710250001764507,1706,2,1706,1706,0,8,0,1,0,0.0,0
39,cold,positive,PreFilter-IVF,15000,64,10,6,0.0004,6,1.0,1,none,0,0,0,6,6,1.0,0.953172999970775,766,6,6,766,64,3,0,1,0,0.0,0
39,cold,positive,PACER-A,15000,64,10,6,0.0004,6,1.0,1,none,0,0,0,6,6,1.0,0.3648459999112674,6,6,6,6,41,3,1,1,0,0.0,0
39,cold,positive,PACER-C,15000,64,10,6,0.0004,6,1.0,1,none,0,0,0,6,6,1.0,0.32635900015520747,6,6,6,6,41,3,1,1,0,0.0,0
39,cold,positive,PACER-X,15000,64,10,6,0.0004,6,1.0,1,none,0,0,0,6,6,1.0,0.2912840000135475,6,6,6,6,41,3,1,1,0,0.0,0
39,cold,positive,PACER-A-NoSlices,15000,64,10,6,0.0004,2,0.3333333333333333,0,candidate_starvation,0,0,0,2,2,1.0,2.3403220000091096,2400,2,2400,2400,10,10,0,1,0,0.0,1
39,cold,positive,PACER-A-NoBounds,15000,64,10,6,0.0004,6,1.0,1,none,0,0,0,6,6,1.0,0.32179499999074324,6,6,6,6,42,3,1,1,0,0.0,0
39,cold,positive,StaleNoRecheck,15000,64,10,6,0.0004,2,0.3333333333333333,0,candidate_starvation,0,0,0,2,2,1.0,1.2831310000365193,1706,2,1706,1706,0,8,0,1,0,0.0,0
39,cold,positive,NaiveNoPolicy,15000,64,10,6,0.0004,10,0.16666666666666666,0,ranking_truncation,9,0,9,1,10,0.1,0.6074849998185528,1706,1706,1706,0,0,8,0,1,0,0.0,0
40,broad,positive,ExactSecure,15000,64,10,6782,0.45213333333333333,10,1.0,1,none,0,0,0,10,10,1.0,9.19522300000608,15000,6782,6782,15000,0,0,1,1,0,0.0,0
40,broad,positive,PreFilter-Exact,15000,64,10,6782,0.45213333333333333,10,1.0,1,none,0,0,0,10,10,1.0,9.902362999810066,15000,6782,6782,15000,0,0,1,1,0,0.0,0
40,broad,positive,BitmapSlice-Exact,15000,64,10,6782,0.45213333333333333,10,1.0,1,none,0,0,0,10,10,1.0,20.44824599988715,7209,6782,6782,7209,0,0,1,1,0,0.0,0
40,broad,positive,ScalarOnly,15000,64,10,6782,0.45213333333333333,10,0.0,0,ranking_truncation,0,0,0,10,10,1.0,7.48781099991902,15000,6782,0,15000,0,0,0,1,0,0.0,0
40,broad,positive,PostFilter-IVF,15000,64,10,6782,0.45213333333333333,10,1.0,1,none,0,0,0,10,10,1.0,1.8052540001463058,1979,1010,1979,1979,0,8,0,1,0,0.0,0
40,broad,positive,AdaptivePostFilter-IVF,15000,64,10,6782,0.45213333333333333,10,1.0,1,none,0,0,0,10,10,1.0,4.565054000067903,4800,2241,4800,4800,0,20,0,1,0,0.0,0
40,broad,positive,ExactPrefix-PostFilter,15000,64,10,6782,0.45213333333333333,10,1.0,1,none,0,0,0,10,10,1.0,3.5131259999161557,2400,1188,15000,2400,0,0,0,1,0,0.0,0
40,broad,positive,TenantPartition-IVF,15000,64,10,6782,0.45213333333333333,10,1.0,1,none,0,0,0,10,10,1.0,1.5890109998508706,1979,1010,1979,1979,0,8,0,1,0,0.0,0
40,broad,positive,PreFilter-IVF,15000,64,10,6782,0.45213333333333333,10,1.0,1,none,0,0,0,10,10,1.0,1.9088699998519587,1979,1010,1010,1979,8,8,0,1,0,0.0,0
40,broad,positive,PACER-A,15000,64,10,6782,0.45213333333333333,10,1.0,1,none,0,0,0,10,10,1.0,7.547480000084761,2400,2264,2400,2400,20,20,0,1,0,0.5512095391750336,1
40,broad,positive,PACER-C,15000,64,10,6782,0.45213333333333333,10,1.0,1,none,0,0,0,10,10,1.0,23.509597000156646,7209,6782,7209,7209,64,64,1,1,0,0.0,0
40,broad,positive,PACER-X,15000,64,10,6782,0.45213333333333333,10,1.0,1,none,0,0,0,10,10,1.0,24.452195999856485,7209,6782,7209,7209,64,64,1,1,0,0.0,0
40,broad,positive,PACER-A-NoSlices,15000,64,10,6782,0.45213333333333333,10,1.0,1,none,0,0,0,10,10,1.0,3.414197000211061,2400,1218,2400,2400,11,11,0,1,0,0.5577645003795624,1
40,broad,positive,PACER-A-NoBounds,15000,64,10,6782,0.45213333333333333,10,1.0,1,none,0,0,0,10,10,1.0,8.371855999939726,2400,2262,2400,2400,20,20,0,1,0,0.0,1
40,broad,positive,StaleNoRecheck,15000,64,10,6782,0.45213333333333333,10,0.9,0,ranking_truncation,0,1,0,9,10,0.9,1.8270340001436125,1979,1076,1979,1979,0,8,0,1,0,0.0,0
40,broad,positive,NaiveNoPolicy,15000,64,10,6782,0.45213333333333333,10,0.7,0,ranking_truncation,0,1,2,7,10,0.7,0.5266949999622739,1979,1979,1979,0,0,8,0,1,0,0.0,0
41,medium,positive,ExactSecure,15000,64,10,450,0.03,10,1.0,1,none,0,0,0,10,10,1.0,8.058763999997609,15000,450,450,15000,0,0,1,1,0,0.0,0
41,medium,positive,PreFilter-Exact,15000,64,10,450,0.03,10,1.0,1,none,0,0,0,10,10,1.0,8.547449999923629,15000,450,450,15000,0,0,1,1,0,0.0,0
41,medium,positive,BitmapSlice-Exact,15000,64,10,450,0.03,10,1.0,1,none,0,0,0,10,10,1.0,1.4848340001663018,484,450,450,484,0,0,1,1,0,0.0,0
41,medium,positive,ScalarOnly,15000,64,10,450,0.03,10,0.0,0,ranking_truncation,0,0,0,10,10,1.0,8.697308999899178,15000,450,0,15000,0,0,0,1,0,0.0,0
41,medium,positive,PostFilter-IVF,15000,64,10,450,0.03,10,1.0,1,none,0,0,0,10,10,1.0,1.320795999845359,1373,75,1373,1373,0,8,0,1,0,0.0,0
41,medium,positive,AdaptivePostFilter-IVF,15000,64,10,450,0.03,10,1.0,1,none,0,0,0,10,10,1.0,4.606266000109827,4800,203,4800,4800,0,22,0,1,0,0.0,0
41,medium,positive,ExactPrefix-PostFilter,15000,64,10,450,0.03,10,1.0,1,none,0,0,0,10,10,1.0,3.7024159998964024,2400,95,15000,2400,0,0,0,1,0,0.0,0
41,medium,positive,TenantPartition-IVF,15000,64,10,450,0.03,10,1.0,1,none,0,0,0,10,10,1.0,0.8890240001164784,1373,75,1373,1373,0,8,0,1,0,0.0,0
41,medium,positive,PreFilter-IVF,15000,64,10,450,0.03,10,1.0,1,none,0,0,0,10,10,1.0,1.392139000017778,1356,86,86,1356,8,8,0,1,0,0.0,0
41,medium,positive,PACER-A,15000,64,10,450,0.03,10,1.0,1,none,0,0,0,10,10,1.0,5.663698999796907,484,450,484,484,64,55,1,1,0,0.0,0
41,medium,positive,PACER-C,15000,64,10,450,0.03,10,1.0,1,none,0,0,0,10,10,1.0,5.42141799996898,484,450,484,484,64,55,1,1,0,0.0,0
41,medium,positive,PACER-X,15000,64,10,450,0.03,10,1.0,1,none,0,0,0,10,10,1.0,5.404642000030435,484,450,484,484,64,55,1,1,0,0.0,0
41,medium,positive,PACER-A-NoSlices,15000,64,10,450,0.03,10,1.0,1,none,0,0,0,10,10,1.0,2.3435860000518005,2400,123,2400,2400,13,13,0,1,0,0.6499060094356537,1
41,medium,positive,PACER-A-NoBounds,15000,64,10,450,0.03,10,1.0,1,none,0,0,0,10,10,1.0,5.4441490001408965,484,450,484,484,64,55,1,1,0,0.0,0
41,medium,positive,StaleNoRecheck,15000,64,10,450,0.03,10,0.9,0,ranking_truncation,0,1,0,9,10,0.9,1.230200000009063,1373,83,1373,1373,0,8,0,1,0,0.0,0
41,medium,positive,NaiveNoPolicy,15000,64,10,450,0.03,10,0.3,0,ranking_truncation,6,1,4,3,10,0.3,0.481363000062629,1373,1373,1373,0,0,8,0,1,0,0.0,0
42,narrow,positive,ExactSecure,15000,64,10,9,0.0006,9,1.0,1,none,0,0,0,9,9,1.0,7.364761999951952,15000,9,9,15000,0,0,1,1,0,0.0,0
42,narrow,positive,PreFilter-Exact,15000,64,10,9,0.0006,9,1.0,1,none,0,0,0,9,9,1.0,8.012317000066105,15000,9,9,15000,0,0,1,1,0,0.0,0
42,narrow,positive,BitmapSlice-Exact,15000,64,10,9,0.0006,9,1.0,1,none,0,0,0,9,9,1.0,0.11750399994525651,10,9,9,10,0,0,1,1,0,0.0,0
42,narrow,positive,ScalarOnly,15000,64,10,9,0.0006,9,1.0,0,ranking_truncation,0,0,0,9,9,1.0,7.95211400009066,15000,9,0,15000,0,0,0,1,0,0.0,0
42,narrow,positive,PostFilter-IVF,15000,64,10,9,0.0006,3,0.3333333333333333,0,candidate_starvation,0,0,0,3,3,1.0,1.4791640001021733,1662,3,1662,1662,0,8,0,1,0,0.0,0
42,narrow,positive,AdaptivePostFilter-IVF,15000,64,10,9,0.0006,5,0.5555555555555556,0,candidate_starvation,0,0,0,5,5,1.0,3.8873170001352264,4800,5,4800,4800,0,20,0,1,0,0.0,0
42,narrow,positive,ExactPrefix-PostFilter,15000,64,10,9,0.0006,4,0.4444444444444444,0,candidate_starvation,0,0,0,4,4,1.0,3.276850000020204,2400,4,15000,2400,0,0,0,1,0,0.0,0
42,narrow,positive,TenantPartition-IVF,15000,64,10,9,0.0006,3,0.3333333333333333,0,candidate_starvation,0,0,0,3,3,1.0,0.7232899999962683,1662,3,1662,1662,0,8,0,1,0,0.0,0
42,narrow,positive,PreFilter-IVF,15000,64,10,9,0.0006,9,1.0,1,none,0,0,0,9,9,1.0,1.1296119998860377,1065,9,9,1065,64,4,0,1,0,0.0,0
42,narrow,positive,PACER-A,15000,64,10,9,0.0006,9,1.0,1,none,0,0,0,9,9,1.0,0.44940800012227555,10,9,10,10,39,4,1,1,0,0.0,0
42,narrow,positive,PACER-C,15000,64,10,9,0.0006,9,1.0,1,none,0,0,0,9,9,1.0,0.44390099992597243,10,9,10,10,39,4,1,1,0,0.0,0
42,narrow,positive,PACER-X,15000,64,10,9,0.0006,9,1.0,1,none,0,0,0,9,9,1.0,0.3496520000680903,10,9,10,10,39,4,1,1,0,0.0,0
42,narrow,positive,PACER-A-NoSlices,15000,64,10,9,0.0006,3,0.3333333333333333,0,candidate_starvation,0,0,0,3,3,1.0,1.785540999890145,2400,3,2400,2400,12,12,0,1,0,0.0,1
42,narrow,positive,PACER-A-NoBounds,15000,64,10,9,0.0006,9,1.0,1,none,0,0,0,9,9,1.0,0.5619250000563625,10,9,10,10,35,4,1,1,0,0.0,0
42,narrow,positive,StaleNoRecheck,15000,64,10,9,0.0006,4,0.3333333333333333,0,candidate_starvation,0,1,0,3,4,0.75,1.2238709998655395,1662,4,1662,1662,0,8,0,1,0,0.0,0
42,narrow,positive,NaiveNoPolicy,15000,64,10,9,0.0006,10,0.1111111111111111,0,ranking_truncation,9,1,9,1,10,0.1,0.4439020001427707,1662,1662,1662,0,0,8,0,1,0,0.0,0
43,cold,positive,ExactSecure,15000,64,10,6,0.0004,6,1.0,1,none,0,0,0,6,6,1.0,7.04508699982398,15000,6,6,15000,0,0,1,1,0,0.0,0
43,cold,positive,PreFilter-Exact,15000,64,10,6,0.0004,6,1.0,1,none,0,0,0,6,6,1.0,7.115473000112615,15000,6,6,15000,0,0,1,1,0,0.0,0
43,cold,positive,BitmapSlice-Exact,15000,64,10,6,0.0004,6,1.0,1,none,0,0,0,6,6,1.0,0.09357500016449194,7,6,6,7,0,0,1,1,0,0.0,0
43,cold,positive,ScalarOnly,15000,64,10,6,0.0004,6,1.0,0,ranking_truncation,0,0,0,6,6,1.0,7.221102999892537,15000,6,0,15000,0,0,0,1,0,0.0,0
43,cold,positive,PostFilter-IVF,15000,64,10,6,0.0004,1,0.16666666666666666,0,candidate_starvation,0,0,0,1,1,1.0,1.5893929999037937,2106,1,2106,2106,0,8,0,1,0,0.0,0
43,cold,positive,AdaptivePostFilter-IVF,15000,64,10,6,0.0004,2,0.3333333333333333,0,candidate_starvation,0,0,0,2,2,1.0,3.778027000180373,4800,2,4800,4800,0,19,0,1,0,0.0,0
43,cold,positive,ExactPrefix-PostFilter,15000,64,10,6,0.0004,1,0.16666666666666666,0,candidate_starvation,0,0,0,1,1,1.0,3.1114480000269396,2400,1,15000,2400,0,0,0,1,0,0.0,0
43,cold,positive,TenantPartition-IVF,15000,64,10,6,0.0004,1,0.16666666666666666,0,candidate_starvation,0,0,0,1,1,1.0,0.871890999860625,2106,1,2106,2106,0,8,0,1,0,0.0,0
43,cold,positive,PreFilter-IVF,15000,64,10,6,0.0004,6,1.0,1,none,0,0,0,6,6,1.0,1.2067270001807628,1274,6,6,1274,64,5,0,1,0,0.0,0
43,cold,positive,PACER-A,15000,64,10,6,0.0004,6,1.0,1,none,0,0,0,6,6,1.0,0.5045020000125078,7,6,7,7,63,5,1,1,0,0.0,0
43,cold,positive,PACER-C,15000,64,10,6,0.0004,6,1.0,1,none,0,0,0,6,6,1.0,0.4295289998026419,7,6,7,7,63,5,1,1,0,0.0,0
43,cold,positive,PACER-X,15000,64,10,6,0.0004,6,1.0,1,none,0,0,0,6,6,1.0,0.4501169999002741,7,6,7,7,63,5,1,1,0,0.0,0
43,cold,positive,PACER-A-NoSlices,15000,64,10,6,0.0004,1,0.16666666666666666,0,candidate_starvation,0,0,0,1,1,1.0,1.6571430001022236,2400,1,2400,2400,10,10,0,1,0,0.0,1
43,cold,positive,PACER-A-NoBounds,15000,64,10,6,0.0004,6,1.0,1,none,0,0,0,6,6,1.0,0.4107110000859393,7,6,7,7,63,5,1,1,0,0.0,0
43,cold,positive,StaleNoRecheck,15000,64,10,6,0.0004,2,0.16666666666666666,0,candidate_starvation,0,1,0,1,2,0.5,1.6391839999414515,2106,2,2106,2106,0,8,0,1,0,0.0,0
43,cold,positive,NaiveNoPolicy,15000,64,10,6,0.0004,10,0.0,0,ranking_truncation,9,3,9,0,10,0.0,0.5181770000035613,2106,2106,2106,0,0,8,0,1,0,0.0,0
44,broad,positive,ExactSecure,15000,64,10,6958,0.46386666666666665,10,1.0,1,none,0,0,0,10,10,1.0,8.41022100007649,15000,6958,6958,15000,0,0,1,1,0,0.0,0
44,broad,positive,PreFilter-Exact,15000,64,10,6958,0.46386666666666665,10,1.0,1,none,0,0,0,10,10,1.0,8.55896300004133,15000,6958,6958,15000,0,0,1,1,0,0.0,0
44,broad,positive,BitmapSlice-Exact,15000,64,10,6958,0.46386666666666665,10,1.0,1,none,0,0,0,10,10,1.0,22.177475000034974,7421,6958,6958,7421,0,0,1,1,0,0.0,0
44,broad,positive,ScalarOnly,15000,64,10,6958,0.46386666666666665,10,0.0,0,ranking_truncation,0,0,0,10,10,1.0,8.990242999971088,15000,6958,0,15000,0,0,0,1,0,0.0,0
44,broad,positive,PostFilter-IVF,15000,64,10,6958,0.46386666666666665,10,0.7,0,ranking_truncation,0,0,0,10,10,1.0,1.7736359998252738,2008,953,2008,2008,0,8,0,1,0,0.0,0
44,broad,positive,AdaptivePostFilter-IVF,15000,64,10,6958,0.46386666666666665,10,0.9,0,ranking_truncation,0,0,0,10,10,1.0,4.691811999919082,4800,2336,4800,4800,0,20,0,1,0,0.0,0
44,broad,positive,ExactPrefix-PostFilter,15000,64,10,6958,0.46386666666666665,10,1.0,1,none,0,0,0,10,10,1.0,3.56620100001237,2400,1164,15000,2400,0,0,0,1,0,0.0,0
44,broad,positive,TenantPartition-IVF,15000,64,10,6958,0.46386666666666665,10,0.7,0,ranking_truncation,0,0,0,10,10,1.0,1.658857000165881,2008,953,2008,2008,0,8,0,1,0,0.0,0
44,broad,positive,PreFilter-IVF,15000,64,10,6958,0.46386666666666665,10,0.6,0,ranking_truncation,0,0,0,10,10,1.0,2.2761079999327194,2094,1038,1038,2094,8,8,0,1,0,0.0,0
44,broad,positive,PACER-A,15000,64,10,6958,0.46386666666666665,10,0.9,0,ranking_truncation,0,0,0,10,10,1.0,8.28342599993448,2400,2253,2400,2400,18,18,0,1,0,0.617310643196106,1
44,broad,positive,PACER-C,15000,64,10,6958,0.46386666666666665,10,1.0,1,none,0,0,0,10,10,1.0,24.463966999974218,7421,6958,7421,7421,64,64,1,1,0,0.0,0
44,broad,positive,PACER-X,15000,64,10,6958,0.46386666666666665,10,1.0,1,none,0,0,0,10,10,1.0,22.907080000095448,7421,6958,7421,7421,64,64,1,1,0,0.0,0
44,broad,positive,PACER-A-NoSlices,15000,64,10,6958,0.46386666666666665,10,0.7,0,ranking_truncation,0,0,0,10,10,1.0,2.242435999960435,2400,1204,2400,2400,10,10,0,1,0,0.628465086221695,1
44,broad,positive,PACER-A-NoBounds,15000,64,10,6958,0.46386666666666665,10,0.9,0,ranking_truncation,0,0,0,10,10,1.0,7.898708999846349,2400,2245,2400,2400,20,20,0,1,0,0.0,1
44,broad,positive,StaleNoRecheck,15000,64,10,6958,0.46386666666666665,10,0.7,0,ranking_truncation,0,0,0,10,10,1.0,1.6619539999283006,2008,1012,2008,2008,0,8,0,1,0,0.0,0
44,broad,positive,NaiveNoPolicy,15000,64,10,6958,0.46386666666666665,10,0.6,0,ranking_truncation,0,1,4,6,10,0.6,0.6700060000639496,2008,2008,2008,0,0,8,0,1,0,0.0,0
45,medium,positive,ExactSecure,15000,64,10,383,0.025533333333333335,10,1.0,1,none,0,0,0,10,10,1.0,7.747832000177368,15000,383,383,15000,0,0,1,1,0,0.0,0
45,medium,positive,PreFilter-Exact,15000,64,10,383,0.025533333333333335,10,1.0,1,none,0,0,0,10,10,1.0,8.47967000004246,15000,383,383,15000,0,0,1,1,0,0.0,0
45,medium,positive,BitmapSlice-Exact,15000,64,10,383,0.025533333333333335,10,1.0,1,none,0,0,0,10,10,1.0,1.2696950000190554,434,383,383,434,0,0,1,1,0,0.0,0
45,medium,positive,ScalarOnly,15000,64,10,383,0.025533333333333335,10,0.0,0,ranking_truncation,0,0,0,10,10,1.0,7.657880000124351,15000,383,0,15000,0,0,0,1,0,0.0,0
45,medium,positive,PostFilter-IVF,15000,64,10,383,0.025533333333333335,10,0.6,0,ranking_truncation,0,0,0,10,10,1.0,1.1927259999993112,1450,40,1450,1450,0,8,0,1,0,0.0,0
45,medium,positive,AdaptivePostFilter-IVF,15000,64,10,383,0.025533333333333335,10,0.9,0,ranking_truncation,0,0,0,10,10,1.0,4.408196999975189,4800,118,4800,4800,0,24,0,1,0,0.0,0
45,medium,positive,ExactPrefix-PostFilter,15000,64,10,383,0.025533333333333335,10,1.0,1,none,0,0,0,10,10,1.0,3.2476730000325915,2400,75,15000,2400,0,0,0,1,0,0.0,0
45,medium,positive,TenantPartition-IVF,15000,64,10,383,0.025533333333333335,10,0.6,0,ranking_truncation,0,0,0,10,10,1.0,0.7126319999315456,1450,40,1450,1450,0,8,0,1,0,0.0,0
45,medium,positive,PreFilter-IVF,15000,64,10,383,0.025533333333333335,10,0.7,0,ranking_truncation,0,0,0,10,10,1.0,1.679311999851052,1759,47,47,1759,10,8,0,1,0,0.0,0
45,medium,positive,PACER-A,15000,64,10,383,0.025533333333333335,10,1.0,1,none,0,0,0,10,10,1.0,6.1432070001501415,434,383,434,434,64,57,1,1,0,0.0,0
45,medium,positive,PACER-C,15000,64,10,383,0.025533333333333335,10,1.0,1,none,0,0,0,10,10,1.0,5.140041000004203,434,383,434,434,64,57,1,1,0,0.0,0
45,medium,positive,PACER-X,15000,64,10,383,0.025533333333333335,10,1.0,1,none,0,0,0,10,10,1.0,5.041444999960731,434,383,434,434,64,57,1,1,0,0.0,0
45,medium,positive,PACER-A-NoSlices,15000,64,10,383,0.025533333333333335,10,0.7,0,ranking_truncation,0,0,0,10,10,1.0,2.1623280001676903,2400,51,2400,2400,12,12,0,1,0,0.7409713566303253,1
45,medium,positive,PACER-A-NoBounds,15000,64,10,383,0.025533333333333335,10,1.0,1,none,0,0,0,10,10,1.0,5.418730999963373,434,383,434,434,64,57,1,1,0,0.0,0
45,medium,positive,StaleNoRecheck,15000,64,10,383,0.025533333333333335,10,0.6,0,ranking_truncation,0,3,0,7,10,0.7,1.1828090000562952,1450,45,1450,1450,0,8,0,1,0,0.0,0
45,medium,positive,NaiveNoPolicy,15000,64,10,383,0.025533333333333335,10,0.0,0,ranking_truncation,8,0,9,0,10,0.0,0.6147179999516084,1450,1450,1450,0,0,8,0,1,0,0.0,0
46,narrow,positive,ExactSecure,15000,64,10,9,0.0006,9,1.0,1,none,0,0,0,9,9,1.0,7.128716999886819,15000,9,9,15000,0,0,1,1,0,0.0,0
46,narrow,positive,PreFilter-Exact,15000,64,10,9,0.0006,9,1.0,1,none,0,0,0,9,9,1.0,7.239510000090377,15000,9,9,15000,0,0,1,1,0,0.0,0
46,narrow,positive,BitmapSlice-Exact,15000,64,10,9,0.0006,9,1.0,1,none,0,0,0,9,9,1.0,0.10153200014428876,12,9,9,12,0,0,1,1,0,0.0,0
46,narrow,positive,ScalarOnly,15000,64,10,9,0.0006,9,1.0,0,ranking_truncation,0,0,0,9,9,1.0,7.50550599991584,15000,9,0,15000,0,0,0,1,0,0.0,0
46,narrow,positive,PostFilter-IVF,15000,64,10,9,0.0006,2,0.2222222222222222,0,candidate_starvation,0,0,0,2,2,1.0,1.317115000119884,1804,2,1804,1804,0,8,0,1,0,0.0,0
46,narrow,positive,AdaptivePostFilter-IVF,15000,64,10,9,0.0006,7,0.7777777777777778,0,candidate_starvation,0,0,0,7,7,1.0,3.768261999994138,4800,7,4800,4800,0,20,0,1,0,0.0,0
46,narrow,positive,ExactPrefix-PostFilter,15000,64,10,9,0.0006,6,0.6666666666666666,0,candidate_starvation,0,0,0,6,6,1.0,3.0462229999557167,2400,6,15000,2400,0,0,0,1,0,0.0,0
46,narrow,positive,TenantPartition-IVF,15000,64,10,9,0.0006,2,0.2222222222222222,0,candidate_starvation,0,0,0,2,2,1.0,1.014506000046822,1804,2,1804,1804,0,8,0,1,0,0.0,0
46,narrow,positive,PreFilter-IVF,15000,64,10,9,0.0006,9,1.0,1,none,0,0,0,9,9,1.0,1.3548410001931188,1518,9,9,1518,64,5,0,1,0,0.0,0
46,narrow,positive,PACER-A,15000,64,10,9,0.0006,9,1.0,1,none,0,0,0,9,9,1.0,0.5677310000464786,12,9,12,12,31,5,1,1,0,0.0,0
46,narrow,positive,PACER-C,15000,64,10,9,0.0006,9,1.0,1,none,0,0,0,9,9,1.0,0.6529039999350061,12,9,12,12,31,5,1,1,0,0.0,0
46,narrow,positive,PACER-X,15000,64,10,9,0.0006,9,1.0,1,none,0,0,0,9,9,1.0,0.7335119998970185,12,9,12,12,31,5,1,1,0,0.0,0
46,narrow,positive,PACER-A-NoSlices,15000,64,10,9,0.0006,6,0.6666666666666666,0,candidate_starvation,0,0,0,6,6,1.0,2.0646089999445394,2400,6,2400,2400,11,11,0,1,0,0.0,1
46,narrow,positive,PACER-A-NoBounds,15000,64,10,9,0.0006,9,1.0,1,none,0,0,0,9,9,1.0,0.4179200000180572,12,9,12,12,36,5,1,1,0,0.0,0
46,narrow,positive,StaleNoRecheck,15000,64,10,9,0.0006,2,0.2222222222222222,0,candidate_starvation,0,0,0,2,2,1.0,1.321391999908883,1804,2,1804,1804,0,8,0,1,0,0.0,0
46,narrow,positive,NaiveNoPolicy,15000,64,10,9,0.0006,10,0.0,0,ranking_truncation,10,0,8,0,10,0.0,0.5334680001851666,1804,1804,1804,0,0,8,0,1,0,0.0,0
47,cold,positive,ExactSecure,15000,64,10,1,6.666666666666667e-05,1,1.0,1,none,0,0,0,1,1,1.0,8.441809000032663,15000,1,1,15000,0,0,1,1,0,0.0,0
47,cold,positive,PreFilter-Exact,15000,64,10,1,6.666666666666667e-05,1,1.0,1,none,0,0,0,1,1,1.0,7.437959000071714,15000,1,1,15000,0,0,1,1,0,0.0,0
47,cold,positive,BitmapSlice-Exact,15000,64,10,1,6.666666666666667e-05,1,1.0,1,none,0,0,0,1,1,1.0,0.07546899996668799,2,1,1,2,0,0,1,1,0,0.0,0
47,cold,positive,ScalarOnly,15000,64,10,1,6.666666666666667e-05,1,1.0,1,none,0,0,0,1,1,1.0,7.405076000168265,15000,1,0,15000,0,0,0,1,0,0.0,0
47,cold,positive,PostFilter-IVF,15000,64,10,1,6.666666666666667e-05,1,1.0,1,none,0,0,0,1,1,1.0,1.3577740000982885,1659,1,1659,1659,0,8,0,1,0,0.0,0
47,cold,positive,AdaptivePostFilter-IVF,15000,64,10,1,6.666666666666667e-05,1,1.0,1,none,0,0,0,1,1,1.0,4.1163269997923635,4800,1,4800,4800,0,23,0,1,0,0.0,0
47,cold,positive,ExactPrefix-PostFilter,15000,64,10,1,6.666666666666667e-05,1,1.0,1,none,0,0,0,1,1,1.0,3.30700499989689,2400,1,15000,2400,0,0,0,1,0,0.0,0
47,cold,positive,TenantPartition-IVF,15000,64,10,1,6.666666666666667e-05,1,1.0,1,none,0,0,0,1,1,1.0,0.678442999969775,1659,1,1659,1659,0,8,0,1,0,0.0,0
47,cold,positive,PreFilter-IVF,15000,64,10,1,6.666666666666667e-05,1,1.0,1,none,0,0,0,1,1,1.0,0.9551299999657203,727,1,1,727,64,2,0,1,0,0.0,0
47,cold,positive,PACER-A,15000,64,10,1,6.666666666666667e-05,1,1.0,1,none,0,0,0,1,1,1.0,0.27065000017501006,2,1,2,2,33,2,1,1,0,0.0,0
47,cold,positive,PACER-C,15000,64,10,1,6.666666666666667e-05,1,1.0,1,none,0,0,0,1,1,1.0,0.29682999979741,2,1,2,2,33,2,1,1,0,0.0,0
47,cold,positive,PACER-X,15000,64,10,1,6.666666666666667e-05,1,1.0,1,none,0,0,0,1,1,1.0,0.2094450001095538,2,1,2,2,33,2,1,1,0,0.0,0
47,cold,positive,PACER-A-NoSlices,15000,64,10,1,6.666666666666667e-05,1,1.0,1,none,0,0,0,1,1,1.0,1.6336660000888514,2400,1,2400,2400,13,13,0,1,0,0.0,1
47,cold,positive,PACER-A-NoBounds,15000,64,10,1,6.666666666666667e-05,1,1.0,1,none,0,0,0,1,1,1.0,0.2257859998735512,2,1,2,2,36,2,1,1,0,0.0,0
47,cold,positive,StaleNoRecheck,15000,64,10,1,6.666666666666667e-05,1,1.0,1,none,0,0,0,1,1,1.0,1.262100000076316,1659,1,1659,1659,0,8,0,1,0,0.0,0
47,cold,positive,NaiveNoPolicy,15000,64,10,1,6.666666666666667e-05,10,1.0,0,ranking_truncation,9,0,9,1,10,0.1,0.5587730001934688,1659,1659,1659,0,0,8,0,1,0,0.0,0
48,broad,positive,ExactSecure,15000,64,10,6617,0.4411333333333333,10,1.0,1,none,0,0,0,10,10,1.0,8.30986899995878,15000,6617,6617,15000,0,0,1,1,0,0.0,0
48,broad,positive,PreFilter-Exact,15000,64,10,6617,0.4411333333333333,10,1.0,1,none,0,0,0,10,10,1.0,8.033047000026272,15000,6617,6617,15000,0,0,1,1,0,0.0,0
48,broad,positive,BitmapSlice-Exact,15000,64,10,6617,0.4411333333333333,10,1.0,1,none,0,0,0,10,10,1.0,15.480486000114979,7296,6617,6617,7296,0,0,1,1,0,0.0,0
48,broad,positive,ScalarOnly,15000,64,10,6617,0.4411333333333333,10,0.0,0,ranking_truncation,0,0,0,10,10,1.0,7.319790999872566,15000,6617,0,15000,0,0,0,1,0,0.0,0
48,broad,positive,PostFilter-IVF,15000,64,10,6617,0.4411333333333333,10,1.0,1,none,0,0,0,10,10,1.0,1.8172780000895727,2087,1013,2087,2087,0,8,0,1,0,0.0,0
48,broad,positive,AdaptivePostFilter-IVF,15000,64,10,6617,0.4411333333333333,10,1.0,1,none,0,0,0,10,10,1.0,4.374201000018729,4800,2282,4800,4800,0,19,0,1,0,0.0,0
48,broad,positive,ExactPrefix-PostFilter,15000,64,10,6617,0.4411333333333333,10,1.0,1,none,0,0,0,10,10,1.0,3.795703999912803,2400,1095,15000,2400,0,0,0,1,0,0.0,0
48,broad,positive,TenantPartition-IVF,15000,64,10,6617,0.4411333333333333,10,1.0,1,none,0,0,0,10,10,1.0,1.5634719998161017,2087,1013,2087,2087,0,8,0,1,0,0.0,0
48,broad,positive,PreFilter-IVF,15000,64,10,6617,0.4411333333333333,10,1.0,1,none,0,0,0,10,10,1.0,1.8009890000030282,1939,920,920,1939,8,8,0,1,0,0.0,0
48,broad,positive,PACER-A,15000,64,10,6617,0.4411333333333333,10,1.0,1,none,0,0,0,10,10,1.0,6.940634999864415,2400,2166,2400,2400,18,18,0,1,0,0.5314217507839203,1
48,broad,positive,PACER-C,15000,64,10,6617,0.4411333333333333,10,1.0,1,none,0,0,0,10,10,1.0,21.383130000003803,7296,6617,7296,7296,64,64,1,1,0,0.0,0
48,broad,positive,PACER-X,15000,64,10,6617,0.4411333333333333,10,1.0,1,none,0,0,0,10,10,1.0,20.868037999889566,7296,6617,7296,7296,64,64,1,1,0,0.0,0
48,broad,positive,PACER-A-NoSlices,15000,64,10,6617,0.4411333333333333,10,1.0,1,none,0,0,0,10,10,1.0,2.016623000145046,2400,1112,2400,2400,10,10,0,1,0,0.5364081561565399,1
48,broad,positive,PACER-A-NoBounds,15000,64,10,6617,0.4411333333333333,10,1.0,1,none,0,0,0,10,10,1.0,7.503176999989591,2400,2165,2400,2400,18,18,0,1,0,0.0,1
48,broad,positive,StaleNoRecheck,15000,64,10,6617,0.4411333333333333,10,0.8,0,ranking_truncation,0,2,0,8,10,0.8,2.015198000208329,2087,1117,2087,2087,0,8,0,1,0,0.0,0
48,broad,positive,NaiveNoPolicy,15000,64,10,6617,0.4411333333333333,10,0.5,0,ranking_truncation,0,2,3,5,10,0.5,0.8145560000230034,2087,2087,2087,0,0,8,0,1,0,0.0,0
49,medium,positive,ExactSecure,15000,64,10,317,0.021133333333333334,10,1.0,1,none,0,0,0,10,10,1.0,7.339549999869632,15000,317,317,15000,0,0,1,1,0,0.0,0
49,medium,positive,PreFilter-Exact,15000,64,10,317,0.021133333333333334,10,1.0,1,none,0,0,0,10,10,1.0,7.191310000052908,15000,317,317,15000,0,0,1,1,0,0.0,0
49,medium,positive,BitmapSlice-Exact,15000,64,10,317,0.021133333333333334,10,1.0,1,none,0,0,0,10,10,1.0,0.9519089999230346,364,317,317,364,0,0,1,1,0,0.0,0
49,medium,positive,ScalarOnly,15000,64,10,317,0.021133333333333334,10,0.0,0,ranking_truncation,0,0,0,10,10,1.0,7.991007000100581,15000,317,0,15000,0,0,0,1,0,0.0,0
49,medium,positive,PostFilter-IVF,15000,64,10,317,0.021133333333333334,10,0.4,0,ranking_truncation,0,0,0,10,10,1.0,1.524811000081172,2033,36,2033,2033,0,8,0,1,0,0.0,0
49,medium,positive,AdaptivePostFilter-IVF,15000,64,10,317,0.021133333333333334,10,0.7,0,ranking_truncation,0,0,0,10,10,1.0,3.8530900001205737,4800,95,4800,4800,0,22,0,1,0,0.0,0
49,medium,positive,ExactPrefix-PostFilter,15000,64,10,317,0.021133333333333334,10,1.0,1,none,0,0,0,10,10,1.0,3.08224200011864,2400,57,15000,2400,0,0,0,1,0,0.0,0
49,medium,positive,TenantPartition-IVF,15000,64,10,317,0.021133333333333334,10,0.4,0,ranking_truncation,0,0,0,10,10,1.0,0.9861910000381613,2033,36,2033,2033,0,8,0,1,0,0.0,0
49,medium,positive,PreFilter-IVF,15000,64,10,317,0.021133333333333334,10,0.4,0,ranking_truncation,0,0,0,10,10,1.0,1.6575829999965208,1961,47,47,1961,9,8,0,1,0,0.0,0
49,medium,positive,PACER-A,15000,64,10,317,0.021133333333333334,10,1.0,1,none,0,0,0,10,10,1.0,4.581978000032905,364,317,364,364,64,54,1,1,0,0.0,0
49,medium,positive,PACER-C,15000,64,10,317,0.021133333333333334,10,1.0,1,none,0,0,0,10,10,1.0,5.474432000028173,364,317,364,364,64,54,1,1,0,0.0,0
49,medium,positive,PACER-X,15000,64,10,317,0.021133333333333334,10,1.0,1,none,0,0,0,10,10,1.0,4.621666999810259,364,317,364,364,64,54,1,1,0,0.0,0
49,medium,positive,PACER-A-NoSlices,15000,64,10,317,0.021133333333333334,10,0.4,0,ranking_truncation,0,0,0,10,10,1.0,2.040930000021035,2400,48,2400,2400,11,11,0,1,0,0.8217275142669678,1
49,medium,positive,PACER-A-NoBounds,15000,64,10,317,0.021133333333333334,10,1.0,1,none,0,0,0,10,10,1.0,5.6942789999538945,364,317,364,364,64,54,1,1,0,0.0,0
49,medium,positive,StaleNoRecheck,15000,64,10,317,0.021133333333333334,10,0.4,0,ranking_truncation,0,2,0,8,10,0.8,1.655920000075639,2033,42,2033,2033,0,8,0,1,0,0.0,0
49,medium,positive,NaiveNoPolicy,15000,64,10,317,0.021133333333333334,10,0.0,0,ranking_truncation,9,3,5,0,10,0.0,0.8029499999793188,2033,2033,2033,0,0,8,0,1,0,0.0,0
50,narrow,positive,ExactSecure,15000,64,10,3,0.0002,3,1.0,1,none,0,0,0,3,3,1.0,7.786888000055114,15000,3,3,15000,0,0,1,1,0,0.0,0
50,narrow,positive,PreFilter-Exact,15000,64,10,3,0.0002,3,1.0,1,none,0,0,0,3,3,1.0,7.395489999908023,15000,3,3,15000,0,0,1,1,0,0.0,0
50,narrow,positive,BitmapSlice-Exact,15000,64,10,3,0.0002,3,1.0,1,none,0,0,0,3,3,1.0,0.111479999986841,3,3,3,3,0,0,1,1,0,0.0,0
50,narrow,positive,ScalarOnly,15000,64,10,3,0.0002,3,1.0,0,ranking_truncation,0,0,0,3,3,1.0,7.878259000108301,15000,3,0,15000,0,0,0,1,0,0.0,0
50,narrow,positive,PostFilter-IVF,15000,64,10,3,0.0002,3,1.0,1,none,0,0,0,3,3,1.0,1.6502389999004663,1913,3,1913,1913,0,8,0,1,0,0.0,0
50,narrow,positive,AdaptivePostFilter-IVF,15000,64,10,3,0.0002,3,1.0,1,none,0,0,0,3,3,1.0,5.521119999912116,4800,3,4800,4800,0,23,0,1,0,0.0,0
50,narrow,positive,ExactPrefix-PostFilter,15000,64,10,3,0.0002,3,1.0,1,none,0,0,0,3,3,1.0,4.185113000175988,2400,3,15000,2400,0,0,0,1,0,0.0,0
50,narrow,positive,TenantPartition-IVF,15000,64,10,3,0.0002,3,1.0,1,none,0,0,0,3,3,1.0,1.1823540000932553,1913,3,1913,1913,0,8,0,1,0,0.0,0
50,narrow,positive,PreFilter-IVF,15000,64,10,3,0.0002,3,1.0,1,none,0,0,0,3,3,1.0,1.3752940001268144,651,3,3,651,64,2,0,1,0,0.0,0
50,narrow,positive,PACER-A,15000,64,10,3,0.0002,3,1.0,1,none,0,0,0,3,3,1.0,0.3420030000143015,3,3,3,3,3,2,1,1,0,0.0,0
50,narrow,positive,PACER-C,15000,64,10,3,0.0002,3,1.0,1,none,0,0,0,3,3,1.0,0.24515600011909555,3,3,3,3,3,2,1,1,0,0.0,0
50,narrow,positive,PACER-X,15000,64,10,3,0.0002,3,1.0,1,none,0,0,0,3,3,1.0,0.3012829999988753,3,3,3,3,3,2,1,1,0,0.0,0
50,narrow,positive,PACER-A-NoSlices,15000,64,10,3,0.0002,3,1.0,1,none,0,0,0,3,3,1.0,2.1111010000822716,2400,3,2400,2400,10,10,0,1,0,0.0,1
50,narrow,positive,PACER-A-NoBounds,15000,64,10,3,0.0002,3,1.0,1,none,0,0,0,3,3,1.0,0.31061399999998685,3,3,3,3,3,2,1,1,0,0.0,0
50,narrow,positive,StaleNoRecheck,15000,64,10,3,0.0002,3,1.0,1,none,0,0,0,3,3,1.0,1.8868530000872852,1913,3,1913,1913,0,8,0,1,0,0.0,0
50,narrow,positive,NaiveNoPolicy,15000,64,10,3,0.0002,10,0.3333333333333333,0,ranking_truncation,9,0,8,1,10,0.1,0.694081999881746,1913,1913,1913,0,0,8,0,1,0,0.0,0
51,cold,positive,ExactSecure,15000,64,10,10,0.0006666666666666666,10,1.0,1,none,0,0,0,10,10,1.0,7.459469999957946,15000,10,10,15000,0,0,1,1,0,0.0,0
51,cold,positive,PreFilter-Exact,15000,64,10,10,0.0006666666666666666,10,1.0,1,none,0,0,0,10,10,1.0,7.135925000056886,15000,10,10,15000,0,0,1,1,0,0.0,0
51,cold,positive,BitmapSlice-Exact,15000,64,10,10,0.0006666666666666666,10,1.0,1,none,0,0,0,10,10,1.0,0.15494699982809834,11,10,10,11,0,0,1,1,0,0.0,0
51,cold,positive,ScalarOnly,15000,64,10,10,0.0006666666666666666,10,1.0,0,ranking_truncation,0,0,0,10,10,1.0,8.285438000029899,15000,10,0,15000,0,0,0,1,0,0.0,0
51,cold,positive,PostFilter-IVF,15000,64,10,10,0.0006666666666666666,1,0.1,0,candidate_starvation,0,0,0,1,1,1.0,1.6687960001036117,2042,1,2042,2042,0,8,0,1,0,0.0,0
51,cold,positive,AdaptivePostFilter-IVF,15000,64,10,10,0.0006666666666666666,6,0.6,0,candidate_starvation,0,0,0,6,6,1.0,3.9590059998317884,4800,6,4800,4800,0,19,0,1,0,0.0,0
51,cold,positive,ExactPrefix-PostFilter,15000,64,10,10,0.0006666666666666666,3,0.3,0,candidate_starvation,0,0,0,3,3,1.0,3.364981999993688,2400,3,15000,2400,0,0,0,1,0,0.0,0
51,cold,positive,TenantPartition-IVF,15000,64,10,10,0.0006666666666666666,1,0.1,0,candidate_starvation,0,0,0,1,1,1.0,0.8762110001043766,2042,1,2042,2042,0,8,0,1,0,0.0,0
51,cold,positive,PreFilter-IVF,15000,64,10,10,0.0006666666666666666,10,1.0,1,none,0,0,0,10,10,1.0,0.9880239999802143,766,10,10,766,64,4,0,1,0,0.0,0
51,cold,positive,PACER-A,15000,64,10,10,0.0006666666666666666,10,1.0,1,none,0,0,0,10,10,1.0,0.42280899992874765,11,10,11,11,60,4,1,1,0,0.0,0
51,cold,positive,PACER-C,15000,64,10,10,0.0006666666666666666,10,1.0,1,none,0,0,0,10,10,1.0,0.3565510000953509,11,10,11,11,60,4,1,1,0,0.0,0
51,cold,positive,PACER-X,15000,64,10,10,0.0006666666666666666,10,1.0,1,none,0,0,0,10,10,1.0,0.363223999784168,11,10,11,11,60,4,1,1,0,0.0,0
51,cold,positive,PACER-A-NoSlices,15000,64,10,10,0.0006666666666666666,6,0.6,0,candidate_starvation,0,0,0,6,6,1.0,1.5810100001090177,2400,6,2400,2400,10,10,0,1,0,0.0,1
51,cold,positive,PACER-A-NoBounds,15000,64,10,10,0.0006666666666666666,10,1.0,1,none,0,0,0,10,10,1.0,0.37463699982254184,11,10,11,11,64,4,1,1,0,0.0,0
51,cold,positive,StaleNoRecheck,15000,64,10,10,0.0006666666666666666,1,0.1,0,candidate_starvation,0,0,0,1,1,1.0,1.4866999999867403,2042,1,2042,2042,0,8,0,1,0,0.0,0
51,cold,positive,NaiveNoPolicy,15000,64,10,10,0.0006666666666666666,10,0.1,0,ranking_truncation,9,0,9,1,10,0.1,0.6839489999492798,2042,2042,2042,0,0,8,0,1,0,0.0,0
52,broad,positive,ExactSecure,15000,64,10,6871,0.4580666666666667,10,1.0,1,none,0,0,0,10,10,1.0,10.759945000017979,15000,6871,6871,15000,0,0,1,1,0,0.0,0
52,broad,positive,PreFilter-Exact,15000,64,10,6871,0.4580666666666667,10,1.0,1,none,0,0,0,10,10,1.0,11.603261000118437,15000,6871,6871,15000,0,0,1,1,0,0.0,0
52,broad,positive,BitmapSlice-Exact,15000,64,10,6871,0.4580666666666667,10,1.0,1,none,0,0,0,10,10,1.0,24.26630199988722,7647,6871,6871,7647,0,0,1,1,0,0.0,0
52,broad,positive,ScalarOnly,15000,64,10,6871,0.4580666666666667,10,0.0,0,ranking_truncation,0,0,0,10,10,1.0,7.152117000032376,15000,6871,0,15000,0,0,0,1,0,0.0,0
52,broad,positive,PostFilter-IVF,15000,64,10,6871,0.4580666666666667,10,0.7,0,ranking_truncation,0,0,0,10,10,1.0,2.0445010000003094,2050,953,2050,2050,0,8,0,1,0,0.0,0
52,broad,positive,AdaptivePostFilter-IVF,15000,64,10,6871,0.4580666666666667,10,1.0,1,none,0,0,0,10,10,1.0,5.514044000165086,4800,2131,4800,4800,0,19,0,1,0,0.0,0
52,broad,positive,ExactPrefix-PostFilter,15000,64,10,6871,0.4580666666666667,10,1.0,1,none,0,0,0,10,10,1.0,3.7512389999392326,2400,1030,15000,2400,0,0,0,1,0,0.0,0
52,broad,positive,TenantPartition-IVF,15000,64,10,6871,0.4580666666666667,10,0.7,0,ranking_truncation,0,0,0,10,10,1.0,2.047284000127547,2050,953,2050,2050,0,8,0,1,0,0.0,0
52,broad,positive,PreFilter-IVF,15000,64,10,6871,0.4580666666666667,10,0.7,0,ranking_truncation,0,0,0,10,10,1.0,2.656618999935745,2051,937,937,2051,8,8,0,1,0,0.0,0
52,broad,positive,PACER-A,15000,64,10,6871,0.4580666666666667,10,1.0,1,none,0,0,0,10,10,1.0,11.827122999875428,2400,2153,2400,2400,20,20,0,1,0,0.6042716801166534,1
52,broad,positive,PACER-C,15000,64,10,6871,0.4580666666666667,10,1.0,1,none,0,0,0,10,10,1.0,23.018002000071647,7647,6871,7647,7647,64,64,1,1,0,0.0,0
52,broad,positive,PACER-X,15000,64,10,6871,0.4580666666666667,10,1.0,1,none,0,0,0,10,10,1.0,27.370598000061364,7647,6871,7647,7647,64,64,1,1,0,0.0,0
52,broad,positive,PACER-A-NoSlices,15000,64,10,6871,0.4580666666666667,10,0.8,0,ranking_truncation,0,0,0,10,10,1.0,2.2265499999321037,2400,1088,2400,2400,10,10,0,1,0,0.624119907617569,1
52,broad,positive,PACER-A-NoBounds,15000,64,10,6871,0.4580666666666667,10,1.0,1,none,0,0,0,10,10,1.0,8.514843000057226,2400,2148,2400,2400,19,19,0,1,0,0.0,1
52,broad,positive,StaleNoRecheck,15000,64,10,6871,0.4580666666666667,10,0.7,0,ranking_truncation,0,1,0,9,10,0.9,1.635319999877538,2050,1053,2050,2050,0,8,0,1,0,0.0,0
52,broad,positive,NaiveNoPolicy,15000,64,10,6871,0.4580666666666667,10,0.5,0,ranking_truncation,0,0,5,5,10,0.5,0.5974609998702363,2050,2050,2050,0,0,8,0,1,0,0.0,0
53,medium,positive,ExactSecure,15000,64,10,407,0.027133333333333332,10,1.0,1,none,0,0,0,10,10,1.0,7.906715999979497,15000,407,407,15000,0,0,1,1,0,0.0,0
53,medium,positive,PreFilter-Exact,15000,64,10,407,0.027133333333333332,10,1.0,1,none,0,0,0,10,10,1.0,7.824591999906261,15000,407,407,15000,0,0,1,1,0,0.0,0
53,medium,positive,BitmapSlice-Exact,15000,64,10,407,0.027133333333333332,10,1.0,1,none,0,0,0,10,10,1.0,1.1973460000263003,428,407,407,428,0,0,1,1,0,0.0,0
53,medium,positive,ScalarOnly,15000,64,10,407,0.027133333333333332,10,0.1,0,ranking_truncation,0,0,0,10,10,1.0,7.979364999982863,15000,407,0,15000,0,0,0,1,0,0.0,0
53,medium,positive,PostFilter-IVF,15000,64,10,407,0.027133333333333332,10,0.7,0,ranking_truncation,0,0,0,10,10,1.0,2.729590000171811,2396,52,2396,2396,0,8,0,1,0,0.0,0
53,medium,positive,AdaptivePostFilter-IVF,15000,64,10,407,0.027133333333333332,10,0.8,0,ranking_truncation,0,0,0,10,10,1.0,4.229878999922221,4800,129,4800,4800,0,19,0,1,0,0.0,0
53,medium,positive,ExactPrefix-PostFilter,15000,64,10,407,0.027133333333333332,10,1.0,1,none,0,0,0,10,10,1.0,3.7890520000019023,2400,74,15000,2400,0,0,0,1,0,0.0,0
53,medium,positive,TenantPartition-IVF,15000,64,10,407,0.027133333333333332,10,0.7,0,ranking_truncation,0,0,0,10,10,1.0,1.1416429999826505,2396,52,2396,2396,0,8,0,1,0,0.0,0
53,medium,positive,PreFilter-IVF,15000,64,10,407,0.027133333333333332,10,0.7,0,ranking_truncation,0,0,0,10,10,1.0,1.7283140000472486,2396,52,52,2396,8,8,0,1,0,0.0,0
53,medium,positive,PACER-A,15000,64,10,407,0.027133333333333332,10,1.0,1,none,0,0,0,10,10,1.0,5.278932999999597,428,407,428,428,64,59,1,1,0,0.0,0
53,medium,positive,PACER-C,15000,64,10,407,0.027133333333333332,10,1.0,1,none,0,0,0,10,10,1.0,5.571422000002713,428,407,428,428,64,59,1,1,0,0.0,0
53,medium,positive,PACER-X,15000,64,10,407,0.027133333333333332,10,1.0,1,none,0,0,0,10,10,1.0,7.991361999984292,428,407,428,428,64,59,1,1,0,0.0,0
53,medium,positive,PACER-A-NoSlices,15000,64,10,407,0.027133333333333332,10,0.7,0,ranking_truncation,0,0,0,10,10,1.0,1.8873420001455088,2400,52,2400,2400,9,9,0,1,0,0.7505683153867722,1
53,medium,positive,PACER-A-NoBounds,15000,64,10,407,0.027133333333333332,10,1.0,1,none,0,0,0,10,10,1.0,5.606558999943445,428,407,428,428,64,59,1,1,0,0.0,0
53,medium,positive,StaleNoRecheck,15000,64,10,407,0.027133333333333332,10,0.7,0,ranking_truncation,0,1,0,9,10,0.9,1.8443769999976212,2396,58,2396,2396,0,8,0,1,0,0.0,0
53,medium,positive,NaiveNoPolicy,15000,64,10,407,0.027133333333333332,10,0.1,0,ranking_truncation,7,1,6,1,10,0.1,0.7224240000596183,2396,2396,2396,0,0,8,0,1,0,0.0,0
54,narrow,positive,ExactSecure,15000,64,10,10,0.0006666666666666666,10,1.0,1,none,0,0,0,10,10,1.0,7.398903999956019,15000,10,10,15000,0,0,1,1,0,0.0,0
54,narrow,positive,PreFilter-Exact,15000,64,10,10,0.0006666666666666666,10,1.0,1,none,0,0,0,10,10,1.0,7.1307030000298255,15000,10,10,15000,0,0,1,1,0,0.0,0
54,narrow,positive,BitmapSlice-Exact,15000,64,10,10,0.0006666666666666666,10,1.0,1,none,0,0,0,10,10,1.0,0.10800900008689496,13,10,10,13,0,0,1,1,0,0.0,0
54,narrow,positive,ScalarOnly,15000,64,10,10,0.0006666666666666666,10,1.0,0,ranking_truncation,0,0,0,10,10,1.0,8.75325599986354,15000,10,0,15000,0,0,0,1,0,0.0,0
54,narrow,positive,PostFilter-IVF,15000,64,10,10,0.0006666666666666666,6,0.6,0,candidate_starvation,0,0,0,6,6,1.0,1.4525770000091143,2027,6,2027,2027,0,8,0,1,0,0.0,0
54,narrow,positive,AdaptivePostFilter-IVF,15000,64,10,10,0.0006666666666666666,8,0.8,0,candidate_starvation,0,0,0,8,8,1.0,3.8016079997760244,4800,8,4800,4800,0,21,0,1,0,0.0,0
54,narrow,positive,ExactPrefix-PostFilter,15000,64,10,10,0.0006666666666666666,3,0.3,0,candidate_starvation,0,0,0,3,3,1.0,3.178629000103683,2400,3,15000,2400,0,0,0,1,0,0.0,0
54,narrow,positive,TenantPartition-IVF,15000,64,10,10,0.0006666666666666666,6,0.6,0,candidate_starvation,0,0,0,6,6,1.0,1.0882880001190642,2027,6,2027,2027,0,8,0,1,0,0.0,0
54,narrow,positive,PreFilter-IVF,15000,64,10,10,0.0006666666666666666,10,1.0,1,none,0,0,0,10,10,1.0,1.1118810000425583,1034,10,10,1034,64,5,0,1,0,0.0,0
54,narrow,positive,PACER-A,15000,64,10,10,0.0006666666666666666,10,1.0,1,none,0,0,0,10,10,1.0,0.47922100020514335,13,10,13,13,41,5,1,1,0,0.0,0
54,narrow,positive,PACER-C,15000,64,10,10,0.0006666666666666666,10,1.0,1,none,0,0,0,10,10,1.0,0.6336270000701916,13,10,13,13,41,5,1,1,0,0.0,0
54,narrow,positive,PACER-X,15000,64,10,10,0.0006666666666666666,10,1.0,1,none,0,0,0,10,10,1.0,0.4939179998473264,13,10,13,13,41,5,1,1,0,0.0,0
54,narrow,positive,PACER-A-NoSlices,15000,64,10,10,0.0006666666666666666,6,0.6,0,candidate_starvation,0,0,0,6,6,1.0,1.7062750000604865,2400,6,2400,2400,10,10,0,1,0,0.0,1
54,narrow,positive,PACER-A-NoBounds,15000,64,10,10,0.0006666666666666666,10,1.0,1,none,0,0,0,10,10,1.0,0.44273299999986193,13,10,13,13,64,5,1,1,0,0.0,0
54,narrow,positive,StaleNoRecheck,15000,64,10,10,0.0006666666666666666,8,0.6,0,candidate_starvation,0,2,0,6,8,0.75,1.441169000145237,2027,8,2027,2027,0,8,0,1,0,0.0,0
54,narrow,positive,NaiveNoPolicy,15000,64,10,10,0.0006666666666666666,10,0.0,0,ranking_truncation,9,3,8,0,10,0.0,0.5459259998588095,2027,2027,2027,0,0,8,0,1,0,0.0,0
55,cold,positive,ExactSecure,15000,64,10,1,6.666666666666667e-05,1,1.0,1,none,0,0,0,1,1,1.0,7.184348000009777,15000,1,1,15000,0,0,1,1,0,0.0,0
55,cold,positive,PreFilter-Exact,15000,64,10,1,6.666666666666667e-05,1,1.0,1,none,0,0,0,1,1,1.0,7.008220999978221,15000,1,1,15000,0,0,1,1,0,0.0,0
55,cold,positive,BitmapSlice-Exact,15000,64,10,1,6.666666666666667e-05,1,1.0,1,none,0,0,0,1,1,1.0,0.06946799999241193,1,1,1,1,0,0,1,1,0,0.0,0
55,cold,positive,ScalarOnly,15000,64,10,1,6.666666666666667e-05,1,1.0,1,none,0,0,0,1,1,1.0,7.248900000149661,15000,1,0,15000,0,0,0,1,0,0.0,0
55,cold,positive,PostFilter-IVF,15000,64,10,1,6.666666666666667e-05,1,1.0,1,none,0,0,0,1,1,1.0,1.7675839999355958,1841,1,1841,1841,0,8,0,1,0,0.0,0
55,cold,positive,AdaptivePostFilter-IVF,15000,64,10,1,6.666666666666667e-05,1,1.0,1,none,0,0,0,1,1,1.0,3.6883990001115308,4800,1,4800,4800,0,23,0,1,0,0.0,0
55,cold,positive,ExactPrefix-PostFilter,15000,64,10,1,6.666666666666667e-05,1,1.0,1,none,0,0,0,1,1,1.0,3.037880999954723,2400,1,15000,2400,0,0,0,1,0,0.0,0
55,cold,positive,TenantPartition-IVF,15000,64,10,1,6.666666666666667e-05,1,1.0,1,none,0,0,0,1,1,1.0,0.7200320001174987,1841,1,1841,1841,0,8,0,1,0,0.0,0
55,cold,positive,PreFilter-IVF,15000,64,10,1,6.666666666666667e-05,1,1.0,1,none,0,0,0,1,1,1.0,0.5140230000506563,143,1,1,143,64,1,0,1,0,0.0,0
55,cold,positive,PACER-A,15000,64,10,1,6.666666666666667e-05,1,1.0,1,none,0,0,0,1,1,1.0,0.19032000000152038,1,1,1,1,1,1,1,1,0,0.0,0
55,cold,positive,PACER-C,15000,64,10,1,6.666666666666667e-05,1,1.0,1,none,0,0,0,1,1,1.0,0.14662300009149476,1,1,1,1,1,1,1,1,0,0.0,0
55,cold,positive,PACER-X,15000,64,10,1,6.666666666666667e-05,1,1.0,1,none,0,0,0,1,1,1.0,0.14071500004320114,1,1,1,1,1,1,1,1,0,0.0,0
55,cold,positive,PACER-A-NoSlices,15000,64,10,1,6.666666666666667e-05,1,1.0,1,none,0,0,0,1,1,1.0,1.6644649999761896,2400,1,2400,2400,11,11,0,1,0,0.0,1
55,cold,positive,PACER-A-NoBounds,15000,64,10,1,6.666666666666667e-05,1,1.0,1,none,0,0,0,1,1,1.0,0.18198300017502334,1,1,1,1,1,1,1,1,0,0.0,0
55,cold,positive,StaleNoRecheck,15000,64,10,1,6.666666666666667e-05,1,1.0,1,none,0,0,0,1,1,1.0,1.267829999960668,1841,1,1841,1841,0,8,0,1,0,0.0,0
55,cold,positive,NaiveNoPolicy,15000,64,10,1,6.666666666666667e-05,10,1.0,0,ranking_truncation,9,0,9,1,10,0.1,0.4326189998664631,1841,1841,1841,0,0,8,0,1,0,0.0,0
56,broad,positive,ExactSecure,15000,64,10,7337,0.4891333333333333,10,1.0,1,none,0,0,0,10,10,1.0,8.675177999975858,15000,7337,7337,15000,0,0,1,1,0,0.0,0
56,broad,positive,PreFilter-Exact,15000,64,10,7337,0.4891333333333333,10,1.0,1,none,0,0,0,10,10,1.0,7.938927999930456,15000,7337,7337,15000,0,0,1,1,0,0.0,0
56,broad,positive,BitmapSlice-Exact,15000,64,10,7337,0.4891333333333333,10,1.0,1,none,0,0,0,10,10,1.0,17.456087000027765,7814,7337,7337,7814,0,0,1,1,0,0.0,0
56,broad,positive,ScalarOnly,15000,64,10,7337,0.4891333333333333,10,0.0,0,ranking_truncation,0,0,0,10,10,1.0,9.56473700011884,15000,7337,0,15000,0,0,0,1,0,0.0,0
56,broad,positive,PostFilter-IVF,15000,64,10,7337,0.4891333333333333,10,0.6,0,ranking_truncation,0,0,0,10,10,1.0,2.2348090001287346,2156,943,2156,2156,0,8,0,1,0,0.0,0
56,broad,positive,AdaptivePostFilter-IVF,15000,64,10,7337,0.4891333333333333,10,0.8,0,ranking_truncation,0,0,0,10,10,1.0,4.276297999922463,4800,2326,4800,4800,0,21,0,1,0,0.0,0
56,broad,positive,ExactPrefix-PostFilter,15000,64,10,7337,0.4891333333333333,10,1.0,1,none,0,0,0,10,10,1.0,4.467793000003439,2400,1141,15000,2400,0,0,0,1,0,0.0,0
56,broad,positive,TenantPartition-IVF,15000,64,10,7337,0.4891333333333333,10,0.6,0,ranking_truncation,0,0,0,10,10,1.0,2.243748000182677,2156,943,2156,2156,0,8,0,1,0,0.0,0
56,broad,positive,PreFilter-IVF,15000,64,10,7337,0.4891333333333333,10,0.5,0,ranking_truncation,0,0,0,10,10,1.0,2.4865079999472073,2039,927,927,2039,8,8,0,1,0,0.0,0
56,broad,positive,PACER-A,15000,64,10,7337,0.4891333333333333,10,0.8,0,ranking_truncation,0,0,0,10,10,1.0,9.318191000147635,2400,2256,2400,2400,20,20,0,1,0,0.6261680722236633,1
56,broad,positive,PACER-C,15000,64,10,7337,0.4891333333333333,10,1.0,1,none,0,0,0,10,10,1.0,24.43493999999191,7814,7337,7814,7814,64,64,1,1,0,0.0,0
56,broad,positive,PACER-X,15000,64,10,7337,0.4891333333333333,10,1.0,1,none,0,0,0,10,10,1.0,23.618403999989823,7814,7337,7814,7814,64,64,1,1,0,0.0,0
56,broad,positive,PACER-A-NoSlices,15000,64,10,7337,0.4891333333333333,10,0.6,0,ranking_truncation,0,0,0,10,10,1.0,2.133754999931625,2400,1104,2400,2400,10,10,0,1,0,0.6609167456626892,1
56,broad,positive,PACER-A-NoBounds,15000,64,10,7337,0.4891333333333333,10,0.8,0,ranking_truncation,0,0,0,10,10,1.0,7.669313999940641,2400,2254,2400,2400,20,20,0,1,0,0.0,1
56,broad,positive,StaleNoRecheck,15000,64,10,7337,0.4891333333333333,10,0.6,0,ranking_truncation,0,0,0,10,10,1.0,1.6891980001219054,2156,994,2156,2156,0,8,0,1,0,0.0,0
56,broad,positive,NaiveNoPolicy,15000,64,10,7337,0.4891333333333333,10,0.3,0,ranking_truncation,0,0,7,3,10,0.3,0.49417600007473084,2156,2156,2156,0,0,8,0,1,0,0.0,0
57,medium,positive,ExactSecure,15000,64,10,371,0.024733333333333333,10,1.0,1,none,0,0,0,10,10,1.0,7.651407999901494,15000,371,371,15000,0,0,1,1,0,0.0,0
57,medium,positive,PreFilter-Exact,15000,64,10,371,0.024733333333333333,10,1.0,1,none,0,0,0,10,10,1.0,7.572353000114163,15000,371,371,15000,0,0,1,1,0,0.0,0
57,medium,positive,BitmapSlice-Exact,15000,64,10,371,0.024733333333333333,10,1.0,1,none,0,0,0,10,10,1.0,1.1748780000289116,414,371,371,414,0,0,1,1,0,0.0,0
57,medium,positive,ScalarOnly,15000,64,10,371,0.024733333333333333,10,0.1,0,ranking_truncation,0,0,0,10,10,1.0,7.636122000121759,15000,371,0,15000,0,0,0,1,0,0.0,0
57,medium,positive,PostFilter-IVF,15000,64,10,371,0.024733333333333333,10,0.2,0,ranking_truncation,0,0,0,10,10,1.0,1.364127999977427,1824,34,1824,1824,0,8,0,1,0,0.0,0
57,medium,positive,AdaptivePostFilter-IVF,15000,64,10,371,0.024733333333333333,10,0.7,0,ranking_truncation,0,0,0,10,10,1.0,3.8540069999726256,4800,159,4800,4800,0,19,0,1,0,0.0,0
57,medium,positive,ExactPrefix-PostFilter,15000,64,10,371,0.024733333333333333,10,1.0,1,none,0,0,0,10,10,1.0,3.4337440001763753,2400,77,15000,2400,0,0,0,1,0,0.0,0
57,medium,positive,TenantPartition-IVF,15000,64,10,371,0.024733333333333333,10,0.2,0,ranking_truncation,0,0,0,10,10,1.0,0.957336000055875,1824,34,1824,1824,0,8,0,1,0,0.0,0
57,medium,positive,PreFilter-IVF,15000,64,10,371,0.024733333333333333,10,0.3,0,ranking_truncation,0,0,0,10,10,1.0,1.7502839998542186,1836,38,38,1836,10,8,0,1,0,0.0,0
57,medium,positive,PACER-A,15000,64,10,371,0.024733333333333333,10,1.0,1,none,0,0,0,10,10,1.0,5.0807509999231115,414,371,414,414,64,59,1,1,0,0.0,0
57,medium,positive,PACER-C,15000,64,10,371,0.024733333333333333,10,1.0,1,none,0,0,0,10,10,1.0,4.843879000191009,414,371,414,414,64,59,1,1,0,0.0,0
57,medium,positive,PACER-X,15000,64,10,371,0.024733333333333333,10,1.0,1,none,0,0,0,10,10,1.0,4.812405000166109,414,371,414,414,64,59,1,1,0,0.0,0
57,medium,positive,PACER-A-NoSlices,15000,64,10,371,0.024733333333333333,10,0.3,0,ranking_truncation,0,0,0,10,10,1.0,2.0590550000179064,2400,59,2400,2400,11,11,0,1,0,0.8206605166196823,1
57,medium,positive,PACER-A-NoBounds,15000,64,10,371,0.024733333333333333,10,1.0,1,none,0,0,0,10,10,1.0,4.811570999891046,414,371,414,414,64,59,1,1,0,0.0,0
57,medium,positive,StaleNoRecheck,15000,64,10,371,0.024733333333333333,10,0.2,0,ranking_truncation,0,0,0,10,10,1.0,1.389572999869415,1824,36,1824,1824,0,8,0,1,0,0.0,0
57,medium,positive,NaiveNoPolicy,15000,64,10,371,0.024733333333333333,10,0.0,0,ranking_truncation,7,3,9,0,10,0.0,0.5353869998998562,1824,1824,1824,0,0,8,0,1,0,0.0,0
58,narrow,positive,ExactSecure,15000,64,10,5,0.0003333333333333333,5,1.0,1,none,0,0,0,5,5,1.0,7.39239099993938,15000,5,5,15000,0,0,1,1,0,0.0,0
58,narrow,positive,PreFilter-Exact,15000,64,10,5,0.0003333333333333333,5,1.0,1,none,0,0,0,5,5,1.0,7.948088000148346,15000,5,5,15000,0,0,1,1,0,0.0,0
58,narrow,positive,BitmapSlice-Exact,15000,64,10,5,0.0003333333333333333,5,1.0,1,none,0,0,0,5,5,1.0,0.09233299988409271,6,5,5,6,0,0,1,1,0,0.0,0
58,narrow,positive,ScalarOnly,15000,64,10,5,0.0003333333333333333,5,1.0,0,ranking_truncation,0,0,0,5,5,1.0,7.298136999907001,15000,5,0,15000,0,0,0,1,0,0.0,0
58,narrow,positive,PostFilter-IVF,15000,64,10,5,0.0003333333333333333,3,0.6,0,candidate_starvation,0,0,0,3,3,1.0,1.5235149999170972,2020,3,2020,2020,0,8,0,1,0,0.0,0
58,narrow,positive,AdaptivePostFilter-IVF,15000,64,10,5,0.0003333333333333333,4,0.8,0,candidate_starvation,0,0,0,4,4,1.0,3.867179000053511,4800,4,4800,4800,0,22,0,1,0,0.0,0
58,narrow,positive,ExactPrefix-PostFilter,15000,64,10,5,0.0003333333333333333,2,0.4,0,candidate_starvation,0,0,0,2,2,1.0,3.110210000158986,2400,2,15000,2400,0,0,0,1,0,0.0,0
58,narrow,positive,TenantPartition-IVF,15000,64,10,5,0.0003333333333333333,3,0.6,0,candidate_starvation,0,0,0,3,3,1.0,0.8282420001251012,2020,3,2020,2020,0,8,0,1,0,0.0,0
58,narrow,positive,PreFilter-IVF,15000,64,10,5,0.0003333333333333333,5,1.0,1,none,0,0,0,5,5,1.0,1.1583830000745365,1098,5,5,1098,64,4,0,1,0,0.0,0
58,narrow,positive,PACER-A,15000,64,10,5,0.0003333333333333333,5,1.0,1,none,0,0,0,5,5,1.0,0.3863320000618842,6,5,6,6,42,4,1,1,0,0.0,0
58,narrow,positive,PACER-C,15000,64,10,5,0.0003333333333333333,5,1.0,1,none,0,0,0,5,5,1.0,0.31748499986861134,6,5,6,6,42,4,1,1,0,0.0,0
58,narrow,positive,PACER-X,15000,64,10,5,0.0003333333333333333,5,1.0,1,none,0,0,0,5,5,1.0,0.35018199992009613,6,5,6,6,42,4,1,1,0,0.0,0
58,narrow,positive,PACER-A-NoSlices,15000,64,10,5,0.0003333333333333333,3,0.6,0,candidate_starvation,0,0,0,3,3,1.0,1.5514379999785888,2400,3,2400,2400,10,10,0,1,0,0.0,1
58,narrow,positive,PACER-A-NoBounds,15000,64,10,5,0.0003333333333333333,5,1.0,1,none,0,0,0,5,5,1.0,0.32145399995897606,6,5,6,6,41,4,1,1,0,0.0,0
58,narrow,positive,StaleNoRecheck,15000,64,10,5,0.0003333333333333333,3,0.6,0,candidate_starvation,0,0,0,3,3,1.0,1.3188179998451233,2020,3,2020,2020,0,8,0,1,0,0.0,0
58,narrow,positive,NaiveNoPolicy,15000,64,10,5,0.0003333333333333333,10,0.2,0,ranking_truncation,9,2,7,1,10,0.1,0.4990639999959967,2020,2020,2020,0,0,8,0,1,0,0.0,0
59,cold,positive,ExactSecure,15000,64,10,5,0.0003333333333333333,5,1.0,1,none,0,0,0,5,5,1.0,6.946025999923222,15000,5,5,15000,0,0,1,1,0,0.0,0
59,cold,positive,PreFilter-Exact,15000,64,10,5,0.0003333333333333333,5,1.0,1,none,0,0,0,5,5,1.0,7.420398000022033,15000,5,5,15000,0,0,1,1,0,0.0,0
59,cold,positive,BitmapSlice-Exact,15000,64,10,5,0.0003333333333333333,5,1.0,1,none,0,0,0,5,5,1.0,0.08432100003119558,6,5,5,6,0,0,1,1,0,0.0,0
59,cold,positive,ScalarOnly,15000,64,10,5,0.0003333333333333333,5,1.0,0,ranking_truncation,0,0,0,5,5,1.0,7.39187099998162,15000,5,0,15000,0,0,0,1,0,0.0,0
59,cold,positive,PostFilter-IVF,15000,64,10,5,0.0003333333333333333,2,0.4,0,candidate_starvation,0,0,0,2,2,1.0,1.3338660000954405,1751,2,1751,1751,0,8,0,1,0,0.0,0
59,cold,positive,AdaptivePostFilter-IVF,15000,64,10,5,0.0003333333333333333,2,0.4,0,candidate_starvation,0,0,0,2,2,1.0,3.8741100001971063,4800,2,4800,4800,0,22,0,1,0,0.0,0
59,cold,positive,ExactPrefix-PostFilter,15000,64,10,5,0.0003333333333333333,2,0.4,0,candidate_starvation,0,0,0,2,2,1.0,3.1267679999018583,2400,2,15000,2400,0,0,0,1,0,0.0,0
59,cold,positive,TenantPartition-IVF,15000,64,10,5,0.0003333333333333333,2,0.4,0,candidate_starvation,0,0,0,2,2,1.0,0.7646730000487878,1751,2,1751,1751,0,8,0,1,0,0.0,0
59,cold,positive,PreFilter-IVF,15000,64,10,5,0.0003333333333333333,5,1.0,1,none,0,0,0,5,5,1.0,1.3396849999480764,1474,5,5,1474,64,5,0,1,0,0.0,0
59,cold,positive,PACER-A,15000,64,10,5,0.0003333333333333333,5,1.0,1,none,0,0,0,5,5,1.0,0.49871000010170974,6,5,6,6,62,5,1,1,0,0.0,0
59,cold,positive,PACER-C,15000,64,10,5,0.0003333333333333333,5,1.0,1,none,0,0,0,5,5,1.0,0.43082900015178893,6,5,6,6,62,5,1,1,0,0.0,0
59,cold,positive,PACER-X,15000,64,10,5,0.0003333333333333333,5,1.0,1,none,0,0,0,5,5,1.0,0.3972700001213525,6,5,6,6,62,5,1,1,0,0.0,0
59,cold,positive,PACER-A-NoSlices,15000,64,10,5,0.0003333333333333333,2,0.4,0,candidate_starvation,0,0,0,2,2,1.0,1.75326499993389,2400,2,2400,2400,11,11,0,1,0,0.0,1
59,cold,positive,PACER-A-NoBounds,15000,64,10,5,0.0003333333333333333,5,1.0,1,none,0,0,0,5,5,1.0,0.3811050000877003,6,5,6,6,62,5,1,1,0,0.0,0
59,cold,positive,StaleNoRecheck,15000,64,10,5,0.0003333333333333333,2,0.4,0,candidate_starvation,0,0,0,2,2,1.0,1.3554940001085924,1751,2,1751,1751,0,8,0,1,0,0.0,0
59,cold,positive,NaiveNoPolicy,15000,64,10,5,0.0003333333333333333,10,0.2,0,ranking_truncation,8,3,9,1,10,0.1,0.5855230001543532,1751,1751,1751,0,0,8,0,1,0,0.0,0
60,broad,positive,ExactSecure,15000,64,10,6481,0.43206666666666665,10,1.0,1,none,0,0,0,10,10,1.0,8.83346400019036,15000,6481,6481,15000,0,0,1,1,0,0.0,0
60,broad,positive,PreFilter-Exact,15000,64,10,6481,0.43206666666666665,10,1.0,1,none,0,0,0,10,10,1.0,8.618494999836912,15000,6481,6481,15000,0,0,1,1,0,0.0,0
60,broad,positive,BitmapSlice-Exact,15000,64,10,6481,0.43206666666666665,10,1.0,1,none,0,0,0,10,10,1.0,17.434163999951124,7199,6481,6481,7199,0,0,1,1,0,0.0,0
60,broad,positive,ScalarOnly,15000,64,10,6481,0.43206666666666665,10,0.0,0,ranking_truncation,0,0,0,10,10,1.0,8.14493500001845,15000,6481,0,15000,0,0,0,1,0,0.0,0
60,broad,positive,PostFilter-IVF,15000,64,10,6481,0.43206666666666665,10,1.0,1,none,0,0,0,10,10,1.0,1.8899500000770786,2045,918,2045,2045,0,8,0,1,0,0.0,0
60,broad,positive,AdaptivePostFilter-IVF,15000,64,10,6481,0.43206666666666665,10,1.0,1,none,0,0,0,10,10,1.0,4.4730509998771595,4800,2111,4800,4800,0,21,0,1,0,0.0,0
60,broad,positive,ExactPrefix-PostFilter,15000,64,10,6481,0.43206666666666665,10,1.0,1,none,0,0,0,10,10,1.0,3.6005829999794514,2400,1060,15000,2400,0,0,0,1,0,0.0,0
60,broad,positive,TenantPartition-IVF,15000,64,10,6481,0.43206666666666665,10,1.0,1,none,0,0,0,10,10,1.0,1.622225999881266,2045,918,2045,2045,0,8,0,1,0,0.0,0
60,broad,positive,PreFilter-IVF,15000,64,10,6481,0.43206666666666665,10,1.0,1,none,0,0,0,10,10,1.0,2.0018859997890104,2045,918,918,2045,8,8,0,1,0,0.0,0
60,broad,positive,PACER-A,15000,64,10,6481,0.43206666666666665,10,1.0,1,none,0,0,0,10,10,1.0,8.063517999971737,2400,2161,2400,2400,23,23,0,1,0,0.6224857270717621,1
60,broad,positive,PACER-C,15000,64,10,6481,0.43206666666666665,10,1.0,1,none,0,0,0,10,10,1.0,24.51171699999577,7199,6481,7199,7199,64,64,1,1,0,0.0,0
60,broad,positive,PACER-X,15000,64,10,6481,0.43206666666666665,10,1.0,1,none,0,0,0,10,10,1.0,22.51932800004397,7199,6481,7199,7199,64,64,1,1,0,0.0,0
60,broad,positive,PACER-A-NoSlices,15000,64,10,6481,0.43206666666666665,10,1.0,1,none,0,0,0,10,10,1.0,2.1704050000153075,2400,1060,2400,2400,10,10,0,1,0,0.6314944326877594,1
60,broad,positive,PACER-A-NoBounds,15000,64,10,6481,0.43206666666666665,10,1.0,1,none,0,0,0,10,10,1.0,7.861850999915987,2400,2161,2400,2400,22,22,0,1,0,0.0,1
60,broad,positive,StaleNoRecheck,15000,64,10,6481,0.43206666666666665,10,0.9,0,ranking_truncation,0,1,0,9,10,0.9,1.7137129998445744,2045,1020,2045,2045,0,8,0,1,0,0.0,0
60,broad,positive,NaiveNoPolicy,15000,64,10,6481,0.43206666666666665,10,0.5,0,ranking_truncation,0,1,4,5,10,0.5,0.5341030000636238,2045,2045,2045,0,0,8,0,1,0,0.0,0
61,medium,positive,ExactSecure,15000,64,10,351,0.0234,10,1.0,1,none,0,0,0,10,10,1.0,8.038919000000533,15000,351,351,15000,0,0,1,1,0,0.0,0
61,medium,positive,PreFilter-Exact,15000,64,10,351,0.0234,10,1.0,1,none,0,0,0,10,10,1.0,8.338268999978027,15000,351,351,15000,0,0,1,1,0,0.0,0
61,medium,positive,BitmapSlice-Exact,15000,64,10,351,0.0234,10,1.0,1,none,0,0,0,10,10,1.0,0.9565230000134761,367,351,351,367,0,0,1,1,0,0.0,0
61,medium,positive,ScalarOnly,15000,64,10,351,0.0234,10,0.1,0,ranking_truncation,0,0,0,10,10,1.0,7.920903000012913,15000,351,0,15000,0,0,0,1,0,0.0,0
61,medium,positive,PostFilter-IVF,15000,64,10,351,0.0234,10,1.0,1,none,0,0,0,10,10,1.0,1.5732689998912974,1722,82,1722,1722,0,8,0,1,0,0.0,0
61,medium,positive,AdaptivePostFilter-IVF,15000,64,10,351,0.0234,10,1.0,1,none,0,0,0,10,10,1.0,4.043911000053413,4800,138,4800,4800,0,21,0,1,0,0.0,0
61,medium,positive,ExactPrefix-PostFilter,15000,64,10,351,0.0234,10,1.0,1,none,0,0,0,10,10,1.0,3.246522000154073,2400,81,15000,2400,0,0,0,1,0,0.0,0
61,medium,positive,TenantPartition-IVF,15000,64,10,351,0.0234,10,1.0,1,none,0,0,0,10,10,1.0,0.8989689999907569,1722,82,1722,1722,0,8,0,1,0,0.0,0
61,medium,positive,PreFilter-IVF,15000,64,10,351,0.0234,10,1.0,1,none,0,0,0,10,10,1.0,1.7739299998993374,1933,79,79,1933,12,8,0,1,0,0.0,0
61,medium,positive,PACER-A,15000,64,10,351,0.0234,10,1.0,1,none,0,0,0,10,10,1.0,7.554296999842336,367,351,367,367,64,52,1,1,0,0.0,0
61,medium,positive,PACER-C,15000,64,10,351,0.0234,10,1.0,1,none,0,0,0,10,10,1.0,6.32873099993958,367,351,367,367,64,52,1,1,0,0.0,0
61,medium,positive,PACER-X,15000,64,10,351,0.0234,10,1.0,1,none,0,0,0,10,10,1.0,4.441608999968594,367,351,367,367,64,52,1,1,0,0.0,0
61,medium,positive,PACER-A-NoSlices,15000,64,10,351,0.0234,10,1.0,1,none,0,0,0,10,10,1.0,2.24192799987577,2400,65,2400,2400,11,11,0,1,0,0.6721573770046234,1
61,medium,positive,PACER-A-NoBounds,15000,64,10,351,0.0234,10,1.0,1,none,0,0,0,10,10,1.0,4.286972000045353,367,351,367,367,64,52,1,1,0,0.0,0
61,medium,positive,StaleNoRecheck,15000,64,10,351,0.0234,10,0.9,0,ranking_truncation,0,1,0,9,10,0.9,1.3178670001252613,1722,88,1722,1722,0,8,0,1,0,0.0,0
61,medium,positive,NaiveNoPolicy,15000,64,10,351,0.0234,10,0.2,0,ranking_truncation,7,1,7,2,10,0.2,0.5116130000715202,1722,1722,1722,0,0,8,0,1,0,0.0,0
62,narrow,positive,ExactSecure,15000,64,10,6,0.0004,6,1.0,1,none,0,0,0,6,6,1.0,7.275280000158091,15000,6,6,15000,0,0,1,1,0,0.0,0
62,narrow,positive,PreFilter-Exact,15000,64,10,6,0.0004,6,1.0,1,none,0,0,0,6,6,1.0,8.206729999983509,15000,6,6,15000,0,0,1,1,0,0.0,0
62,narrow,positive,BitmapSlice-Exact,15000,64,10,6,0.0004,6,1.0,1,none,0,0,0,6,6,1.0,0.13275800006340432,6,6,6,6,0,0,1,1,0,0.0,0
62,narrow,positive,ScalarOnly,15000,64,10,6,0.0004,6,1.0,0,ranking_truncation,0,0,0,6,6,1.0,11.53929900010553,15000,6,0,15000,0,0,0,1,0,0.0,0
62,narrow,positive,PostFilter-IVF,15000,64,10,6,0.0004,3,0.5,0,candidate_starvation,0,0,0,3,3,1.0,1.3718709999466228,1669,3,1669,1669,0,8,0,1,0,0.0,0
62,narrow,positive,AdaptivePostFilter-IVF,15000,64,10,6,0.0004,5,0.8333333333333334,0,candidate_starvation,0,0,0,5,5,1.0,3.8702039998952387,4800,5,4800,4800,0,22,0,1,0,0.0,0
62,narrow,positive,ExactPrefix-PostFilter,15000,64,10,6,0.0004,4,0.6666666666666666,0,candidate_starvation,0,0,0,4,4,1.0,3.0073670000092534,2400,4,15000,2400,0,0,0,1,0,0.0,0
62,narrow,positive,TenantPartition-IVF,15000,64,10,6,0.0004,3,0.5,0,candidate_starvation,0,0,0,3,3,1.0,0.8598060001077101,1669,3,1669,1669,0,8,0,1,0,0.0,0
62,narrow,positive,PreFilter-IVF,15000,64,10,6,0.0004,6,1.0,1,none,0,0,0,6,6,1.0,1.1978679999629094,1165,6,6,1165,64,4,0,1,0,0.0,0
62,narrow,positive,PACER-A,15000,64,10,6,0.0004,6,1.0,1,none,0,0,0,6,6,1.0,0.4848490000313177,6,6,6,6,40,4,1,1,0,0.0,0
62,narrow,positive,PACER-C,15000,64,10,6,0.0004,6,1.0,1,none,0,0,0,6,6,1.0,0.35887099988940463,6,6,6,6,40,4,1,1,0,0.0,0
62,narrow,positive,PACER-X,15000,64,10,6,0.0004,6,1.0,1,none,0,0,0,6,6,1.0,0.4199769998649572,6,6,6,6,40,4,1,1,0,0.0,0
62,narrow,positive,PACER-A-NoSlices,15000,64,10,6,0.0004,4,0.6666666666666666,0,candidate_starvation,0,0,0,4,4,1.0,1.9252239999332232,2400,4,2400,2400,13,13,0,1,0,0.0,1
62,narrow,positive,PACER-A-NoBounds,15000,64,10,6,0.0004,6,1.0,1,none,0,0,0,6,6,1.0,0.426175999791667,6,6,6,6,38,4,1,1,0,0.0,0
62,narrow,positive,StaleNoRecheck,15000,64,10,6,0.0004,3,0.5,0,candidate_starvation,0,0,0,3,3,1.0,1.2179120001292176,1669,3,1669,1669,0,8,0,1,0,0.0,0
62,narrow,positive,NaiveNoPolicy,15000,64,10,6,0.0004,10,0.16666666666666666,0,ranking_truncation,9,0,7,1,10,0.1,0.572386999920127,1669,1669,1669,0,0,8,0,1,0,0.0,0
63,cold,positive,ExactSecure,15000,64,10,3,0.0002,3,1.0,1,none,0,0,0,3,3,1.0,7.8604150000956,15000,3,3,15000,0,0,1,1,0,0.0,0
63,cold,positive,PreFilter-Exact,15000,64,10,3,0.0002,3,1.0,1,none,0,0,0,3,3,1.0,8.138321999922482,15000,3,3,15000,0,0,1,1,0,0.0,0
63,cold,positive,BitmapSlice-Exact,15000,64,10,3,0.0002,3,1.0,1,none,0,0,0,3,3,1.0,0.1209380000091187,4,3,3,4,0,0,1,1,0,0.0,0
63,cold,positive,ScalarOnly,15000,64,10,3,0.0002,3,1.0,0,ranking_truncation,0,0,0,3,3,1.0,9.022543999890331,15000,3,0,15000,0,0,0,1,0,0.0,0
63,cold,positive,PostFilter-IVF,15000,64,10,3,0.0002,1,0.3333333333333333,0,candidate_starvation,0,0,0,1,1,1.0,1.4076340000883647,1733,1,1733,1733,0,8,0,1,0,0.0,0
63,cold,positive,AdaptivePostFilter-IVF,15000,64,10,3,0.0002,1,0.3333333333333333,0,candidate_starvation,0,0,0,1,1,1.0,4.3611619998955575,4800,1,4800,4800,0,20,0,1,0,0.0,0
63,cold,positive,ExactPrefix-PostFilter,15000,64,10,3,0.0002,1,0.3333333333333333,0,candidate_starvation,0,0,0,1,1,1.0,3.1047209999996994,2400,1,15000,2400,0,0,0,1,0,0.0,0
63,cold,positive,TenantPartition-IVF,15000,64,10,3,0.0002,1,0.3333333333333333,0,candidate_starvation,0,0,0,1,1,1.0,0.8361780000996077,1733,1,1733,1733,0,8,0,1,0,0.0,0
63,cold,positive,PreFilter-IVF,15000,64,10,3,0.0002,3,1.0,1,none,0,0,0,3,3,1.0,1.127111999949193,1035,3,3,1035,64,3,0,1,0,0.0,0
63,cold,positive,PACER-A,15000,64,10,3,0.0002,3,1.0,1,none,0,0,0,3,3,1.0,0.36698400003842835,4,3,4,4,43,3,1,1,0,0.0,0
63,cold,positive,PACER-C,15000,64,10,3,0.0002,3,1.0,1,none,0,0,0,3,3,1.0,0.3174309999849356,4,3,4,4,43,3,1,1,0,0.0,0
63,cold,positive,PACER-X,15000,64,10,3,0.0002,3,1.0,1,none,0,0,0,3,3,1.0,0.26800199998433527,4,3,4,4,43,3,1,1,0,0.0,0
63,cold,positive,PACER-A-NoSlices,15000,64,10,3,0.0002,1,0.3333333333333333,0,candidate_starvation,0,0,0,1,1,1.0,2.105510000092181,2400,1,2400,2400,11,11,0,1,0,0.0,1
63,cold,positive,PACER-A-NoBounds,15000,64,10,3,0.0002,3,1.0,1,none,0,0,0,3,3,1.0,0.40306200003215054,4,3,4,4,41,3,1,1,0,0.0,0
63,cold,positive,StaleNoRecheck,15000,64,10,3,0.0002,1,0.3333333333333333,0,candidate_starvation,0,0,0,1,1,1.0,1.5491859999201552,1733,1,1733,1733,0,8,0,1,0,0.0,0
63,cold,positive,NaiveNoPolicy,15000,64,10,3,0.0002,10,0.3333333333333333,0,ranking_truncation,9,3,9,1,10,0.1,0.6729019999056618,1733,1733,1733,0,0,8,0,1,0,0.0,0
64,broad,positive,ExactSecure,15000,64,10,6533,0.43553333333333333,10,1.0,1,none,0,0,0,10,10,1.0,8.373541999844747,15000,6533,6533,15000,0,0,1,1,0,0.0,0
64,broad,positive,PreFilter-Exact,15000,64,10,6533,0.43553333333333333,10,1.0,1,none,0,0,0,10,10,1.0,9.088720999898214,15000,6533,6533,15000,0,0,1,1,0,0.0,0
64,broad,positive,BitmapSlice-Exact,15000,64,10,6533,0.43553333333333333,10,1.0,1,none,0,0,0,10,10,1.0,17.726159999938318,7333,6533,6533,7333,0,0,1,1,0,0.0,0
64,broad,positive,ScalarOnly,15000,64,10,6533,0.43553333333333333,10,0.0,0,ranking_truncation,0,0,0,10,10,1.0,8.679115000177262,15000,6533,0,15000,0,0,0,1,0,0.0,0
64,broad,positive,PostFilter-IVF,15000,64,10,6533,0.43553333333333333,10,0.9,0,ranking_truncation,0,0,0,10,10,1.0,2.4811529999624327,2102,1188,2102,2102,0,8,0,1,0,0.0,0
64,broad,positive,AdaptivePostFilter-IVF,15000,64,10,6533,0.43553333333333333,10,0.9,0,ranking_truncation,0,0,0,10,10,1.0,3.920436000043992,4800,2297,4800,4800,0,19,0,1,0,0.0,0
64,broad,positive,ExactPrefix-PostFilter,15000,64,10,6533,0.43553333333333333,10,1.0,1,none,0,0,0,10,10,1.0,3.8157230001161224,2400,1108,15000,2400,0,0,0,1,0,0.0,0
64,broad,positive,TenantPartition-IVF,15000,64,10,6533,0.43553333333333333,10,0.9,0,ranking_truncation,0,0,0,10,10,1.0,1.4961419999508507,2102,1188,2102,2102,0,8,0,1,0,0.0,0
64,broad,positive,PreFilter-IVF,15000,64,10,6533,0.43553333333333333,10,0.9,0,ranking_truncation,0,0,0,10,10,1.0,1.8846089999442484,2087,1161,1161,2087,8,8,0,1,0,0.0,0
64,broad,positive,PACER-A,15000,64,10,6533,0.43553333333333333,10,0.9,0,ranking_truncation,0,0,0,10,10,1.0,6.915298999956576,2400,2155,2400,2400,19,19,0,1,0,0.6372525095939636,1
64,broad,positive,PACER-C,15000,64,10,6533,0.43553333333333333,10,1.0,1,none,0,0,0,10,10,1.0,23.548907000076724,7333,6533,7333,7333,64,64,1,1,0,0.0,0
64,broad,positive,PACER-X,15000,64,10,6533,0.43553333333333333,10,1.0,1,none,0,0,0,10,10,1.0,23.09039500005383,7333,6533,7333,7333,64,64,1,1,0,0.0,0
64,broad,positive,PACER-A-NoSlices,15000,64,10,6533,0.43553333333333333,10,0.9,0,ranking_truncation,0,0,0,10,10,1.0,2.526959999840983,2400,1299,2400,2400,10,10,0,1,0,0.6484401822090149,1
64,broad,positive,PACER-A-NoBounds,15000,64,10,6533,0.43553333333333333,10,0.9,0,ranking_truncation,0,0,0,10,10,1.0,7.658936000098038,2400,2158,2400,2400,18,18,0,1,0,0.0,0
64,broad,positive,StaleNoRecheck,15000,64,10,6533,0.43553333333333333,10,0.8,0,ranking_truncation,0,2,0,8,10,0.8,1.8013220001193986,2102,1324,2102,2102,0,8,0,1,0,0.0,0
64,broad,positive,NaiveNoPolicy,15000,64,10,6533,0.43553333333333333,10,0.6,0,ranking_truncation,0,1,3,6,10,0.6,0.7970839999416057,2102,2102,2102,0,0,8,0,1,0,0.0,0
65,medium,positive,ExactSecure,15000,64,10,444,0.0296,10,1.0,1,none,0,0,0,10,10,1.0,8.54073999994398,15000,444,444,15000,0,0,1,1,0,0.0,0
65,medium,positive,PreFilter-Exact,15000,64,10,444,0.0296,10,1.0,1,none,0,0,0,10,10,1.0,7.709036999813179,15000,444,444,15000,0,0,1,1,0,0.0,0
65,medium,positive,BitmapSlice-Exact,15000,64,10,444,0.0296,10,1.0,1,none,0,0,0,10,10,1.0,1.3194379998822114,494,444,444,494,0,0,1,1,0,0.0,0
65,medium,positive,ScalarOnly,15000,64,10,444,0.0296,10,0.1,0,ranking_truncation,0,0,0,10,10,1.0,8.2354099999975,15000,444,0,15000,0,0,0,1,0,0.0,0
65,medium,positive,PostFilter-IVF,15000,64,10,444,0.0296,10,0.9,0,ranking_truncation,0,0,0,10,10,1.0,1.698478999969666,2054,86,2054,2054,0,8,0,1,0,0.0,0
65,medium,positive,AdaptivePostFilter-IVF,15000,64,10,444,0.0296,10,1.0,1,none,0,0,0,10,10,1.0,4.382188000136011,4800,180,4800,4800,0,22,0,1,0,0.0,0
65,medium,positive,ExactPrefix-PostFilter,15000,64,10,444,0.0296,10,1.0,1,none,0,0,0,10,10,1.0,3.104067000094801,2400,98,15000,2400,0,0,0,1,0,0.0,0
65,medium,positive,TenantPartition-IVF,15000,64,10,444,0.0296,10,0.9,0,ranking_truncation,0,0,0,10,10,1.0,1.2090860000171233,2054,86,2054,2054,0,8,0,1,0,0.0,0
65,medium,positive,PreFilter-IVF,15000,64,10,444,0.0296,10,0.9,0,ranking_truncation,0,0,0,10,10,1.0,1.797848000023805,2053,108,108,2053,9,8,0,1,0,0.0,0
65,medium,positive,PACER-A,15000,64,10,444,0.0296,10,1.0,1,none,0,0,0,10,10,1.0,6.478599000047325,494,444,494,494,63,52,1,1,0,0.0,0
65,medium,positive,PACER-C,15000,64,10,444,0.0296,10,1.0,1,none,0,0,0,10,10,1.0,5.4594759999417874,494,444,494,494,63,52,1,1,0,0.0,0
65,medium,positive,PACER-X,15000,64,10,444,0.0296,10,1.0,1,none,0,0,0,10,10,1.0,6.0647010000138835,494,444,494,494,63,52,1,1,0,0.0,0
65,medium,positive,PACER-A-NoSlices,15000,64,10,444,0.0296,10,0.9,0,ranking_truncation,0,0,0,10,10,1.0,2.0336479999514268,2400,111,2400,2400,10,10,0,1,0,0.679235965013504,1
65,medium,positive,PACER-A-NoBounds,15000,64,10,444,0.0296,10,1.0,1,none,0,0,0,10,10,1.0,5.769760000021051,494,444,494,494,64,52,1,1,0,0.0,0
65,medium,positive,StaleNoRecheck,15000,64,10,444,0.0296,10,0.9,0,ranking_truncation,0,1,0,9,10,0.9,1.4764390000436833,2054,97,2054,2054,0,8,0,1,0,0.0,0
65,medium,positive,NaiveNoPolicy,15000,64,10,444,0.0296,10,0.1,0,ranking_truncation,4,1,9,1,10,0.1,0.6048830000509042,2054,2054,2054,0,0,8,0,1,0,0.0,0
66,narrow,positive,ExactSecure,15000,64,10,7,0.00046666666666666666,7,1.0,1,none,0,0,0,7,7,1.0,8.186243999944054,15000,7,7,15000,0,0,1,1,0,0.0,0
66,narrow,positive,PreFilter-Exact,15000,64,10,7,0.00046666666666666666,7,1.0,1,none,0,0,0,7,7,1.0,8.84845700011283,15000,7,7,15000,0,0,1,1,0,0.0,0
66,narrow,positive,BitmapSlice-Exact,15000,64,10,7,0.00046666666666666666,7,1.0,1,none,0,0,0,7,7,1.0,0.0871919999099191,7,7,7,7,0,0,1,1,0,0.0,0
66,narrow,positive,ScalarOnly,15000,64,10,7,0.00046666666666666666,7,1.0,0,ranking_truncation,0,0,0,7,7,1.0,8.285036999950535,15000,7,0,15000,0,0,0,1,0,0.0,0
66,narrow,positive,PostFilter-IVF,15000,64,10,7,0.00046666666666666666,6,0.8571428571428571,0,candidate_starvation,0,0,0,6,6,1.0,1.636541000152647,1771,6,1771,1771,0,8,0,1,0,0.0,0
66,narrow,positive,AdaptivePostFilter-IVF,15000,64,10,7,0.00046666666666666666,6,0.8571428571428571,0,candidate_starvation,0,0,0,6,6,1.0,5.244149999953152,4800,6,4800,4800,0,23,0,1,0,0.0,0
66,narrow,positive,ExactPrefix-PostFilter,15000,64,10,7,0.00046666666666666666,5,0.7142857142857143,0,candidate_starvation,0,0,0,5,5,1.0,3.204100999937509,2400,5,15000,2400,0,0,0,1,0,0.0,0
66,narrow,positive,TenantPartition-IVF,15000,64,10,7,0.00046666666666666666,6,0.8571428571428571,0,candidate_starvation,0,0,0,6,6,1.0,0.731785999960266,1771,6,1771,1771,0,8,0,1,0,0.0,0
66,narrow,positive,PreFilter-IVF,15000,64,10,7,0.00046666666666666666,7,1.0,1,none,0,0,0,7,7,1.0,1.1191050000434188,699,7,7,699,64,3,0,1,0,0.0,0
66,narrow,positive,PACER-A,15000,64,10,7,0.00046666666666666666,7,1.0,1,none,0,0,0,7,7,1.0,0.36881400001220754,7,7,7,7,52,3,1,1,0,0.0,0
66,narrow,positive,PACER-C,15000,64,10,7,0.00046666666666666666,7,1.0,1,none,0,0,0,7,7,1.0,0.3046159999939846,7,7,7,7,52,3,1,1,0,0.0,0
66,narrow,positive,PACER-X,15000,64,10,7,0.00046666666666666666,7,1.0,1,none,0,0,0,7,7,1.0,0.3514239999731217,7,7,7,7,52,3,1,1,0,0.0,0
66,narrow,positive,PACER-A-NoSlices,15000,64,10,7,0.00046666666666666666,6,0.8571428571428571,0,candidate_starvation,0,0,0,6,6,1.0,1.720024999940506,2400,6,2400,2400,11,11,0,1,0,0.0,1
66,narrow,positive,PACER-A-NoBounds,15000,64,10,7,0.00046666666666666666,7,1.0,1,none,0,0,0,7,7,1.0,0.30934500000512344,7,7,7,7,51,3,1,1,0,0.0,0
66,narrow,positive,StaleNoRecheck,15000,64,10,7,0.00046666666666666666,6,0.8571428571428571,0,candidate_starvation,0,0,0,6,6,1.0,1.1647749997791834,1771,6,1771,1771,0,8,0,1,0,0.0,0
66,narrow,positive,NaiveNoPolicy,15000,64,10,7,0.00046666666666666666,10,0.14285714285714285,0,ranking_truncation,9,0,7,1,10,0.1,0.40681600012248964,1771,1771,1771,0,0,8,0,1,0,0.0,0
67,cold,positive,ExactSecure,15000,64,10,12,0.0008,10,1.0,1,none,0,0,0,10,10,1.0,6.97632500009604,15000,12,12,15000,0,0,1,1,0,0.0,0
67,cold,positive,PreFilter-Exact,15000,64,10,12,0.0008,10,1.0,1,none,0,0,0,10,10,1.0,7.263921000003393,15000,12,12,15000,0,0,1,1,0,0.0,0
67,cold,positive,BitmapSlice-Exact,15000,64,10,12,0.0008,10,1.0,1,none,0,0,0,10,10,1.0,0.10237300011795014,12,12,12,12,0,0,1,1,0,0.0,0
67,cold,positive,ScalarOnly,15000,64,10,12,0.0008,10,0.8,0,ranking_truncation,0,0,0,10,10,1.0,7.256928999822776,15000,12,0,15000,0,0,0,1,0,0.0,0
67,cold,positive,PostFilter-IVF,15000,64,10,12,0.0008,1,0.1,0,candidate_starvation,0,0,0,1,1,1.0,1.3491319998593099,1973,1,1973,1973,0,8,0,1,0,0.0,0
67,cold,positive,AdaptivePostFilter-IVF,15000,64,10,12,0.0008,2,0.2,0,candidate_starvation,0,0,0,2,2,1.0,3.7318859999686538,4800,2,4800,4800,0,22,0,1,0,0.0,0
67,cold,positive,ExactPrefix-PostFilter,15000,64,10,12,0.0008,1,0.1,0,candidate_starvation,0,0,0,1,1,1.0,3.3277609998094704,2400,1,15000,2400,0,0,0,1,0,0.0,0
67,cold,positive,TenantPartition-IVF,15000,64,10,12,0.0008,1,0.1,0,candidate_starvation,0,0,0,1,1,1.0,0.7901599999513564,1973,1,1973,1973,0,8,0,1,0,0.0,0
67,cold,positive,PreFilter-IVF,15000,64,10,12,0.0008,10,1.0,1,none,0,0,0,10,10,1.0,1.5327290000186622,1761,12,12,1761,64,7,0,1,0,0.0,0
67,cold,positive,PACER-A,15000,64,10,12,0.0008,10,1.0,1,none,0,0,0,10,10,1.0,0.6107340000198747,12,12,12,12,63,7,1,1,0,0.0,0
67,cold,positive,PACER-C,15000,64,10,12,0.0008,10,1.0,1,none,0,0,0,10,10,1.0,0.5320350001056795,12,12,12,12,63,7,1,1,0,0.0,0
67,cold,positive,PACER-X,15000,64,10,12,0.0008,10,1.0,1,none,0,0,0,10,10,1.0,0.5203399998663372,12,12,12,12,63,7,1,1,0,0.0,0
67,cold,positive,PACER-A-NoSlices,15000,64,10,12,0.0008,1,0.1,0,candidate_starvation,0,0,0,1,1,1.0,1.5557120000266877,2400,1,2400,2400,10,10,0,1,0,0.0,1
67,cold,positive,PACER-A-NoBounds,15000,64,10,12,0.0008,10,1.0,1,none,0,0,0,10,10,1.0,0.701035000020056,12,12,12,12,64,7,1,1,0,0.0,0
67,cold,positive,StaleNoRecheck,15000,64,10,12,0.0008,1,0.1,0,candidate_starvation,0,0,0,1,1,1.0,1.2492270000166172,1973,1,1973,1973,0,8,0,1,0,0.0,0
67,cold,positive,NaiveNoPolicy,15000,64,10,12,0.0008,10,0.1,0,ranking_truncation,8,0,9,1,10,0.1,0.4509469999902649,1973,1973,1973,0,0,8,0,1,0,0.0,0
68,broad,positive,ExactSecure,15000,64,10,6646,0.44306666666666666,10,1.0,1,none,0,0,0,10,10,1.0,7.857389999799125,15000,6646,6646,15000,0,0,1,1,0,0.0,0
68,broad,positive,PreFilter-Exact,15000,64,10,6646,0.44306666666666666,10,1.0,1,none,0,0,0,10,10,1.0,7.934865999914109,15000,6646,6646,15000,0,0,1,1,0,0.0,0
68,broad,positive,BitmapSlice-Exact,15000,64,10,6646,0.44306666666666666,10,1.0,1,none,0,0,0,10,10,1.0,15.99570300004416,7451,6646,6646,7451,0,0,1,1,0,0.0,0
68,broad,positive,ScalarOnly,15000,64,10,6646,0.44306666666666666,10,0.0,0,ranking_truncation,0,0,0,10,10,1.0,7.608003000086683,15000,6646,0,15000,0,0,0,1,0,0.0,0
68,broad,positive,PostFilter-IVF,15000,64,10,6646,0.44306666666666666,10,1.0,1,none,0,0,0,10,10,1.0,1.458463000062693,1883,845,1883,1883,0,8,0,1,0,0.0,0
68,broad,positive,AdaptivePostFilter-IVF,15000,64,10,6646,0.44306666666666666,10,1.0,1,none,0,0,0,10,10,1.0,4.0508750000753935,4800,2226,4800,4800,0,23,0,1,0,0.0,0
68,broad,positive,ExactPrefix-PostFilter,15000,64,10,6646,0.44306666666666666,10,1.0,1,none,0,0,0,10,10,1.0,3.0847020000237535,2400,1132,15000,2400,0,0,0,1,0,0.0,0
68,broad,positive,TenantPartition-IVF,15000,64,10,6646,0.44306666666666666,10,1.0,1,none,0,0,0,10,10,1.0,1.2990660000014032,1883,845,1883,1883,0,8,0,1,0,0.0,0
68,broad,positive,PreFilter-IVF,15000,64,10,6646,0.44306666666666666,10,1.0,1,none,0,0,0,10,10,1.0,1.6043979999267322,1802,881,881,1802,8,8,0,1,0,0.0,0
68,broad,positive,PACER-A,15000,64,10,6646,0.44306666666666666,10,1.0,1,none,0,0,0,10,10,1.0,7.123643000113589,2400,2142,2400,2400,23,23,0,1,0,0.586188405752182,1
68,broad,positive,PACER-C,15000,64,10,6646,0.44306666666666666,10,1.0,1,none,0,0,0,10,10,1.0,20.576897999944777,7451,6646,7451,7451,64,64,1,1,0,0.0,0
68,broad,positive,PACER-X,15000,64,10,6646,0.44306666666666666,10,1.0,1,none,0,0,0,10,10,1.0,20.231180000109816,7451,6646,7451,7451,64,64,1,1,0,0.0,0
68,broad,positive,PACER-A-NoSlices,15000,64,10,6646,0.44306666666666666,10,1.0,1,none,0,0,0,10,10,1.0,2.0965119999800663,2400,1076,2400,2400,12,12,0,1,0,0.5934830605983734,1
68,broad,positive,PACER-A-NoBounds,15000,64,10,6646,0.44306666666666666,10,1.0,1,none,0,0,0,10,10,1.0,7.024127000022418,2400,2139,2400,2400,23,23,0,1,0,0.0,1
68,broad,positive,StaleNoRecheck,15000,64,10,6646,0.44306666666666666,10,0.7,0,ranking_truncation,0,3,0,7,10,0.7,1.35194299991781,1883,966,1883,1883,0,8,0,1,0,0.0,0
68,broad,positive,NaiveNoPolicy,15000,64,10,6646,0.44306666666666666,10,0.5,0,ranking_truncation,0,3,2,5,10,0.5,0.44570800014298584,1883,1883,1883,0,0,8,0,1,0,0.0,0
69,medium,positive,ExactSecure,15000,64,10,353,0.023533333333333333,10,1.0,1,none,0,0,0,10,10,1.0,7.081250999817712,15000,353,353,15000,0,0,1,1,0,0.0,0
69,medium,positive,PreFilter-Exact,15000,64,10,353,0.023533333333333333,10,1.0,1,none,0,0,0,10,10,1.0,7.213356999955067,15000,353,353,15000,0,0,1,1,0,0.0,0
69,medium,positive,BitmapSlice-Exact,15000,64,10,353,0.023533333333333333,10,1.0,1,none,0,0,0,10,10,1.0,0.9338389997992635,379,353,353,379,0,0,1,1,0,0.0,0
69,medium,positive,ScalarOnly,15000,64,10,353,0.023533333333333333,10,0.0,0,ranking_truncation,0,0,0,10,10,1.0,7.349009000108708,15000,353,0,15000,0,0,0,1,0,0.0,0
69,medium,positive,PostFilter-IVF,15000,64,10,353,0.023533333333333333,10,0.6,0,ranking_truncation,0,0,0,10,10,1.0,1.0762279998743907,1510,28,1510,1510,0,8,0,1,0,0.0,0
69,medium,positive,AdaptivePostFilter-IVF,15000,64,10,353,0.023533333333333333,10,0.7,0,ranking_truncation,0,0,0,10,10,1.0,3.582077999908506,4800,85,4800,4800,0,21,0,1,0,0.0,0
69,medium,positive,ExactPrefix-PostFilter,15000,64,10,353,0.023533333333333333,10,1.0,1,none,0,0,0,10,10,1.0,3.097622000041156,2400,47,15000,2400,0,0,0,1,0,0.0,0
69,medium,positive,TenantPartition-IVF,15000,64,10,353,0.023533333333333333,10,0.6,0,ranking_truncation,0,0,0,10,10,1.0,0.6775110000489803,1510,28,1510,1510,0,8,0,1,0,0.0,0
69,medium,positive,PreFilter-IVF,15000,64,10,353,0.023533333333333333,10,0.6,0,ranking_truncation,0,0,0,10,10,1.0,1.4247550000163756,1570,34,34,1570,9,8,0,1,0,0.0,0
69,medium,positive,PACER-A,15000,64,10,353,0.023533333333333333,10,1.0,1,none,0,0,0,10,10,1.0,4.550591999986864,379,353,379,379,64,55,1,1,0,0.0,0
69,medium,positive,PACER-C,15000,64,10,353,0.023533333333333333,10,1.0,1,none,0,0,0,10,10,1.0,4.407335999985662,379,353,379,379,64,55,1,1,0,0.0,0
69,medium,positive,PACER-X,15000,64,10,353,0.023533333333333333,10,1.0,1,none,0,0,0,10,10,1.0,4.629577000059726,379,353,379,379,64,55,1,1,0,0.0,0
69,medium,positive,PACER-A-NoSlices,15000,64,10,353,0.023533333333333333,10,0.6,0,ranking_truncation,0,0,0,10,10,1.0,1.940083999897979,2400,47,2400,2400,12,12,0,1,0,0.7888515591621399,1
69,medium,positive,PACER-A-NoBounds,15000,64,10,353,0.023533333333333333,10,1.0,1,none,0,0,0,10,10,1.0,4.4679150000774825,379,353,379,379,64,55,1,1,0,0.0,0
69,medium,positive,StaleNoRecheck,15000,64,10,353,0.023533333333333333,10,0.6,0,ranking_truncation,0,2,0,8,10,0.8,1.1514760001318791,1510,31,1510,1510,0,8,0,1,0,0.0,0
69,medium,positive,NaiveNoPolicy,15000,64,10,353,0.023533333333333333,10,0.1,0,ranking_truncation,6,0,8,1,10,0.1,0.3835540001091431,1510,1510,1510,0,0,8,0,1,0,0.0,0
70,narrow,positive,ExactSecure,15000,64,10,23,0.0015333333333333334,10,1.0,1,none,0,0,0,10,10,1.0,7.024612999884994,15000,23,23,15000,0,0,1,1,0,0.0,0
70,narrow,positive,PreFilter-Exact,15000,64,10,23,0.0015333333333333334,10,1.0,1,none,0,0,0,10,10,1.0,6.87650300005771,15000,23,23,15000,0,0,1,1,0,0.0,0
70,narrow,positive,BitmapSlice-Exact,15000,64,10,23,0.0015333333333333334,10,1.0,1,none,0,0,0,10,10,1.0,0.13047599986748537,24,23,23,24,0,0,1,1,0,0.0,0
70,narrow,positive,ScalarOnly,15000,64,10,23,0.0015333333333333334,10,0.4,0,ranking_truncation,0,0,0,10,10,1.0,6.996909999998024,15000,23,0,15000,0,0,0,1,0,0.0,0
70,narrow,positive,PostFilter-IVF,15000,64,10,23,0.0015333333333333334,10,1.0,1,none,0,0,0,10,10,1.0,1.632313000072827,2173,18,2173,2173,0,8,0,1,0,0.0,0
70,narrow,positive,AdaptivePostFilter-IVF,15000,64,10,23,0.0015333333333333334,10,1.0,1,none,0,0,0,10,10,1.0,3.8240430001224013,4800,21,4800,4800,0,20,0,1,0,0.0,0
70,narrow,positive,ExactPrefix-PostFilter,15000,64,10,23,0.0015333333333333334,10,1.0,1,none,0,0,0,10,10,1.0,3.44567799993456,2400,12,15000,2400,0,0,0,1,0,0.0,0
70,narrow,positive,TenantPartition-IVF,15000,64,10,23,0.0015333333333333334,10,1.0,1,none,0,0,0,10,10,1.0,0.934125999947355,2173,18,2173,2173,0,8,0,1,0,0.0,0
70,narrow,positive,PreFilter-IVF,15000,64,10,23,0.0015333333333333334,10,1.0,1,none,0,0,0,10,10,1.0,1.470513000185747,1588,23,23,1588,64,5,0,1,0,0.0,0
70,narrow,positive,PACER-A,15000,64,10,23,0.0015333333333333334,10,1.0,1,none,0,0,0,10,10,1.0,0.5745920000208571,24,23,24,24,58,5,1,1,0,0.0,0
70,narrow,positive,PACER-C,15000,64,10,23,0.0015333333333333334,10,1.0,1,none,0,0,0,10,10,1.0,0.5047009999543661,24,23,24,24,58,5,1,1,0,0.0,0
70,narrow,positive,PACER-X,15000,64,10,23,0.0015333333333333334,10,1.0,1,none,0,0,0,10,10,1.0,0.5072139999811043,24,23,24,24,58,5,1,1,0,0.0,0
70,narrow,positive,PACER-A-NoSlices,15000,64,10,23,0.0015333333333333334,10,1.0,1,none,0,0,0,10,10,1.0,1.6613160000815697,2400,18,2400,2400,10,10,0,1,0,0.7976291477680206,1
70,narrow,positive,PACER-A-NoBounds,15000,64,10,23,0.0015333333333333334,10,1.0,1,none,0,0,0,10,10,1.0,0.5236409999724856,24,23,24,24,64,5,1,1,0,0.0,0
70,narrow,positive,StaleNoRecheck,15000,64,10,23,0.0015333333333333334,10,1.0,1,none,0,0,0,10,10,1.0,1.5094169998519646,2173,19,2173,2173,0,8,0,1,0,0.0,0
70,narrow,positive,NaiveNoPolicy,15000,64,10,23,0.0015333333333333334,10,0.1,0,ranking_truncation,9,0,8,1,10,0.1,0.6119399999988673,2173,2173,2173,0,0,8,0,1,0,0.0,0
71,cold,positive,ExactSecure,15000,64,10,7,0.00046666666666666666,7,1.0,1,none,0,0,0,7,7,1.0,6.956822999882206,15000,7,7,15000,0,0,1,1,0,0.0,0
71,cold,positive,PreFilter-Exact,15000,64,10,7,0.00046666666666666666,7,1.0,1,none,0,0,0,7,7,1.0,7.068278999895483,15000,7,7,15000,0,0,1,1,0,0.0,0
71,cold,positive,BitmapSlice-Exact,15000,64,10,7,0.00046666666666666666,7,1.0,1,none,0,0,0,7,7,1.0,0.08144200000970159,7,7,7,7,0,0,1,1,0,0.0,0
71,cold,positive,ScalarOnly,15000,64,10,7,0.00046666666666666666,7,1.0,0,ranking_truncation,0,0,0,7,7,1.0,7.200380000085715,15000,7,0,15000,0,0,0,1,0,0.0,0
71,cold,positive,PostFilter-IVF,15000,64,10,7,0.00046666666666666666,4,0.5714285714285714,0,candidate_starvation,0,0,0,4,4,1.0,1.4956959998926322,2130,4,2130,2130,0,8,0,1,0,0.0,0
71,cold,positive,AdaptivePostFilter-IVF,15000,64,10,7,0.00046666666666666666,4,0.5714285714285714,0,candidate_starvation,0,0,0,4,4,1.0,3.5223790000600275,4800,4,4800,4800,0,18,0,1,0,0.0,0
71,cold,positive,ExactPrefix-PostFilter,15000,64,10,7,0.00046666666666666666,4,0.5714285714285714,0,candidate_starvation,0,0,0,4,4,1.0,2.908531999992192,2400,4,15000,2400,0,0,0,1,0,0.0,0
71,cold,positive,TenantPartition-IVF,15000,64,10,7,0.00046666666666666666,4,0.5714285714285714,0,candidate_starvation,0,0,0,4,4,1.0,0.8081579999270616,2130,4,2130,2130,0,8,0,1,0,0.0,0
71,cold,positive,PreFilter-IVF,15000,64,10,7,0.00046666666666666666,7,1.0,1,none,0,0,0,7,7,1.0,1.2629029999970953,1394,7,7,1394,64,4,0,1,0,0.0,0
71,cold,positive,PACER-A,15000,64,10,7,0.00046666666666666666,7,1.0,1,none,0,0,0,7,7,1.0,0.4263209998498496,7,7,7,7,54,4,1,1,0,0.0,0
71,cold,positive,PACER-C,15000,64,10,7,0.00046666666666666666,7,1.0,1,none,0,0,0,7,7,1.0,0.3481649998775538,7,7,7,7,54,4,1,1,0,0.0,0
71,cold,positive,PACER-X,15000,64,10,7,0.00046666666666666666,7,1.0,1,none,0,0,0,7,7,1.0,0.3610039998420689,7,7,7,7,54,4,1,1,0,0.0,0
71,cold,positive,PACER-A-NoSlices,15000,64,10,7,0.00046666666666666666,4,0.5714285714285714,0,candidate_starvation,0,0,0,4,4,1.0,1.5689659999225114,2400,4,2400,2400,9,9,0,1,0,0.0,1
71,cold,positive,PACER-A-NoBounds,15000,64,10,7,0.00046666666666666666,7,1.0,1,none,0,0,0,7,7,1.0,0.39216799996211194,7,7,7,7,56,4,1,1,0,0.0,0
71,cold,positive,StaleNoRecheck,15000,64,10,7,0.00046666666666666666,4,0.5714285714285714,0,candidate_starvation,0,0,0,4,4,1.0,1.5775879999182507,2130,4,2130,2130,0,8,0,1,0,0.0,0
71,cold,positive,NaiveNoPolicy,15000,64,10,7,0.00046666666666666666,10,0.14285714285714285,0,ranking_truncation,9,2,6,1,10,0.1,0.5635679999613785,2130,2130,2130,0,0,8,0,1,0,0.0,0
72,broad,positive,ExactSecure,15000,64,10,7169,0.4779333333333333,10,1.0,1,none,0,0,0,10,10,1.0,8.559982999940985,15000,7169,7169,15000,0,0,1,1,0,0.0,0
72,broad,positive,PreFilter-Exact,15000,64,10,7169,0.4779333333333333,10,1.0,1,none,0,0,0,10,10,1.0,8.541706999949383,15000,7169,7169,15000,0,0,1,1,0,0.0,0
72,broad,positive,BitmapSlice-Exact,15000,64,10,7169,0.4779333333333333,10,1.0,1,none,0,0,0,10,10,1.0,19.09985899987987,8048,7169,7169,8048,0,0,1,1,0,0.0,0
72,broad,positive,ScalarOnly,15000,64,10,7169,0.4779333333333333,10,0.0,0,ranking_truncation,0,0,0,10,10,1.0,7.962463000012576,15000,7169,0,15000,0,0,0,1,0,0.0,0
72,broad,positive,PostFilter-IVF,15000,64,10,7169,0.4779333333333333,10,0.6,0,ranking_truncation,0,0,0,10,10,1.0,1.4386019997800759,1692,839,1692,1692,0,8,0,1,0,0.0,0
72,broad,positive,AdaptivePostFilter-IVF,15000,64,10,7169,0.4779333333333333,10,1.0,1,none,0,0,0,10,10,1.0,4.3671650000760565,4800,2409,4800,4800,0,21,0,1,0,0.0,0
72,broad,positive,ExactPrefix-PostFilter,15000,64,10,7169,0.4779333333333333,10,1.0,1,none,0,0,0,10,10,1.0,3.6945310000646714,2400,1182,15000,2400,0,0,0,1,0,0.0,0
72,broad,positive,TenantPartition-IVF,15000,64,10,7169,0.4779333333333333,10,0.6,0,ranking_truncation,0,0,0,10,10,1.0,1.335955000058675,1692,839,1692,1692,0,8,0,1,0,0.0,0
72,broad,positive,PreFilter-IVF,15000,64,10,7169,0.4779333333333333,10,0.7,0,ranking_truncation,0,0,0,10,10,1.0,1.723305000041364,1780,887,887,1780,8,8,0,1,0,0.0,0
72,broad,positive,PACER-A,15000,64,10,7169,0.4779333333333333,10,1.0,1,none,0,0,0,10,10,1.0,7.5879729999996925,2400,2133,2400,2400,20,20,0,1,0,0.5761328935623169,1
72,broad,positive,PACER-C,15000,64,10,7169,0.4779333333333333,10,1.0,1,none,0,0,0,10,10,1.0,24.55209400000058,8048,7169,8048,8048,64,64,1,1,0,0.0,0
72,broad,positive,PACER-X,15000,64,10,7169,0.4779333333333333,10,1.0,1,none,0,0,0,10,10,1.0,23.973517000058564,8048,7169,8048,8048,64,64,1,1,0,0.0,0
72,broad,positive,PACER-A-NoSlices,15000,64,10,7169,0.4779333333333333,10,0.9,0,ranking_truncation,0,0,0,10,10,1.0,2.2777570000016567,2400,1207,2400,2400,12,12,0,1,0,0.5943281054496765,1
72,broad,positive,PACER-A-NoBounds,15000,64,10,7169,0.4779333333333333,10,1.0,1,none,0,0,0,10,10,1.0,7.881955999891943,2400,2131,2400,2400,20,20,0,1,0,0.0,1
72,broad,positive,StaleNoRecheck,15000,64,10,7169,0.4779333333333333,10,0.6,0,ranking_truncation,0,1,0,9,10,0.9,1.3054990001819533,1692,944,1692,1692,0,8,0,1,0,0.0,0
72,broad,positive,NaiveNoPolicy,15000,64,10,7169,0.4779333333333333,10,0.6,0,ranking_truncation,0,1,1,8,10,0.8,0.4081259999111353,1692,1692,1692,0,0,8,0,1,0,0.0,0
73,medium,positive,ExactSecure,15000,64,10,333,0.0222,10,1.0,1,none,0,0,0,10,10,1.0,7.883392999929129,15000,333,333,15000,0,0,1,1,0,0.0,0
73,medium,positive,PreFilter-Exact,15000,64,10,333,0.0222,10,1.0,1,none,0,0,0,10,10,1.0,8.763121000129104,15000,333,333,15000,0,0,1,1,0,0.0,0
73,medium,positive,BitmapSlice-Exact,15000,64,10,333,0.0222,10,1.0,1,none,0,0,0,10,10,1.0,1.7843530001755425,367,333,333,367,0,0,1,1,0,0.0,0
73,medium,positive,ScalarOnly,15000,64,10,333,0.0222,10,0.1,0,ranking_truncation,0,0,0,10,10,1.0,10.430820000010499,15000,333,0,15000,0,0,0,1,0,0.0,0
73,medium,positive,PostFilter-IVF,15000,64,10,333,0.0222,10,1.0,1,none,0,0,0,10,10,1.0,1.2305579998610483,1669,62,1669,1669,0,8,0,1,0,0.0,0
73,medium,positive,AdaptivePostFilter-IVF,15000,64,10,333,0.0222,10,1.0,1,none,0,0,0,10,10,1.0,4.383294000035676,4800,129,4800,4800,0,23,0,1,0,0.0,0
73,medium,positive,ExactPrefix-PostFilter,15000,64,10,333,0.0222,10,1.0,1,none,0,0,0,10,10,1.0,3.0096680000042397,2400,64,15000,2400,0,0,0,1,0,0.0,0
73,medium,positive,TenantPartition-IVF,15000,64,10,333,0.0222,10,1.0,1,none,0,0,0,10,10,1.0,0.8329270001468103,1669,62,1669,1669,0,8,0,1,0,0.0,0
73,medium,positive,PreFilter-IVF,15000,64,10,333,0.0222,10,1.0,1,none,0,0,0,10,10,1.0,1.6798639999251463,2066,74,74,2066,11,8,0,1,0,0.0,0
73,medium,positive,PACER-A,15000,64,10,333,0.0222,10,1.0,1,none,0,0,0,10,10,1.0,4.586492000044018,367,333,367,367,64,55,1,1,0,0.0,0
73,medium,positive,PACER-C,15000,64,10,333,0.0222,10,1.0,1,none,0,0,0,10,10,1.0,5.545350999909715,367,333,367,367,64,55,1,1,0,0.0,0
73,medium,positive,PACER-X,15000,64,10,333,0.0222,10,1.0,1,none,0,0,0,10,10,1.0,4.723409999996875,367,333,367,367,64,55,1,1,0,0.0,0
73,medium,positive,PACER-A-NoSlices,15000,64,10,333,0.0222,10,1.0,1,none,0,0,0,10,10,1.0,2.094485000043278,2400,75,2400,2400,12,12,0,1,0,0.7114530205726624,1
73,medium,positive,PACER-A-NoBounds,15000,64,10,333,0.0222,10,1.0,1,none,0,0,0,10,10,1.0,4.943716000070708,367,333,367,367,64,55,1,1,0,0.0,0
73,medium,positive,StaleNoRecheck,15000,64,10,333,0.0222,10,1.0,1,none,0,0,0,10,10,1.0,1.431791999948473,1669,71,1669,1669,0,8,0,1,0,0.0,0
73,medium,positive,NaiveNoPolicy,15000,64,10,333,0.0222,10,0.1,0,ranking_truncation,7,0,7,1,10,0.1,0.4234949999499804,1669,1669,1669,0,0,8,0,1,0,0.0,0
74,narrow,positive,ExactSecure,15000,64,10,4,0.0002666666666666667,4,1.0,1,none,0,0,0,4,4,1.0,7.208436999917467,15000,4,4,15000,0,0,1,1,0,0.0,0
74,narrow,positive,PreFilter-Exact,15000,64,10,4,0.0002666666666666667,4,1.0,1,none,0,0,0,4,4,1.0,7.528150999860372,15000,4,4,15000,0,0,1,1,0,0.0,0
74,narrow,positive,BitmapSlice-Exact,15000,64,10,4,0.0002666666666666667,4,1.0,1,none,0,0,0,4,4,1.0,0.12832400011575373,5,4,4,5,0,0,1,1,0,0.0,0
74,narrow,positive,ScalarOnly,15000,64,10,4,0.0002666666666666667,4,1.0,0,ranking_truncation,0,0,0,4,4,1.0,9.846795999919777,15000,4,0,15000,0,0,0,1,0,0.0,0
74,narrow,positive,PostFilter-IVF,15000,64,10,4,0.0002666666666666667,1,0.25,0,candidate_starvation,0,0,0,1,1,1.0,2.352556999994704,1713,1,1713,1713,0,8,0,1,0,0.0,0
74,narrow,positive,AdaptivePostFilter-IVF,15000,64,10,4,0.0002666666666666667,1,0.25,0,candidate_starvation,0,0,0,1,1,1.0,3.996463000021322,4800,1,4800,4800,0,21,0,1,0,0.0,0
74,narrow,positive,ExactPrefix-PostFilter,15000,64,10,4,0.0002666666666666667,1,0.25,0,candidate_starvation,0,0,0,1,1,1.0,3.462388999878385,2400,1,15000,2400,0,0,0,1,0,0.0,0
74,narrow,positive,TenantPartition-IVF,15000,64,10,4,0.0002666666666666667,1,0.25,0,candidate_starvation,0,0,0,1,1,1.0,0.7999810000001162,1713,1,1713,1713,0,8,0,1,0,0.0,0
74,narrow,positive,PreFilter-IVF,15000,64,10,4,0.0002666666666666667,4,1.0,1,none,0,0,0,4,4,1.0,1.2974510000276496,1288,4,4,1288,64,5,0,1,0,0.0,0
74,narrow,positive,PACER-A,15000,64,10,4,0.0002666666666666667,4,1.0,1,none,0,0,0,4,4,1.0,0.48935599988908507,5,4,5,5,54,5,1,1,0,0.0,0
74,narrow,positive,PACER-C,15000,64,10,4,0.0002666666666666667,4,1.0,1,none,0,0,0,4,4,1.0,0.4216080001242517,5,4,5,5,54,5,1,1,0,0.0,0
74,narrow,positive,PACER-X,15000,64,10,4,0.0002666666666666667,4,1.0,1,none,0,0,0,4,4,1.0,0.41672399993331055,5,4,5,5,54,5,1,1,0,0.0,0
74,narrow,positive,PACER-A-NoSlices,15000,64,10,4,0.0002666666666666667,1,0.25,0,candidate_starvation,0,0,0,1,1,1.0,1.7262100000152714,2400,1,2400,2400,12,12,0,1,0,0.0,1
74,narrow,positive,PACER-A-NoBounds,15000,64,10,4,0.0002666666666666667,4,1.0,1,none,0,0,0,4,4,1.0,0.3939059999993333,5,4,5,5,56,5,1,1,0,0.0,0
74,narrow,positive,StaleNoRecheck,15000,64,10,4,0.0002666666666666667,1,0.25,0,candidate_starvation,0,0,0,1,1,1.0,1.1808649999238696,1713,1,1713,1713,0,8,0,1,0,0.0,0
74,narrow,positive,NaiveNoPolicy,15000,64,10,4,0.0002666666666666667,10,0.25,0,ranking_truncation,9,0,9,1,10,0.1,0.4081700001279387,1713,1713,1713,0,0,8,0,1,0,0.0,0
75,cold,positive,ExactSecure,15000,64,10,2,0.00013333333333333334,2,1.0,1,none,0,0,0,2,2,1.0,7.223228000157178,15000,2,2,15000,0,0,1,1,0,0.0,0
75,cold,positive,PreFilter-Exact,15000,64,10,2,0.00013333333333333334,2,1.0,1,none,0,0,0,2,2,1.0,7.4395369999820105,15000,2,2,15000,0,0,1,1,0,0.0,0
75,cold,positive,BitmapSlice-Exact,15000,64,10,2,0.00013333333333333334,2,1.0,1,none,0,0,0,2,2,1.0,0.12064499992447963,3,2,2,3,0,0,1,1,0,0.0,0
75,cold,positive,ScalarOnly,15000,64,10,2,0.00013333333333333334,2,1.0,0,ranking_truncation,0,0,0,2,2,1.0,7.530537000093318,15000,2,0,15000,0,0,0,1,0,0.0,0
75,cold,positive,PostFilter-IVF,15000,64,10,2,0.00013333333333333334,0,0.0,0,candidate_starvation,0,0,0,0,0,1.0,1.0445010000239563,1452,0,1452,1452,0,8,0,1,0,0.0,0
75,cold,positive,AdaptivePostFilter-IVF,15000,64,10,2,0.00013333333333333334,1,0.5,0,candidate_starvation,0,0,0,1,1,1.0,3.8538369999514543,4800,1,4800,4800,0,22,0,1,0,0.0,0
75,cold,positive,ExactPrefix-PostFilter,15000,64,10,2,0.00013333333333333334,1,0.5,0,candidate_starvation,0,0,0,1,1,1.0,3.0137910000576085,2400,1,15000,2400,0,0,0,1,0,0.0,0
75,cold,positive,TenantPartition-IVF,15000,64,10,2,0.00013333333333333334,0,0.0,0,candidate_starvation,0,0,0,0,0,1.0,0.6065570000828302,1452,0,1452,1452,0,8,0,1,0,0.0,0
75,cold,positive,PreFilter-IVF,15000,64,10,2,0.00013333333333333334,2,1.0,1,none,0,0,0,2,2,1.0,0.885597999968013,632,2,2,632,64,3,0,1,0,0.0,0
75,cold,positive,PACER-A,15000,64,10,2,0.00013333333333333334,2,1.0,1,none,0,0,0,2,2,1.0,0.3839290000087203,3,2,3,3,58,3,1,1,0,0.0,0
75,cold,positive,PACER-C,15000,64,10,2,0.00013333333333333334,2,1.0,1,none,0,0,0,2,2,1.0,0.308783999798834,3,2,3,3,58,3,1,1,0,0.0,0
75,cold,positive,PACER-X,15000,64,10,2,0.00013333333333333334,2,1.0,1,none,0,0,0,2,2,1.0,0.2552610001202993,3,2,3,3,58,3,1,1,0,0.0,0
75,cold,positive,PACER-A-NoSlices,15000,64,10,2,0.00013333333333333334,1,0.5,0,candidate_starvation,0,0,0,1,1,1.0,1.7598709998765116,2400,1,2400,2400,11,11,0,1,0,0.0,1
75,cold,positive,PACER-A-NoBounds,15000,64,10,2,0.00013333333333333334,2,1.0,1,none,0,0,0,2,2,1.0,0.26574100002108025,3,2,3,3,56,3,1,1,0,0.0,0
75,cold,positive,StaleNoRecheck,15000,64,10,2,0.00013333333333333334,0,0.0,0,candidate_starvation,0,0,0,0,0,1.0,1.0282560001542151,1452,0,1452,1452,0,8,0,1,0,0.0,0
75,cold,positive,NaiveNoPolicy,15000,64,10,2,0.00013333333333333334,10,0.0,0,ranking_truncation,10,4,8,0,10,0.0,0.4141350000281818,1452,1452,1452,0,0,8,0,1,0,0.0,0
76,broad,positive,ExactSecure,15000,64,10,6702,0.4468,10,1.0,1,none,0,0,0,10,10,1.0,8.553888000051302,15000,6702,6702,15000,0,0,1,1,0,0.0,0
76,broad,positive,PreFilter-Exact,15000,64,10,6702,0.4468,10,1.0,1,none,0,0,0,10,10,1.0,8.207146999893666,15000,6702,6702,15000,0,0,1,1,0,0.0,0
76,broad,positive,BitmapSlice-Exact,15000,64,10,6702,0.4468,10,1.0,1,none,0,0,0,10,10,1.0,17.00854400019125,7423,6702,6702,7423,0,0,1,1,0,0.0,0
76,broad,positive,ScalarOnly,15000,64,10,6702,0.4468,10,0.0,0,ranking_truncation,0,0,0,10,10,1.0,7.4171320000004926,15000,6702,0,15000,0,0,0,1,0,0.0,0
76,broad,positive,PostFilter-IVF,15000,64,10,6702,0.4468,10,0.6,0,ranking_truncation,0,0,0,10,10,1.0,1.8660279999949125,1563,762,1563,1563,0,8,0,1,0,0.0,0
76,broad,positive,AdaptivePostFilter-IVF,15000,64,10,6702,0.4468,10,0.7,0,ranking_truncation,0,0,0,10,10,1.0,4.219548000037321,4800,2276,4800,4800,0,23,0,1,0,0.0,0
76,broad,positive,ExactPrefix-PostFilter,15000,64,10,6702,0.4468,10,1.0,1,none,0,0,0,10,10,1.0,3.5252600000603707,2400,1100,15000,2400,0,0,0,1,0,0.0,0
76,broad,positive,TenantPartition-IVF,15000,64,10,6702,0.4468,10,0.6,0,ranking_truncation,0,0,0,10,10,1.0,1.2217489997965458,1563,762,1563,1563,0,8,0,1,0,0.0,0
76,broad,positive,PreFilter-IVF,15000,64,10,6702,0.4468,10,0.6,0,ranking_truncation,0,0,0,10,10,1.0,1.5667959999063896,1681,820,820,1681,8,8,0,1,0,0.0,0
76,broad,positive,PACER-A,15000,64,10,6702,0.4468,10,0.7,0,ranking_truncation,0,0,0,10,10,1.0,7.476035000081538,2400,2181,2400,2400,21,21,0,1,0,0.6350724399089813,1
76,broad,positive,PACER-C,15000,64,10,6702,0.4468,10,1.0,1,none,0,0,0,10,10,1.0,21.06542100000297,7423,6702,7423,7423,64,64,1,1,0,0.0,0
76,broad,positive,PACER-X,15000,64,10,6702,0.4468,10,1.0,1,none,0,0,0,10,10,1.0,20.59535200010032,7423,6702,7423,7423,64,64,1,1,0,0.0,0
76,broad,positive,PACER-A-NoSlices,15000,64,10,6702,0.4468,10,0.6,0,ranking_truncation,0,0,0,10,10,1.0,2.380842999855304,2400,1197,2400,2400,13,13,0,1,0,0.6484724283218384,1
76,broad,positive,PACER-A-NoBounds,15000,64,10,6702,0.4468,10,0.7,0,ranking_truncation,0,0,0,10,10,1.0,7.095156999866958,2400,2172,2400,2400,22,22,0,1,0,0.0,1
76,broad,positive,StaleNoRecheck,15000,64,10,6702,0.4468,10,0.6,0,ranking_truncation,0,1,0,9,10,0.9,1.3558460000240302,1563,836,1563,1563,0,8,0,1,0,0.0,0
76,broad,positive,NaiveNoPolicy,15000,64,10,6702,0.4468,10,0.6,0,ranking_truncation,0,0,2,8,10,0.8,0.37089899979037,1563,1563,1563,0,0,8,0,1,0,0.0,0
77,medium,positive,ExactSecure,15000,64,10,407,0.027133333333333332,10,1.0,1,none,0,0,0,10,10,1.0,7.497040999851379,15000,407,407,15000,0,0,1,1,0,0.0,0
77,medium,positive,PreFilter-Exact,15000,64,10,407,0.027133333333333332,10,1.0,1,none,0,0,0,10,10,1.0,7.476201999907062,15000,407,407,15000,0,0,1,1,0,0.0,0
77,medium,positive,BitmapSlice-Exact,15000,64,10,407,0.027133333333333332,10,1.0,1,none,0,0,0,10,10,1.0,1.1036150001473288,450,407,407,450,0,0,1,1,0,0.0,0
77,medium,positive,ScalarOnly,15000,64,10,407,0.027133333333333332,10,0.0,0,ranking_truncation,0,0,0,10,10,1.0,7.655086000113442,15000,407,0,15000,0,0,0,1,0,0.0,0
77,medium,positive,PostFilter-IVF,15000,64,10,407,0.027133333333333332,10,1.0,1,none,0,0,0,10,10,1.0,1.8615689998568996,2072,82,2072,2072,0,8,0,1,0,0.0,0
77,medium,positive,AdaptivePostFilter-IVF,15000,64,10,407,0.027133333333333332,10,1.0,1,none,0,0,0,10,10,1.0,4.614455000137241,4800,142,4800,4800,0,20,0,1,0,0.0,0
77,medium,positive,ExactPrefix-PostFilter,15000,64,10,407,0.027133333333333332,10,1.0,1,none,0,0,0,10,10,1.0,3.518887999916842,2400,70,15000,2400,0,0,0,1,0,0.0,0
77,medium,positive,TenantPartition-IVF,15000,64,10,407,0.027133333333333332,10,1.0,1,none,0,0,0,10,10,1.0,0.978002000010747,2072,82,2072,2072,0,8,0,1,0,0.0,0
77,medium,positive,PreFilter-IVF,15000,64,10,407,0.027133333333333332,10,1.0,1,none,0,0,0,10,10,1.0,1.4729469999110734,2001,84,84,2001,9,8,0,1,0,0.0,0
77,medium,positive,PACER-A,15000,64,10,407,0.027133333333333332,10,1.0,1,none,0,0,0,10,10,1.0,6.8882069999745,450,407,450,450,64,59,1,1,0,0.0,0
77,medium,positive,PACER-C,15000,64,10,407,0.027133333333333332,10,1.0,1,none,0,0,0,10,10,1.0,5.16728200000216,450,407,450,450,64,59,1,1,0,0.0,0
77,medium,positive,PACER-X,15000,64,10,407,0.027133333333333332,10,1.0,1,none,0,0,0,10,10,1.0,5.0456200001463,450,407,450,450,64,59,1,1,0,0.0,0
77,medium,positive,PACER-A-NoSlices,15000,64,10,407,0.027133333333333332,10,1.0,1,none,0,0,0,10,10,1.0,1.8891400000029535,2400,85,2400,2400,10,10,0,1,0,0.7098471522331238,1
77,medium,positive,PACER-A-NoBounds,15000,64,10,407,0.027133333333333332,10,1.0,1,none,0,0,0,10,10,1.0,6.053174000044237,450,407,450,450,64,59,1,1,0,0.0,0
77,medium,positive,StaleNoRecheck,15000,64,10,407,0.027133333333333332,10,0.8,0,ranking_truncation,0,2,0,8,10,0.8,1.5666080000755755,2072,92,2072,2072,0,8,0,1,0,0.0,0
77,medium,positive,NaiveNoPolicy,15000,64,10,407,0.027133333333333332,10,0.1,0,ranking_truncation,7,1,9,1,10,0.1,0.7332299999234237,2072,2072,2072,0,0,8,0,1,0,0.0,0
78,narrow,positive,ExactSecure,15000,64,10,7,0.00046666666666666666,7,1.0,1,none,0,0,0,7,7,1.0,6.95587399991382,15000,7,7,15000,0,0,1,1,0,0.0,0
78,narrow,positive,PreFilter-Exact,15000,64,10,7,0.00046666666666666666,7,1.0,1,none,0,0,0,7,7,1.0,7.1887489998516685,15000,7,7,15000,0,0,1,1,0,0.0,0
78,narrow,positive,BitmapSlice-Exact,15000,64,10,7,0.00046666666666666666,7,1.0,1,none,0,0,0,7,7,1.0,0.08979900007943797,8,7,7,8,0,0,1,1,0,0.0,0
78,narrow,positive,ScalarOnly,15000,64,10,7,0.00046666666666666666,7,1.0,0,ranking_truncation,0,0,0,7,7,1.0,7.229041999835317,15000,7,0,15000,0,0,0,1,0,0.0,0
78,narrow,positive,PostFilter-IVF,15000,64,10,7,0.00046666666666666666,1,0.14285714285714285,0,candidate_starvation,0,0,0,1,1,1.0,1.3369169998895813,1932,1,1932,1932,0,8,0,1,0,0.0,0
78,narrow,positive,AdaptivePostFilter-IVF,15000,64,10,7,0.00046666666666666666,2,0.2857142857142857,0,candidate_starvation,0,0,0,2,2,1.0,3.6980449999646225,4800,2,4800,4800,0,21,0,1,0,0.0,0
78,narrow,positive,ExactPrefix-PostFilter,15000,64,10,7,0.00046666666666666666,2,0.2857142857142857,0,candidate_starvation,0,0,0,2,2,1.0,3.0238330000429414,2400,2,15000,2400,0,0,0,1,0,0.0,0
78,narrow,positive,TenantPartition-IVF,15000,64,10,7,0.00046666666666666666,1,0.14285714285714285,0,candidate_starvation,0,0,0,1,1,1.0,0.739097999939986,1932,1,1932,1932,0,8,0,1,0,0.0,0
78,narrow,positive,PreFilter-IVF,15000,64,10,7,0.00046666666666666666,7,1.0,1,none,0,0,0,7,7,1.0,1.125882999986061,1015,7,7,1015,64,4,0,1,0,0.0,0
78,narrow,positive,PACER-A,15000,64,10,7,0.00046666666666666666,7,1.0,1,none,0,0,0,7,7,1.0,0.4120390001389751,8,7,8,8,57,4,1,1,0,0.0,0
78,narrow,positive,PACER-C,15000,64,10,7,0.00046666666666666666,7,1.0,1,none,0,0,0,7,7,1.0,0.40531700005885796,8,7,8,8,57,4,1,1,0,0.0,0
78,narrow,positive,PACER-X,15000,64,10,7,0.00046666666666666666,7,1.0,1,none,0,0,0,7,7,1.0,0.3616729998157098,8,7,8,8,57,4,1,1,0,0.0,0
78,narrow,positive,PACER-A-NoSlices,15000,64,10,7,0.00046666666666666666,1,0.14285714285714285,0,candidate_starvation,0,0,0,1,1,1.0,1.8814579998434056,2400,1,2400,2400,11,11,0,1,0,0.0,1
78,narrow,positive,PACER-A-NoBounds,15000,64,10,7,0.00046666666666666666,7,1.0,1,none,0,0,0,7,7,1.0,0.4262130000824982,8,7,8,8,58,4,1,1,0,0.0,0
78,narrow,positive,StaleNoRecheck,15000,64,10,7,0.00046666666666666666,1,0.14285714285714285,0,candidate_starvation,0,0,0,1,1,1.0,1.3229439998667658,1932,1,1932,1932,0,8,0,1,0,0.0,0
78,narrow,positive,NaiveNoPolicy,15000,64,10,7,0.00046666666666666666,10,0.14285714285714285,0,ranking_truncation,9,0,6,1,10,0.1,0.5015629999434168,1932,1932,1932,0,0,8,0,1,0,0.0,0
79,cold,positive,ExactSecure,15000,64,10,4,0.0002666666666666667,4,1.0,1,none,0,0,0,4,4,1.0,7.183799999893381,15000,4,4,15000,0,0,1,1,0,0.0,0
79,cold,positive,PreFilter-Exact,15000,64,10,4,0.0002666666666666667,4,1.0,1,none,0,0,0,4,4,1.0,7.025976000022638,15000,4,4,15000,0,0,1,1,0,0.0,0
79,cold,positive,BitmapSlice-Exact,15000,64,10,4,0.0002666666666666667,4,1.0,1,none,0,0,0,4,4,1.0,0.08024199996725656,4,4,4,4,0,0,1,1,0,0.0,0
79,cold,positive,ScalarOnly,15000,64,10,4,0.0002666666666666667,4,1.0,0,ranking_truncation,0,0,0,4,4,1.0,7.191496999894298,15000,4,0,15000,0,0,0,1,0,0.0,0
79,cold,positive,PostFilter-IVF,15000,64,10,4,0.0002666666666666667,0,0.0,0,candidate_starvation,0,0,0,0,0,1.0,1.4150429999517655,1824,0,1824,1824,0,8,0,1,0,0.0,0
79,cold,positive,AdaptivePostFilter-IVF,15000,64,10,4,0.0002666666666666667,0,0.0,0,candidate_starvation,0,0,0,0,0,1.0,3.6527760000808485,4800,0,4800,4800,0,22,0,1,0,0.0,0
79,cold,positive,ExactPrefix-PostFilter,15000,64,10,4,0.0002666666666666667,1,0.25,0,candidate_starvation,0,0,0,1,1,1.0,3.2004730001062853,2400,1,15000,2400,0,0,0,1,0,0.0,0
79,cold,positive,TenantPartition-IVF,15000,64,10,4,0.0002666666666666667,0,0.0,0,candidate_starvation,0,0,0,0,0,1.0,0.7697800001551514,1824,0,1824,1824,0,8,0,1,0,0.0,0
79,cold,positive,PreFilter-IVF,15000,64,10,4,0.0002666666666666667,4,1.0,1,none,0,0,0,4,4,1.0,1.2012709998998616,1241,4,4,1241,64,4,0,1,0,0.0,0
79,cold,positive,PACER-A,15000,64,10,4,0.0002666666666666667,4,1.0,1,none,0,0,0,4,4,1.0,0.41120599985333683,4,4,4,4,55,4,1,1,0,0.0,0
79,cold,positive,PACER-C,15000,64,10,4,0.0002666666666666667,4,1.0,1,none,0,0,0,4,4,1.0,0.3397210000457562,4,4,4,4,55,4,1,1,0,0.0,0
79,cold,positive,PACER-X,15000,64,10,4,0.0002666666666666667,4,1.0,1,none,0,0,0,4,4,1.0,0.36936499986950366,4,4,4,4,55,4,1,1,0,0.0,0
79,cold,positive,PACER-A-NoSlices,15000,64,10,4,0.0002666666666666667,0,0.0,0,candidate_starvation,0,0,0,0,0,1.0,1.8418570000449108,2400,0,2400,2400,11,11,0,1,0,0.0,1
79,cold,positive,PACER-A-NoBounds,15000,64,10,4,0.0002666666666666667,4,1.0,1,none,0,0,0,4,4,1.0,0.36570700012816815,4,4,4,4,60,4,1,1,0,0.0,0
79,cold,positive,StaleNoRecheck,15000,64,10,4,0.0002666666666666667,0,0.0,0,candidate_starvation,0,0,0,0,0,1.0,1.3442160000067815,1824,0,1824,1824,0,8,0,1,0,0.0,0
79,cold,positive,NaiveNoPolicy,15000,64,10,4,0.0002666666666666667,10,0.0,0,ranking_truncation,10,3,9,0,10,0.0,0.5811049998101225,1824,1824,1824,0,0,8,0,1,0,0.0,0
80,broad,positive,ExactSecure,15000,64,10,6814,0.45426666666666665,10,1.0,1,none,0,0,0,10,10,1.0,8.311277000075279,15000,6814,6814,15000,0,0,1,1,0,0.0,0
80,broad,positive,PreFilter-Exact,15000,64,10,6814,0.45426666666666665,10,1.0,1,none,0,0,0,10,10,1.0,8.105004000071858,15000,6814,6814,15000,0,0,1,1,0,0.0,0
80,broad,positive,BitmapSlice-Exact,15000,64,10,6814,0.45426666666666665,10,1.0,1,none,0,0,0,10,10,1.0,17.048656000042683,7426,6814,6814,7426,0,0,1,1,0,0.0,0
80,broad,positive,ScalarOnly,15000,64,10,6814,0.45426666666666665,10,0.0,0,ranking_truncation,0,0,0,10,10,1.0,7.3900080001294555,15000,6814,0,15000,0,0,0,1,0,0.0,0
80,broad,positive,PostFilter-IVF,15000,64,10,6814,0.45426666666666665,10,0.8,0,ranking_truncation,0,0,0,10,10,1.0,1.5488659998936782,1501,723,1501,1501,0,8,0,1,0,0.0,0
80,broad,positive,AdaptivePostFilter-IVF,15000,64,10,6814,0.45426666666666665,10,0.9,0,ranking_truncation,0,0,0,10,10,1.0,4.520447000004424,4800,2151,4800,4800,0,21,0,1,0,0.0,0
80,broad,positive,ExactPrefix-PostFilter,15000,64,10,6814,0.45426666666666665,10,1.0,1,none,0,0,0,10,10,1.0,3.5499189998517977,2400,1073,15000,2400,0,0,0,1,0,0.0,0
80,broad,positive,TenantPartition-IVF,15000,64,10,6814,0.45426666666666665,10,0.8,0,ranking_truncation,0,0,0,10,10,1.0,1.0868560000290017,1501,723,1501,1501,0,8,0,1,0,0.0,0
80,broad,positive,PreFilter-IVF,15000,64,10,6814,0.45426666666666665,10,0.8,0,ranking_truncation,0,0,0,10,10,1.0,1.7422240000541933,1668,743,743,1668,8,8,0,1,0,0.0,0
80,broad,positive,PACER-A,15000,64,10,6814,0.45426666666666665,10,0.9,0,ranking_truncation,0,0,0,10,10,1.0,7.655271999965407,2400,2211,2400,2400,23,23,0,1,0,0.6017450392246246,1
80,broad,positive,PACER-C,15000,64,10,6814,0.45426666666666665,10,1.0,1,none,0,0,0,10,10,1.0,23.635917000092377,7426,6814,7426,7426,64,64,1,1,0,0.0,0
80,broad,positive,PACER-X,15000,64,10,6814,0.45426666666666665,10,1.0,1,none,0,0,0,10,10,1.0,23.730580000119517,7426,6814,7426,7426,64,64,1,1,0,0.0,0
80,broad,positive,PACER-A-NoSlices,15000,64,10,6814,0.45426666666666665,10,0.9,0,ranking_truncation,0,0,0,10,10,1.0,2.8423320000001695,2400,1110,2400,2400,12,12,0,1,0,0.6157333552837372,1
80,broad,positive,PACER-A-NoBounds,15000,64,10,6814,0.45426666666666665,10,0.9,0,ranking_truncation,0,0,0,10,10,1.0,8.951427999818407,2400,2209,2400,2400,22,22,0,1,0,0.0,1
80,broad,positive,StaleNoRecheck,15000,64,10,6814,0.45426666666666665,10,0.7,0,ranking_truncation,0,3,0,7,10,0.7,1.4863840001453354,1501,796,1501,1501,0,8,0,1,0,0.0,0
80,broad,positive,NaiveNoPolicy,15000,64,10,6814,0.45426666666666665,10,0.4,0,ranking_truncation,0,2,5,4,10,0.4,0.49988000000666943,1501,1501,1501,0,0,8,0,1,0,0.0,0
81,medium,positive,ExactSecure,15000,64,10,340,0.02266666666666667,10,1.0,1,none,0,0,0,10,10,1.0,8.465586000056646,15000,340,340,15000,0,0,1,1,0,0.0,0
81,medium,positive,PreFilter-Exact,15000,64,10,340,0.02266666666666667,10,1.0,1,none,0,0,0,10,10,1.0,7.653745999959938,15000,340,340,15000,0,0,1,1,0,0.0,0
81,medium,positive,BitmapSlice-Exact,15000,64,10,340,0.02266666666666667,10,1.0,1,none,0,0,0,10,10,1.0,1.1777730001085729,390,340,340,390,0,0,1,1,0,0.0,0
81,medium,positive,ScalarOnly,15000,64,10,340,0.02266666666666667,10,0.0,0,ranking_truncation,0,0,0,10,10,1.0,8.167689999936556,15000,340,0,15000,0,0,0,1,0,0.0,0
81,medium,positive,PostFilter-IVF,15000,64,10,340,0.02266666666666667,10,0.8,0,ranking_truncation,0,0,0,10,10,1.0,1.506967000068471,1986,49,1986,1986,0,8,0,1,0,0.0,0
81,medium,positive,AdaptivePostFilter-IVF,15000,64,10,340,0.02266666666666667,10,0.9,0,ranking_truncation,0,0,0,10,10,1.0,4.114974999993137,4800,94,4800,4800,0,21,0,1,0,0.0,0
81,medium,positive,ExactPrefix-PostFilter,15000,64,10,340,0.02266666666666667,10,1.0,1,none,0,0,0,10,10,1.0,3.749039000012999,2400,44,15000,2400,0,0,0,1,0,0.0,0
81,medium,positive,TenantPartition-IVF,15000,64,10,340,0.02266666666666667,10,0.8,0,ranking_truncation,0,0,0,10,10,1.0,0.9875400000964873,1986,49,1986,1986,0,8,0,1,0,0.0,0
81,medium,positive,PreFilter-IVF,15000,64,10,340,0.02266666666666667,10,0.9,0,ranking_truncation,0,0,0,10,10,1.0,1.8190900000263355,2055,73,73,2055,12,8,0,1,0,0.0,0
81,medium,positive,PACER-A,15000,64,10,340,0.02266666666666667,10,1.0,1,none,0,0,0,10,10,1.0,4.818741000008231,390,340,390,390,64,53,1,1,0,0.0,0
81,medium,positive,PACER-C,15000,64,10,340,0.02266666666666667,10,1.0,1,none,0,0,0,10,10,1.0,4.910395000024437,390,340,390,390,64,53,1,1,0,0.0,0
81,medium,positive,PACER-X,15000,64,10,340,0.02266666666666667,10,1.0,1,none,0,0,0,10,10,1.0,4.753614000037487,390,340,390,390,64,53,1,1,0,0.0,0
81,medium,positive,PACER-A-NoSlices,15000,64,10,340,0.02266666666666667,10,0.8,0,ranking_truncation,0,0,0,10,10,1.0,2.0432239998626756,2400,58,2400,2400,10,10,0,1,0,0.779620498418808,1
81,medium,positive,PACER-A-NoBounds,15000,64,10,340,0.02266666666666667,10,1.0,1,none,0,0,0,10,10,1.0,4.575536000174907,390,340,390,390,64,53,1,1,0,0.0,0
81,medium,positive,StaleNoRecheck,15000,64,10,340,0.02266666666666667,10,0.8,0,ranking_truncation,0,0,0,10,10,1.0,1.5462820001630462,1986,56,1986,1986,0,8,0,1,0,0.0,0
81,medium,positive,NaiveNoPolicy,15000,64,10,340,0.02266666666666667,10,0.1,0,ranking_truncation,6,1,7,1,10,0.1,0.5974050000077114,1986,1986,1986,0,0,8,0,1,0,0.0,0
82,narrow,positive,ExactSecure,15000,64,10,12,0.0008,10,1.0,1,none,0,0,0,10,10,1.0,7.469624000123076,15000,12,12,15000,0,0,1,1,0,0.0,0
82,narrow,positive,PreFilter-Exact,15000,64,10,12,0.0008,10,1.0,1,none,0,0,0,10,10,1.0,7.411356999909913,15000,12,12,15000,0,0,1,1,0,0.0,0
82,narrow,positive,BitmapSlice-Exact,15000,64,10,12,0.0008,10,1.0,1,none,0,0,0,10,10,1.0,0.11059300004490069,12,12,12,12,0,0,1,1,0,0.0,0
82,narrow,positive,ScalarOnly,15000,64,10,12,0.0008,10,0.8,0,ranking_truncation,0,0,0,10,10,1.0,7.416051000063817,15000,12,0,15000,0,0,0,1,0,0.0,0
82,narrow,positive,PostFilter-IVF,15000,64,10,12,0.0008,2,0.2,0,candidate_starvation,0,0,0,2,2,1.0,1.1727139999493374,1553,2,1553,1553,0,8,0,1,0,0.0,0
82,narrow,positive,AdaptivePostFilter-IVF,15000,64,10,12,0.0008,10,0.8,0,ranking_truncation,0,0,0,10,10,1.0,4.4468020000749675,4800,10,4800,4800,0,21,0,1,0,0.0,0
82,narrow,positive,ExactPrefix-PostFilter,15000,64,10,12,0.0008,2,0.2,0,candidate_starvation,0,0,0,2,2,1.0,3.403444000014133,2400,2,15000,2400,0,0,0,1,0,0.0,0
82,narrow,positive,TenantPartition-IVF,15000,64,10,12,0.0008,2,0.2,0,candidate_starvation,0,0,0,2,2,1.0,0.6340570000702428,1553,2,1553,1553,0,8,0,1,0,0.0,0
82,narrow,positive,PreFilter-IVF,15000,64,10,12,0.0008,10,1.0,1,none,0,0,0,10,10,1.0,1.4495530001568113,1299,12,12,1299,64,5,0,1,0,0.0,0
82,narrow,positive,PACER-A,15000,64,10,12,0.0008,10,1.0,1,none,0,0,0,10,10,1.0,0.5241100000148435,12,12,12,12,47,5,1,1,0,0.0,0
82,narrow,positive,PACER-C,15000,64,10,12,0.0008,10,1.0,1,none,0,0,0,10,10,1.0,0.47680999978183536,12,12,12,12,47,5,1,1,0,0.0,0
82,narrow,positive,PACER-X,15000,64,10,12,0.0008,10,1.0,1,none,0,0,0,10,10,1.0,0.5347379999420809,12,12,12,12,47,5,1,1,0,0.0,0
82,narrow,positive,PACER-A-NoSlices,15000,64,10,12,0.0008,2,0.2,0,candidate_starvation,0,0,0,2,2,1.0,2.1286359999521665,2400,2,2400,2400,11,11,0,1,0,0.0,1
82,narrow,positive,PACER-A-NoBounds,15000,64,10,12,0.0008,10,1.0,1,none,0,0,0,10,10,1.0,0.5107240001507307,12,12,12,12,64,5,1,1,0,0.0,0
82,narrow,positive,StaleNoRecheck,15000,64,10,12,0.0008,2,0.2,0,candidate_starvation,0,0,0,2,2,1.0,1.1259430000336579,1553,2,1553,1553,0,8,0,1,0,0.0,0
82,narrow,positive,NaiveNoPolicy,15000,64,10,12,0.0008,10,0.1,0,ranking_truncation,9,1,9,1,10,0.1,0.37197000006017333,1553,1553,1553,0,0,8,0,1,0,0.0,0
83,cold,positive,ExactSecure,15000,64,10,1,6.666666666666667e-05,1,1.0,1,none,0,0,0,1,1,1.0,7.428165999954217,15000,1,1,15000,0,0,1,1,0,0.0,0
83,cold,positive,PreFilter-Exact,15000,64,10,1,6.666666666666667e-05,1,1.0,1,none,0,0,0,1,1,1.0,7.336925999879895,15000,1,1,15000,0,0,1,1,0,0.0,0
83,cold,positive,BitmapSlice-Exact,15000,64,10,1,6.666666666666667e-05,1,1.0,1,none,0,0,0,1,1,1.0,0.07283200011443114,2,1,1,2,0,0,1,1,0,0.0,0
83,cold,positive,ScalarOnly,15000,64,10,1,6.666666666666667e-05,1,1.0,1,none,0,0,0,1,1,1.0,7.467267000038191,15000,1,0,15000,0,0,0,1,0,0.0,0
83,cold,positive,PostFilter-IVF,15000,64,10,1,6.666666666666667e-05,1,1.0,1,none,0,0,0,1,1,1.0,1.3825030000589322,1337,1,1337,1337,0,8,0,1,0,0.0,0
83,cold,positive,AdaptivePostFilter-IVF,15000,64,10,1,6.666666666666667e-05,1,1.0,1,none,0,0,0,1,1,1.0,4.546837999896525,4800,1,4800,4800,0,23,0,1,0,0.0,0
83,cold,positive,ExactPrefix-PostFilter,15000,64,10,1,6.666666666666667e-05,1,1.0,1,none,0,0,0,1,1,1.0,3.521341000123357,2400,1,15000,2400,0,0,0,1,0,0.0,0
83,cold,positive,TenantPartition-IVF,15000,64,10,1,6.666666666666667e-05,1,1.0,1,none,0,0,0,1,1,1.0,0.6186049999996612,1337,1,1337,1337,0,8,0,1,0,0.0,0
83,cold,positive,PreFilter-IVF,15000,64,10,1,6.666666666666667e-05,1,1.0,1,none,0,0,0,1,1,1.0,0.870582000061404,583,1,1,583,64,2,0,1,0,0.0,0
83,cold,positive,PACER-A,15000,64,10,1,6.666666666666667e-05,1,1.0,1,none,0,0,0,1,1,1.0,0.27735799994843546,2,1,2,2,33,2,1,1,0,0.0,0
83,cold,positive,PACER-C,15000,64,10,1,6.666666666666667e-05,1,1.0,1,none,0,0,0,1,1,1.0,0.23056200006976724,2,1,2,2,33,2,1,1,0,0.0,0
83,cold,positive,PACER-X,15000,64,10,1,6.666666666666667e-05,1,1.0,1,none,0,0,0,1,1,1.0,0.27322400001139613,2,1,2,2,33,2,1,1,0,0.0,0
83,cold,positive,PACER-A-NoSlices,15000,64,10,1,6.666666666666667e-05,1,1.0,1,none,0,0,0,1,1,1.0,1.8232329998681962,2400,1,2400,2400,13,13,0,1,0,0.0,1
83,cold,positive,PACER-A-NoBounds,15000,64,10,1,6.666666666666667e-05,1,1.0,1,none,0,0,0,1,1,1.0,0.24222299998655217,2,1,2,2,37,2,1,1,0,0.0,0
83,cold,positive,StaleNoRecheck,15000,64,10,1,6.666666666666667e-05,1,1.0,1,none,0,0,0,1,1,1.0,1.0249639999528881,1337,1,1337,1337,0,8,0,1,0,0.0,0
83,cold,positive,NaiveNoPolicy,15000,64,10,1,6.666666666666667e-05,10,1.0,0,ranking_truncation,8,2,9,1,10,0.1,0.49677600009090384,1337,1337,1337,0,0,8,0,1,0,0.0,0
84,broad,positive,ExactSecure,15000,64,10,7204,0.4802666666666667,10,1.0,1,none,0,0,0,10,10,1.0,13.03732399992441,15000,7204,7204,15000,0,0,1,1,0,0.0,0
84,broad,positive,PreFilter-Exact,15000,64,10,7204,0.4802666666666667,10,1.0,1,none,0,0,0,10,10,1.0,11.135936000073343,15000,7204,7204,15000,0,0,1,1,0,0.0,0
84,broad,positive,BitmapSlice-Exact,15000,64,10,7204,0.4802666666666667,10,1.0,1,none,0,0,0,10,10,1.0,19.83185900007811,7836,7204,7204,7836,0,0,1,1,0,0.0,0
84,broad,positive,ScalarOnly,15000,64,10,7204,0.4802666666666667,10,0.0,0,ranking_truncation,0,0,0,10,10,1.0,7.652145000065502,15000,7204,0,15000,0,0,0,1,0,0.0,0
84,broad,positive,PostFilter-IVF,15000,64,10,7204,0.4802666666666667,10,0.9,0,ranking_truncation,0,0,0,10,10,1.0,1.7758480000793497,2231,1033,2231,2231,0,8,0,1,0,0.0,0
84,broad,positive,AdaptivePostFilter-IVF,15000,64,10,7204,0.4802666666666667,10,1.0,1,none,0,0,0,10,10,1.0,4.185112999948615,4800,2454,4800,4800,0,18,0,1,0,0.0,0
84,broad,positive,ExactPrefix-PostFilter,15000,64,10,7204,0.4802666666666667,10,1.0,1,none,0,0,0,10,10,1.0,3.203751999990345,2400,1157,15000,2400,0,0,0,1,0,0.0,0
84,broad,positive,TenantPartition-IVF,15000,64,10,7204,0.4802666666666667,10,0.9,0,ranking_truncation,0,0,0,10,10,1.0,1.5191320001122222,2231,1033,2231,2231,0,8,0,1,0,0.0,0
84,broad,positive,PreFilter-IVF,15000,64,10,7204,0.4802666666666667,10,0.9,0,ranking_truncation,0,0,0,10,10,1.0,2.1194190001097013,2231,1033,1033,2231,8,8,0,1,0,0.0,0
84,broad,positive,PACER-A,15000,64,10,7204,0.4802666666666667,10,0.9,0,ranking_truncation,0,0,0,10,10,1.0,7.448521000014807,2400,2200,2400,2400,16,16,0,1,0,0.598790168762207,1
84,broad,positive,PACER-C,15000,64,10,7204,0.4802666666666667,10,1.0,1,none,0,0,0,10,10,1.0,25.71594900018681,7836,7204,7836,7836,64,64,1,1,0,0.0,0
84,broad,positive,PACER-X,15000,64,10,7204,0.4802666666666667,10,1.0,1,none,0,0,0,10,10,1.0,26.49943100004748,7836,7204,7836,7836,64,64,1,1,0,0.0,0
84,broad,positive,PACER-A-NoSlices,15000,64,10,7204,0.4802666666666667,10,0.9,0,ranking_truncation,0,0,0,10,10,1.0,2.249936999987767,2400,1113,2400,2400,10,10,0,1,0,0.6080448627471924,1
84,broad,positive,PACER-A-NoBounds,15000,64,10,7204,0.4802666666666667,10,1.0,1,none,0,0,0,10,10,1.0,7.476176000182022,2400,2200,2400,2400,17,17,0,1,0,0.0,1
84,broad,positive,StaleNoRecheck,15000,64,10,7204,0.4802666666666667,10,0.9,0,ranking_truncation,0,0,0,10,10,1.0,1.792958999885741,2231,1140,2231,2231,0,8,0,1,0,0.0,0
84,broad,positive,NaiveNoPolicy,15000,64,10,7204,0.4802666666666667,10,0.8,0,ranking_truncation,0,0,2,8,10,0.8,0.8146519999172597,2231,2231,2231,0,0,8,0,1,0,0.0,0
85,medium,positive,ExactSecure,15000,64,10,362,0.024133333333333333,10,1.0,1,none,0,0,0,10,10,1.0,7.826499999964653,15000,362,362,15000,0,0,1,1,0,0.0,0
85,medium,positive,PreFilter-Exact,15000,64,10,362,0.024133333333333333,10,1.0,1,none,0,0,0,10,10,1.0,7.890376999966975,15000,362,362,15000,0,0,1,1,0,0.0,0
85,medium,positive,BitmapSlice-Exact,15000,64,10,362,0.024133333333333333,10,1.0,1,none,0,0,0,10,10,1.0,0.961475999929462,386,362,362,386,0,0,1,1,0,0.0,0
85,medium,positive,ScalarOnly,15000,64,10,362,0.024133333333333333,10,0.0,0,ranking_truncation,0,0,0,10,10,1.0,7.898451000073692,15000,362,0,15000,0,0,0,1,0,0.0,0
85,medium,positive,PostFilter-IVF,15000,64,10,362,0.024133333333333333,10,0.9,0,ranking_truncation,0,0,0,10,10,1.0,1.7189889999826846,2047,49,2047,2047,0,8,0,1,0,0.0,0
85,medium,positive,AdaptivePostFilter-IVF,15000,64,10,362,0.024133333333333333,10,0.9,0,ranking_truncation,0,0,0,10,10,1.0,4.486860000042725,4800,118,4800,4800,0,20,0,1,0,0.0,0
85,medium,positive,ExactPrefix-PostFilter,15000,64,10,362,0.024133333333333333,10,1.0,1,none,0,0,0,10,10,1.0,3.2858039999155153,2400,73,15000,2400,0,0,0,1,0,0.0,0
85,medium,positive,TenantPartition-IVF,15000,64,10,362,0.024133333333333333,10,0.9,0,ranking_truncation,0,0,0,10,10,1.0,1.090119000082268,2047,49,2047,2047,0,8,0,1,0,0.0,0
85,medium,positive,PreFilter-IVF,15000,64,10,362,0.024133333333333333,10,0.9,0,ranking_truncation,0,0,0,10,10,1.0,1.6946139999163279,2004,52,52,2004,8,8,0,1,0,0.0,0
85,medium,positive,PACER-A,15000,64,10,362,0.024133333333333333,10,1.0,1,none,0,0,0,10,10,1.0,5.775651000021753,386,362,386,386,64,56,1,1,0,0.0,0
85,medium,positive,PACER-C,15000,64,10,362,0.024133333333333333,10,1.0,1,none,0,0,0,10,10,1.0,5.171754000002693,386,362,386,386,64,56,1,1,0,0.0,0
85,medium,positive,PACER-X,15000,64,10,362,0.024133333333333333,10,1.0,1,none,0,0,0,10,10,1.0,4.923917999803962,386,362,386,386,64,56,1,1,0,0.0,0
85,medium,positive,PACER-A-NoSlices,15000,64,10,362,0.024133333333333333,10,0.9,0,ranking_truncation,0,0,0,10,10,1.0,2.251368999850456,2400,56,2400,2400,11,11,0,1,0,0.7168939709663391,1
85,medium,positive,PACER-A-NoBounds,15000,64,10,362,0.024133333333333333,10,1.0,1,none,0,0,0,10,10,1.0,4.877022000073339,386,362,386,386,64,56,1,1,0,0.0,0
85,medium,positive,StaleNoRecheck,15000,64,10,362,0.024133333333333333,10,0.8,0,ranking_truncation,0,2,0,8,10,0.8,1.5869599999405182,2047,55,2047,2047,0,8,0,1,0,0.0,0
85,medium,positive,NaiveNoPolicy,15000,64,10,362,0.024133333333333333,10,0.2,0,ranking_truncation,6,1,5,2,10,0.2,0.5872929998531617,2047,2047,2047,0,0,8,0,1,0,0.0,0
86,narrow,positive,ExactSecure,15000,64,10,7,0.00046666666666666666,7,1.0,1,none,0,0,0,7,7,1.0,7.625048999898354,15000,7,7,15000,0,0,1,1,0,0.0,0
86,narrow,positive,PreFilter-Exact,15000,64,10,7,0.00046666666666666666,7,1.0,1,none,0,0,0,7,7,1.0,7.50039900003685,15000,7,7,15000,0,0,1,1,0,0.0,0
86,narrow,positive,BitmapSlice-Exact,15000,64,10,7,0.00046666666666666666,7,1.0,1,none,0,0,0,7,7,1.0,0.08566300016354944,7,7,7,7,0,0,1,1,0,0.0,0
86,narrow,positive,ScalarOnly,15000,64,10,7,0.00046666666666666666,7,1.0,0,ranking_truncation,0,0,0,7,7,1.0,7.446022000067387,15000,7,0,15000,0,0,0,1,0,0.0,0
86,narrow,positive,PostFilter-IVF,15000,64,10,7,0.00046666666666666666,6,0.8571428571428571,0,candidate_starvation,0,0,0,6,6,1.0,1.6879239999525453,2200,6,2200,2200,0,8,0,1,0,0.0,0
86,narrow,positive,AdaptivePostFilter-IVF,15000,64,10,7,0.00046666666666666666,6,0.8571428571428571,0,candidate_starvation,0,0,0,6,6,1.0,3.9980950000426674,4800,6,4800,4800,0,19,0,1,0,0.0,0
86,narrow,positive,ExactPrefix-PostFilter,15000,64,10,7,0.00046666666666666666,2,0.2857142857142857,0,candidate_starvation,0,0,0,2,2,1.0,3.3418540001548536,2400,2,15000,2400,0,0,0,1,0,0.0,0
86,narrow,positive,TenantPartition-IVF,15000,64,10,7,0.00046666666666666666,6,0.8571428571428571,0,candidate_starvation,0,0,0,6,6,1.0,0.8998769999379874,2200,6,2200,2200,0,8,0,1,0,0.0,0
86,narrow,positive,PreFilter-IVF,15000,64,10,7,0.00046666666666666666,7,1.0,1,none,0,0,0,7,7,1.0,1.1399659999824507,708,7,7,708,64,3,0,1,0,0.0,0
86,narrow,positive,PACER-A,15000,64,10,7,0.00046666666666666666,7,1.0,1,none,0,0,0,7,7,1.0,0.4720760000509472,7,7,7,7,45,3,1,1,0,0.0,0
86,narrow,positive,PACER-C,15000,64,10,7,0.00046666666666666666,7,1.0,1,none,0,0,0,7,7,1.0,0.3189429999110871,7,7,7,7,45,3,1,1,0,0.0,0
86,narrow,positive,PACER-X,15000,64,10,7,0.00046666666666666666,7,1.0,1,none,0,0,0,7,7,1.0,0.35578800020630297,7,7,7,7,45,3,1,1,0,0.0,0
86,narrow,positive,PACER-A-NoSlices,15000,64,10,7,0.00046666666666666666,6,0.8571428571428571,0,candidate_starvation,0,0,0,6,6,1.0,1.8836829999600013,2400,6,2400,2400,10,10,0,1,0,0.0,1
86,narrow,positive,PACER-A-NoBounds,15000,64,10,7,0.00046666666666666666,7,1.0,1,none,0,0,0,7,7,1.0,0.30889699996805575,7,7,7,7,44,3,1,1,0,0.0,0
86,narrow,positive,StaleNoRecheck,15000,64,10,7,0.00046666666666666666,6,0.8571428571428571,0,candidate_starvation,0,0,0,6,6,1.0,1.672300000109317,2200,6,2200,2200,0,8,0,1,0,0.0,0
86,narrow,positive,NaiveNoPolicy,15000,64,10,7,0.00046666666666666666,10,0.14285714285714285,0,ranking_truncation,9,1,8,1,10,0.1,0.5006649998904322,2200,2200,2200,0,0,8,0,1,0,0.0,0
87,cold,positive,ExactSecure,15000,64,10,1,6.666666666666667e-05,1,1.0,1,none,0,0,0,1,1,1.0,7.684874000005948,15000,1,1,15000,0,0,1,1,0,0.0,0
87,cold,positive,PreFilter-Exact,15000,64,10,1,6.666666666666667e-05,1,1.0,1,none,0,0,0,1,1,1.0,7.685974999958489,15000,1,1,15000,0,0,1,1,0,0.0,0
87,cold,positive,BitmapSlice-Exact,15000,64,10,1,6.666666666666667e-05,1,1.0,1,none,0,0,0,1,1,1.0,0.06715799986523052,1,1,1,1,0,0,1,1,0,0.0,0
87,cold,positive,ScalarOnly,15000,64,10,1,6.666666666666667e-05,1,1.0,1,none,0,0,0,1,1,1.0,7.498456000121223,15000,1,0,15000,0,0,0,1,0,0.0,0
87,cold,positive,PostFilter-IVF,15000,64,10,1,6.666666666666667e-05,0,0.0,0,candidate_starvation,0,0,0,0,0,1.0,1.3346799998998904,1710,0,1710,1710,0,8,0,1,0,0.0,0
87,cold,positive,AdaptivePostFilter-IVF,15000,64,10,1,6.666666666666667e-05,1,1.0,1,none,0,0,0,1,1,1.0,4.253277000088929,4800,1,4800,4800,0,19,0,1,0,0.0,0
87,cold,positive,ExactPrefix-PostFilter,15000,64,10,1,6.666666666666667e-05,1,1.0,1,none,0,0,0,1,1,1.0,3.0831460001081723,2400,1,15000,2400,0,0,0,1,0,0.0,0
87,cold,positive,TenantPartition-IVF,15000,64,10,1,6.666666666666667e-05,0,0.0,0,candidate_starvation,0,0,0,0,0,1.0,0.6815419999384176,1710,0,1710,1710,0,8,0,1,0,0.0,0
87,cold,positive,PreFilter-IVF,15000,64,10,1,6.666666666666667e-05,1,1.0,1,none,0,0,0,1,1,1.0,0.7359329999871989,381,1,1,381,64,1,0,1,0,0.0,0
87,cold,positive,PACER-A,15000,64,10,1,6.666666666666667e-05,1,1.0,1,none,0,0,0,1,1,1.0,0.17749199992067588,1,1,1,1,11,1,1,1,0,0.0,0
87,cold,positive,PACER-C,15000,64,10,1,6.666666666666667e-05,1,1.0,1,none,0,0,0,1,1,1.0,0.12623099996744713,1,1,1,1,11,1,1,1,0,0.0,0
87,cold,positive,PACER-X,15000,64,10,1,6.666666666666667e-05,1,1.0,1,none,0,0,0,1,1,1.0,0.11401000006117101,1,1,1,1,11,1,1,1,0,0.0,0
87,cold,positive,PACER-A-NoSlices,15000,64,10,1,6.666666666666667e-05,1,1.0,1,none,0,0,0,1,1,1.0,1.773321999962718,2400,1,2400,2400,11,11,0,1,0,0.0,1
87,cold,positive,PACER-A-NoBounds,15000,64,10,1,6.666666666666667e-05,1,1.0,1,none,0,0,0,1,1,1.0,0.1291240000682592,1,1,1,1,14,1,1,1,0,0.0,0
87,cold,positive,StaleNoRecheck,15000,64,10,1,6.666666666666667e-05,0,0.0,0,candidate_starvation,0,0,0,0,0,1.0,1.1436929999035783,1710,0,1710,1710,0,8,0,1,0,0.0,0
87,cold,positive,NaiveNoPolicy,15000,64,10,1,6.666666666666667e-05,10,0.0,0,ranking_truncation,10,2,10,0,10,0.0,0.4300870000406576,1710,1710,1710,0,0,8,0,1,0,0.0,0
88,broad,positive,ExactSecure,15000,64,10,7187,0.47913333333333336,10,1.0,1,none,0,0,0,10,10,1.0,9.21864299994013,15000,7187,7187,15000,0,0,1,1,0,0.0,0
88,broad,positive,PreFilter-Exact,15000,64,10,7187,0.47913333333333336,10,1.0,1,none,0,0,0,10,10,1.0,12.007149000055506,15000,7187,7187,15000,0,0,1,1,0,0.0,0
88,broad,positive,BitmapSlice-Exact,15000,64,10,7187,0.47913333333333336,10,1.0,1,none,0,0,0,10,10,1.0,21.317389999921943,7662,7187,7187,7662,0,0,1,1,0,0.0,0
88,broad,positive,ScalarOnly,15000,64,10,7187,0.47913333333333336,10,0.0,0,ranking_truncation,0,0,0,10,10,1.0,9.576127999935125,15000,7187,0,15000,0,0,0,1,0,0.0,0
88,broad,positive,PostFilter-IVF,15000,64,10,7187,0.47913333333333336,10,0.9,0,ranking_truncation,0,0,0,10,10,1.0,2.271000000064305,2343,1132,2343,2343,0,8,0,1,0,0.0,0
88,broad,positive,AdaptivePostFilter-IVF,15000,64,10,7187,0.47913333333333336,10,0.9,0,ranking_truncation,0,0,0,10,10,1.0,4.267846999937319,4800,2398,4800,4800,0,18,0,1,0,0.0,0
88,broad,positive,ExactPrefix-PostFilter,15000,64,10,7187,0.47913333333333336,10,1.0,1,none,0,0,0,10,10,1.0,3.695320999895557,2400,1178,15000,2400,0,0,0,1,0,0.0,0
88,broad,positive,TenantPartition-IVF,15000,64,10,7187,0.47913333333333336,10,0.9,0,ranking_truncation,0,0,0,10,10,1.0,1.9419010000092385,2343,1132,2343,2343,0,8,0,1,0,0.0,0
88,broad,positive,PreFilter-IVF,15000,64,10,7187,0.47913333333333336,10,0.9,0,ranking_truncation,0,0,0,10,10,1.0,2.2225210000215156,2343,1132,1132,2343,8,8,0,1,0,0.0,0
88,broad,positive,PACER-A,15000,64,10,7187,0.47913333333333336,10,0.9,0,ranking_truncation,0,0,0,10,10,1.0,7.4212909999005205,2400,2250,2400,2400,16,16,0,1,0,0.6373180747032166,1
88,broad,positive,PACER-C,15000,64,10,7187,0.47913333333333336,10,1.0,1,none,0,0,0,10,10,1.0,25.18063799993797,7662,7187,7662,7662,64,64,1,1,0,0.0,0
88,broad,positive,PACER-X,15000,64,10,7187,0.47913333333333336,10,1.0,1,none,0,0,0,10,10,1.0,23.981998999943244,7662,7187,7662,7662,64,64,1,1,0,0.0,0
88,broad,positive,PACER-A-NoSlices,15000,64,10,7187,0.47913333333333336,10,0.9,0,ranking_truncation,0,0,0,10,10,1.0,2.125267000110398,2400,1167,2400,2400,9,9,0,1,0,0.6423600912094116,1
88,broad,positive,PACER-A-NoBounds,15000,64,10,7187,0.47913333333333336,10,0.9,0,ranking_truncation,0,0,0,10,10,1.0,7.632566000211227,2400,2257,2400,2400,16,16,0,1,0,0.0,1
88,broad,positive,StaleNoRecheck,15000,64,10,7187,0.47913333333333336,10,0.9,0,ranking_truncation,0,0,0,10,10,1.0,2.0838499999626947,2343,1211,2343,2343,0,8,0,1,0,0.0,0
88,broad,positive,NaiveNoPolicy,15000,64,10,7187,0.47913333333333336,10,0.3,0,ranking_truncation,0,1,7,3,10,0.3,0.8981160001440003,2343,2343,2343,0,0,8,0,1,0,0.0,0
89,medium,positive,ExactSecure,15000,64,10,485,0.03233333333333333,10,1.0,1,none,0,0,0,10,10,1.0,8.370372999934261,15000,485,485,15000,0,0,1,1,0,0.0,0
89,medium,positive,PreFilter-Exact,15000,64,10,485,0.03233333333333333,10,1.0,1,none,0,0,0,10,10,1.0,9.795883000151662,15000,485,485,15000,0,0,1,1,0,0.0,0
89,medium,positive,BitmapSlice-Exact,15000,64,10,485,0.03233333333333333,10,1.0,1,none,0,0,0,10,10,1.0,1.437412999848675,539,485,485,539,0,0,1,1,0,0.0,0
89,medium,positive,ScalarOnly,15000,64,10,485,0.03233333333333333,10,0.1,0,ranking_truncation,0,0,0,10,10,1.0,7.671611000205303,15000,485,0,15000,0,0,0,1,0,0.0,0
89,medium,positive,PostFilter-IVF,15000,64,10,485,0.03233333333333333,10,0.8,0,ranking_truncation,0,0,0,10,10,1.0,1.9682250001551438,2229,51,2229,2229,0,8,0,1,0,0.0,0
89,medium,positive,AdaptivePostFilter-IVF,15000,64,10,485,0.03233333333333333,10,0.9,0,ranking_truncation,0,0,0,10,10,1.0,4.2270890000963846,4800,130,4800,4800,0,21,0,1,0,0.0,0
89,medium,positive,ExactPrefix-PostFilter,15000,64,10,485,0.03233333333333333,10,1.0,1,none,0,0,0,10,10,1.0,3.3521139998811122,2400,75,15000,2400,0,0,0,1,0,0.0,0
89,medium,positive,TenantPartition-IVF,15000,64,10,485,0.03233333333333333,10,0.8,0,ranking_truncation,0,0,0,10,10,1.0,1.2842549999732,2229,51,2229,2229,0,8,0,1,0,0.0,0
89,medium,positive,PreFilter-IVF,15000,64,10,485,0.03233333333333333,10,0.8,0,ranking_truncation,0,0,0,10,10,1.0,1.8472560000191152,2105,55,55,2105,10,8,0,1,0,0.0,0
89,medium,positive,PACER-A,15000,64,10,485,0.03233333333333333,10,1.0,1,none,0,0,0,10,10,1.0,5.269821000183583,539,485,539,539,64,53,1,1,0,0.0,0
89,medium,positive,PACER-C,15000,64,10,485,0.03233333333333333,10,1.0,1,none,0,0,0,10,10,1.0,5.072074000054272,539,485,539,539,64,53,1,1,0,0.0,0
89,medium,positive,PACER-X,15000,64,10,485,0.03233333333333333,10,1.0,1,none,0,0,0,10,10,1.0,5.229306000046563,539,485,539,539,64,53,1,1,0,0.0,0
89,medium,positive,PACER-A-NoSlices,15000,64,10,485,0.03233333333333333,10,0.8,0,ranking_truncation,0,0,0,10,10,1.0,2.040492999867638,2400,51,2400,2400,10,10,0,1,0,0.7092423439025879,1
89,medium,positive,PACER-A-NoBounds,15000,64,10,485,0.03233333333333333,10,1.0,1,none,0,0,0,10,10,1.0,4.85400499997013,539,485,539,539,64,53,1,1,0,0.0,0
89,medium,positive,StaleNoRecheck,15000,64,10,485,0.03233333333333333,10,0.8,0,ranking_truncation,0,2,0,8,10,0.8,1.9369579999874986,2229,60,2229,2229,0,8,0,1,0,0.0,0
89,medium,positive,NaiveNoPolicy,15000,64,10,485,0.03233333333333333,10,0.3,0,ranking_truncation,6,2,4,3,10,0.3,0.8887980000054085,2229,2229,2229,0,0,8,0,1,0,0.0,0
90,narrow,positive,ExactSecure,15000,64,10,7,0.00046666666666666666,7,1.0,1,none,0,0,0,7,7,1.0,8.259640000005675,15000,7,7,15000,0,0,1,1,0,0.0,0
90,narrow,positive,PreFilter-Exact,15000,64,10,7,0.00046666666666666666,7,1.0,1,none,0,0,0,7,7,1.0,7.409795999819835,15000,7,7,15000,0,0,1,1,0,0.0,0
90,narrow,positive,BitmapSlice-Exact,15000,64,10,7,0.00046666666666666666,7,1.0,1,none,0,0,0,7,7,1.0,0.10096299979522882,9,7,7,9,0,0,1,1,0,0.0,0
90,narrow,positive,ScalarOnly,15000,64,10,7,0.00046666666666666666,7,1.0,0,ranking_truncation,0,0,0,7,7,1.0,7.931868000014219,15000,7,0,15000,0,0,0,1,0,0.0,0
90,narrow,positive,PostFilter-IVF,15000,64,10,7,0.00046666666666666666,1,0.14285714285714285,0,candidate_starvation,0,0,0,1,1,1.0,1.6307920000144804,2107,1,2107,2107,0,8,0,1,0,0.0,0
90,narrow,positive,AdaptivePostFilter-IVF,15000,64,10,7,0.00046666666666666666,1,0.14285714285714285,0,candidate_starvation,0,0,0,1,1,1.0,4.309080999973958,4800,1,4800,4800,0,20,0,1,0,0.0,0
90,narrow,positive,ExactPrefix-PostFilter,15000,64,10,7,0.00046666666666666666,2,0.2857142857142857,0,candidate_starvation,0,0,0,2,2,1.0,3.811810999877707,2400,2,15000,2400,0,0,0,1,0,0.0,0
90,narrow,positive,TenantPartition-IVF,15000,64,10,7,0.00046666666666666666,1,0.14285714285714285,0,candidate_starvation,0,0,0,1,1,1.0,0.9551890000238927,2107,1,2107,2107,0,8,0,1,0,0.0,0
90,narrow,positive,PreFilter-IVF,15000,64,10,7,0.00046666666666666666,7,1.0,1,none,0,0,0,7,7,1.0,1.9807219998710934,1835,7,7,1835,64,7,0,1,0,0.0,0
90,narrow,positive,PACER-A,15000,64,10,7,0.00046666666666666666,7,1.0,1,none,0,0,0,7,7,1.0,0.5879190000541712,9,7,9,9,63,7,1,1,0,0.0,0
90,narrow,positive,PACER-C,15000,64,10,7,0.00046666666666666666,7,1.0,1,none,0,0,0,7,7,1.0,0.8122609999645647,9,7,9,9,63,7,1,1,0,0.0,0
90,narrow,positive,PACER-X,15000,64,10,7,0.00046666666666666666,7,1.0,1,none,0,0,0,7,7,1.0,0.5944629999703466,9,7,9,9,63,7,1,1,0,0.0,0
90,narrow,positive,PACER-A-NoSlices,15000,64,10,7,0.00046666666666666666,1,0.14285714285714285,0,candidate_starvation,0,0,0,1,1,1.0,1.63456999985101,2400,1,2400,2400,9,9,0,1,0,0.0,1
90,narrow,positive,PACER-A-NoBounds,15000,64,10,7,0.00046666666666666666,7,1.0,1,none,0,0,0,7,7,1.0,0.637705000144706,9,7,9,9,64,7,1,1,0,0.0,0
90,narrow,positive,StaleNoRecheck,15000,64,10,7,0.00046666666666666666,1,0.14285714285714285,0,candidate_starvation,0,0,0,1,1,1.0,1.8133490000309394,2107,1,2107,2107,0,8,0,1,0,0.0,0
90,narrow,positive,NaiveNoPolicy,15000,64,10,7,0.00046666666666666666,10,0.14285714285714285,0,ranking_truncation,9,0,9,1,10,0.1,0.5457140000544314,2107,2107,2107,0,0,8,0,1,0,0.0,0
91,cold,positive,ExactSecure,15000,64,10,6,0.0004,6,1.0,1,none,0,0,0,6,6,1.0,8.262241000011272,15000,6,6,15000,0,0,1,1,0,0.0,0
91,cold,positive,PreFilter-Exact,15000,64,10,6,0.0004,6,1.0,1,none,0,0,0,6,6,1.0,8.64522400001988,15000,6,6,15000,0,0,1,1,0,0.0,0
91,cold,positive,BitmapSlice-Exact,15000,64,10,6,0.0004,6,1.0,1,none,0,0,0,6,6,1.0,0.09529799990559695,7,6,6,7,0,0,1,1,0,0.0,0
91,cold,positive,ScalarOnly,15000,64,10,6,0.0004,6,1.0,0,ranking_truncation,0,0,0,6,6,1.0,7.043560000056459,15000,6,0,15000,0,0,0,1,0,0.0,0
91,cold,positive,PostFilter-IVF,15000,64,10,6,0.0004,3,0.5,0,candidate_starvation,0,0,0,3,3,1.0,2.7932940001846873,1974,3,1974,1974,0,8,0,1,0,0.0,0
91,cold,positive,AdaptivePostFilter-IVF,15000,64,10,6,0.0004,4,0.6666666666666666,0,candidate_starvation,0,0,0,4,4,1.0,4.432171999951606,4800,4,4800,4800,0,22,0,1,0,0.0,0
91,cold,positive,ExactPrefix-PostFilter,15000,64,10,6,0.0004,2,0.3333333333333333,0,candidate_starvation,0,0,0,2,2,1.0,3.5051390000262472,2400,2,15000,2400,0,0,0,1,0,0.0,0
91,cold,positive,TenantPartition-IVF,15000,64,10,6,0.0004,3,0.5,0,candidate_starvation,0,0,0,3,3,1.0,0.8611519999703887,1974,3,1974,1974,0,8,0,1,0,0.0,0
91,cold,positive,PreFilter-IVF,15000,64,10,6,0.0004,6,1.0,1,none,0,0,0,6,6,1.0,1.287644000058208,1178,6,6,1178,64,4,0,1,0,0.0,0
91,cold,positive,PACER-A,15000,64,10,6,0.0004,6,1.0,1,none,0,0,0,6,6,1.0,0.471227000161889,7,6,7,7,44,4,1,1,0,0.0,0
91,cold,positive,PACER-C,15000,64,10,6,0.0004,6,1.0,1,none,0,0,0,6,6,1.0,0.40869200006454776,7,6,7,7,44,4,1,1,0,0.0,0
91,cold,positive,PACER-X,15000,64,10,6,0.0004,6,1.0,1,none,0,0,0,6,6,1.0,0.3677680001601402,7,6,7,7,44,4,1,1,0,0.0,0
91,cold,positive,PACER-A-NoSlices,15000,64,10,6,0.0004,3,0.5,0,candidate_starvation,0,0,0,3,3,1.0,1.7399860000750778,2400,3,2400,2400,11,11,0,1,0,0.0,1
91,cold,positive,PACER-A-NoBounds,15000,64,10,6,0.0004,6,1.0,1,none,0,0,0,6,6,1.0,0.4607250000390195,7,6,7,7,44,4,1,1,0,0.0,0
91,cold,positive,StaleNoRecheck,15000,64,10,6,0.0004,4,0.5,0,candidate_starvation,0,1,0,3,4,0.75,1.5346719999342895,1974,4,1974,1974,0,8,0,1,0,0.0,0
91,cold,positive,NaiveNoPolicy,15000,64,10,6,0.0004,10,0.16666666666666666,0,ranking_truncation,9,0,9,1,10,0.1,0.5192060000354104,1974,1974,1974,0,0,8,0,1,0,0.0,0
92,broad,positive,ExactSecure,15000,64,10,6686,0.4457333333333333,10,1.0,1,none,0,0,0,10,10,1.0,8.694655999988754,15000,6686,6686,15000,0,0,1,1,0,0.0,0
92,broad,positive,PreFilter-Exact,15000,64,10,6686,0.4457333333333333,10,1.0,1,none,0,0,0,10,10,1.0,8.134456999869144,15000,6686,6686,15000,0,0,1,1,0,0.0,0
92,broad,positive,BitmapSlice-Exact,15000,64,10,6686,0.4457333333333333,10,1.0,1,none,0,0,0,10,10,1.0,16.232425999987754,7252,6686,6686,7252,0,0,1,1,0,0.0,0
92,broad,positive,ScalarOnly,15000,64,10,6686,0.4457333333333333,10,0.0,0,ranking_truncation,0,0,0,10,10,1.0,7.774380999990171,15000,6686,0,15000,0,0,0,1,0,0.0,0
92,broad,positive,PostFilter-IVF,15000,64,10,6686,0.4457333333333333,10,0.8,0,ranking_truncation,0,0,0,10,10,1.0,1.6403590000209078,1917,831,1917,1917,0,8,0,1,0,0.0,0
92,broad,positive,AdaptivePostFilter-IVF,15000,64,10,6686,0.4457333333333333,10,0.9,0,ranking_truncation,0,0,0,10,10,1.0,4.302564999989045,4800,2067,4800,4800,0,20,0,1,0,0.0,0
92,broad,positive,ExactPrefix-PostFilter,15000,64,10,6686,0.4457333333333333,10,1.0,1,none,0,0,0,10,10,1.0,4.272457000070062,2400,1020,15000,2400,0,0,0,1,0,0.0,0
92,broad,positive,TenantPartition-IVF,15000,64,10,6686,0.4457333333333333,10,0.8,0,ranking_truncation,0,0,0,10,10,1.0,1.53538499989736,1917,831,1917,1917,0,8,0,1,0,0.0,0
92,broad,positive,PreFilter-IVF,15000,64,10,6686,0.4457333333333333,10,0.7,0,ranking_truncation,0,0,0,10,10,1.0,1.5968069999416912,1696,719,719,1696,8,8,0,1,0,0.0,0
92,broad,positive,PACER-A,15000,64,10,6686,0.4457333333333333,10,1.0,1,none,0,0,0,10,10,1.0,8.080023000047731,2400,2218,2400,2400,22,22,0,1,0,0.6244809031486511,1
92,broad,positive,PACER-C,15000,64,10,6686,0.4457333333333333,10,1.0,1,none,0,0,0,10,10,1.0,21.321758000112823,7252,6686,7252,7252,64,64,1,1,0,0.0,0
92,broad,positive,PACER-X,15000,64,10,6686,0.4457333333333333,10,1.0,1,none,0,0,0,10,10,1.0,20.92989200014017,7252,6686,7252,7252,64,64,1,1,0,0.0,0
92,broad,positive,PACER-A-NoSlices,15000,64,10,6686,0.4457333333333333,10,0.9,0,ranking_truncation,0,0,0,10,10,1.0,2.368668999906731,2400,1092,2400,2400,12,12,0,1,0,0.6320367753505707,1
92,broad,positive,PACER-A-NoBounds,15000,64,10,6686,0.4457333333333333,10,1.0,1,none,0,0,0,10,10,1.0,7.077570000092237,2400,2218,2400,2400,23,23,0,1,0,0.0,1
92,broad,positive,StaleNoRecheck,15000,64,10,6686,0.4457333333333333,10,0.8,0,ranking_truncation,0,2,0,8,10,0.8,1.456207999808612,1917,892,1917,1917,0,8,0,1,0,0.0,0
92,broad,positive,NaiveNoPolicy,15000,64,10,6686,0.4457333333333333,10,0.5,0,ranking_truncation,0,1,4,5,10,0.5,0.46679100000801554,1917,1917,1917,0,0,8,0,1,0,0.0,0
93,medium,positive,ExactSecure,15000,64,10,456,0.0304,10,1.0,1,none,0,0,0,10,10,1.0,8.399837000069965,15000,456,456,15000,0,0,1,1,0,0.0,0
93,medium,positive,PreFilter-Exact,15000,64,10,456,0.0304,10,1.0,1,none,0,0,0,10,10,1.0,8.502474999886545,15000,456,456,15000,0,0,1,1,0,0.0,0
93,medium,positive,BitmapSlice-Exact,15000,64,10,456,0.0304,10,1.0,1,none,0,0,0,10,10,1.0,1.352638000071238,502,456,456,502,0,0,1,1,0,0.0,0
93,medium,positive,ScalarOnly,15000,64,10,456,0.0304,10,0.0,0,ranking_truncation,0,0,0,10,10,1.0,8.469736000051853,15000,456,0,15000,0,0,0,1,0,0.0,0
93,medium,positive,PostFilter-IVF,15000,64,10,456,0.0304,10,0.5,0,ranking_truncation,0,0,0,10,10,1.0,1.5300929999284563,1769,33,1769,1769,0,8,0,1,0,0.0,0
93,medium,positive,AdaptivePostFilter-IVF,15000,64,10,456,0.0304,10,0.9,0,ranking_truncation,0,0,0,10,10,1.0,4.336276999993061,4800,80,4800,4800,0,22,0,1,0,0.0,0
93,medium,positive,ExactPrefix-PostFilter,15000,64,10,456,0.0304,10,1.0,1,none,0,0,0,10,10,1.0,3.3674799999516836,2400,53,15000,2400,0,0,0,1,0,0.0,0
93,medium,positive,TenantPartition-IVF,15000,64,10,456,0.0304,10,0.5,0,ranking_truncation,0,0,0,10,10,1.0,0.9020329998747911,1769,33,1769,1769,0,8,0,1,0,0.0,0
93,medium,positive,PreFilter-IVF,15000,64,10,456,0.0304,10,0.5,0,ranking_truncation,0,0,0,10,10,1.0,1.8238929999370157,2021,37,37,2021,9,8,0,1,0,0.0,0
93,medium,positive,PACER-A,15000,64,10,456,0.0304,10,1.0,1,none,0,0,0,10,10,1.0,6.024683000077857,502,456,502,502,64,62,1,1,0,0.0,0
93,medium,positive,PACER-C,15000,64,10,456,0.0304,10,1.0,1,none,0,0,0,10,10,1.0,6.095011000070372,502,456,502,502,64,62,1,1,0,0.0,0
93,medium,positive,PACER-X,15000,64,10,456,0.0304,10,1.0,1,none,0,0,0,10,10,1.0,6.075711999983469,502,456,502,502,64,62,1,1,0,0.0,0
93,medium,positive,PACER-A-NoSlices,15000,64,10,456,0.0304,10,0.6,0,ranking_truncation,0,0,0,10,10,1.0,2.1026570000231004,2400,42,2400,2400,11,11,0,1,0,0.8416825830936432,1
93,medium,positive,PACER-A-NoBounds,15000,64,10,456,0.0304,10,1.0,1,none,0,0,0,10,10,1.0,5.663421999997809,502,456,502,502,64,62,1,1,0,0.0,0
93,medium,positive,StaleNoRecheck,15000,64,10,456,0.0304,10,0.5,0,ranking_truncation,0,1,0,9,10,0.9,1.5220499999486492,1769,35,1769,1769,0,8,0,1,0,0.0,0
93,medium,positive,NaiveNoPolicy,15000,64,10,456,0.0304,10,0.0,0,ranking_truncation,8,2,9,0,10,0.0,0.6279229999108793,1769,1769,1769,0,0,8,0,1,0,0.0,0
94,narrow,positive,ExactSecure,15000,64,10,9,0.0006,9,1.0,1,none,0,0,0,9,9,1.0,7.580441000072824,15000,9,9,15000,0,0,1,1,0,0.0,0
94,narrow,positive,PreFilter-Exact,15000,64,10,9,0.0006,9,1.0,1,none,0,0,0,9,9,1.0,7.490242999892871,15000,9,9,15000,0,0,1,1,0,0.0,0
94,narrow,positive,BitmapSlice-Exact,15000,64,10,9,0.0006,9,1.0,1,none,0,0,0,9,9,1.0,0.09170500015898142,9,9,9,9,0,0,1,1,0,0.0,0
94,narrow,positive,ScalarOnly,15000,64,10,9,0.0006,9,1.0,0,ranking_truncation,0,0,0,9,9,1.0,7.451707999962309,15000,9,0,15000,0,0,0,1,0,0.0,0
94,narrow,positive,PostFilter-IVF,15000,64,10,9,0.0006,3,0.3333333333333333,0,candidate_starvation,0,0,0,3,3,1.0,1.646588999847154,2135,3,2135,2135,0,8,0,1,0,0.0,0
94,narrow,positive,AdaptivePostFilter-IVF,15000,64,10,9,0.0006,3,0.3333333333333333,0,candidate_starvation,0,0,0,3,3,1.0,4.2838409999603755,4800,3,4800,4800,0,21,0,1,0,0.0,0
94,narrow,positive,ExactPrefix-PostFilter,15000,64,10,9,0.0006,3,0.3333333333333333,0,candidate_starvation,0,0,0,3,3,1.0,3.316170000061902,2400,3,15000,2400,0,0,0,1,0,0.0,0
94,narrow,positive,TenantPartition-IVF,15000,64,10,9,0.0006,3,0.3333333333333333,0,candidate_starvation,0,0,0,3,3,1.0,0.9303940000791044,2135,3,2135,2135,0,8,0,1,0,0.0,0
94,narrow,positive,PreFilter-IVF,15000,64,10,9,0.0006,9,1.0,1,none,0,0,0,9,9,1.0,1.3014010000915732,1156,9,9,1156,64,6,0,1,0,0.0,0
94,narrow,positive,PACER-A,15000,64,10,9,0.0006,9,1.0,1,none,0,0,0,9,9,1.0,0.5659040000409732,9,9,9,9,63,6,1,1,0,0.0,0
94,narrow,positive,PACER-C,15000,64,10,9,0.0006,9,1.0,1,none,0,0,0,9,9,1.0,0.5579680000664666,9,9,9,9,63,6,1,1,0,0.0,0
94,narrow,positive,PACER-X,15000,64,10,9,0.0006,9,1.0,1,none,0,0,0,9,9,1.0,0.474284999882002,9,9,9,9,63,6,1,1,0,0.0,0
94,narrow,positive,PACER-A-NoSlices,15000,64,10,9,0.0006,3,0.3333333333333333,0,candidate_starvation,0,0,0,3,3,1.0,1.7073310000341735,2400,3,2400,2400,9,9,0,1,0,0.0,1
94,narrow,positive,PACER-A-NoBounds,15000,64,10,9,0.0006,9,1.0,1,none,0,0,0,9,9,1.0,0.5411109998476604,9,9,9,9,64,6,1,1,0,0.0,0
94,narrow,positive,StaleNoRecheck,15000,64,10,9,0.0006,3,0.3333333333333333,0,candidate_starvation,0,0,0,3,3,1.0,1.477175999980318,2135,3,2135,2135,0,8,0,1,0,0.0,0
94,narrow,positive,NaiveNoPolicy,15000,64,10,9,0.0006,10,0.1111111111111111,0,ranking_truncation,9,1,8,1,10,0.1,0.5528950000552868,2135,2135,2135,0,0,8,0,1,0,0.0,0
95,cold,positive,ExactSecure,15000,64,10,2,0.00013333333333333334,2,1.0,1,none,0,0,0,2,2,1.0,7.616759999791611,15000,2,2,15000,0,0,1,1,0,0.0,0
95,cold,positive,PreFilter-Exact,15000,64,10,2,0.00013333333333333334,2,1.0,1,none,0,0,0,2,2,1.0,7.458099000132279,15000,2,2,15000,0,0,1,1,0,0.0,0
95,cold,positive,BitmapSlice-Exact,15000,64,10,2,0.00013333333333333334,2,1.0,1,none,0,0,0,2,2,1.0,0.1001910000013595,2,2,2,2,0,0,1,1,0,0.0,0
95,cold,positive,ScalarOnly,15000,64,10,2,0.00013333333333333334,2,1.0,0,ranking_truncation,0,0,0,2,2,1.0,7.47486399995978,15000,2,0,15000,0,0,0,1,0,0.0,0
95,cold,positive,PostFilter-IVF,15000,64,10,2,0.00013333333333333334,0,0.0,0,candidate_starvation,0,0,0,0,0,1.0,1.7456000000493077,1994,0,1994,1994,0,8,0,1,0,0.0,0
95,cold,positive,AdaptivePostFilter-IVF,15000,64,10,2,0.00013333333333333334,1,0.5,0,candidate_starvation,0,0,0,1,1,1.0,4.044310000153928,4800,1,4800,4800,0,18,0,1,0,0.0,0
95,cold,positive,ExactPrefix-PostFilter,15000,64,10,2,0.00013333333333333334,1,0.5,0,candidate_starvation,0,0,0,1,1,1.0,3.111569999873609,2400,1,15000,2400,0,0,0,1,0,0.0,0
95,cold,positive,TenantPartition-IVF,15000,64,10,2,0.00013333333333333334,0,0.0,0,candidate_starvation,0,0,0,0,0,1.0,0.7622379998792894,1994,0,1994,1994,0,8,0,1,0,0.0,0
95,cold,positive,PreFilter-IVF,15000,64,10,2,0.00013333333333333334,2,1.0,1,none,0,0,0,2,2,1.0,0.8519880000221747,748,2,2,748,64,2,0,1,0,0.0,0
95,cold,positive,PACER-A,15000,64,10,2,0.00013333333333333334,2,1.0,1,none,0,0,0,2,2,1.0,0.263399000004938,2,2,2,2,47,2,1,1,0,0.0,0
95,cold,positive,PACER-C,15000,64,10,2,0.00013333333333333334,2,1.0,1,none,0,0,0,2,2,1.0,0.27808000004370115,2,2,2,2,47,2,1,1,0,0.0,0
95,cold,positive,PACER-X,15000,64,10,2,0.00013333333333333334,2,1.0,1,none,0,0,0,2,2,1.0,0.2345779998904618,2,2,2,2,47,2,1,1,0,0.0,0
95,cold,positive,PACER-A-NoSlices,15000,64,10,2,0.00013333333333333334,1,0.5,0,candidate_starvation,0,0,0,1,1,1.0,1.7479050000019924,2400,1,2400,2400,10,10,0,1,0,0.0,1
95,cold,positive,PACER-A-NoBounds,15000,64,10,2,0.00013333333333333334,2,1.0,1,none,0,0,0,2,2,1.0,0.22740499980500317,2,2,2,2,41,2,1,1,0,0.0,0
95,cold,positive,StaleNoRecheck,15000,64,10,2,0.00013333333333333334,0,0.0,0,candidate_starvation,0,0,0,0,0,1.0,1.252847999921869,1994,0,1994,1994,0,8,0,1,0,0.0,0
95,cold,positive,NaiveNoPolicy,15000,64,10,2,0.00013333333333333334,10,0.0,0,ranking_truncation,10,0,10,0,10,0.0,0.42955399999300425,1994,1994,1994,0,0,8,0,1,0,0.0,0
96,broad,positive,ExactSecure,15000,64,10,6969,0.4646,10,1.0,1,none,0,0,0,10,10,1.0,8.25745499992081,15000,6969,6969,15000,0,0,1,1,0,0.0,0
96,broad,positive,PreFilter-Exact,15000,64,10,6969,0.4646,10,1.0,1,none,0,0,0,10,10,1.0,7.517909999933181,15000,6969,6969,15000,0,0,1,1,0,0.0,0
96,broad,positive,BitmapSlice-Exact,15000,64,10,6969,0.4646,10,1.0,1,none,0,0,0,10,10,1.0,16.449880999971356,7447,6969,6969,7447,0,0,1,1,0,0.0,0
96,broad,positive,ScalarOnly,15000,64,10,6969,0.4646,10,0.0,0,ranking_truncation,0,0,0,10,10,1.0,7.27869900015321,15000,6969,0,15000,0,0,0,1,0,0.0,0
96,broad,positive,PostFilter-IVF,15000,64,10,6969,0.4646,10,0.9,0,ranking_truncation,0,0,0,10,10,1.0,1.7188189999615133,2231,987,2231,2231,0,8,0,1,0,0.0,0
96,broad,positive,AdaptivePostFilter-IVF,15000,64,10,6969,0.4646,10,1.0,1,none,0,0,0,10,10,1.0,3.9400680000198918,4800,2008,4800,4800,0,18,0,1,0,0.0,0
96,broad,positive,ExactPrefix-PostFilter,15000,64,10,6969,0.4646,10,1.0,1,none,0,0,0,10,10,1.0,3.5348330000033457,2400,1033,15000,2400,0,0,0,1,0,0.0,0
96,broad,positive,TenantPartition-IVF,15000,64,10,6969,0.4646,10,0.9,0,ranking_truncation,0,0,0,10,10,1.0,1.5701219999755267,2231,987,2231,2231,0,8,0,1,0,0.0,0
96,broad,positive,PreFilter-IVF,15000,64,10,6969,0.4646,10,0.9,0,ranking_truncation,0,0,0,10,10,1.0,1.9523419998677127,2132,908,908,2132,8,8,0,1,0,0.0,0
96,broad,positive,PACER-A,15000,64,10,6969,0.4646,10,1.0,1,none,0,0,0,10,10,1.0,7.384800999943764,2400,2231,2400,2400,20,20,0,1,0,0.5954168438911438,1
96,broad,positive,PACER-C,15000,64,10,6969,0.4646,10,1.0,1,none,0,0,0,10,10,1.0,20.96433299993805,7447,6969,7447,7447,64,64,1,1,0,0.0,0
96,broad,positive,PACER-X,15000,64,10,6969,0.4646,10,1.0,1,none,0,0,0,10,10,1.0,20.75641800001904,7447,6969,7447,7447,64,64,1,1,0,0.0,0
96,broad,positive,PACER-A-NoSlices,15000,64,10,6969,0.4646,10,1.0,1,none,0,0,0,10,10,1.0,2.032928000062384,2400,1049,2400,2400,10,10,0,1,0,0.6079117655754089,1
96,broad,positive,PACER-A-NoBounds,15000,64,10,6969,0.4646,10,1.0,1,none,0,0,0,10,10,1.0,6.991816999970979,2400,2242,2400,2400,20,20,0,1,0,0.0,1
96,broad,positive,StaleNoRecheck,15000,64,10,6969,0.4646,10,0.9,0,ranking_truncation,0,1,0,9,10,0.9,1.653751000048942,2231,1055,2231,2231,0,8,0,1,0,0.0,0
96,broad,positive,NaiveNoPolicy,15000,64,10,6969,0.4646,10,0.4,0,ranking_truncation,0,1,6,4,10,0.4,0.7531270000527002,2231,2231,2231,0,0,8,0,1,0,0.0,0
97,medium,positive,ExactSecure,15000,64,10,445,0.029666666666666668,10,1.0,1,none,0,0,0,10,10,1.0,7.417910000185657,15000,445,445,15000,0,0,1,1,0,0.0,0
97,medium,positive,PreFilter-Exact,15000,64,10,445,0.029666666666666668,10,1.0,1,none,0,0,0,10,10,1.0,7.471750000149768,15000,445,445,15000,0,0,1,1,0,0.0,0
97,medium,positive,BitmapSlice-Exact,15000,64,10,445,0.029666666666666668,10,1.0,1,none,0,0,0,10,10,1.0,1.229191999982504,492,445,445,492,0,0,1,1,0,0.0,0
97,medium,positive,ScalarOnly,15000,64,10,445,0.029666666666666668,10,0.0,0,ranking_truncation,0,0,0,10,10,1.0,7.317519000025641,15000,445,0,15000,0,0,0,1,0,0.0,0
97,medium,positive,PostFilter-IVF,15000,64,10,445,0.029666666666666668,10,1.0,1,none,0,0,0,10,10,1.0,1.5839329998925678,2056,50,2056,2056,0,8,0,1,0,0.0,0
97,medium,positive,AdaptivePostFilter-IVF,15000,64,10,445,0.029666666666666668,10,1.0,1,none,0,0,0,10,10,1.0,3.766953999956968,4800,158,4800,4800,0,22,0,1,0,0.0,0
97,medium,positive,ExactPrefix-PostFilter,15000,64,10,445,0.029666666666666668,10,1.0,1,none,0,0,0,10,10,1.0,3.1198090000543743,2400,87,15000,2400,0,0,0,1,0,0.0,0
97,medium,positive,TenantPartition-IVF,15000,64,10,445,0.029666666666666668,10,1.0,1,none,0,0,0,10,10,1.0,1.1223429999063228,2056,50,2056,2056,0,8,0,1,0,0.0,0
97,medium,positive,PreFilter-IVF,15000,64,10,445,0.029666666666666668,10,1.0,1,none,0,0,0,10,10,1.0,1.4691540000058012,1729,56,56,1729,9,8,0,1,0,0.0,0
97,medium,positive,PACER-A,15000,64,10,445,0.029666666666666668,10,1.0,1,none,0,0,0,10,10,1.0,5.427923000070223,492,445,492,492,64,53,1,1,0,0.0,0
97,medium,positive,PACER-C,15000,64,10,445,0.029666666666666668,10,1.0,1,none,0,0,0,10,10,1.0,4.695015999914176,492,445,492,492,64,53,1,1,0,0.0,0
97,medium,positive,PACER-X,15000,64,10,445,0.029666666666666668,10,1.0,1,none,0,0,0,10,10,1.0,4.538715000080629,492,445,492,492,64,53,1,1,0,0.0,0
97,medium,positive,PACER-A-NoSlices,15000,64,10,445,0.029666666666666668,10,1.0,1,none,0,0,0,10,10,1.0,1.8401410000024043,2400,57,2400,2400,11,11,0,1,0,0.6960701942443848,1
97,medium,positive,PACER-A-NoBounds,15000,64,10,445,0.029666666666666668,10,1.0,1,none,0,0,0,10,10,1.0,4.576047999989896,492,445,492,492,64,53,1,1,0,0.0,0
97,medium,positive,StaleNoRecheck,15000,64,10,445,0.029666666666666668,10,0.9,0,ranking_truncation,0,1,0,9,10,0.9,1.4277479999691423,2056,56,2056,2056,0,8,0,1,0,0.0,0
97,medium,positive,NaiveNoPolicy,15000,64,10,445,0.029666666666666668,10,0.1,0,ranking_truncation,7,0,7,1,10,0.1,0.49538000007487426,2056,2056,2056,0,0,8,0,1,0,0.0,0
98,narrow,positive,ExactSecure,15000,64,10,3,0.0002,3,1.0,1,none,0,0,0,3,3,1.0,6.904353999971136,15000,3,3,15000,0,0,1,1,0,0.0,0
98,narrow,positive,PreFilter-Exact,15000,64,10,3,0.0002,3,1.0,1,none,0,0,0,3,3,1.0,6.813439000097787,15000,3,3,15000,0,0,1,1,0,0.0,0
98,narrow,positive,BitmapSlice-Exact,15000,64,10,3,0.0002,3,1.0,1,none,0,0,0,3,3,1.0,0.07838000010451651,4,3,3,4,0,0,1,1,0,0.0,0
98,narrow,positive,ScalarOnly,15000,64,10,3,0.0002,3,1.0,0,ranking_truncation,0,0,0,3,3,1.0,7.1964090000165015,15000,3,0,15000,0,0,0,1,0,0.0,0
98,narrow,positive,PostFilter-IVF,15000,64,10,3,0.0002,0,0.0,0,candidate_starvation,0,0,0,0,0,1.0,1.5163900000061403,2077,0,2077,2077,0,8,0,1,0,0.0,0
98,narrow,positive,AdaptivePostFilter-IVF,15000,64,10,3,0.0002,0,0.0,0,candidate_starvation,0,0,0,0,0,1.0,3.858527999909711,4800,0,4800,4800,0,22,0,1,0,0.0,0
98,narrow,positive,ExactPrefix-PostFilter,15000,64,10,3,0.0002,0,0.0,0,candidate_starvation,0,0,0,0,0,1.0,3.0704840000908007,2400,0,15000,2400,0,0,0,1,0,0.0,0
98,narrow,positive,TenantPartition-IVF,15000,64,10,3,0.0002,0,0.0,0,candidate_starvation,0,0,0,0,0,1.0,0.8007819999420462,2077,0,2077,2077,0,8,0,1,0,0.0,0
98,narrow,positive,PreFilter-IVF,15000,64,10,3,0.0002,3,1.0,1,none,0,0,0,3,3,1.0,0.8854350001001876,765,3,3,765,64,3,0,1,0,0.0,0
98,narrow,positive,PACER-A,15000,64,10,3,0.0002,3,1.0,1,none,0,0,0,3,3,1.0,0.33644499990259646,4,3,4,4,60,3,1,1,0,0.0,0
98,narrow,positive,PACER-C,15000,64,10,3,0.0002,3,1.0,1,none,0,0,0,3,3,1.0,0.26320999995732564,4,3,4,4,60,3,1,1,0,0.0,0
98,narrow,positive,PACER-X,15000,64,10,3,0.0002,3,1.0,1,none,0,0,0,3,3,1.0,0.3025109999725828,4,3,4,4,60,3,1,1,0,0.0,0
98,narrow,positive,PACER-A-NoSlices,15000,64,10,3,0.0002,0,0.0,0,candidate_starvation,0,0,0,0,0,1.0,1.5112769999632292,2400,0,2400,2400,9,9,0,1,0,0.0,1
98,narrow,positive,PACER-A-NoBounds,15000,64,10,3,0.0002,3,1.0,1,none,0,0,0,3,3,1.0,0.265217000105622,4,3,4,4,59,3,1,1,0,0.0,0
98,narrow,positive,StaleNoRecheck,15000,64,10,3,0.0002,1,0.0,0,candidate_starvation,0,1,0,0,1,0.0,1.4438690000133647,2077,1,2077,2077,0,8,0,1,0,0.0,0
98,narrow,positive,NaiveNoPolicy,15000,64,10,3,0.0002,10,0.0,0,ranking_truncation,9,1,8,0,10,0.0,0.7342439998865302,2077,2077,2077,0,0,8,0,1,0,0.0,0
99,cold,positive,ExactSecure,15000,64,10,4,0.0002666666666666667,4,1.0,1,none,0,0,0,4,4,1.0,7.152953999820966,15000,4,4,15000,0,0,1,1,0,0.0,0
99,cold,positive,PreFilter-Exact,15000,64,10,4,0.0002666666666666667,4,1.0,1,none,0,0,0,4,4,1.0,6.855919999907201,15000,4,4,15000,0,0,1,1,0,0.0,0
99,cold,positive,BitmapSlice-Exact,15000,64,10,4,0.0002666666666666667,4,1.0,1,none,0,0,0,4,4,1.0,0.07699200000388373,4,4,4,4,0,0,1,1,0,0.0,0
99,cold,positive,ScalarOnly,15000,64,10,4,0.0002666666666666667,4,1.0,1,none,0,0,0,4,4,1.0,6.988995000028808,15000,4,0,15000,0,0,0,1,0,0.0,0
99,cold,positive,PostFilter-IVF,15000,64,10,4,0.0002666666666666667,2,0.5,0,candidate_starvation,0,0,0,2,2,1.0,1.3288079999256297,1952,2,1952,1952,0,8,0,1,0,0.0,0
99,cold,positive,AdaptivePostFilter-IVF,15000,64,10,4,0.0002666666666666667,2,0.5,0,candidate_starvation,0,0,0,2,2,1.0,3.507528000000093,4800,2,4800,4800,0,21,0,1,0,0.0,0
99,cold,positive,ExactPrefix-PostFilter,15000,64,10,4,0.0002666666666666667,2,0.5,0,candidate_starvation,0,0,0,2,2,1.0,2.9780010002014023,2400,2,15000,2400,0,0,0,1,0,0.0,0
99,cold,positive,TenantPartition-IVF,15000,64,10,4,0.0002666666666666667,2,0.5,0,candidate_starvation,0,0,0,2,2,1.0,0.751241999978447,1952,2,1952,1952,0,8,0,1,0,0.0,0
99,cold,positive,PreFilter-IVF,15000,64,10,4,0.0002666666666666667,4,1.0,1,none,0,0,0,4,4,1.0,1.1465999998563348,1308,4,4,1308,64,4,0,1,0,0.0,0
99,cold,positive,PACER-A,15000,64,10,4,0.0002666666666666667,4,1.0,1,none,0,0,0,4,4,1.0,0.4374810000626894,4,4,4,4,53,4,1,1,0,0.0,0
99,cold,positive,PACER-C,15000,64,10,4,0.0002666666666666667,4,1.0,1,none,0,0,0,4,4,1.0,0.3564579999419948,4,4,4,4,53,4,1,1,0,0.0,0
99,cold,positive,PACER-X,15000,64,10,4,0.0002666666666666667,4,1.0,1,none,0,0,0,4,4,1.0,0.37688399993385246,4,4,4,4,53,4,1,1,0,0.0,0
99,cold,positive,PACER-A-NoSlices,15000,64,10,4,0.0002666666666666667,2,0.5,0,candidate_starvation,0,0,0,2,2,1.0,1.601297999968665,2400,2,2400,2400,11,11,0,1,0,0.0,1
99,cold,positive,PACER-A-NoBounds,15000,64,10,4,0.0002666666666666667,4,1.0,1,none,0,0,0,4,4,1.0,0.3357489999871177,4,4,4,4,39,4,1,1,0,0.0,0
99,cold,positive,StaleNoRecheck,15000,64,10,4,0.0002666666666666667,2,0.5,0,candidate_starvation,0,0,0,2,2,1.0,1.3251289999516302,1952,2,1952,1952,0,8,0,1,0,0.0,0
99,cold,positive,NaiveNoPolicy,15000,64,10,4,0.0002666666666666667,10,0.25,0,ranking_truncation,9,0,9,1,10,0.1,0.6741029999375314,1952,1952,1952,0,0,8,0,1,0,0.0,0
100,broad,positive,ExactSecure,15000,64,10,6727,0.4484666666666667,10,1.0,1,none,0,0,0,10,10,1.0,9.59981300002255,15000,6727,6727,15000,0,0,1,1,0,0.0,0
100,broad,positive,PreFilter-Exact,15000,64,10,6727,0.4484666666666667,10,1.0,1,none,0,0,0,10,10,1.0,17.74196800010941,15000,6727,6727,15000,0,0,1,1,0,0.0,0
100,broad,positive,BitmapSlice-Exact,15000,64,10,6727,0.4484666666666667,10,1.0,1,none,0,0,0,10,10,1.0,16.54919699990387,7525,6727,6727,7525,0,0,1,1,0,0.0,0
100,broad,positive,ScalarOnly,15000,64,10,6727,0.4484666666666667,10,0.0,0,ranking_truncation,0,0,0,10,10,1.0,7.439571000077194,15000,6727,0,15000,0,0,0,1,0,0.0,0
100,broad,positive,PostFilter-IVF,15000,64,10,6727,0.4484666666666667,10,0.6,0,ranking_truncation,0,0,0,10,10,1.0,1.528150000012829,1894,1053,1894,1894,0,8,0,1,0,0.0,0
100,broad,positive,AdaptivePostFilter-IVF,15000,64,10,6727,0.4484666666666667,10,0.8,0,ranking_truncation,0,0,0,10,10,1.0,4.059240000060527,4800,2297,4800,4800,0,21,0,1,0,0.0,0
100,broad,positive,ExactPrefix-PostFilter,15000,64,10,6727,0.4484666666666667,10,1.0,1,none,0,0,0,10,10,1.0,3.2665309997810255,2400,1173,15000,2400,0,0,0,1,0,0.0,0
100,broad,positive,TenantPartition-IVF,15000,64,10,6727,0.4484666666666667,10,0.6,0,ranking_truncation,0,0,0,10,10,1.0,1.891652999802318,1894,1053,1894,1894,0,8,0,1,0,0.0,0
100,broad,positive,PreFilter-IVF,15000,64,10,6727,0.4484666666666667,10,0.6,0,ranking_truncation,0,0,0,10,10,1.0,1.6776040001786896,1701,933,933,1701,8,8,0,1,0,0.0,0
100,broad,positive,PACER-A,15000,64,10,6727,0.4484666666666667,10,0.9,0,ranking_truncation,0,0,0,10,10,1.0,7.834910000156015,2400,2139,2400,2400,20,20,0,1,0,0.615590512752533,1
100,broad,positive,PACER-C,15000,64,10,6727,0.4484666666666667,10,1.0,1,none,0,0,0,10,10,1.0,23.88659899997947,7525,6727,7525,7525,64,64,1,1,0,0.0,0
100,broad,positive,PACER-X,15000,64,10,6727,0.4484666666666667,10,1.0,1,none,0,0,0,10,10,1.0,22.168196000166063,7525,6727,7525,7525,64,64,1,1,0,0.0,0
100,broad,positive,PACER-A-NoSlices,15000,64,10,6727,0.4484666666666667,10,0.6,0,ranking_truncation,0,0,0,10,10,1.0,2.274001000159842,2400,1272,2400,2400,11,11,0,1,0,0.6410492062568665,1
100,broad,positive,PACER-A-NoBounds,15000,64,10,6727,0.4484666666666667,10,0.8,0,ranking_truncation,0,0,0,10,10,1.0,8.471193999866955,2400,2140,2400,2400,19,19,0,1,0,0.0,1
100,broad,positive,StaleNoRecheck,15000,64,10,6727,0.4484666666666667,10,0.6,0,ranking_truncation,0,1,0,9,10,0.9,1.6821659999095573,1894,1187,1894,1894,0,8,0,1,0,0.0,0
100,broad,positive,NaiveNoPolicy,15000,64,10,6727,0.4484666666666667,10,0.4,0,ranking_truncation,0,1,6,4,10,0.4,0.6366849997903046,1894,1894,1894,0,0,8,0,1,0,0.0,0
101,medium,positive,ExactSecure,15000,64,10,447,0.0298,10,1.0,1,none,0,0,0,10,10,1.0,7.625362999988283,15000,447,447,15000,0,0,1,1,0,0.0,0
101,medium,positive,PreFilter-Exact,15000,64,10,447,0.0298,10,1.0,1,none,0,0,0,10,10,1.0,8.05682700001853,15000,447,447,15000,0,0,1,1,0,0.0,0
101,medium,positive,BitmapSlice-Exact,15000,64,10,447,0.0298,10,1.0,1,none,0,0,0,10,10,1.0,1.3211749999300082,481,447,447,481,0,0,1,1,0,0.0,0
101,medium,positive,ScalarOnly,15000,64,10,447,0.0298,10,0.0,0,ranking_truncation,0,0,0,10,10,1.0,7.696277999912127,15000,447,0,15000,0,0,0,1,0,0.0,0
101,medium,positive,PostFilter-IVF,15000,64,10,447,0.0298,10,0.9,0,ranking_truncation,0,0,0,10,10,1.0,1.5436699998190306,2136,78,2136,2136,0,8,0,1,0,0.0,0
101,medium,positive,AdaptivePostFilter-IVF,15000,64,10,447,0.0298,10,0.9,0,ranking_truncation,0,0,0,10,10,1.0,3.9357170001039776,4800,130,4800,4800,0,22,0,1,0,0.0,0
101,medium,positive,ExactPrefix-PostFilter,15000,64,10,447,0.0298,10,1.0,1,none,0,0,0,10,10,1.0,3.1564769999476994,2400,82,15000,2400,0,0,0,1,0,0.0,0
101,medium,positive,TenantPartition-IVF,15000,64,10,447,0.0298,10,0.9,0,ranking_truncation,0,0,0,10,10,1.0,1.0404550000657764,2136,78,2136,2136,0,8,0,1,0,0.0,0
101,medium,positive,PreFilter-IVF,15000,64,10,447,0.0298,10,0.9,0,ranking_truncation,0,0,0,10,10,1.0,1.8204660000264994,2051,95,95,2051,9,8,0,1,0,0.0,0
101,medium,positive,PACER-A,15000,64,10,447,0.0298,10,1.0,1,none,0,0,0,10,10,1.0,5.230517999962103,481,447,481,481,64,57,1,1,0,0.0,0
101,medium,positive,PACER-C,15000,64,10,447,0.0298,10,1.0,1,none,0,0,0,10,10,1.0,4.9814700000752055,481,447,481,481,64,57,1,1,0,0.0,0
101,medium,positive,PACER-X,15000,64,10,447,0.0298,10,1.0,1,none,0,0,0,10,10,1.0,5.020440999942366,481,447,481,481,64,57,1,1,0,0.0,0
101,medium,positive,PACER-A-NoSlices,15000,64,10,447,0.0298,10,0.9,0,ranking_truncation,0,0,0,10,10,1.0,2.070115000151418,2400,96,2400,2400,10,10,0,1,0,0.684075266122818,1
101,medium,positive,PACER-A-NoBounds,15000,64,10,447,0.0298,10,1.0,1,none,0,0,0,10,10,1.0,5.182666000109748,481,447,481,481,64,57,1,1,0,0.0,0
101,medium,positive,StaleNoRecheck,15000,64,10,447,0.0298,10,0.9,0,ranking_truncation,0,0,0,10,10,1.0,1.7306320000898268,2136,81,2136,2136,0,8,0,1,0,0.0,0
101,medium,positive,NaiveNoPolicy,15000,64,10,447,0.0298,10,0.2,0,ranking_truncation,6,1,6,2,10,0.2,0.5470780001815001,2136,2136,2136,0,0,8,0,1,0,0.0,0
102,narrow,positive,ExactSecure,15000,64,10,7,0.00046666666666666666,7,1.0,1,none,0,0,0,7,7,1.0,7.794361000151184,15000,7,7,15000,0,0,1,1,0,0.0,0
102,narrow,positive,PreFilter-Exact,15000,64,10,7,0.00046666666666666666,7,1.0,1,none,0,0,0,7,7,1.0,7.137628000009499,15000,7,7,15000,0,0,1,1,0,0.0,0
102,narrow,positive,BitmapSlice-Exact,15000,64,10,7,0.00046666666666666666,7,1.0,1,none,0,0,0,7,7,1.0,0.14158099997985119,7,7,7,7,0,0,1,1,0,0.0,0
102,narrow,positive,ScalarOnly,15000,64,10,7,0.00046666666666666666,7,1.0,0,ranking_truncation,0,0,0,7,7,1.0,8.165469000005032,15000,7,0,15000,0,0,0,1,0,0.0,0
102,narrow,positive,PostFilter-IVF,15000,64,10,7,0.00046666666666666666,6,0.8571428571428571,0,candidate_starvation,0,0,0,6,6,1.0,1.4821180000126333,1795,6,1795,1795,0,8,0,1,0,0.0,0
102,narrow,positive,AdaptivePostFilter-IVF,15000,64,10,7,0.00046666666666666666,6,0.8571428571428571,0,candidate_starvation,0,0,0,6,6,1.0,4.198356999950192,4800,6,4800,4800,0,23,0,1,0,0.0,0
102,narrow,positive,ExactPrefix-PostFilter,15000,64,10,7,0.00046666666666666666,4,0.5714285714285714,0,candidate_starvation,0,0,0,4,4,1.0,3.437386000086917,2400,4,15000,2400,0,0,0,1,0,0.0,0
102,narrow,positive,TenantPartition-IVF,15000,64,10,7,0.00046666666666666666,6,0.8571428571428571,0,candidate_starvation,0,0,0,6,6,1.0,0.798518999999942,1795,6,1795,1795,0,8,0,1,0,0.0,0
102,narrow,positive,PreFilter-IVF,15000,64,10,7,0.00046666666666666666,7,1.0,1,none,0,0,0,7,7,1.0,1.0402729999441362,777,7,7,777,64,3,0,1,0,0.0,0
102,narrow,positive,PACER-A,15000,64,10,7,0.00046666666666666666,7,1.0,1,none,0,0,0,7,7,1.0,0.4059550001329626,7,7,7,7,24,3,1,1,0,0.0,0
102,narrow,positive,PACER-C,15000,64,10,7,0.00046666666666666666,7,1.0,1,none,0,0,0,7,7,1.0,0.37428999985422706,7,7,7,7,24,3,1,1,0,0.0,0
102,narrow,positive,PACER-X,15000,64,10,7,0.00046666666666666666,7,1.0,1,none,0,0,0,7,7,1.0,0.2914270000928809,7,7,7,7,24,3,1,1,0,0.0,0
102,narrow,positive,PACER-A-NoSlices,15000,64,10,7,0.00046666666666666666,5,0.7142857142857143,0,candidate_starvation,0,0,0,5,5,1.0,1.7105750000609987,2400,5,2400,2400,12,12,0,1,0,0.0,1
102,narrow,positive,PACER-A-NoBounds,15000,64,10,7,0.00046666666666666666,7,1.0,1,none,0,0,0,7,7,1.0,0.2825990000019374,7,7,7,7,33,3,1,1,0,0.0,0
102,narrow,positive,StaleNoRecheck,15000,64,10,7,0.00046666666666666666,6,0.8571428571428571,0,candidate_starvation,0,0,0,6,6,1.0,1.2766229999670031,1795,6,1795,1795,0,8,0,1,0,0.0,0
102,narrow,positive,NaiveNoPolicy,15000,64,10,7,0.00046666666666666666,10,0.14285714285714285,0,ranking_truncation,9,0,8,1,10,0.1,0.41877400008161203,1795,1795,1795,0,0,8,0,1,0,0.0,0
103,cold,positive,ExactSecure,15000,64,10,4,0.0002666666666666667,4,1.0,1,none,0,0,0,4,4,1.0,7.396490000019185,15000,4,4,15000,0,0,1,1,0,0.0,0
103,cold,positive,PreFilter-Exact,15000,64,10,4,0.0002666666666666667,4,1.0,1,none,0,0,0,4,4,1.0,7.244463000006363,15000,4,4,15000,0,0,1,1,0,0.0,0
103,cold,positive,BitmapSlice-Exact,15000,64,10,4,0.0002666666666666667,4,1.0,1,none,0,0,0,4,4,1.0,0.07951499992486788,4,4,4,4,0,0,1,1,0,0.0,0
103,cold,positive,ScalarOnly,15000,64,10,4,0.0002666666666666667,4,1.0,0,ranking_truncation,0,0,0,4,4,1.0,7.311208999908558,15000,4,0,15000,0,0,0,1,0,0.0,0
103,cold,positive,PostFilter-IVF,15000,64,10,4,0.0002666666666666667,3,0.75,0,candidate_starvation,0,0,0,3,3,1.0,1.9101249999948777,2386,3,2386,2386,0,8,0,1,0,0.0,0
103,cold,positive,AdaptivePostFilter-IVF,15000,64,10,4,0.0002666666666666667,4,1.0,1,none,0,0,0,4,4,1.0,3.74262499985889,4800,4,4800,4800,0,19,0,1,0,0.0,0
103,cold,positive,ExactPrefix-PostFilter,15000,64,10,4,0.0002666666666666667,2,0.5,0,candidate_starvation,0,0,0,2,2,1.0,3.0385290001504472,2400,2,15000,2400,0,0,0,1,0,0.0,0
103,cold,positive,TenantPartition-IVF,15000,64,10,4,0.0002666666666666667,3,0.75,0,candidate_starvation,0,0,0,3,3,1.0,1.01468399998339,2386,3,2386,2386,0,8,0,1,0,0.0,0
103,cold,positive,PreFilter-IVF,15000,64,10,4,0.0002666666666666667,4,1.0,1,none,0,0,0,4,4,1.0,0.6848729999546777,310,4,4,310,64,2,0,1,0,0.0,0
103,cold,positive,PACER-A,15000,64,10,4,0.0002666666666666667,4,1.0,1,none,0,0,0,4,4,1.0,0.27538799986359663,4,4,4,4,21,2,1,1,0,0.0,0
103,cold,positive,PACER-C,15000,64,10,4,0.0002666666666666667,4,1.0,1,none,0,0,0,4,4,1.0,0.2249499998470128,4,4,4,4,21,2,1,1,0,0.0,0
103,cold,positive,PACER-X,15000,64,10,4,0.0002666666666666667,4,1.0,1,none,0,0,0,4,4,1.0,0.2251199998681841,4,4,4,4,21,2,1,1,0,0.0,0
103,cold,positive,PACER-A-NoSlices,15000,64,10,4,0.0002666666666666667,3,0.75,0,candidate_starvation,0,0,0,3,3,1.0,1.6608070000074804,2400,3,2400,2400,9,9,0,1,0,0.0,1
103,cold,positive,PACER-A-NoBounds,15000,64,10,4,0.0002666666666666667,4,1.0,1,none,0,0,0,4,4,1.0,0.25467599994044576,4,4,4,4,18,2,1,1,0,0.0,0
103,cold,positive,StaleNoRecheck,15000,64,10,4,0.0002666666666666667,3,0.75,0,candidate_starvation,0,0,0,3,3,1.0,1.6863569999259198,2386,3,2386,2386,0,8,0,1,0,0.0,0
103,cold,positive,NaiveNoPolicy,15000,64,10,4,0.0002666666666666667,10,0.25,0,ranking_truncation,9,0,6,1,10,0.1,0.8357269998668926,2386,2386,2386,0,0,8,0,1,0,0.0,0
104,broad,positive,ExactSecure,15000,64,10,6774,0.4516,10,1.0,1,none,0,0,0,10,10,1.0,8.244273999935103,15000,6774,6774,15000,0,0,1,1,0,0.0,0
104,broad,positive,PreFilter-Exact,15000,64,10,6774,0.4516,10,1.0,1,none,0,0,0,10,10,1.0,8.442027000000962,15000,6774,6774,15000,0,0,1,1,0,0.0,0
104,broad,positive,BitmapSlice-Exact,15000,64,10,6774,0.4516,10,1.0,1,none,0,0,0,10,10,1.0,18.190527999877304,7491,6774,6774,7491,0,0,1,1,0,0.0,0
104,broad,positive,ScalarOnly,15000,64,10,6774,0.4516,10,0.0,0,ranking_truncation,0,0,0,10,10,1.0,10.909610999988217,15000,6774,0,15000,0,0,0,1,0,0.0,0
104,broad,positive,PostFilter-IVF,15000,64,10,6774,0.4516,10,0.6,0,ranking_truncation,0,0,0,10,10,1.0,1.7943069999546424,2068,970,2068,2068,0,8,0,1,0,0.0,0
104,broad,positive,AdaptivePostFilter-IVF,15000,64,10,6774,0.4516,10,0.9,0,ranking_truncation,0,0,0,10,10,1.0,4.087720000143236,4800,2192,4800,4800,0,23,0,1,0,0.0,0
104,broad,positive,ExactPrefix-PostFilter,15000,64,10,6774,0.4516,10,1.0,1,none,0,0,0,10,10,1.0,3.6732730000039737,2400,1163,15000,2400,0,0,0,1,0,0.0,0
104,broad,positive,TenantPartition-IVF,15000,64,10,6774,0.4516,10,0.6,0,ranking_truncation,0,0,0,10,10,1.0,1.342136999937793,2068,970,2068,2068,0,8,0,1,0,0.0,0
104,broad,positive,PreFilter-IVF,15000,64,10,6774,0.4516,10,0.6,0,ranking_truncation,0,0,0,10,10,1.0,2.173752000089735,2004,982,982,2004,8,8,0,1,0,0.0,0
104,broad,positive,PACER-A,15000,64,10,6774,0.4516,10,0.8,0,ranking_truncation,0,0,0,10,10,1.0,7.392083000013372,2400,2177,2400,2400,22,22,0,1,0,0.6226616501808167,1
104,broad,positive,PACER-C,15000,64,10,6774,0.4516,10,1.0,1,none,0,0,0,10,10,1.0,22.410428000057436,7491,6774,7491,7491,64,64,1,1,0,0.0,0
104,broad,positive,PACER-X,15000,64,10,6774,0.4516,10,1.0,1,none,0,0,0,10,10,1.0,23.59245700017709,7491,6774,7491,7491,64,64,1,1,0,0.0,0
104,broad,positive,PACER-A-NoSlices,15000,64,10,6774,0.4516,10,0.7,0,ranking_truncation,0,0,0,10,10,1.0,2.6126899999781017,2400,1182,2400,2400,11,11,0,1,0,0.6292402744293213,1
104,broad,positive,PACER-A-NoBounds,15000,64,10,6774,0.4516,10,0.9,0,ranking_truncation,0,0,0,10,10,1.0,9.946366999884049,2400,2172,2400,2400,23,23,0,1,0,0.0,1
104,broad,positive,StaleNoRecheck,15000,64,10,6774,0.4516,10,0.6,0,ranking_truncation,0,2,0,8,10,0.8,1.6340700001364894,2068,1066,2068,2068,0,8,0,1,0,0.0,0
104,broad,positive,NaiveNoPolicy,15000,64,10,6774,0.4516,10,0.6,0,ranking_truncation,0,1,2,7,10,0.7,0.4778369998348353,2068,2068,2068,0,0,8,0,1,0,0.0,0
105,medium,positive,ExactSecure,15000,64,10,414,0.0276,10,1.0,1,none,0,0,0,10,10,1.0,7.512528000006569,15000,414,414,15000,0,0,1,1,0,0.0,0
105,medium,positive,PreFilter-Exact,15000,64,10,414,0.0276,10,1.0,1,none,0,0,0,10,10,1.0,10.383876999867425,15000,414,414,15000,0,0,1,1,0,0.0,0
105,medium,positive,BitmapSlice-Exact,15000,64,10,414,0.0276,10,1.0,1,none,0,0,0,10,10,1.0,1.3853919999746722,437,414,414,437,0,0,1,1,0,0.0,0
105,medium,positive,ScalarOnly,15000,64,10,414,0.0276,10,0.0,0,ranking_truncation,0,0,0,10,10,1.0,7.514468999943347,15000,414,0,15000,0,0,0,1,0,0.0,0
105,medium,positive,PostFilter-IVF,15000,64,10,414,0.0276,10,0.9,0,ranking_truncation,0,0,0,10,10,1.0,1.7247119999410643,2062,123,2062,2062,0,8,0,1,0,0.0,0
105,medium,positive,AdaptivePostFilter-IVF,15000,64,10,414,0.0276,10,1.0,1,none,0,0,0,10,10,1.0,3.805771000088498,4800,203,4800,4800,0,20,0,1,0,0.0,0
105,medium,positive,ExactPrefix-PostFilter,15000,64,10,414,0.0276,10,1.0,1,none,0,0,0,10,10,1.0,3.036740999959875,2400,108,15000,2400,0,0,0,1,0,0.0,0
105,medium,positive,TenantPartition-IVF,15000,64,10,414,0.0276,10,0.9,0,ranking_truncation,0,0,0,10,10,1.0,1.1722560000180238,2062,123,2062,2062,0,8,0,1,0,0.0,0
105,medium,positive,PreFilter-IVF,15000,64,10,414,0.0276,10,0.9,0,ranking_truncation,0,0,0,10,10,1.0,1.4992250000886997,1906,124,124,1906,8,8,0,1,0,0.0,0
105,medium,positive,PACER-A,15000,64,10,414,0.0276,10,1.0,1,none,0,0,0,10,10,1.0,5.524858999933713,437,414,437,437,64,58,1,1,0,0.0,0
105,medium,positive,PACER-C,15000,64,10,414,0.0276,10,1.0,1,none,0,0,0,10,10,1.0,6.150052999828404,437,414,437,437,64,58,1,1,0,0.0,0
105,medium,positive,PACER-X,15000,64,10,414,0.0276,10,1.0,1,none,0,0,0,10,10,1.0,4.783933999988221,437,414,437,437,64,58,1,1,0,0.0,0
105,medium,positive,PACER-A-NoSlices,15000,64,10,414,0.0276,10,0.9,0,ranking_truncation,0,0,0,10,10,1.0,1.8938200000775396,2400,130,2400,2400,11,11,0,1,0,0.7039648294448853,1
105,medium,positive,PACER-A-NoBounds,15000,64,10,414,0.0276,10,1.0,1,none,0,0,0,10,10,1.0,5.600387999947998,437,414,437,437,64,58,1,1,0,0.0,0
105,medium,positive,StaleNoRecheck,15000,64,10,414,0.0276,10,0.9,0,ranking_truncation,0,0,0,10,10,1.0,1.5724439999758033,2062,129,2062,2062,0,8,0,1,0,0.0,0
105,medium,positive,NaiveNoPolicy,15000,64,10,414,0.0276,10,0.2,0,ranking_truncation,7,1,6,2,10,0.2,0.5852919998687867,2062,2062,2062,0,0,8,0,1,0,0.0,0
106,narrow,positive,ExactSecure,15000,64,10,6,0.0004,6,1.0,1,none,0,0,0,6,6,1.0,7.71716600002037,15000,6,6,15000,0,0,1,1,0,0.0,0
106,narrow,positive,PreFilter-Exact,15000,64,10,6,0.0004,6,1.0,1,none,0,0,0,6,6,1.0,8.169069999894418,15000,6,6,15000,0,0,1,1,0,0.0,0
106,narrow,positive,BitmapSlice-Exact,15000,64,10,6,0.0004,6,1.0,1,none,0,0,0,6,6,1.0,0.08639600014248572,6,6,6,6,0,0,1,1,0,0.0,0
106,narrow,positive,ScalarOnly,15000,64,10,6,0.0004,6,1.0,0,ranking_truncation,0,0,0,6,6,1.0,8.203083000125844,15000,6,0,15000,0,0,0,1,0,0.0,0
106,narrow,positive,PostFilter-IVF,15000,64,10,6,0.0004,4,0.6666666666666666,0,candidate_starvation,0,0,0,4,4,1.0,2.02071400008208,2400,4,2400,2400,0,8,0,1,0,0.0,0
106,narrow,positive,AdaptivePostFilter-IVF,15000,64,10,6,0.0004,5,0.8333333333333334,0,candidate_starvation,0,0,0,5,5,1.0,4.99354399994445,4800,5,4800,4800,0,17,0,1,0,0.0,0
106,narrow,positive,ExactPrefix-PostFilter,15000,64,10,6,0.0004,2,0.3333333333333333,0,candidate_starvation,0,0,0,2,2,1.0,4.245571999945241,2400,2,15000,2400,0,0,0,1,0,0.0,0
106,narrow,positive,TenantPartition-IVF,15000,64,10,6,0.0004,4,0.6666666666666666,0,candidate_starvation,0,0,0,4,4,1.0,1.1488180000469583,2400,4,2400,2400,0,8,0,1,0,0.0,0
106,narrow,positive,PreFilter-IVF,15000,64,10,6,0.0004,6,1.0,1,none,0,0,0,6,6,1.0,1.178598000024067,1146,6,6,1146,64,4,0,1,0,0.0,0
106,narrow,positive,PACER-A,15000,64,10,6,0.0004,6,1.0,1,none,0,0,0,6,6,1.0,0.45920200000182376,6,6,6,6,46,4,1,1,0,0.0,0
106,narrow,positive,PACER-C,15000,64,10,6,0.0004,6,1.0,1,none,0,0,0,6,6,1.0,0.3919119999409304,6,6,6,6,46,4,1,1,0,0.0,0
106,narrow,positive,PACER-X,15000,64,10,6,0.0004,6,1.0,1,none,0,0,0,6,6,1.0,0.3927780001049541,6,6,6,6,46,4,1,1,0,0.0,0
106,narrow,positive,PACER-A-NoSlices,15000,64,10,6,0.0004,4,0.6666666666666666,0,candidate_starvation,0,0,0,4,4,1.0,2.7478980000523734,2400,4,2400,2400,9,9,0,1,0,0.0,1
106,narrow,positive,PACER-A-NoBounds,15000,64,10,6,0.0004,6,1.0,1,none,0,0,0,6,6,1.0,0.372921000007409,6,6,6,6,45,4,1,1,0,0.0,0
106,narrow,positive,StaleNoRecheck,15000,64,10,6,0.0004,4,0.6666666666666666,0,candidate_starvation,0,0,0,4,4,1.0,2.353372000015952,2400,4,2400,2400,0,8,0,1,0,0.0,0
106,narrow,positive,NaiveNoPolicy,15000,64,10,6,0.0004,10,0.16666666666666666,0,ranking_truncation,9,1,9,1,10,0.1,1.2410130000262143,2400,2400,2400,0,0,8,0,1,0,0.0,0
107,cold,positive,ExactSecure,15000,64,10,1,6.666666666666667e-05,1,1.0,1,none,0,0,0,1,1,1.0,7.254241000055117,15000,1,1,15000,0,0,1,1,0,0.0,0
107,cold,positive,PreFilter-Exact,15000,64,10,1,6.666666666666667e-05,1,1.0,1,none,0,0,0,1,1,1.0,6.768811000029018,15000,1,1,15000,0,0,1,1,0,0.0,0
107,cold,positive,BitmapSlice-Exact,15000,64,10,1,6.666666666666667e-05,1,1.0,1,none,0,0,0,1,1,1.0,0.06994599993959127,1,1,1,1,0,0,1,1,0,0.0,0
107,cold,positive,ScalarOnly,15000,64,10,1,6.666666666666667e-05,1,1.0,1,none,0,0,0,1,1,1.0,7.618544000024485,15000,1,0,15000,0,0,0,1,0,0.0,0
107,cold,positive,PostFilter-IVF,15000,64,10,1,6.666666666666667e-05,1,1.0,1,none,0,0,0,1,1,1.0,2.4887340000532276,2348,1,2348,2348,0,8,0,1,0,0.0,0
107,cold,positive,AdaptivePostFilter-IVF,15000,64,10,1,6.666666666666667e-05,1,1.0,1,none,0,0,0,1,1,1.0,6.10629500010873,4800,1,4800,4800,0,20,0,1,0,0.0,0
107,cold,positive,ExactPrefix-PostFilter,15000,64,10,1,6.666666666666667e-05,1,1.0,1,none,0,0,0,1,1,1.0,3.6029709999638726,2400,1,15000,2400,0,0,0,1,0,0.0,0
107,cold,positive,TenantPartition-IVF,15000,64,10,1,6.666666666666667e-05,1,1.0,1,none,0,0,0,1,1,1.0,1.3534759998492518,2348,1,2348,2348,0,8,0,1,0,0.0,0
107,cold,positive,PreFilter-IVF,15000,64,10,1,6.666666666666667e-05,1,1.0,1,none,0,0,0,1,1,1.0,1.0894329998336616,295,1,1,295,64,1,0,1,0,0.0,0
107,cold,positive,PACER-A,15000,64,10,1,6.666666666666667e-05,1,1.0,1,none,0,0,0,1,1,1.0,0.3220979999696283,1,1,1,1,1,1,1,1,0,0.0,0
107,cold,positive,PACER-C,15000,64,10,1,6.666666666666667e-05,1,1.0,1,none,0,0,0,1,1,1.0,0.2696300000479823,1,1,1,1,1,1,1,1,0,0.0,0
107,cold,positive,PACER-X,15000,64,10,1,6.666666666666667e-05,1,1.0,1,none,0,0,0,1,1,1.0,0.15632999998160813,1,1,1,1,1,1,1,1,0,0.0,0
107,cold,positive,PACER-A-NoSlices,15000,64,10,1,6.666666666666667e-05,1,1.0,1,none,0,0,0,1,1,1.0,1.5911749999304448,2400,1,2400,2400,9,9,0,1,0,0.0,1
107,cold,positive,PACER-A-NoBounds,15000,64,10,1,6.666666666666667e-05,1,1.0,1,none,0,0,0,1,1,1.0,0.15915599988147733,1,1,1,1,1,1,1,1,0,0.0,0
107,cold,positive,StaleNoRecheck,15000,64,10,1,6.666666666666667e-05,1,1.0,1,none,0,0,0,1,1,1.0,1.722244999882605,2348,1,2348,2348,0,8,0,1,0,0.0,0
107,cold,positive,NaiveNoPolicy,15000,64,10,1,6.666666666666667e-05,10,1.0,0,ranking_truncation,9,1,9,1,10,0.1,0.6717300000218529,2348,2348,2348,0,0,8,0,1,0,0.0,0
108,broad,positive,ExactSecure,15000,64,10,6877,0.4584666666666667,10,1.0,1,none,0,0,0,10,10,1.0,9.034189999965747,15000,6877,6877,15000,0,0,1,1,0,0.0,0
108,broad,positive,PreFilter-Exact,15000,64,10,6877,0.4584666666666667,10,1.0,1,none,0,0,0,10,10,1.0,10.693876999994245,15000,6877,6877,15000,0,0,1,1,0,0.0,0
108,broad,positive,BitmapSlice-Exact,15000,64,10,6877,0.4584666666666667,10,1.0,1,none,0,0,0,10,10,1.0,20.773936000068716,7648,6877,6877,7648,0,0,1,1,0,0.0,0
108,broad,positive,ScalarOnly,15000,64,10,6877,0.4584666666666667,10,0.0,0,ranking_truncation,0,0,0,10,10,1.0,8.24740500002008,15000,6877,0,15000,0,0,0,1,0,0.0,0
108,broad,positive,PostFilter-IVF,15000,64,10,6877,0.4584666666666667,10,0.6,0,ranking_truncation,0,0,0,10,10,1.0,1.591818999941097,1671,665,1671,1671,0,8,0,1,0,0.0,0
108,broad,positive,AdaptivePostFilter-IVF,15000,64,10,6877,0.4584666666666667,10,0.7,0,ranking_truncation,0,0,0,10,10,1.0,5.445045000215032,4800,2064,4800,4800,0,22,0,1,0,0.0,0
108,broad,positive,ExactPrefix-PostFilter,15000,64,10,6877,0.4584666666666667,10,1.0,1,none,0,0,0,10,10,1.0,3.4468789999664295,2400,1073,15000,2400,0,0,0,1,0,0.0,0
108,broad,positive,TenantPartition-IVF,15000,64,10,6877,0.4584666666666667,10,0.6,0,ranking_truncation,0,0,0,10,10,1.0,1.9296919999760576,1671,665,1671,1671,0,8,0,1,0,0.0,0
108,broad,positive,PreFilter-IVF,15000,64,10,6877,0.4584666666666667,10,0.5,0,ranking_truncation,0,0,0,10,10,1.0,2.6867639999181847,1909,716,716,1909,8,8,0,1,0,0.0,0
108,broad,positive,PACER-A,15000,64,10,6877,0.4584666666666667,10,0.8,0,ranking_truncation,0,0,0,10,10,1.0,8.612412000047698,2400,2160,2400,2400,23,23,0,1,0,0.5936201810836792,1
108,broad,positive,PACER-C,15000,64,10,6877,0.4584666666666667,10,1.0,1,none,0,0,0,10,10,1.0,23.236846000145306,7648,6877,7648,7648,64,64,1,1,0,0.0,0
108,broad,positive,PACER-X,15000,64,10,6877,0.4584666666666667,10,1.0,1,none,0,0,0,10,10,1.0,23.017395000124452,7648,6877,7648,7648,64,64,1,1,0,0.0,0
108,broad,positive,PACER-A-NoSlices,15000,64,10,6877,0.4584666666666667,10,0.6,0,ranking_truncation,0,0,0,10,10,1.0,2.1760110000741406,2400,930,2400,2400,12,12,0,1,0,0.6240406334400177,1
108,broad,positive,PACER-A-NoBounds,15000,64,10,6877,0.4584666666666667,10,0.7,0,ranking_truncation,0,0,0,10,10,1.0,7.973024999955669,2400,2162,2400,2400,23,23,0,1,0,0.0,1
108,broad,positive,StaleNoRecheck,15000,64,10,6877,0.4584666666666667,10,0.6,0,ranking_truncation,0,1,0,9,10,0.9,1.7292699999416072,1671,759,1671,1671,0,8,0,1,0,0.0,0
108,broad,positive,NaiveNoPolicy,15000,64,10,6877,0.4584666666666667,10,0.6,0,ranking_truncation,0,1,3,6,10,0.6,0.6982480001624936,1671,1671,1671,0,0,8,0,1,0,0.0,0
109,medium,positive,ExactSecure,15000,64,10,376,0.025066666666666668,10,1.0,1,none,0,0,0,10,10,1.0,7.8203180000855355,15000,376,376,15000,0,0,1,1,0,0.0,0
109,medium,positive,PreFilter-Exact,15000,64,10,376,0.025066666666666668,10,1.0,1,none,0,0,0,10,10,1.0,7.669263000025239,15000,376,376,15000,0,0,1,1,0,0.0,0
109,medium,positive,BitmapSlice-Exact,15000,64,10,376,0.025066666666666668,10,1.0,1,none,0,0,0,10,10,1.0,1.229507999823909,411,376,376,411,0,0,1,1,0,0.0,0
109,medium,positive,ScalarOnly,15000,64,10,376,0.025066666666666668,10,0.0,0,ranking_truncation,0,0,0,10,10,1.0,7.705586000156472,15000,376,0,15000,0,0,0,1,0,0.0,0
109,medium,positive,PostFilter-IVF,15000,64,10,376,0.025066666666666668,10,0.4,0,ranking_truncation,0,0,0,10,10,1.0,1.1807109999608656,1488,26,1488,1488,0,8,0,1,0,0.0,0
109,medium,positive,AdaptivePostFilter-IVF,15000,64,10,376,0.025066666666666668,10,0.6,0,ranking_truncation,0,0,0,10,10,1.0,4.027988999951049,4800,84,4800,4800,0,21,0,1,0,0.0,0
109,medium,positive,ExactPrefix-PostFilter,15000,64,10,376,0.025066666666666668,10,1.0,1,none,0,0,0,10,10,1.0,3.773505000026489,2400,53,15000,2400,0,0,0,1,0,0.0,0
109,medium,positive,TenantPartition-IVF,15000,64,10,376,0.025066666666666668,10,0.4,0,ranking_truncation,0,0,0,10,10,1.0,0.6453519999922719,1488,26,1488,1488,0,8,0,1,0,0.0,0
109,medium,positive,PreFilter-IVF,15000,64,10,376,0.025066666666666668,10,0.6,0,ranking_truncation,0,0,0,10,10,1.0,1.5675730001021293,1881,45,45,1881,9,8,0,1,0,0.0,0
109,medium,positive,PACER-A,15000,64,10,376,0.025066666666666668,10,1.0,1,none,0,0,0,10,10,1.0,5.028296000091359,411,376,411,411,64,60,1,1,0,0.0,0
109,medium,positive,PACER-C,15000,64,10,376,0.025066666666666668,10,1.0,1,none,0,0,0,10,10,1.0,5.53777999994054,411,376,411,411,64,60,1,1,0,0.0,0
109,medium,positive,PACER-X,15000,64,10,376,0.025066666666666668,10,1.0,1,none,0,0,0,10,10,1.0,5.194368000047689,411,376,411,411,64,60,1,1,0,0.0,0
109,medium,positive,PACER-A-NoSlices,15000,64,10,376,0.025066666666666668,10,0.6,0,ranking_truncation,0,0,0,10,10,1.0,1.8953609999243781,2400,47,2400,2400,12,12,0,1,0,0.7975659817457199,1
109,medium,positive,PACER-A-NoBounds,15000,64,10,376,0.025066666666666668,10,1.0,1,none,0,0,0,10,10,1.0,4.9769390000165,411,376,411,411,64,60,1,1,0,0.0,0
109,medium,positive,StaleNoRecheck,15000,64,10,376,0.025066666666666668,10,0.4,0,ranking_truncation,0,1,0,9,10,0.9,1.1918699999569071,1488,28,1488,1488,0,8,0,1,0,0.0,0
109,medium,positive,NaiveNoPolicy,15000,64,10,376,0.025066666666666668,10,0.1,0,ranking_truncation,8,0,8,1,10,0.1,0.513169999976526,1488,1488,1488,0,0,8,0,1,0,0.0,0
110,narrow,positive,ExactSecure,15000,64,10,6,0.0004,6,1.0,1,none,0,0,0,6,6,1.0,8.436868999979197,15000,6,6,15000,0,0,1,1,0,0.0,0
110,narrow,positive,PreFilter-Exact,15000,64,10,6,0.0004,6,1.0,1,none,0,0,0,6,6,1.0,7.765122999899177,15000,6,6,15000,0,0,1,1,0,0.0,0
110,narrow,positive,BitmapSlice-Exact,15000,64,10,6,0.0004,6,1.0,1,none,0,0,0,6,6,1.0,0.08852200016917777,7,6,6,7,0,0,1,1,0,0.0,0
110,narrow,positive,ScalarOnly,15000,64,10,6,0.0004,6,1.0,0,ranking_truncation,0,0,0,6,6,1.0,8.246984999914275,15000,6,0,15000,0,0,0,1,0,0.0,0
110,narrow,positive,PostFilter-IVF,15000,64,10,6,0.0004,1,0.16666666666666666,0,candidate_starvation,0,0,0,1,1,1.0,1.7790209999475337,2121,1,2121,2121,0,8,0,1,0,0.0,0
110,narrow,positive,AdaptivePostFilter-IVF,15000,64,10,6,0.0004,1,0.16666666666666666,0,candidate_starvation,0,0,0,1,1,1.0,4.377627999929246,4800,1,4800,4800,0,19,0,1,0,0.0,0
110,narrow,positive,ExactPrefix-PostFilter,15000,64,10,6,0.0004,2,0.3333333333333333,0,candidate_starvation,0,0,0,2,2,1.0,4.949665999902209,2400,2,15000,2400,0,0,0,1,0,0.0,0
110,narrow,positive,TenantPartition-IVF,15000,64,10,6,0.0004,1,0.16666666666666666,0,candidate_starvation,0,0,0,1,1,1.0,1.5086430000792461,2121,1,2121,2121,0,8,0,1,0,0.0,0
110,narrow,positive,PreFilter-IVF,15000,64,10,6,0.0004,6,1.0,1,none,0,0,0,6,6,1.0,1.740221000090969,842,6,6,842,64,4,0,1,0,0.0,0
110,narrow,positive,PACER-A,15000,64,10,6,0.0004,6,1.0,1,none,0,0,0,6,6,1.0,0.6236579999949754,7,6,7,7,42,4,1,1,0,0.0,0
110,narrow,positive,PACER-C,15000,64,10,6,0.0004,6,1.0,1,none,0,0,0,6,6,1.0,0.5662270000357239,7,6,7,7,42,4,1,1,0,0.0,0
110,narrow,positive,PACER-X,15000,64,10,6,0.0004,6,1.0,1,none,0,0,0,6,6,1.0,0.5224050000833813,7,6,7,7,42,4,1,1,0,0.0,0
110,narrow,positive,PACER-A-NoSlices,15000,64,10,6,0.0004,1,0.16666666666666666,0,candidate_starvation,0,0,0,1,1,1.0,2.4056290001226444,2400,1,2400,2400,8,8,0,1,0,0.0,1
110,narrow,positive,PACER-A-NoBounds,15000,64,10,6,0.0004,6,1.0,1,none,0,0,0,6,6,1.0,0.34508699991420144,7,6,7,7,42,4,1,1,0,0.0,0
110,narrow,positive,StaleNoRecheck,15000,64,10,6,0.0004,1,0.16666666666666666,0,candidate_starvation,0,0,0,1,1,1.0,1.4715419999902224,2121,1,2121,2121,0,8,0,1,0,0.0,0
110,narrow,positive,NaiveNoPolicy,15000,64,10,6,0.0004,10,0.16666666666666666,0,ranking_truncation,9,2,9,1,10,0.1,0.5538469999919471,2121,2121,2121,0,0,8,0,1,0,0.0,0
111,cold,positive,ExactSecure,15000,64,10,4,0.0002666666666666667,4,1.0,1,none,0,0,0,4,4,1.0,7.789280999986659,15000,4,4,15000,0,0,1,1,0,0.0,0
111,cold,positive,PreFilter-Exact,15000,64,10,4,0.0002666666666666667,4,1.0,1,none,0,0,0,4,4,1.0,7.544265999968047,15000,4,4,15000,0,0,1,1,0,0.0,0
111,cold,positive,BitmapSlice-Exact,15000,64,10,4,0.0002666666666666667,4,1.0,1,none,0,0,0,4,4,1.0,0.08316799994645407,5,4,4,5,0,0,1,1,0,0.0,0
111,cold,positive,ScalarOnly,15000,64,10,4,0.0002666666666666667,4,1.0,0,ranking_truncation,0,0,0,4,4,1.0,7.648674999927607,15000,4,0,15000,0,0,0,1,0,0.0,0
111,cold,positive,PostFilter-IVF,15000,64,10,4,0.0002666666666666667,0,0.0,0,candidate_starvation,0,0,0,0,0,1.0,1.5392400000564521,1831,0,1831,1831,0,8,0,1,0,0.0,0
111,cold,positive,AdaptivePostFilter-IVF,15000,64,10,4,0.0002666666666666667,2,0.5,0,candidate_starvation,0,0,0,2,2,1.0,4.11360699990837,4800,2,4800,4800,0,19,0,1,0,0.0,0
111,cold,positive,ExactPrefix-PostFilter,15000,64,10,4,0.0002666666666666667,2,0.5,0,candidate_starvation,0,0,0,2,2,1.0,3.1152579999798036,2400,2,15000,2400,0,0,0,1,0,0.0,0
111,cold,positive,TenantPartition-IVF,15000,64,10,4,0.0002666666666666667,0,0.0,0,candidate_starvation,0,0,0,0,0,1.0,0.7430799998928705,1831,0,1831,1831,0,8,0,1,0,0.0,0
111,cold,positive,PreFilter-IVF,15000,64,10,4,0.0002666666666666667,4,1.0,1,none,0,0,0,4,4,1.0,1.2254210000719468,1157,4,4,1157,64,4,0,1,0,0.0,0
111,cold,positive,PACER-A,15000,64,10,4,0.0002666666666666667,4,1.0,1,none,0,0,0,4,4,1.0,0.4262039999503031,5,4,5,5,49,4,1,1,0,0.0,0
111,cold,positive,PACER-C,15000,64,10,4,0.0002666666666666667,4,1.0,1,none,0,0,0,4,4,1.0,0.4163450000760349,5,4,5,5,49,4,1,1,0,0.0,0
111,cold,positive,PACER-X,15000,64,10,4,0.0002666666666666667,4,1.0,1,none,0,0,0,4,4,1.0,0.3833989999293408,5,4,5,5,49,4,1,1,0,0.0,0
111,cold,positive,PACER-A-NoSlices,15000,64,10,4,0.0002666666666666667,0,0.0,0,candidate_starvation,0,0,0,0,0,1.0,1.809075999972265,2400,0,2400,2400,11,11,0,1,0,0.0,1
111,cold,positive,PACER-A-NoBounds,15000,64,10,4,0.0002666666666666667,4,1.0,1,none,0,0,0,4,4,1.0,0.3952340000523691,5,4,5,5,51,4,1,1,0,0.0,0
111,cold,positive,StaleNoRecheck,15000,64,10,4,0.0002666666666666667,0,0.0,0,candidate_starvation,0,0,0,0,0,1.0,1.3174099999559985,1831,0,1831,1831,0,8,0,1,0,0.0,0
111,cold,positive,NaiveNoPolicy,15000,64,10,4,0.0002666666666666667,10,0.0,0,ranking_truncation,10,0,10,0,10,0.0,0.4537470001650945,1831,1831,1831,0,0,8,0,1,0,0.0,0
112,broad,positive,ExactSecure,15000,64,10,6688,0.4458666666666667,10,1.0,1,none,0,0,0,10,10,1.0,8.068479000030493,15000,6688,6688,15000,0,0,1,1,0,0.0,0
112,broad,positive,PreFilter-Exact,15000,64,10,6688,0.4458666666666667,10,1.0,1,none,0,0,0,10,10,1.0,8.277752999902077,15000,6688,6688,15000,0,0,1,1,0,0.0,0
112,broad,positive,BitmapSlice-Exact,15000,64,10,6688,0.4458666666666667,10,1.0,1,none,0,0,0,10,10,1.0,16.249802999936946,7229,6688,6688,7229,0,0,1,1,0,0.0,0
112,broad,positive,ScalarOnly,15000,64,10,6688,0.4458666666666667,10,0.0,0,ranking_truncation,0,0,0,10,10,1.0,7.923805000018547,15000,6688,0,15000,0,0,0,1,0,0.0,0
112,broad,positive,PostFilter-IVF,15000,64,10,6688,0.4458666666666667,10,0.9,0,ranking_truncation,0,0,0,10,10,1.0,1.8414290000237088,1914,853,1914,1914,0,8,0,1,0,0.0,0
112,broad,positive,AdaptivePostFilter-IVF,15000,64,10,6688,0.4458666666666667,10,1.0,1,none,0,0,0,10,10,1.0,4.214099000137139,4800,2273,4800,4800,0,19,0,1,0,0.0,0
112,broad,positive,ExactPrefix-PostFilter,15000,64,10,6688,0.4458666666666667,10,1.0,1,none,0,0,0,10,10,1.0,3.6004240000693244,2400,1083,15000,2400,0,0,0,1,0,0.0,0
112,broad,positive,TenantPartition-IVF,15000,64,10,6688,0.4458666666666667,10,0.9,0,ranking_truncation,0,0,0,10,10,1.0,1.400273999934143,1914,853,1914,1914,0,8,0,1,0,0.0,0
112,broad,positive,PreFilter-IVF,15000,64,10,6688,0.4458666666666667,10,0.8,0,ranking_truncation,0,0,0,10,10,1.0,1.6731140001411404,1906,873,873,1906,8,8,0,1,0,0.0,0
112,broad,positive,PACER-A,15000,64,10,6688,0.4458666666666667,10,1.0,1,none,0,0,0,10,10,1.0,7.4535280000418425,2400,2224,2400,2400,19,19,0,1,0,0.6210689544677734,1
112,broad,positive,PACER-C,15000,64,10,6688,0.4458666666666667,10,1.0,1,none,0,0,0,10,10,1.0,22.18382599994584,7229,6688,7229,7229,64,64,1,1,0,0.0,0
112,broad,positive,PACER-X,15000,64,10,6688,0.4458666666666667,10,1.0,1,none,0,0,0,10,10,1.0,22.44075199996587,7229,6688,7229,7229,64,64,1,1,0,0.0,0
112,broad,positive,PACER-A-NoSlices,15000,64,10,6688,0.4458666666666667,10,0.9,0,ranking_truncation,0,0,0,10,10,1.0,2.1502089998648444,2400,1126,2400,2400,10,10,0,1,0,0.6287642419338226,1
112,broad,positive,PACER-A-NoBounds,15000,64,10,6688,0.4458666666666667,10,1.0,1,none,0,0,0,10,10,1.0,10.479135000196038,2400,2222,2400,2400,19,19,0,1,0,0.0,1
112,broad,positive,StaleNoRecheck,15000,64,10,6688,0.4458666666666667,10,0.9,0,ranking_truncation,0,0,0,10,10,1.0,1.4302540000699082,1914,923,1914,1914,0,8,0,1,0,0.0,0
112,broad,positive,NaiveNoPolicy,15000,64,10,6688,0.4458666666666667,10,0.2,0,ranking_truncation,0,0,8,2,10,0.2,0.6304250000539469,1914,1914,1914,0,0,8,0,1,0,0.0,0
113,medium,positive,ExactSecure,15000,64,10,411,0.0274,10,1.0,1,none,0,0,0,10,10,1.0,8.666798999911407,15000,411,411,15000,0,0,1,1,0,0.0,0
113,medium,positive,PreFilter-Exact,15000,64,10,411,0.0274,10,1.0,1,none,0,0,0,10,10,1.0,7.660466000061206,15000,411,411,15000,0,0,1,1,0,0.0,0
113,medium,positive,BitmapSlice-Exact,15000,64,10,411,0.0274,10,1.0,1,none,0,0,0,10,10,1.0,1.1746310001399252,454,411,411,454,0,0,1,1,0,0.0,0
113,medium,positive,ScalarOnly,15000,64,10,411,0.0274,10,0.0,0,ranking_truncation,0,0,0,10,10,1.0,7.946836999963125,15000,411,0,15000,0,0,0,1,0,0.0,0
113,medium,positive,PostFilter-IVF,15000,64,10,411,0.0274,10,0.6,0,ranking_truncation,0,0,0,10,10,1.0,2.271399999926871,2048,63,2048,2048,0,8,0,1,0,0.0,0
113,medium,positive,AdaptivePostFilter-IVF,15000,64,10,411,0.0274,10,1.0,1,none,0,0,0,10,10,1.0,5.493074000014531,4800,172,4800,4800,0,22,0,1,0,0.0,0
113,medium,positive,ExactPrefix-PostFilter,15000,64,10,411,0.0274,10,1.0,1,none,0,0,0,10,10,1.0,3.164929999911692,2400,71,15000,2400,0,0,0,1,0,0.0,0
113,medium,positive,TenantPartition-IVF,15000,64,10,411,0.0274,10,0.6,0,ranking_truncation,0,0,0,10,10,1.0,1.0192459999416315,2048,63,2048,2048,0,8,0,1,0,0.0,0
113,medium,positive,PreFilter-IVF,15000,64,10,411,0.0274,10,0.6,0,ranking_truncation,0,0,0,10,10,1.0,1.5032850001261977,2043,68,68,2043,8,8,0,1,0,0.0,0
113,medium,positive,PACER-A,15000,64,10,411,0.0274,10,1.0,1,none,0,0,0,10,10,1.0,5.181948999961605,454,411,454,454,63,57,1,1,0,0.0,0
113,medium,positive,PACER-C,15000,64,10,411,0.0274,10,1.0,1,none,0,0,0,10,10,1.0,4.923850000068342,454,411,454,454,63,57,1,1,0,0.0,0
113,medium,positive,PACER-X,15000,64,10,411,0.0274,10,1.0,1,none,0,0,0,10,10,1.0,5.177469000045676,454,411,454,454,63,57,1,1,0,0.0,0
113,medium,positive,PACER-A-NoSlices,15000,64,10,411,0.0274,10,0.6,0,ranking_truncation,0,0,0,10,10,1.0,2.0295209999403596,2400,70,2400,2400,11,11,0,1,0,0.7561668902635574,1
113,medium,positive,PACER-A-NoBounds,15000,64,10,411,0.0274,10,1.0,1,none,0,0,0,10,10,1.0,5.155105000085314,454,411,454,454,64,57,1,1,0,0.0,0
113,medium,positive,StaleNoRecheck,15000,64,10,411,0.0274,10,0.6,0,ranking_truncation,0,2,0,8,10,0.8,1.5596190000906063,2048,68,2048,2048,0,8,0,1,0,0.0,0
113,medium,positive,NaiveNoPolicy,15000,64,10,411,0.0274,10,0.1,0,ranking_truncation,6,1,8,1,10,0.1,0.6806819999383151,2048,2048,2048,0,0,8,0,1,0,0.0,0
114,narrow,positive,ExactSecure,15000,64,10,6,0.0004,6,1.0,1,none,0,0,0,6,6,1.0,6.928868999921178,15000,6,6,15000,0,0,1,1,0,0.0,0
114,narrow,positive,PreFilter-Exact,15000,64,10,6,0.0004,6,1.0,1,none,0,0,0,6,6,1.0,6.983292000086294,15000,6,6,15000,0,0,1,1,0,0.0,0
114,narrow,positive,BitmapSlice-Exact,15000,64,10,6,0.0004,6,1.0,1,none,0,0,0,6,6,1.0,0.09906899981615425,6,6,6,6,0,0,1,1,0,0.0,0
114,narrow,positive,ScalarOnly,15000,64,10,6,0.0004,6,1.0,0,ranking_truncation,0,0,0,6,6,1.0,6.968580999910046,15000,6,0,15000,0,0,0,1,0,0.0,0
114,narrow,positive,PostFilter-IVF,15000,64,10,6,0.0004,3,0.5,0,candidate_starvation,0,0,0,3,3,1.0,1.119840999990629,1507,3,1507,1507,0,8,0,1,0,0.0,0
114,narrow,positive,AdaptivePostFilter-IVF,15000,64,10,6,0.0004,4,0.6666666666666666,0,candidate_starvation,0,0,0,4,4,1.0,4.065558000093006,4800,4,4800,4800,0,23,0,1,0,0.0,0
114,narrow,positive,ExactPrefix-PostFilter,15000,64,10,6,0.0004,5,0.8333333333333334,0,candidate_starvation,0,0,0,5,5,1.0,3.4103049999885116,2400,5,15000,2400,0,0,0,1,0,0.0,0
114,narrow,positive,TenantPartition-IVF,15000,64,10,6,0.0004,3,0.5,0,candidate_starvation,0,0,0,3,3,1.0,0.6012059998283803,1507,3,1507,1507,0,8,0,1,0,0.0,0
114,narrow,positive,PreFilter-IVF,15000,64,10,6,0.0004,6,1.0,1,none,0,0,0,6,6,1.0,0.9766780001427833,839,6,6,839,64,3,0,1,0,0.0,0
114,narrow,positive,PACER-A,15000,64,10,6,0.0004,6,1.0,1,none,0,0,0,6,6,1.0,0.4044229999635718,6,6,6,6,45,3,1,1,0,0.0,0
114,narrow,positive,PACER-C,15000,64,10,6,0.0004,6,1.0,1,none,0,0,0,6,6,1.0,0.3046010001526156,6,6,6,6,45,3,1,1,0,0.0,0
114,narrow,positive,PACER-X,15000,64,10,6,0.0004,6,1.0,1,none,0,0,0,6,6,1.0,0.32847300008143065,6,6,6,6,45,3,1,1,0,0.0,0
114,narrow,positive,PACER-A-NoSlices,15000,64,10,6,0.0004,3,0.5,0,candidate_starvation,0,0,0,3,3,1.0,1.71343900001375,2400,3,2400,2400,13,13,0,1,0,0.0,1
114,narrow,positive,PACER-A-NoBounds,15000,64,10,6,0.0004,6,1.0,1,none,0,0,0,6,6,1.0,0.2862540000023728,6,6,6,6,45,3,1,1,0,0.0,0
114,narrow,positive,StaleNoRecheck,15000,64,10,6,0.0004,3,0.5,0,candidate_starvation,0,0,0,3,3,1.0,1.0272580000219023,1507,3,1507,1507,0,8,0,1,0,0.0,0
114,narrow,positive,NaiveNoPolicy,15000,64,10,6,0.0004,10,0.16666666666666666,0,ranking_truncation,8,1,8,1,10,0.1,0.36266899996917346,1507,1507,1507,0,0,8,0,1,0,0.0,0
115,cold,positive,ExactSecure,15000,64,10,1,6.666666666666667e-05,1,1.0,1,none,0,0,0,1,1,1.0,7.90705400004299,15000,1,1,15000,0,0,1,1,0,0.0,0
115,cold,positive,PreFilter-Exact,15000,64,10,1,6.666666666666667e-05,1,1.0,1,none,0,0,0,1,1,1.0,7.652578000033827,15000,1,1,15000,0,0,1,1,0,0.0,0
115,cold,positive,BitmapSlice-Exact,15000,64,10,1,6.666666666666667e-05,1,1.0,1,none,0,0,0,1,1,1.0,0.0708060001670674,1,1,1,1,0,0,1,1,0,0.0,0
115,cold,positive,ScalarOnly,15000,64,10,1,6.666666666666667e-05,1,1.0,1,none,0,0,0,1,1,1.0,7.30737499998213,15000,1,0,15000,0,0,0,1,0,0.0,0
115,cold,positive,PostFilter-IVF,15000,64,10,1,6.666666666666667e-05,1,1.0,1,none,0,0,0,1,1,1.0,1.3396940000802715,1749,1,1749,1749,0,8,0,1,0,0.0,0
115,cold,positive,AdaptivePostFilter-IVF,15000,64,10,1,6.666666666666667e-05,1,1.0,1,none,0,0,0,1,1,1.0,4.486555000084991,4800,1,4800,4800,0,21,0,1,0,0.0,0
115,cold,positive,ExactPrefix-PostFilter,15000,64,10,1,6.666666666666667e-05,1,1.0,1,none,0,0,0,1,1,1.0,3.4259169999586447,2400,1,15000,2400,0,0,0,1,0,0.0,0
115,cold,positive,TenantPartition-IVF,15000,64,10,1,6.666666666666667e-05,1,1.0,1,none,0,0,0,1,1,1.0,0.8467620000374154,1749,1,1749,1749,0,8,0,1,0,0.0,0
115,cold,positive,PreFilter-IVF,15000,64,10,1,6.666666666666667e-05,1,1.0,1,none,0,0,0,1,1,1.0,0.7163200000377401,178,1,1,178,64,1,0,1,0,0.0,0
115,cold,positive,PACER-A,15000,64,10,1,6.666666666666667e-05,1,1.0,1,none,0,0,0,1,1,1.0,0.29645599988725735,1,1,1,1,5,1,1,1,0,0.0,0
115,cold,positive,PACER-C,15000,64,10,1,6.666666666666667e-05,1,1.0,1,none,0,0,0,1,1,1.0,0.19903199995496834,1,1,1,1,5,1,1,1,0,0.0,0
115,cold,positive,PACER-X,15000,64,10,1,6.666666666666667e-05,1,1.0,1,none,0,0,0,1,1,1.0,0.1647039998715627,1,1,1,1,5,1,1,1,0,0.0,0
115,cold,positive,PACER-A-NoSlices,15000,64,10,1,6.666666666666667e-05,1,1.0,1,none,0,0,0,1,1,1.0,2.0496359998105618,2400,1,2400,2400,12,12,0,1,0,0.0,1
115,cold,positive,PACER-A-NoBounds,15000,64,10,1,6.666666666666667e-05,1,1.0,1,none,0,0,0,1,1,1.0,0.18430799991620006,1,1,1,1,2,1,1,1,0,0.0,0
115,cold,positive,StaleNoRecheck,15000,64,10,1,6.666666666666667e-05,1,1.0,1,none,0,0,0,1,1,1.0,1.3082709999707731,1749,1,1749,1749,0,8,0,1,0,0.0,0
115,cold,positive,NaiveNoPolicy,15000,64,10,1,6.666666666666667e-05,10,1.0,0,ranking_truncation,9,0,9,1,10,0.1,0.5927689999225549,1749,1749,1749,0,0,8,0,1,0,0.0,0
116,broad,positive,ExactSecure,15000,64,10,7009,0.46726666666666666,10,1.0,1,none,0,0,0,10,10,1.0,8.789041999989422,15000,7009,7009,15000,0,0,1,1,0,0.0,0
116,broad,positive,PreFilter-Exact,15000,64,10,7009,0.46726666666666666,10,1.0,1,none,0,0,0,10,10,1.0,8.10343299986016,15000,7009,7009,15000,0,0,1,1,0,0.0,0
116,broad,positive,BitmapSlice-Exact,15000,64,10,7009,0.46726666666666666,10,1.0,1,none,0,0,0,10,10,1.0,16.824373999952513,7592,7009,7009,7592,0,0,1,1,0,0.0,0
116,broad,positive,ScalarOnly,15000,64,10,7009,0.46726666666666666,10,0.0,0,ranking_truncation,0,0,0,10,10,1.0,7.331804999921587,15000,7009,0,15000,0,0,0,1,0,0.0,0
116,broad,positive,PostFilter-IVF,15000,64,10,7009,0.46726666666666666,10,1.0,1,none,0,0,0,10,10,1.0,1.091658999939682,1239,679,1239,1239,0,8,0,1,0,0.0,0
116,broad,positive,AdaptivePostFilter-IVF,15000,64,10,7009,0.46726666666666666,10,1.0,1,none,0,0,0,10,10,1.0,6.53447500008042,4800,2137,4800,4800,0,23,0,1,0,0.0,0
116,broad,positive,ExactPrefix-PostFilter,15000,64,10,7009,0.46726666666666666,10,1.0,1,none,0,0,0,10,10,1.0,3.585823000094024,2400,1158,15000,2400,0,0,0,1,0,0.0,0
116,broad,positive,TenantPartition-IVF,15000,64,10,7009,0.46726666666666666,10,1.0,1,none,0,0,0,10,10,1.0,0.8946640000431216,1239,679,1239,1239,0,8,0,1,0,0.0,0
116,broad,positive,PreFilter-IVF,15000,64,10,7009,0.46726666666666666,10,1.0,1,none,0,0,0,10,10,1.0,1.919550999900821,1483,790,790,1483,8,8,0,1,0,0.0,0
116,broad,positive,PACER-A,15000,64,10,7009,0.46726666666666666,10,1.0,1,none,0,0,0,10,10,1.0,7.293476999848281,2400,2205,2400,2400,24,24,0,1,0,0.5506502985954285,1
116,broad,positive,PACER-C,15000,64,10,7009,0.46726666666666666,10,1.0,1,none,0,0,0,10,10,1.0,20.943242999919676,7592,7009,7592,7592,64,64,1,1,0,0.0,0
116,broad,positive,PACER-X,15000,64,10,7009,0.46726666666666666,10,1.0,1,none,0,0,0,10,10,1.0,21.264769000026718,7592,7009,7592,7592,64,64,1,1,0,0.0,0
116,broad,positive,PACER-A-NoSlices,15000,64,10,7009,0.46726666666666666,10,1.0,1,none,0,0,0,10,10,1.0,2.08901800010608,2400,1076,2400,2400,12,12,0,1,0,0.5633090734481812,1
116,broad,positive,PACER-A-NoBounds,15000,64,10,7009,0.46726666666666666,10,1.0,1,none,0,0,0,10,10,1.0,7.475326999838217,2400,2207,2400,2400,24,24,0,1,0,0.0,1
116,broad,positive,StaleNoRecheck,15000,64,10,7009,0.46726666666666666,10,0.9,0,ranking_truncation,0,1,0,9,10,0.9,0.9327660000053584,1239,719,1239,1239,0,8,0,1,0,0.0,0
116,broad,positive,NaiveNoPolicy,15000,64,10,7009,0.46726666666666666,10,0.9,0,ranking_truncation,0,1,0,9,10,0.9,0.2808710000863357,1239,1239,1239,0,0,8,0,1,0,0.0,0
117,medium,positive,ExactSecure,15000,64,10,453,0.0302,10,1.0,1,none,0,0,0,10,10,1.0,7.32293999999456,15000,453,453,15000,0,0,1,1,0,0.0,0
117,medium,positive,PreFilter-Exact,15000,64,10,453,0.0302,10,1.0,1,none,0,0,0,10,10,1.0,7.534176000035586,15000,453,453,15000,0,0,1,1,0,0.0,0
117,medium,positive,BitmapSlice-Exact,15000,64,10,453,0.0302,10,1.0,1,none,0,0,0,10,10,1.0,1.3027529998907994,502,453,453,502,0,0,1,1,0,0.0,0
117,medium,positive,ScalarOnly,15000,64,10,453,0.0302,10,0.0,0,ranking_truncation,0,0,0,10,10,1.0,7.38474599984329,15000,453,0,15000,0,0,0,1,0,0.0,0
117,medium,positive,PostFilter-IVF,15000,64,10,453,0.0302,10,0.5,0,ranking_truncation,0,0,0,10,10,1.0,1.338456999974369,1753,36,1753,1753,0,8,0,1,0,0.0,0
117,medium,positive,AdaptivePostFilter-IVF,15000,64,10,453,0.0302,10,0.8,0,ranking_truncation,0,0,0,10,10,1.0,3.784488000064812,4800,124,4800,4800,0,21,0,1,0,0.0,0
117,medium,positive,ExactPrefix-PostFilter,15000,64,10,453,0.0302,10,1.0,1,none,0,0,0,10,10,1.0,3.2738209999934043,2400,63,15000,2400,0,0,0,1,0,0.0,0
117,medium,positive,TenantPartition-IVF,15000,64,10,453,0.0302,10,0.5,0,ranking_truncation,0,0,0,10,10,1.0,0.8554370001547795,1753,36,1753,1753,0,8,0,1,0,0.0,0
117,medium,positive,PreFilter-IVF,15000,64,10,453,0.0302,10,0.5,0,ranking_truncation,0,0,0,10,10,1.0,1.693247000048359,2122,43,43,2122,10,8,0,1,0,0.0,0
117,medium,positive,PACER-A,15000,64,10,453,0.0302,10,1.0,1,none,0,0,0,10,10,1.0,5.256808000012825,502,453,502,502,64,59,1,1,0,0.0,0
117,medium,positive,PACER-C,15000,64,10,453,0.0302,10,1.0,1,none,0,0,0,10,10,1.0,4.931019999958153,502,453,502,502,64,59,1,1,0,0.0,0
117,medium,positive,PACER-X,15000,64,10,453,0.0302,10,1.0,1,none,0,0,0,10,10,1.0,5.015036000031614,502,453,502,502,64,59,1,1,0,0.0,0
117,medium,positive,PACER-A-NoSlices,15000,64,10,453,0.0302,10,0.5,0,ranking_truncation,0,0,0,10,10,1.0,1.9286920000922692,2400,39,2400,2400,10,10,0,1,0,0.8064511865377426,1
117,medium,positive,PACER-A-NoBounds,15000,64,10,453,0.0302,10,1.0,1,none,0,0,0,10,10,1.0,4.96826400012651,502,453,502,502,64,59,1,1,0,0.0,0
117,medium,positive,StaleNoRecheck,15000,64,10,453,0.0302,10,0.5,0,ranking_truncation,0,2,0,8,10,0.8,1.3432159998956195,1753,42,1753,1753,0,8,0,1,0,0.0,0
117,medium,positive,NaiveNoPolicy,15000,64,10,453,0.0302,10,0.1,0,ranking_truncation,7,1,8,1,10,0.1,0.41794399999162124,1753,1753,1753,0,0,8,0,1,0,0.0,0
118,narrow,positive,ExactSecure,15000,64,10,3,0.0002,3,1.0,1,none,0,0,0,3,3,1.0,7.135321000077965,15000,3,3,15000,0,0,1,1,0,0.0,0
118,narrow,positive,PreFilter-Exact,15000,64,10,3,0.0002,3,1.0,1,none,0,0,0,3,3,1.0,6.99591599982341,15000,3,3,15000,0,0,1,1,0,0.0,0
118,narrow,positive,BitmapSlice-Exact,15000,64,10,3,0.0002,3,1.0,1,none,0,0,0,3,3,1.0,0.07983400018929387,4,3,3,4,0,0,1,1,0,0.0,0
118,narrow,positive,ScalarOnly,15000,64,10,3,0.0002,3,1.0,0,ranking_truncation,0,0,0,3,3,1.0,7.401490000120248,15000,3,0,15000,0,0,0,1,0,0.0,0
118,narrow,positive,PostFilter-IVF,15000,64,10,3,0.0002,1,0.3333333333333333,0,candidate_starvation,0,0,0,1,1,1.0,1.5313520000290737,2069,1,2069,2069,0,8,0,1,0,0.0,0
118,narrow,positive,AdaptivePostFilter-IVF,15000,64,10,3,0.0002,1,0.3333333333333333,0,candidate_starvation,0,0,0,1,1,1.0,4.030504999946061,4800,1,4800,4800,0,21,0,1,0,0.0,0
118,narrow,positive,ExactPrefix-PostFilter,15000,64,10,3,0.0002,1,0.3333333333333333,0,candidate_starvation,0,0,0,1,1,1.0,2.9983490001086466,2400,1,15000,2400,0,0,0,1,0,0.0,0
118,narrow,positive,TenantPartition-IVF,15000,64,10,3,0.0002,1,0.3333333333333333,0,candidate_starvation,0,0,0,1,1,1.0,0.9414480000486947,2069,1,2069,2069,0,8,0,1,0,0.0,0
118,narrow,positive,PreFilter-IVF,15000,64,10,3,0.0002,3,1.0,1,none,0,0,0,3,3,1.0,1.0822709998592472,1028,3,3,1028,64,4,0,1,0,0.0,0
118,narrow,positive,PACER-A,15000,64,10,3,0.0002,3,1.0,1,none,0,0,0,3,3,1.0,0.38219599991862196,4,3,4,4,62,4,1,1,0,0.0,0
118,narrow,positive,PACER-C,15000,64,10,3,0.0002,3,1.0,1,none,0,0,0,3,3,1.0,0.32205999991674616,4,3,4,4,62,4,1,1,0,0.0,0
118,narrow,positive,PACER-X,15000,64,10,3,0.0002,3,1.0,1,none,0,0,0,3,3,1.0,0.3983830001743627,4,3,4,4,62,4,1,1,0,0.0,0
118,narrow,positive,PACER-A-NoSlices,15000,64,10,3,0.0002,1,0.3333333333333333,0,candidate_starvation,0,0,0,1,1,1.0,1.5931339999042393,2400,1,2400,2400,10,10,0,1,0,0.0,1
118,narrow,positive,PACER-A-NoBounds,15000,64,10,3,0.0002,3,1.0,1,none,0,0,0,3,3,1.0,0.3561099999842554,4,3,4,4,60,4,1,1,0,0.0,0
118,narrow,positive,StaleNoRecheck,15000,64,10,3,0.0002,1,0.3333333333333333,0,candidate_starvation,0,0,0,1,1,1.0,1.4294190000327944,2069,1,2069,2069,0,8,0,1,0,0.0,0
118,narrow,positive,NaiveNoPolicy,15000,64,10,3,0.0002,10,0.3333333333333333,0,ranking_truncation,9,0,9,1,10,0.1,0.45208099982119165,2069,2069,2069,0,0,8,0,1,0,0.0,0
119,cold,positive,ExactSecure,15000,64,10,3,0.0002,3,1.0,1,none,0,0,0,3,3,1.0,7.188462999920375,15000,3,3,15000,0,0,1,1,0,0.0,0
119,cold,positive,PreFilter-Exact,15000,64,10,3,0.0002,3,1.0,1,none,0,0,0,3,3,1.0,7.325434999984282,15000,3,3,15000,0,0,1,1,0,0.0,0
119,cold,positive,BitmapSlice-Exact,15000,64,10,3,0.0002,3,1.0,1,none,0,0,0,3,3,1.0,0.11607100009314308,3,3,3,3,0,0,1,1,0,0.0,0
119,cold,positive,ScalarOnly,15000,64,10,3,0.0002,3,1.0,0,ranking_truncation,0,0,0,3,3,1.0,7.175019000214888,15000,3,0,15000,0,0,0,1,0,0.0,0
119,cold,positive,PostFilter-IVF,15000,64,10,3,0.0002,1,0.3333333333333333,0,candidate_starvation,0,0,0,1,1,1.0,1.4637159999892901,1955,1,1955,1955,0,8,0,1,0,0.0,0
119,cold,positive,AdaptivePostFilter-IVF,15000,64,10,3,0.0002,1,0.3333333333333333,0,candidate_starvation,0,0,0,1,1,1.0,3.7598809999508376,4800,1,4800,4800,0,20,0,1,0,0.0,0
119,cold,positive,ExactPrefix-PostFilter,15000,64,10,3,0.0002,1,0.3333333333333333,0,candidate_starvation,0,0,0,1,1,1.0,3.151698000010583,2400,1,15000,2400,0,0,0,1,0,0.0,0
119,cold,positive,TenantPartition-IVF,15000,64,10,3,0.0002,1,0.3333333333333333,0,candidate_starvation,0,0,0,1,1,1.0,0.8007159999579017,1955,1,1955,1955,0,8,0,1,0,0.0,0
119,cold,positive,PreFilter-IVF,15000,64,10,3,0.0002,3,1.0,1,none,0,0,0,3,3,1.0,0.8935899998050445,671,3,3,671,64,3,0,1,0,0.0,0
119,cold,positive,PACER-A,15000,64,10,3,0.0002,3,1.0,1,none,0,0,0,3,3,1.0,0.35853099984706205,3,3,3,3,53,3,1,1,0,0.0,0
119,cold,positive,PACER-C,15000,64,10,3,0.0002,3,1.0,1,none,0,0,0,3,3,1.0,0.28289700003369944,3,3,3,3,53,3,1,1,0,0.0,0
119,cold,positive,PACER-X,15000,64,10,3,0.0002,3,1.0,1,none,0,0,0,3,3,1.0,0.25843699995675706,3,3,3,3,53,3,1,1,0,0.0,0
119,cold,positive,PACER-A-NoSlices,15000,64,10,3,0.0002,1,0.3333333333333333,0,candidate_starvation,0,0,0,1,1,1.0,1.6510150001067814,2400,1,2400,2400,11,11,0,1,0,0.0,1
119,cold,positive,PACER-A-NoBounds,15000,64,10,3,0.0002,3,1.0,1,none,0,0,0,3,3,1.0,0.2745069998582039,3,3,3,3,57,3,1,1,0,0.0,0
119,cold,positive,StaleNoRecheck,15000,64,10,3,0.0002,1,0.3333333333333333,0,candidate_starvation,0,0,0,1,1,1.0,1.4611179999519663,1955,1,1955,1955,0,8,0,1,0,0.0,0
119,cold,positive,NaiveNoPolicy,15000,64,10,3,0.0002,10,0.3333333333333333,0,ranking_truncation,9,2,8,1,10,0.1,0.6536490000144113,1955,1955,1955,0,0,8,0,1,0,0.0,0
120,broad,positive,ExactSecure,15000,64,10,6987,0.4658,10,1.0,1,none,0,0,0,10,10,1.0,7.553176999863354,15000,6987,6987,15000,0,0,1,1,0,0.0,0
120,broad,positive,PreFilter-Exact,15000,64,10,6987,0.4658,10,1.0,1,none,0,0,0,10,10,1.0,7.53851600006783,15000,6987,6987,15000,0,0,1,1,0,0.0,0
120,broad,positive,BitmapSlice-Exact,15000,64,10,6987,0.4658,10,1.0,1,none,0,0,0,10,10,1.0,15.71786899990002,7567,6987,6987,7567,0,0,1,1,0,0.0,0
120,broad,positive,ScalarOnly,15000,64,10,6987,0.4658,10,0.0,0,ranking_truncation,0,0,0,10,10,1.0,7.047166999882393,15000,6987,0,15000,0,0,0,1,0,0.0,0
120,broad,positive,PostFilter-IVF,15000,64,10,6987,0.4658,10,0.7,0,ranking_truncation,0,0,0,10,10,1.0,1.349198999832879,1714,751,1714,1714,0,8,0,1,0,0.0,0
120,broad,positive,AdaptivePostFilter-IVF,15000,64,10,6987,0.4658,10,0.8,0,ranking_truncation,0,0,0,10,10,1.0,4.092959999979939,4800,2088,4800,4800,0,23,0,1,0,0.0,0
120,broad,positive,ExactPrefix-PostFilter,15000,64,10,6987,0.4658,10,1.0,1,none,0,0,0,10,10,1.0,3.0680479999318777,2400,1084,15000,2400,0,0,0,1,0,0.0,0
120,broad,positive,TenantPartition-IVF,15000,64,10,6987,0.4658,10,0.7,0,ranking_truncation,0,0,0,10,10,1.0,1.150680000137072,1714,751,1714,1714,0,8,0,1,0,0.0,0
120,broad,positive,PreFilter-IVF,15000,64,10,6987,0.4658,10,0.7,0,ranking_truncation,0,0,0,10,10,1.0,1.712234000024182,1778,714,714,1778,8,8,0,1,0,0.0,0
120,broad,positive,PACER-A,15000,64,10,6987,0.4658,10,0.7,0,ranking_truncation,0,0,0,10,10,1.0,7.159408999996231,2400,2215,2400,2400,24,24,0,1,0,0.6318885087966919,1
120,broad,positive,PACER-C,15000,64,10,6987,0.4658,10,1.0,1,none,0,0,0,10,10,1.0,21.405014000038136,7567,6987,7567,7567,64,64,1,1,0,0.0,0
120,broad,positive,PACER-X,15000,64,10,6987,0.4658,10,1.0,1,none,0,0,0,10,10,1.0,21.222424000143292,7567,6987,7567,7567,64,64,1,1,0,0.0,0
120,broad,positive,PACER-A-NoSlices,15000,64,10,6987,0.4658,10,0.7,0,ranking_truncation,0,0,0,10,10,1.0,2.4607909999758704,2400,925,2400,2400,11,11,0,1,0,0.6449486017227173,1
120,broad,positive,PACER-A-NoBounds,15000,64,10,6987,0.4658,10,0.8,0,ranking_truncation,0,0,0,10,10,1.0,7.645670000101745,2400,2204,2400,2400,24,24,0,1,0,0.0,1
120,broad,positive,StaleNoRecheck,15000,64,10,6987,0.4658,10,0.7,0,ranking_truncation,0,0,0,10,10,1.0,1.4288609997947788,1714,825,1714,1714,0,8,0,1,0,0.0,0
120,broad,positive,NaiveNoPolicy,15000,64,10,6987,0.4658,10,0.6,0,ranking_truncation,0,0,4,6,10,0.6,0.4186290000234294,1714,1714,1714,0,0,8,0,1,0,0.0,0
121,medium,positive,ExactSecure,15000,64,10,346,0.023066666666666666,10,1.0,1,none,0,0,0,10,10,1.0,7.668578999982856,15000,346,346,15000,0,0,1,1,0,0.0,0
121,medium,positive,PreFilter-Exact,15000,64,10,346,0.023066666666666666,10,1.0,1,none,0,0,0,10,10,1.0,7.489456000030259,15000,346,346,15000,0,0,1,1,0,0.0,0
121,medium,positive,BitmapSlice-Exact,15000,64,10,346,0.023066666666666666,10,1.0,1,none,0,0,0,10,10,1.0,0.9317239998836158,367,346,346,367,0,0,1,1,0,0.0,0
121,medium,positive,ScalarOnly,15000,64,10,346,0.023066666666666666,10,0.0,0,ranking_truncation,0,0,0,10,10,1.0,7.1715750000294065,15000,346,0,15000,0,0,0,1,0,0.0,0
121,medium,positive,PostFilter-IVF,15000,64,10,346,0.023066666666666666,10,0.5,0,ranking_truncation,0,0,0,10,10,1.0,1.2403769999309588,1666,43,1666,1666,0,8,0,1,0,0.0,0
121,medium,positive,AdaptivePostFilter-IVF,15000,64,10,346,0.023066666666666666,10,0.7,0,ranking_truncation,0,0,0,10,10,1.0,3.6696120000669907,4800,107,4800,4800,0,20,0,1,0,0.0,0
121,medium,positive,ExactPrefix-PostFilter,15000,64,10,346,0.023066666666666666,10,1.0,1,none,0,0,0,10,10,1.0,3.021210000042629,2400,67,15000,2400,0,0,0,1,0,0.0,0
121,medium,positive,TenantPartition-IVF,15000,64,10,346,0.023066666666666666,10,0.5,0,ranking_truncation,0,0,0,10,10,1.0,0.8037369998419308,1666,43,1666,1666,0,8,0,1,0,0.0,0
121,medium,positive,PreFilter-IVF,15000,64,10,346,0.023066666666666666,10,0.5,0,ranking_truncation,0,0,0,10,10,1.0,1.6608519999863347,1890,50,50,1890,8,8,0,1,0,0.0,0
121,medium,positive,PACER-A,15000,64,10,346,0.023066666666666666,10,1.0,1,none,0,0,0,10,10,1.0,4.53047099995274,367,346,367,367,64,55,1,1,0,0.0,0
121,medium,positive,PACER-C,15000,64,10,346,0.023066666666666666,10,1.0,1,none,0,0,0,10,10,1.0,4.415716000039538,367,346,367,367,64,55,1,1,0,0.0,0
121,medium,positive,PACER-X,15000,64,10,346,0.023066666666666666,10,1.0,1,none,0,0,0,10,10,1.0,5.197776999921189,367,346,367,367,64,55,1,1,0,0.0,0
121,medium,positive,PACER-A-NoSlices,15000,64,10,346,0.023066666666666666,10,0.5,0,ranking_truncation,0,0,0,10,10,1.0,2.045120000047973,2400,72,2400,2400,11,11,0,1,0,0.8016818165779114,1
121,medium,positive,PACER-A-NoBounds,15000,64,10,346,0.023066666666666666,10,1.0,1,none,0,0,0,10,10,1.0,4.8656820001724554,367,346,367,367,64,55,1,1,0,0.0,0
121,medium,positive,StaleNoRecheck,15000,64,10,346,0.023066666666666666,10,0.5,0,ranking_truncation,0,1,0,9,10,0.9,1.2007060001906211,1666,45,1666,1666,0,8,0,1,0,0.0,0
121,medium,positive,NaiveNoPolicy,15000,64,10,346,0.023066666666666666,10,0.2,0,ranking_truncation,8,0,7,2,10,0.2,0.41134499997497187,1666,1666,1666,0,0,8,0,1,0,0.0,0
122,narrow,positive,ExactSecure,15000,64,10,14,0.0009333333333333333,10,1.0,1,none,0,0,0,10,10,1.0,7.049875999882715,15000,14,14,15000,0,0,1,1,0,0.0,0
122,narrow,positive,PreFilter-Exact,15000,64,10,14,0.0009333333333333333,10,1.0,1,none,0,0,0,10,10,1.0,7.23164199985149,15000,14,14,15000,0,0,1,1,0,0.0,0
122,narrow,positive,BitmapSlice-Exact,15000,64,10,14,0.0009333333333333333,10,1.0,1,none,0,0,0,10,10,1.0,0.16157699997165764,14,14,14,14,0,0,1,1,0,0.0,0
122,narrow,positive,ScalarOnly,15000,64,10,14,0.0009333333333333333,10,0.6,0,ranking_truncation,0,0,0,10,10,1.0,7.320273000004818,15000,14,0,15000,0,0,0,1,0,0.0,0
122,narrow,positive,PostFilter-IVF,15000,64,10,14,0.0009333333333333333,10,1.0,1,none,0,0,0,10,10,1.0,1.4034119999450922,1747,12,1747,1747,0,8,0,1,0,0.0,0
122,narrow,positive,AdaptivePostFilter-IVF,15000,64,10,14,0.0009333333333333333,10,1.0,1,none,0,0,0,10,10,1.0,4.089423000095849,4800,12,4800,4800,0,21,0,1,0,0.0,0
122,narrow,positive,ExactPrefix-PostFilter,15000,64,10,14,0.0009333333333333333,7,0.7,0,candidate_starvation,0,0,0,7,7,1.0,3.0840040001294255,2400,7,15000,2400,0,0,0,1,0,0.0,0
122,narrow,positive,TenantPartition-IVF,15000,64,10,14,0.0009333333333333333,10,1.0,1,none,0,0,0,10,10,1.0,0.7868139998663537,1747,12,1747,1747,0,8,0,1,0,0.0,0
122,narrow,positive,PreFilter-IVF,15000,64,10,14,0.0009333333333333333,10,1.0,1,none,0,0,0,10,10,1.0,1.2368209997930535,1241,14,14,1241,64,4,0,1,0,0.0,0
122,narrow,positive,PACER-A,15000,64,10,14,0.0009333333333333333,10,1.0,1,none,0,0,0,10,10,1.0,0.48642700016898743,14,14,14,14,63,4,1,1,0,0.0,0
122,narrow,positive,PACER-C,15000,64,10,14,0.0009333333333333333,10,1.0,1,none,0,0,0,10,10,1.0,0.41147000001728884,14,14,14,14,63,4,1,1,0,0.0,0
122,narrow,positive,PACER-X,15000,64,10,14,0.0009333333333333333,10,1.0,1,none,0,0,0,10,10,1.0,0.39315399999395595,14,14,14,14,63,4,1,1,0,0.0,0
122,narrow,positive,PACER-A-NoSlices,15000,64,10,14,0.0009333333333333333,10,1.0,1,none,0,0,0,10,10,1.0,1.7055819998859079,2400,12,2400,2400,12,12,0,1,0,0.9261662065982819,1
122,narrow,positive,PACER-A-NoBounds,15000,64,10,14,0.0009333333333333333,10,1.0,1,none,0,0,0,10,10,1.0,0.4984940001122595,14,14,14,14,64,4,1,1,0,0.0,0
122,narrow,positive,StaleNoRecheck,15000,64,10,14,0.0009333333333333333,10,1.0,1,none,0,0,0,10,10,1.0,1.203492000058759,1747,12,1747,1747,0,8,0,1,0,0.0,0
122,narrow,positive,NaiveNoPolicy,15000,64,10,14,0.0009333333333333333,10,0.1,0,ranking_truncation,9,0,8,1,10,0.1,0.45317800004340825,1747,1747,1747,0,0,8,0,1,0,0.0,0
123,cold,positive,ExactSecure,15000,64,10,2,0.00013333333333333334,2,1.0,1,none,0,0,0,2,2,1.0,7.320972999877995,15000,2,2,15000,0,0,1,1,0,0.0,0
123,cold,positive,PreFilter-Exact,15000,64,10,2,0.00013333333333333334,2,1.0,1,none,0,0,0,2,2,1.0,7.264083000109167,15000,2,2,15000,0,0,1,1,0,0.0,0
123,cold,positive,BitmapSlice-Exact,15000,64,10,2,0.00013333333333333334,2,1.0,1,none,0,0,0,2,2,1.0,0.07578000008834351,2,2,2,2,0,0,1,1,0,0.0,0
123,cold,positive,ScalarOnly,15000,64,10,2,0.00013333333333333334,2,1.0,1,none,0,0,0,2,2,1.0,7.017169999926409,15000,2,0,15000,0,0,0,1,0,0.0,0
123,cold,positive,PostFilter-IVF,15000,64,10,2,0.00013333333333333334,1,0.5,0,candidate_starvation,0,0,0,1,1,1.0,1.8081700000038836,2330,1,2330,2330,0,8,0,1,0,0.0,0
123,cold,positive,AdaptivePostFilter-IVF,15000,64,10,2,0.00013333333333333334,1,0.5,0,candidate_starvation,0,0,0,1,1,1.0,3.5152259999904345,4800,1,4800,4800,0,19,0,1,0,0.0,0
123,cold,positive,ExactPrefix-PostFilter,15000,64,10,2,0.00013333333333333334,1,0.5,0,candidate_starvation,0,0,0,1,1,1.0,3.03591800002323,2400,1,15000,2400,0,0,0,1,0,0.0,0
123,cold,positive,TenantPartition-IVF,15000,64,10,2,0.00013333333333333334,1,0.5,0,candidate_starvation,0,0,0,1,1,1.0,0.9117130000504403,2330,1,2330,2330,0,8,0,1,0,0.0,0
123,cold,positive,PreFilter-IVF,15000,64,10,2,0.00013333333333333334,2,1.0,1,none,0,0,0,2,2,1.0,0.9115189998283313,745,2,2,745,64,2,0,1,0,0.0,0
123,cold,positive,PACER-A,15000,64,10,2,0.00013333333333333334,2,1.0,1,none,0,0,0,2,2,1.0,0.27891199988516746,2,2,2,2,25,2,1,1,0,0.0,0
123,cold,positive,PACER-C,15000,64,10,2,0.00013333333333333334,2,1.0,1,none,0,0,0,2,2,1.0,0.22541700013789523,2,2,2,2,25,2,1,1,0,0.0,0
123,cold,positive,PACER-X,15000,64,10,2,0.00013333333333333334,2,1.0,1,none,0,0,0,2,2,1.0,0.21396600004663924,2,2,2,2,25,2,1,1,0,0.0,0
123,cold,positive,PACER-A-NoSlices,15000,64,10,2,0.00013333333333333334,1,0.5,0,candidate_starvation,0,0,0,1,1,1.0,1.5729899998859764,2400,1,2400,2400,9,9,0,1,0,0.0,1
123,cold,positive,PACER-A-NoBounds,15000,64,10,2,0.00013333333333333334,2,1.0,1,none,0,0,0,2,2,1.0,0.31452899997930217,2,2,2,2,23,2,1,1,0,0.0,0
123,cold,positive,StaleNoRecheck,15000,64,10,2,0.00013333333333333334,1,0.5,0,candidate_starvation,0,0,0,1,1,1.0,1.5207799999643612,2330,1,2330,2330,0,8,0,1,0,0.0,0
123,cold,positive,NaiveNoPolicy,15000,64,10,2,0.00013333333333333334,10,0.5,0,ranking_truncation,9,1,7,1,10,0.1,0.5359550000321178,2330,2330,2330,0,0,8,0,1,0,0.0,0
124,broad,positive,ExactSecure,15000,64,10,6655,0.44366666666666665,10,1.0,1,none,0,0,0,10,10,1.0,7.622237000077803,15000,6655,6655,15000,0,0,1,1,0,0.0,0
124,broad,positive,PreFilter-Exact,15000,64,10,6655,0.44366666666666665,10,1.0,1,none,0,0,0,10,10,1.0,8.13879900010761,15000,6655,6655,15000,0,0,1,1,0,0.0,0
124,broad,positive,BitmapSlice-Exact,15000,64,10,6655,0.44366666666666665,10,1.0,1,none,0,0,0,10,10,1.0,16.274999999950523,7375,6655,6655,7375,0,0,1,1,0,0.0,0
124,broad,positive,ScalarOnly,15000,64,10,6655,0.44366666666666665,10,0.0,0,ranking_truncation,0,0,0,10,10,1.0,7.31157399991389,15000,6655,0,15000,0,0,0,1,0,0.0,0
124,broad,positive,PostFilter-IVF,15000,64,10,6655,0.44366666666666665,10,0.8,0,ranking_truncation,0,0,0,10,10,1.0,1.5528420001373888,1974,1032,1974,1974,0,8,0,1,0,0.0,0
124,broad,positive,AdaptivePostFilter-IVF,15000,64,10,6655,0.44366666666666665,10,1.0,1,none,0,0,0,10,10,1.0,4.1547739999714395,4800,2224,4800,4800,0,21,0,1,0,0.0,0
124,broad,positive,ExactPrefix-PostFilter,15000,64,10,6655,0.44366666666666665,10,1.0,1,none,0,0,0,10,10,1.0,3.4860319999552303,2400,1139,15000,2400,0,0,0,1,0,0.0,0
124,broad,positive,TenantPartition-IVF,15000,64,10,6655,0.44366666666666665,10,0.8,0,ranking_truncation,0,0,0,10,10,1.0,1.5964540000368288,1974,1032,1974,1974,0,8,0,1,0,0.0,0
124,broad,positive,PreFilter-IVF,15000,64,10,6655,0.44366666666666665,10,0.8,0,ranking_truncation,0,0,0,10,10,1.0,1.8442719999711699,2081,1096,1096,2081,8,8,0,1,0,0.0,0
124,broad,positive,PACER-A,15000,64,10,6655,0.44366666666666665,10,1.0,1,none,0,0,0,10,10,1.0,7.360097999935533,2400,2176,2400,2400,20,20,0,1,0,0.6091920733451843,1
124,broad,positive,PACER-C,15000,64,10,6655,0.44366666666666665,10,1.0,1,none,0,0,0,10,10,1.0,21.680819000039264,7375,6655,7375,7375,64,64,1,1,0,0.0,0
124,broad,positive,PACER-X,15000,64,10,6655,0.44366666666666665,10,1.0,1,none,0,0,0,10,10,1.0,20.761558000003788,7375,6655,7375,7375,64,64,1,1,0,0.0,0
124,broad,positive,PACER-A-NoSlices,15000,64,10,6655,0.44366666666666665,10,0.8,0,ranking_truncation,0,0,0,10,10,1.0,2.1215399999618967,2400,1258,2400,2400,11,11,0,1,0,0.6239886283874512,1
124,broad,positive,PACER-A-NoBounds,15000,64,10,6655,0.44366666666666665,10,1.0,1,none,0,0,0,10,10,1.0,8.86166400005095,2400,2173,2400,2400,21,21,0,1,0,0.0,1
124,broad,positive,StaleNoRecheck,15000,64,10,6655,0.44366666666666665,10,0.8,0,ranking_truncation,0,2,0,8,10,0.8,1.5569629999845347,1974,1119,1974,1974,0,8,0,1,0,0.0,0
124,broad,positive,NaiveNoPolicy,15000,64,10,6655,0.44366666666666665,10,0.6,0,ranking_truncation,0,1,3,6,10,0.6,0.46912499988138734,1974,1974,1974,0,0,8,0,1,0,0.0,0
125,medium,positive,ExactSecure,15000,64,10,339,0.0226,10,1.0,1,none,0,0,0,10,10,1.0,7.498163000036584,15000,339,339,15000,0,0,1,1,0,0.0,0
125,medium,positive,PreFilter-Exact,15000,64,10,339,0.0226,10,1.0,1,none,0,0,0,10,10,1.0,7.381944999906409,15000,339,339,15000,0,0,1,1,0,0.0,0
125,medium,positive,BitmapSlice-Exact,15000,64,10,339,0.0226,10,1.0,1,none,0,0,0,10,10,1.0,1.000500000145621,388,339,339,388,0,0,1,1,0,0.0,0
125,medium,positive,ScalarOnly,15000,64,10,339,0.0226,10,0.1,0,ranking_truncation,0,0,0,10,10,1.0,7.508666000148878,15000,339,0,15000,0,0,0,1,0,0.0,0
125,medium,positive,PostFilter-IVF,15000,64,10,339,0.0226,10,0.9,0,ranking_truncation,0,0,0,10,10,1.0,1.2840089998462645,1639,59,1639,1639,0,8,0,1,0,0.0,0
125,medium,positive,AdaptivePostFilter-IVF,15000,64,10,339,0.0226,10,1.0,1,none,0,0,0,10,10,1.0,4.517359000146826,4800,132,4800,4800,0,25,0,1,0,0.0,0
125,medium,positive,ExactPrefix-PostFilter,15000,64,10,339,0.0226,10,1.0,1,none,0,0,0,10,10,1.0,3.216389000044728,2400,71,15000,2400,0,0,0,1,0,0.0,0
125,medium,positive,TenantPartition-IVF,15000,64,10,339,0.0226,10,0.9,0,ranking_truncation,0,0,0,10,10,1.0,0.8025110000744462,1639,59,1639,1639,0,8,0,1,0,0.0,0
125,medium,positive,PreFilter-IVF,15000,64,10,339,0.0226,10,0.9,0,ranking_truncation,0,0,0,10,10,1.0,1.4969520000249759,1508,61,61,1508,8,8,0,1,0,0.0,0
125,medium,positive,PACER-A,15000,64,10,339,0.0226,10,1.0,1,none,0,0,0,10,10,1.0,6.972064000137834,388,339,388,388,63,59,1,1,0,0.0,0
125,medium,positive,PACER-C,15000,64,10,339,0.0226,10,1.0,1,none,0,0,0,10,10,1.0,4.984042999922167,388,339,388,388,63,59,1,1,0,0.0,0
125,medium,positive,PACER-X,15000,64,10,339,0.0226,10,1.0,1,none,0,0,0,10,10,1.0,7.133422999913819,388,339,388,388,63,59,1,1,0,0.0,0
125,medium,positive,PACER-A-NoSlices,15000,64,10,339,0.0226,10,0.9,0,ranking_truncation,0,0,0,10,10,1.0,2.4342480000996147,2400,73,2400,2400,12,12,0,1,0,0.7396124601364136,1
125,medium,positive,PACER-A-NoBounds,15000,64,10,339,0.0226,10,1.0,1,none,0,0,0,10,10,1.0,5.610634000049686,388,339,388,388,64,59,1,1,0,0.0,0
125,medium,positive,StaleNoRecheck,15000,64,10,339,0.0226,10,0.9,0,ranking_truncation,0,1,0,9,10,0.9,1.2641700000131095,1639,72,1639,1639,0,8,0,1,0,0.0,0
125,medium,positive,NaiveNoPolicy,15000,64,10,339,0.0226,10,0.1,0,ranking_truncation,7,1,8,1,10,0.1,0.47055099980752857,1639,1639,1639,0,0,8,0,1,0,0.0,0
126,narrow,positive,ExactSecure,15000,64,10,8,0.0005333333333333334,8,1.0,1,none,0,0,0,8,8,1.0,7.35650199999327,15000,8,8,15000,0,0,1,1,0,0.0,0
126,narrow,positive,PreFilter-Exact,15000,64,10,8,0.0005333333333333334,8,1.0,1,none,0,0,0,8,8,1.0,7.261221999897316,15000,8,8,15000,0,0,1,1,0,0.0,0
126,narrow,positive,BitmapSlice-Exact,15000,64,10,8,0.0005333333333333334,8,1.0,1,none,0,0,0,8,8,1.0,0.09326300005341182,8,8,8,8,0,0,1,1,0,0.0,0
126,narrow,positive,ScalarOnly,15000,64,10,8,0.0005333333333333334,8,1.0,0,ranking_truncation,0,0,0,8,8,1.0,7.107363000159239,15000,8,0,15000,0,0,0,1,0,0.0,0
126,narrow,positive,PostFilter-IVF,15000,64,10,8,0.0005333333333333334,4,0.5,0,candidate_starvation,0,0,0,4,4,1.0,1.2210400000185473,1395,4,1395,1395,0,8,0,1,0,0.0,0
126,narrow,positive,AdaptivePostFilter-IVF,15000,64,10,8,0.0005333333333333334,5,0.625,0,candidate_starvation,0,0,0,5,5,1.0,4.145487999949182,4800,5,4800,4800,0,22,0,1,0,0.0,0
126,narrow,positive,ExactPrefix-PostFilter,15000,64,10,8,0.0005333333333333334,4,0.5,0,candidate_starvation,0,0,0,4,4,1.0,3.4417860001667577,2400,4,15000,2400,0,0,0,1,0,0.0,0
126,narrow,positive,TenantPartition-IVF,15000,64,10,8,0.0005333333333333334,4,0.5,0,candidate_starvation,0,0,0,4,4,1.0,0.6774050000331044,1395,4,1395,1395,0,8,0,1,0,0.0,0
126,narrow,positive,PreFilter-IVF,15000,64,10,8,0.0005333333333333334,8,1.0,1,none,0,0,0,8,8,1.0,1.3329500000054395,1209,8,8,1209,64,5,0,1,0,0.0,0
126,narrow,positive,PACER-A,15000,64,10,8,0.0005333333333333334,8,1.0,1,none,0,0,0,8,8,1.0,0.5232410001099197,8,8,8,8,63,5,1,1,0,0.0,0
126,narrow,positive,PACER-C,15000,64,10,8,0.0005333333333333334,8,1.0,1,none,0,0,0,8,8,1.0,0.47537399996144813,8,8,8,8,63,5,1,1,0,0.0,0
126,narrow,positive,PACER-X,15000,64,10,8,0.0005333333333333334,8,1.0,1,none,0,0,0,8,8,1.0,0.4303759999402246,8,8,8,8,63,5,1,1,0,0.0,0
126,narrow,positive,PACER-A-NoSlices,15000,64,10,8,0.0005333333333333334,4,0.5,0,candidate_starvation,0,0,0,4,4,1.0,1.8408700000236422,2400,4,2400,2400,13,13,0,1,0,0.0,1
126,narrow,positive,PACER-A-NoBounds,15000,64,10,8,0.0005333333333333334,8,1.0,1,none,0,0,0,8,8,1.0,0.48997799990502244,8,8,8,8,63,5,1,1,0,0.0,0
126,narrow,positive,StaleNoRecheck,15000,64,10,8,0.0005333333333333334,4,0.5,0,candidate_starvation,0,0,0,4,4,1.0,1.071170999921378,1395,4,1395,1395,0,8,0,1,0,0.0,0
126,narrow,positive,NaiveNoPolicy,15000,64,10,8,0.0005333333333333334,10,0.125,0,ranking_truncation,9,1,7,1,10,0.1,0.363976000016919,1395,1395,1395,0,0,8,0,1,0,0.0,0
127,cold,positive,ExactSecure,15000,64,10,2,0.00013333333333333334,2,1.0,1,none,0,0,0,2,2,1.0,7.362211000099705,15000,2,2,15000,0,0,1,1,0,0.0,0
127,cold,positive,PreFilter-Exact,15000,64,10,2,0.00013333333333333334,2,1.0,1,none,0,0,0,2,2,1.0,7.465462000027401,15000,2,2,15000,0,0,1,1,0,0.0,0
127,cold,positive,BitmapSlice-Exact,15000,64,10,2,0.00013333333333333334,2,1.0,1,none,0,0,0,2,2,1.0,0.07355000002462475,2,2,2,2,0,0,1,1,0,0.0,0
127,cold,positive,ScalarOnly,15000,64,10,2,0.00013333333333333334,2,1.0,1,none,0,0,0,2,2,1.0,7.300891000113552,15000,2,0,15000,0,0,0,1,0,0.0,0
127,cold,positive,PostFilter-IVF,15000,64,10,2,0.00013333333333333334,2,1.0,1,none,0,0,0,2,2,1.0,1.2298089998239448,1503,2,1503,1503,0,8,0,1,0,0.0,0
127,cold,positive,AdaptivePostFilter-IVF,15000,64,10,2,0.00013333333333333334,2,1.0,1,none,0,0,0,2,2,1.0,4.092281000112052,4800,2,4800,4800,0,19,0,1,0,0.0,0
127,cold,positive,ExactPrefix-PostFilter,15000,64,10,2,0.00013333333333333334,1,0.5,0,candidate_starvation,0,0,0,1,1,1.0,3.1175760000223818,2400,1,15000,2400,0,0,0,1,0,0.0,0
127,cold,positive,TenantPartition-IVF,15000,64,10,2,0.00013333333333333334,2,1.0,1,none,0,0,0,2,2,1.0,0.6231390000266401,1503,2,1503,1503,0,8,0,1,0,0.0,0
127,cold,positive,PreFilter-IVF,15000,64,10,2,0.00013333333333333334,2,1.0,1,none,0,0,0,2,2,1.0,0.6595150000521244,346,2,2,346,64,1,0,1,0,0.0,0
127,cold,positive,PACER-A,15000,64,10,2,0.00013333333333333334,2,1.0,1,none,0,0,0,2,2,1.0,0.21712900002057722,2,2,2,2,1,1,1,1,0,0.0,0
127,cold,positive,PACER-C,15000,64,10,2,0.00013333333333333334,2,1.0,1,none,0,0,0,2,2,1.0,0.179860999878656,2,2,2,2,1,1,1,1,0,0.0,0
127,cold,positive,PACER-X,15000,64,10,2,0.00013333333333333334,2,1.0,1,none,0,0,0,2,2,1.0,0.1572329999817157,2,2,2,2,1,1,1,1,0,0.0,0
127,cold,positive,PACER-A-NoSlices,15000,64,10,2,0.00013333333333333334,2,1.0,1,none,0,0,0,2,2,1.0,1.8652109999948152,2400,2,2400,2400,12,12,0,1,0,0.0,1
127,cold,positive,PACER-A-NoBounds,15000,64,10,2,0.00013333333333333334,2,1.0,1,none,0,0,0,2,2,1.0,0.1932310001393489,2,2,2,2,1,1,1,1,0,0.0,0
127,cold,positive,StaleNoRecheck,15000,64,10,2,0.00013333333333333334,2,1.0,1,none,0,0,0,2,2,1.0,1.2046930000906286,1503,2,1503,1503,0,8,0,1,0,0.0,0
127,cold,positive,NaiveNoPolicy,15000,64,10,2,0.00013333333333333334,10,0.5,0,ranking_truncation,9,0,9,1,10,0.1,0.5809770000269054,1503,1503,1503,0,0,8,0,1,0,0.0,0
128,broad,positive,ExactSecure,15000,64,10,6657,0.4438,10,1.0,1,none,0,0,0,10,10,1.0,9.384785999827727,15000,6657,6657,15000,0,0,1,1,0,0.0,0
128,broad,positive,PreFilter-Exact,15000,64,10,6657,0.4438,10,1.0,1,none,0,0,0,10,10,1.0,12.776122999866857,15000,6657,6657,15000,0,0,1,1,0,0.0,0
128,broad,positive,BitmapSlice-Exact,15000,64,10,6657,0.4438,10,1.0,1,none,0,0,0,10,10,1.0,17.40612899993721,7439,6657,6657,7439,0,0,1,1,0,0.0,0
128,broad,positive,ScalarOnly,15000,64,10,6657,0.4438,10,0.0,0,ranking_truncation,0,0,0,10,10,1.0,7.321045000026061,15000,6657,0,15000,0,0,0,1,0,0.0,0
128,broad,positive,PostFilter-IVF,15000,64,10,6657,0.4438,10,1.0,1,none,0,0,0,10,10,1.0,1.9254419999015226,2333,1055,2333,2333,0,8,0,1,0,0.0,0
128,broad,positive,AdaptivePostFilter-IVF,15000,64,10,6657,0.4438,10,1.0,1,none,0,0,0,10,10,1.0,4.105704000039623,4800,2141,4800,4800,0,22,0,1,0,0.0,0
128,broad,positive,ExactPrefix-PostFilter,15000,64,10,6657,0.4438,10,1.0,1,none,0,0,0,10,10,1.0,3.1794419999187085,2400,1093,15000,2400,0,0,0,1,0,0.0,0
128,broad,positive,TenantPartition-IVF,15000,64,10,6657,0.4438,10,1.0,1,none,0,0,0,10,10,1.0,1.5691779999542632,2333,1055,2333,2333,0,8,0,1,0,0.0,0
128,broad,positive,PreFilter-IVF,15000,64,10,6657,0.4438,10,0.9,0,ranking_truncation,0,0,0,10,10,1.0,1.8192809998254234,2274,1047,1047,2274,8,8,0,1,0,0.0,0
128,broad,positive,PACER-A,15000,64,10,6657,0.4438,10,1.0,1,none,0,0,0,10,10,1.0,7.6703160000306525,2400,2155,2400,2400,23,23,0,1,0,0.5670209228992462,1
128,broad,positive,PACER-C,15000,64,10,6657,0.4438,10,1.0,1,none,0,0,0,10,10,1.0,27.51116100012041,7439,6657,7439,7439,64,64,1,1,0,0.0,0
128,broad,positive,PACER-X,15000,64,10,6657,0.4438,10,1.0,1,none,0,0,0,10,10,1.0,23.511705999908372,7439,6657,7439,7439,64,64,1,1,0,0.0,0
128,broad,positive,PACER-A-NoSlices,15000,64,10,6657,0.4438,10,0.9,0,ranking_truncation,0,0,0,10,10,1.0,2.26796199990531,2400,1114,2400,2400,9,9,0,1,0,0.582868754863739,1
128,broad,positive,PACER-A-NoBounds,15000,64,10,6657,0.4438,10,1.0,1,none,0,0,0,10,10,1.0,7.64593399981095,2400,2153,2400,2400,22,22,0,1,0,0.0,1
128,broad,positive,StaleNoRecheck,15000,64,10,6657,0.4438,10,0.8,0,ranking_truncation,0,2,0,8,10,0.8,1.829561000022295,2333,1182,2333,2333,0,8,0,1,0,0.0,0
128,broad,positive,NaiveNoPolicy,15000,64,10,6657,0.4438,10,0.6,0,ranking_truncation,0,2,2,6,10,0.6,0.6498799998553295,2333,2333,2333,0,0,8,0,1,0,0.0,0
129,medium,positive,ExactSecure,15000,64,10,348,0.0232,10,1.0,1,none,0,0,0,10,10,1.0,7.80636600006801,15000,348,348,15000,0,0,1,1,0,0.0,0
129,medium,positive,PreFilter-Exact,15000,64,10,348,0.0232,10,1.0,1,none,0,0,0,10,10,1.0,7.817140000042855,15000,348,348,15000,0,0,1,1,0,0.0,0
129,medium,positive,BitmapSlice-Exact,15000,64,10,348,0.0232,10,1.0,1,none,0,0,0,10,10,1.0,1.0003410000081203,369,348,348,369,0,0,1,1,0,0.0,0
129,medium,positive,ScalarOnly,15000,64,10,348,0.0232,10,0.0,0,ranking_truncation,0,0,0,10,10,1.0,8.495882000033816,15000,348,0,15000,0,0,0,1,0,0.0,0
129,medium,positive,PostFilter-IVF,15000,64,10,348,0.0232,10,0.7,0,ranking_truncation,0,0,0,10,10,1.0,1.641467000126795,2076,67,2076,2076,0,8,0,1,0,0.0,0
129,medium,positive,AdaptivePostFilter-IVF,15000,64,10,348,0.0232,10,0.7,0,ranking_truncation,0,0,0,10,10,1.0,3.991253999856781,4800,93,4800,4800,0,19,0,1,0,0.0,0
129,medium,positive,ExactPrefix-PostFilter,15000,64,10,348,0.0232,10,1.0,1,none,0,0,0,10,10,1.0,3.311576999976751,2400,66,15000,2400,0,0,0,1,0,0.0,0
129,medium,positive,TenantPartition-IVF,15000,64,10,348,0.0232,10,0.7,0,ranking_truncation,0,0,0,10,10,1.0,1.1870800001361204,2076,67,2076,2076,0,8,0,1,0,0.0,0
129,medium,positive,PreFilter-IVF,15000,64,10,348,0.0232,10,0.7,0,ranking_truncation,0,0,0,10,10,1.0,1.9150690000060422,2289,69,69,2289,9,8,0,1,0,0.0,0
129,medium,positive,PACER-A,15000,64,10,348,0.0232,10,1.0,1,none,0,0,0,10,10,1.0,4.904880999902161,369,348,369,369,64,53,1,1,0,0.0,0
129,medium,positive,PACER-C,15000,64,10,348,0.0232,10,1.0,1,none,0,0,0,10,10,1.0,5.059760999984064,369,348,369,369,64,53,1,1,0,0.0,0
129,medium,positive,PACER-X,15000,64,10,348,0.0232,10,1.0,1,none,0,0,0,10,10,1.0,4.764079000096899,369,348,369,369,64,53,1,1,0,0.0,0
129,medium,positive,PACER-A-NoSlices,15000,64,10,348,0.0232,10,0.7,0,ranking_truncation,0,0,0,10,10,1.0,1.9870359999458742,2400,69,2400,2400,9,9,0,1,0,0.7463513761758804,1
129,medium,positive,PACER-A-NoBounds,15000,64,10,348,0.0232,10,1.0,1,none,0,0,0,10,10,1.0,4.6486490000461345,369,348,369,369,64,53,1,1,0,0.0,0
129,medium,positive,StaleNoRecheck,15000,64,10,348,0.0232,10,0.7,0,ranking_truncation,0,1,0,9,10,0.9,1.9030640000892163,2076,69,2076,2076,0,8,0,1,0,0.0,0
129,medium,positive,NaiveNoPolicy,15000,64,10,348,0.0232,10,0.1,0,ranking_truncation,6,1,7,1,10,0.1,0.811853000186602,2076,2076,2076,0,0,8,0,1,0,0.0,0
130,narrow,positive,ExactSecure,15000,64,10,4,0.0002666666666666667,4,1.0,1,none,0,0,0,4,4,1.0,7.503569999926185,15000,4,4,15000,0,0,1,1,0,0.0,0
130,narrow,positive,PreFilter-Exact,15000,64,10,4,0.0002666666666666667,4,1.0,1,none,0,0,0,4,4,1.0,7.333901999800219,15000,4,4,15000,0,0,1,1,0,0.0,0
130,narrow,positive,BitmapSlice-Exact,15000,64,10,4,0.0002666666666666667,4,1.0,1,none,0,0,0,4,4,1.0,0.08050799988268409,5,4,4,5,0,0,1,1,0,0.0,0
130,narrow,positive,ScalarOnly,15000,64,10,4,0.0002666666666666667,4,1.0,0,ranking_truncation,0,0,0,4,4,1.0,7.33478400002241,15000,4,0,15000,0,0,0,1,0,0.0,0
130,narrow,positive,PostFilter-IVF,15000,64,10,4,0.0002666666666666667,2,0.5,0,candidate_starvation,0,0,0,2,2,1.0,1.4886989999922662,1837,2,1837,1837,0,8,0,1,0,0.0,0
130,narrow,positive,AdaptivePostFilter-IVF,15000,64,10,4,0.0002666666666666667,2,0.5,0,candidate_starvation,0,0,0,2,2,1.0,4.060030999880837,4800,2,4800,4800,0,20,0,1,0,0.0,0
130,narrow,positive,ExactPrefix-PostFilter,15000,64,10,4,0.0002666666666666667,2,0.5,0,candidate_starvation,0,0,0,2,2,1.0,3.2997270000123535,2400,2,15000,2400,0,0,0,1,0,0.0,0
130,narrow,positive,TenantPartition-IVF,15000,64,10,4,0.0002666666666666667,2,0.5,0,candidate_starvation,0,0,0,2,2,1.0,0.9552229998917028,1837,2,1837,1837,0,8,0,1,0,0.0,0
130,narrow,positive,PreFilter-IVF,15000,64,10,4,0.0002666666666666667,4,1.0,1,none,0,0,0,4,4,1.0,0.8720519999769749,671,4,4,671,64,2,0,1,0,0.0,0
130,narrow,positive,PACER-A,15000,64,10,4,0.0002666666666666667,4,1.0,1,none,0,0,0,4,4,1.0,0.2844580001237773,5,4,5,5,57,2,1,1,0,0.0,0
130,narrow,positive,PACER-C,15000,64,10,4,0.0002666666666666667,4,1.0,1,none,0,0,0,4,4,1.0,0.21364200006246392,5,4,5,5,57,2,1,1,0,0.0,0
130,narrow,positive,PACER-X,15000,64,10,4,0.0002666666666666667,4,1.0,1,none,0,0,0,4,4,1.0,0.23569700010739325,5,4,5,5,57,2,1,1,0,0.0,0
130,narrow,positive,PACER-A-NoSlices,15000,64,10,4,0.0002666666666666667,2,0.5,0,candidate_starvation,0,0,0,2,2,1.0,1.7371100000218576,2400,2,2400,2400,11,11,0,1,0,0.0,1
130,narrow,positive,PACER-A-NoBounds,15000,64,10,4,0.0002666666666666667,4,1.0,1,none,0,0,0,4,4,1.0,0.2420390001134365,5,4,5,5,54,2,1,1,0,0.0,0
130,narrow,positive,StaleNoRecheck,15000,64,10,4,0.0002666666666666667,2,0.5,0,candidate_starvation,0,0,0,2,2,1.0,1.2485369998103124,1837,2,1837,1837,0,8,0,1,0,0.0,0
130,narrow,positive,NaiveNoPolicy,15000,64,10,4,0.0002666666666666667,10,0.25,0,ranking_truncation,9,0,7,1,10,0.1,0.4056269999637152,1837,1837,1837,0,0,8,0,1,0,0.0,0
131,cold,positive,ExactSecure,15000,64,10,9,0.0006,9,1.0,1,none,0,0,0,9,9,1.0,7.413451000047644,15000,9,9,15000,0,0,1,1,0,0.0,0
131,cold,positive,PreFilter-Exact,15000,64,10,9,0.0006,9,1.0,1,none,0,0,0,9,9,1.0,7.249475999969945,15000,9,9,15000,0,0,1,1,0,0.0,0
131,cold,positive,BitmapSlice-Exact,15000,64,10,9,0.0006,9,1.0,1,none,0,0,0,9,9,1.0,0.09116199998970842,9,9,9,9,0,0,1,1,0,0.0,0
131,cold,positive,ScalarOnly,15000,64,10,9,0.0006,9,1.0,0,ranking_truncation,0,0,0,9,9,1.0,7.061045000000377,15000,9,0,15000,0,0,0,1,0,0.0,0
131,cold,positive,PostFilter-IVF,15000,64,10,9,0.0006,4,0.4444444444444444,0,candidate_starvation,0,0,0,4,4,1.0,1.5158179999161803,2111,4,2111,2111,0,8,0,1,0,0.0,0
131,cold,positive,AdaptivePostFilter-IVF,15000,64,10,9,0.0006,7,0.7777777777777778,0,candidate_starvation,0,0,0,7,7,1.0,3.786871999864161,4800,7,4800,4800,0,20,0,1,0,0.0,0
131,cold,positive,ExactPrefix-PostFilter,15000,64,10,9,0.0006,2,0.2222222222222222,0,candidate_starvation,0,0,0,2,2,1.0,3.36214399999335,2400,2,15000,2400,0,0,0,1,0,0.0,0
131,cold,positive,TenantPartition-IVF,15000,64,10,9,0.0006,4,0.4444444444444444,0,candidate_starvation,0,0,0,4,4,1.0,0.8888219999789726,2111,4,2111,2111,0,8,0,1,0,0.0,0
131,cold,positive,PreFilter-IVF,15000,64,10,9,0.0006,9,1.0,1,none,0,0,0,9,9,1.0,1.251062999926944,1212,9,9,1212,64,5,0,1,0,0.0,0
131,cold,positive,PACER-A,15000,64,10,9,0.0006,9,1.0,1,none,0,0,0,9,9,1.0,0.5260049999833427,9,9,9,9,51,5,1,1,0,0.0,0
131,cold,positive,PACER-C,15000,64,10,9,0.0006,9,1.0,1,none,0,0,0,9,9,1.0,0.46099799988041923,9,9,9,9,51,5,1,1,0,0.0,0
131,cold,positive,PACER-X,15000,64,10,9,0.0006,9,1.0,1,none,0,0,0,9,9,1.0,0.4384280000522267,9,9,9,9,51,5,1,1,0,0.0,0
131,cold,positive,PACER-A-NoSlices,15000,64,10,9,0.0006,4,0.4444444444444444,0,candidate_starvation,0,0,0,4,4,1.0,1.7060590000710363,2400,4,2400,2400,10,10,0,1,0,0.0,1
131,cold,positive,PACER-A-NoBounds,15000,64,10,9,0.0006,9,1.0,1,none,0,0,0,9,9,1.0,0.517374000082782,9,9,9,9,54,5,1,1,0,0.0,0
131,cold,positive,StaleNoRecheck,15000,64,10,9,0.0006,4,0.4444444444444444,0,candidate_starvation,0,0,0,4,4,1.0,1.4952880001146696,2111,4,2111,2111,0,8,0,1,0,0.0,0
131,cold,positive,NaiveNoPolicy,15000,64,10,9,0.0006,10,0.1111111111111111,0,ranking_truncation,9,0,7,1,10,0.1,0.5565259998547845,2111,2111,2111,0,0,8,0,1,0,0.0,0
132,broad,positive,ExactSecure,15000,64,10,6941,0.46273333333333333,10,1.0,1,none,0,0,0,10,10,1.0,8.5949399999663,15000,6941,6941,15000,0,0,1,1,0,0.0,0
132,broad,positive,PreFilter-Exact,15000,64,10,6941,0.46273333333333333,10,1.0,1,none,0,0,0,10,10,1.0,8.174561000032554,15000,6941,6941,15000,0,0,1,1,0,0.0,0
132,broad,positive,BitmapSlice-Exact,15000,64,10,6941,0.46273333333333333,10,1.0,1,none,0,0,0,10,10,1.0,17.300956999861228,7751,6941,6941,7751,0,0,1,1,0,0.0,0
132,broad,positive,ScalarOnly,15000,64,10,6941,0.46273333333333333,10,0.0,0,ranking_truncation,0,0,0,10,10,1.0,7.70211000008203,15000,6941,0,15000,0,0,0,1,0,0.0,0
132,broad,positive,PostFilter-IVF,15000,64,10,6941,0.46273333333333333,10,0.8,0,ranking_truncation,0,0,0,10,10,1.0,1.2930789998790715,1496,814,1496,1496,0,8,0,1,0,0.0,0
132,broad,positive,AdaptivePostFilter-IVF,15000,64,10,6941,0.46273333333333333,10,1.0,1,none,0,0,0,10,10,1.0,4.19578600008208,4800,2559,4800,4800,0,22,0,1,0,0.0,0
132,broad,positive,ExactPrefix-PostFilter,15000,64,10,6941,0.46273333333333333,10,1.0,1,none,0,0,0,10,10,1.0,3.2495920002020284,2400,1174,15000,2400,0,0,0,1,0,0.0,0
132,broad,positive,TenantPartition-IVF,15000,64,10,6941,0.46273333333333333,10,0.8,0,ranking_truncation,0,0,0,10,10,1.0,1.1521419999098725,1496,814,1496,1496,0,8,0,1,0,0.0,0
132,broad,positive,PreFilter-IVF,15000,64,10,6941,0.46273333333333333,10,0.8,0,ranking_truncation,0,0,0,10,10,1.0,1.7599939999399794,1522,805,805,1522,8,8,0,1,0,0.0,0
132,broad,positive,PACER-A,15000,64,10,6941,0.46273333333333333,10,1.0,1,none,0,0,0,10,10,1.0,7.15630600006989,2400,2144,2400,2400,19,19,0,1,0,0.6118917465209961,1
132,broad,positive,PACER-C,15000,64,10,6941,0.46273333333333333,10,1.0,1,none,0,0,0,10,10,1.0,22.65055500015478,7751,6941,7751,7751,64,64,1,1,0,0.0,0
132,broad,positive,PACER-X,15000,64,10,6941,0.46273333333333333,10,1.0,1,none,0,0,0,10,10,1.0,21.860392999997202,7751,6941,7751,7751,64,64,1,1,0,0.0,0
132,broad,positive,PACER-A-NoSlices,15000,64,10,6941,0.46273333333333333,10,1.0,1,none,0,0,0,10,10,1.0,2.512498999976742,2400,1271,2400,2400,13,13,0,1,0,0.6159361004829407,1
132,broad,positive,PACER-A-NoBounds,15000,64,10,6941,0.46273333333333333,10,1.0,1,none,0,0,0,10,10,1.0,7.418809999990117,2400,2149,2400,2400,20,20,0,1,0,0.0,1
132,broad,positive,StaleNoRecheck,15000,64,10,6941,0.46273333333333333,10,0.8,0,ranking_truncation,0,0,0,10,10,1.0,1.1872340000991244,1496,898,1496,1496,0,8,0,1,0,0.0,0
132,broad,positive,NaiveNoPolicy,15000,64,10,6941,0.46273333333333333,10,0.7,0,ranking_truncation,0,0,3,7,10,0.7,0.33942200002456957,1496,1496,1496,0,0,8,0,1,0,0.0,0
133,medium,positive,ExactSecure,15000,64,10,372,0.0248,10,1.0,1,none,0,0,0,10,10,1.0,8.05699099987578,15000,372,372,15000,0,0,1,1,0,0.0,0
133,medium,positive,PreFilter-Exact,15000,64,10,372,0.0248,10,1.0,1,none,0,0,0,10,10,1.0,7.627597999999125,15000,372,372,15000,0,0,1,1,0,0.0,0
133,medium,positive,BitmapSlice-Exact,15000,64,10,372,0.0248,10,1.0,1,none,0,0,0,10,10,1.0,1.076686000033078,410,372,372,410,0,0,1,1,0,0.0,0
133,medium,positive,ScalarOnly,15000,64,10,372,0.0248,10,0.0,0,ranking_truncation,0,0,0,10,10,1.0,7.633290000057968,15000,372,0,15000,0,0,0,1,0,0.0,0
133,medium,positive,PostFilter-IVF,15000,64,10,372,0.0248,10,0.4,0,ranking_truncation,0,0,0,10,10,1.0,1.3702040000680427,1743,33,1743,1743,0,8,0,1,0,0.0,0
133,medium,positive,AdaptivePostFilter-IVF,15000,64,10,372,0.0248,10,0.8,0,ranking_truncation,0,0,0,10,10,1.0,4.228287999922031,4800,125,4800,4800,0,22,0,1,0,0.0,0
133,medium,positive,ExactPrefix-PostFilter,15000,64,10,372,0.0248,10,1.0,1,none,0,0,0,10,10,1.0,3.282608000063192,2400,73,15000,2400,0,0,0,1,0,0.0,0
133,medium,positive,TenantPartition-IVF,15000,64,10,372,0.0248,10,0.4,0,ranking_truncation,0,0,0,10,10,1.0,0.9178650000194466,1743,33,1743,1743,0,8,0,1,0,0.0,0
133,medium,positive,PreFilter-IVF,15000,64,10,372,0.0248,10,0.6,0,ranking_truncation,0,0,0,10,10,1.0,1.6427739999471669,1732,51,51,1732,9,8,0,1,0,0.0,0
133,medium,positive,PACER-A,15000,64,10,372,0.0248,10,1.0,1,none,0,0,0,10,10,1.0,5.2097629998115735,410,372,410,410,64,60,1,1,0,0.0,0
133,medium,positive,PACER-C,15000,64,10,372,0.0248,10,1.0,1,none,0,0,0,10,10,1.0,5.123453999885896,410,372,410,410,64,60,1,1,0,0.0,0
133,medium,positive,PACER-X,15000,64,10,372,0.0248,10,1.0,1,none,0,0,0,10,10,1.0,5.294020000064847,410,372,410,410,64,60,1,1,0,0.0,0
133,medium,positive,PACER-A-NoSlices,15000,64,10,372,0.0248,10,0.6,0,ranking_truncation,0,0,0,10,10,1.0,2.455136999969909,2400,61,2400,2400,13,13,0,1,0,0.7979318052530289,1
133,medium,positive,PACER-A-NoBounds,15000,64,10,372,0.0248,10,1.0,1,none,0,0,0,10,10,1.0,5.235843000036766,410,372,410,410,64,60,1,1,0,0.0,0
133,medium,positive,StaleNoRecheck,15000,64,10,372,0.0248,10,0.4,0,ranking_truncation,0,1,0,9,10,0.9,1.2838840000313212,1743,35,1743,1743,0,8,0,1,0,0.0,0
133,medium,positive,NaiveNoPolicy,15000,64,10,372,0.0248,10,0.2,0,ranking_truncation,8,0,6,2,10,0.2,0.44016800006829726,1743,1743,1743,0,0,8,0,1,0,0.0,0
134,narrow,positive,ExactSecure,15000,64,10,3,0.0002,3,1.0,1,none,0,0,0,3,3,1.0,7.045737999987978,15000,3,3,15000,0,0,1,1,0,0.0,0
134,narrow,positive,PreFilter-Exact,15000,64,10,3,0.0002,3,1.0,1,none,0,0,0,3,3,1.0,7.024806999879729,15000,3,3,15000,0,0,1,1,0,0.0,0
134,narrow,positive,BitmapSlice-Exact,15000,64,10,3,0.0002,3,1.0,1,none,0,0,0,3,3,1.0,0.08096200008367305,4,3,3,4,0,0,1,1,0,0.0,0
134,narrow,positive,ScalarOnly,15000,64,10,3,0.0002,3,1.0,0,ranking_truncation,0,0,0,3,3,1.0,7.096591000163244,15000,3,0,15000,0,0,0,1,0,0.0,0
134,narrow,positive,PostFilter-IVF,15000,64,10,3,0.0002,1,0.3333333333333333,0,candidate_starvation,0,0,0,1,1,1.0,1.2303869998504524,1616,1,1616,1616,0,8,0,1,0,0.0,0
134,narrow,positive,AdaptivePostFilter-IVF,15000,64,10,3,0.0002,1,0.3333333333333333,0,candidate_starvation,0,0,0,1,1,1.0,3.937611999845103,4800,1,4800,4800,0,20,0,1,0,0.0,0
134,narrow,positive,ExactPrefix-PostFilter,15000,64,10,3,0.0002,1,0.3333333333333333,0,candidate_starvation,0,0,0,1,1,1.0,3.3995850001247163,2400,1,15000,2400,0,0,0,1,0,0.0,0
134,narrow,positive,TenantPartition-IVF,15000,64,10,3,0.0002,1,0.3333333333333333,0,candidate_starvation,0,0,0,1,1,1.0,0.6672819999948842,1616,1,1616,1616,0,8,0,1,0,0.0,0
134,narrow,positive,PreFilter-IVF,15000,64,10,3,0.0002,3,1.0,1,none,0,0,0,3,3,1.0,1.224018999891996,1234,3,3,1234,64,4,0,1,0,0.0,0
134,narrow,positive,PACER-A,15000,64,10,3,0.0002,3,1.0,1,none,0,0,0,3,3,1.0,0.42041500000777887,4,3,4,4,34,4,1,1,0,0.0,0
134,narrow,positive,PACER-C,15000,64,10,3,0.0002,3,1.0,1,none,0,0,0,3,3,1.0,0.39228199989338464,4,3,4,4,34,4,1,1,0,0.0,0
134,narrow,positive,PACER-X,15000,64,10,3,0.0002,3,1.0,1,none,0,0,0,3,3,1.0,0.3568949998680182,4,3,4,4,34,4,1,1,0,0.0,0
134,narrow,positive,PACER-A-NoSlices,15000,64,10,3,0.0002,1,0.3333333333333333,0,candidate_starvation,0,0,0,1,1,1.0,1.7422619998797018,2400,1,2400,2400,12,12,0,1,0,0.0,1
134,narrow,positive,PACER-A-NoBounds,15000,64,10,3,0.0002,3,1.0,1,none,0,0,0,3,3,1.0,0.3422839999984717,4,3,4,4,37,4,1,1,0,0.0,0
134,narrow,positive,StaleNoRecheck,15000,64,10,3,0.0002,1,0.3333333333333333,0,candidate_starvation,0,0,0,1,1,1.0,1.1769960001402069,1616,1,1616,1616,0,8,0,1,0,0.0,0
134,narrow,positive,NaiveNoPolicy,15000,64,10,3,0.0002,10,0.3333333333333333,0,ranking_truncation,9,0,9,1,10,0.1,0.5928680000124587,1616,1616,1616,0,0,8,0,1,0,0.0,0
135,cold,positive,ExactSecure,15000,64,10,5,0.0003333333333333333,5,1.0,1,none,0,0,0,5,5,1.0,7.536043000072823,15000,5,5,15000,0,0,1,1,0,0.0,0
135,cold,positive,PreFilter-Exact,15000,64,10,5,0.0003333333333333333,5,1.0,1,none,0,0,0,5,5,1.0,7.769913999936762,15000,5,5,15000,0,0,1,1,0,0.0,0
135,cold,positive,BitmapSlice-Exact,15000,64,10,5,0.0003333333333333333,5,1.0,1,none,0,0,0,5,5,1.0,0.08450799987258506,5,5,5,5,0,0,1,1,0,0.0,0
135,cold,positive,ScalarOnly,15000,64,10,5,0.0003333333333333333,5,1.0,0,ranking_truncation,0,0,0,5,5,1.0,7.544506999920486,15000,5,0,15000,0,0,0,1,0,0.0,0
135,cold,positive,PostFilter-IVF,15000,64,10,5,0.0003333333333333333,3,0.6,0,candidate_starvation,0,0,0,3,3,1.0,1.563663999831988,2009,3,2009,2009,0,8,0,1,0,0.0,0
135,cold,positive,AdaptivePostFilter-IVF,15000,64,10,5,0.0003333333333333333,4,0.8,0,candidate_starvation,0,0,0,4,4,1.0,4.1258100000050035,4800,4,4800,4800,0,19,0,1,0,0.0,0
135,cold,positive,ExactPrefix-PostFilter,15000,64,10,5,0.0003333333333333333,3,0.6,0,candidate_starvation,0,0,0,3,3,1.0,3.2400630000211095,2400,3,15000,2400,0,0,0,1,0,0.0,0
135,cold,positive,TenantPartition-IVF,15000,64,10,5,0.0003333333333333333,3,0.6,0,candidate_starvation,0,0,0,3,3,1.0,0.9319079999841051,2009,3,2009,2009,0,8,0,1,0,0.0,0
135,cold,positive,PreFilter-IVF,15000,64,10,5,0.0003333333333333333,5,1.0,1,none,0,0,0,5,5,1.0,0.9775579999313777,692,5,5,692,64,3,0,1,0,0.0,0
135,cold,positive,PACER-A,15000,64,10,5,0.0003333333333333333,5,1.0,1,none,0,0,0,5,5,1.0,0.40841300005922676,5,5,5,5,50,3,1,1,0,0.0,0
135,cold,positive,PACER-C,15000,64,10,5,0.0003333333333333333,5,1.0,1,none,0,0,0,5,5,1.0,0.30463500002042565,5,5,5,5,50,3,1,1,0,0.0,0
135,cold,positive,PACER-X,15000,64,10,5,0.0003333333333333333,5,1.0,1,none,0,0,0,5,5,1.0,0.281269999959477,5,5,5,5,50,3,1,1,0,0.0,0
135,cold,positive,PACER-A-NoSlices,15000,64,10,5,0.0003333333333333333,3,0.6,0,candidate_starvation,0,0,0,3,3,1.0,1.6032589999213087,2400,3,2400,2400,10,10,0,1,0,0.0,1
135,cold,positive,PACER-A-NoBounds,15000,64,10,5,0.0003333333333333333,5,1.0,1,none,0,0,0,5,5,1.0,0.35000200000467885,5,5,5,5,44,3,1,1,0,0.0,0
135,cold,positive,StaleNoRecheck,15000,64,10,5,0.0003333333333333333,3,0.6,0,candidate_starvation,0,0,0,3,3,1.0,1.5115350001906336,2009,3,2009,2009,0,8,0,1,0,0.0,0
135,cold,positive,NaiveNoPolicy,15000,64,10,5,0.0003333333333333333,10,0.2,0,ranking_truncation,9,1,9,1,10,0.1,0.4545990000224265,2009,2009,2009,0,0,8,0,1,0,0.0,0
136,broad,positive,ExactSecure,15000,64,10,6720,0.448,10,1.0,1,none,0,0,0,10,10,1.0,8.458598000061102,15000,6720,6720,15000,0,0,1,1,0,0.0,0
136,broad,positive,PreFilter-Exact,15000,64,10,6720,0.448,10,1.0,1,none,0,0,0,10,10,1.0,8.282650999944963,15000,6720,6720,15000,0,0,1,1,0,0.0,0
136,broad,positive,BitmapSlice-Exact,15000,64,10,6720,0.448,10,1.0,1,none,0,0,0,10,10,1.0,16.02335600000515,7418,6720,6720,7418,0,0,1,1,0,0.0,0
136,broad,positive,ScalarOnly,15000,64,10,6720,0.448,10,0.0,0,ranking_truncation,0,0,0,10,10,1.0,7.764931999872715,15000,6720,0,15000,0,0,0,1,0,0.0,0
136,broad,positive,PostFilter-IVF,15000,64,10,6720,0.448,10,1.0,1,none,0,0,0,10,10,1.0,2.1331400000690337,1880,822,1880,1880,0,8,0,1,0,0.0,0
136,broad,positive,AdaptivePostFilter-IVF,15000,64,10,6720,0.448,10,1.0,1,none,0,0,0,10,10,1.0,4.830089000051885,4800,2283,4800,4800,0,20,0,1,0,0.0,0
136,broad,positive,ExactPrefix-PostFilter,15000,64,10,6720,0.448,10,1.0,1,none,0,0,0,10,10,1.0,3.445002000034947,2400,1096,15000,2400,0,0,0,1,0,0.0,0
136,broad,positive,TenantPartition-IVF,15000,64,10,6720,0.448,10,1.0,1,none,0,0,0,10,10,1.0,1.3227950000782585,1880,822,1880,1880,0,8,0,1,0,0.0,0
136,broad,positive,PreFilter-IVF,15000,64,10,6720,0.448,10,1.0,1,none,0,0,0,10,10,1.0,1.8445019998125645,1880,822,822,1880,8,8,0,1,0,0.0,0
136,broad,positive,PACER-A,15000,64,10,6720,0.448,10,1.0,1,none,0,0,0,10,10,1.0,7.602598999937982,2400,2165,2400,2400,21,21,0,1,0,0.5848022699356079,1
136,broad,positive,PACER-C,15000,64,10,6720,0.448,10,1.0,1,none,0,0,0,10,10,1.0,22.06139100007931,7418,6720,7418,7418,64,64,1,1,0,0.0,0
136,broad,positive,PACER-X,15000,64,10,6720,0.448,10,1.0,1,none,0,0,0,10,10,1.0,23.249015000146755,7418,6720,7418,7418,64,64,1,1,0,0.0,0
136,broad,positive,PACER-A-NoSlices,15000,64,10,6720,0.448,10,1.0,1,none,0,0,0,10,10,1.0,2.252782999903502,2400,1098,2400,2400,10,10,0,1,0,0.5939133763313293,1
136,broad,positive,PACER-A-NoBounds,15000,64,10,6720,0.448,10,1.0,1,none,0,0,0,10,10,1.0,7.509299000048486,2400,2168,2400,2400,19,19,0,1,0,0.0,1
136,broad,positive,StaleNoRecheck,15000,64,10,6720,0.448,10,1.0,1,none,0,0,0,10,10,1.0,1.5630630000487145,1880,921,1880,1880,0,8,0,1,0,0.0,0
136,broad,positive,NaiveNoPolicy,15000,64,10,6720,0.448,10,0.7,0,ranking_truncation,0,0,3,7,10,0.7,0.4881500001374661,1880,1880,1880,0,0,8,0,1,0,0.0,0
137,medium,positive,ExactSecure,15000,64,10,325,0.021666666666666667,10,1.0,1,none,0,0,0,10,10,1.0,7.550555000079839,15000,325,325,15000,0,0,1,1,0,0.0,0
137,medium,positive,PreFilter-Exact,15000,64,10,325,0.021666666666666667,10,1.0,1,none,0,0,0,10,10,1.0,8.096302000012656,15000,325,325,15000,0,0,1,1,0,0.0,0
137,medium,positive,BitmapSlice-Exact,15000,64,10,325,0.021666666666666667,10,1.0,1,none,0,0,0,10,10,1.0,1.4453510000294045,358,325,325,358,0,0,1,1,0,0.0,0
137,medium,positive,ScalarOnly,15000,64,10,325,0.021666666666666667,10,0.1,0,ranking_truncation,0,0,0,10,10,1.0,10.381651999978203,15000,325,0,15000,0,0,0,1,0,0.0,0
137,medium,positive,PostFilter-IVF,15000,64,10,325,0.021666666666666667,10,0.9,0,ranking_truncation,0,0,0,10,10,1.0,1.0306530000434577,1340,75,1340,1340,0,8,0,1,0,0.0,0
137,medium,positive,AdaptivePostFilter-IVF,15000,64,10,325,0.021666666666666667,10,1.0,1,none,0,0,0,10,10,1.0,3.88672700000825,4800,148,4800,4800,0,21,0,1,0,0.0,0
137,medium,positive,ExactPrefix-PostFilter,15000,64,10,325,0.021666666666666667,10,1.0,1,none,0,0,0,10,10,1.0,3.2235030000720144,2400,81,15000,2400,0,0,0,1,0,0.0,0
137,medium,positive,TenantPartition-IVF,15000,64,10,325,0.021666666666666667,10,0.9,0,ranking_truncation,0,0,0,10,10,1.0,0.6577239998932782,1340,75,1340,1340,0,8,0,1,0,0.0,0
137,medium,positive,PreFilter-IVF,15000,64,10,325,0.021666666666666667,10,0.9,0,ranking_truncation,0,0,0,10,10,1.0,1.3679109999884531,1564,76,76,1564,9,8,0,1,0,0.0,0
137,medium,positive,PACER-A,15000,64,10,325,0.021666666666666667,10,1.0,1,none,0,0,0,10,10,1.0,4.71201999994264,358,325,358,358,64,56,1,1,0,0.0,0
137,medium,positive,PACER-C,15000,64,10,325,0.021666666666666667,10,1.0,1,none,0,0,0,10,10,1.0,4.508488000055877,358,325,358,358,64,56,1,1,0,0.0,0
137,medium,positive,PACER-X,15000,64,10,325,0.021666666666666667,10,1.0,1,none,0,0,0,10,10,1.0,4.53080600004796,358,325,358,358,64,56,1,1,0,0.0,0
137,medium,positive,PACER-A-NoSlices,15000,64,10,325,0.021666666666666667,10,1.0,1,none,0,0,0,10,10,1.0,2.1637959998770384,2400,83,2400,2400,12,12,0,1,0,0.6975383162498474,1
137,medium,positive,PACER-A-NoBounds,15000,64,10,325,0.021666666666666667,10,1.0,1,none,0,0,0,10,10,1.0,4.486051999947449,358,325,358,358,64,56,1,1,0,0.0,0
137,medium,positive,StaleNoRecheck,15000,64,10,325,0.021666666666666667,10,0.9,0,ranking_truncation,0,1,0,9,10,0.9,1.025584999979401,1340,80,1340,1340,0,8,0,1,0,0.0,0
137,medium,positive,NaiveNoPolicy,15000,64,10,325,0.021666666666666667,10,0.2,0,ranking_truncation,2,1,6,2,10,0.2,0.3974379999363009,1340,1340,1340,0,0,8,0,1,0,0.0,0
138,narrow,positive,ExactSecure,15000,64,10,3,0.0002,3,1.0,1,none,0,0,0,3,3,1.0,7.544047000010323,15000,3,3,15000,0,0,1,1,0,0.0,0
138,narrow,positive,PreFilter-Exact,15000,64,10,3,0.0002,3,1.0,1,none,0,0,0,3,3,1.0,7.422116000043388,15000,3,3,15000,0,0,1,1,0,0.0,0
138,narrow,positive,BitmapSlice-Exact,15000,64,10,3,0.0002,3,1.0,1,none,0,0,0,3,3,1.0,0.0766210000620049,3,3,3,3,0,0,1,1,0,0.0,0
138,narrow,positive,ScalarOnly,15000,64,10,3,0.0002,3,1.0,0,ranking_truncation,0,0,0,3,3,1.0,6.979665000017121,15000,3,0,15000,0,0,0,1,0,0.0,0
138,narrow,positive,PostFilter-IVF,15000,64,10,3,0.0002,3,1.0,1,none,0,0,0,3,3,1.0,1.7756130000634585,2334,3,2334,2334,0,8,0,1,0,0.0,0
138,narrow,positive,AdaptivePostFilter-IVF,15000,64,10,3,0.0002,3,1.0,1,none,0,0,0,3,3,1.0,3.792044999954669,4800,3,4800,4800,0,17,0,1,0,0.0,0
138,narrow,positive,ExactPrefix-PostFilter,15000,64,10,3,0.0002,1,0.3333333333333333,0,candidate_starvation,0,0,0,1,1,1.0,3.032974000007016,2400,1,15000,2400,0,0,0,1,0,0.0,0
138,narrow,positive,TenantPartition-IVF,15000,64,10,3,0.0002,3,1.0,1,none,0,0,0,3,3,1.0,0.8952949999638804,2334,3,2334,2334,0,8,0,1,0,0.0,0
138,narrow,positive,PreFilter-IVF,15000,64,10,3,0.0002,3,1.0,1,none,0,0,0,3,3,1.0,0.7930889998988278,432,3,3,432,64,1,0,1,0,0.0,0
138,narrow,positive,PACER-A,15000,64,10,3,0.0002,3,1.0,1,none,0,0,0,3,3,1.0,0.22327299984681304,3,3,3,3,3,1,1,1,0,0.0,0
138,narrow,positive,PACER-C,15000,64,10,3,0.0002,3,1.0,1,none,0,0,0,3,3,1.0,0.19409100013945135,3,3,3,3,3,1,1,1,0,0.0,0
138,narrow,positive,PACER-X,15000,64,10,3,0.0002,3,1.0,1,none,0,0,0,3,3,1.0,0.16177400016204047,3,3,3,3,3,1,1,1,0,0.0,0
138,narrow,positive,PACER-A-NoSlices,15000,64,10,3,0.0002,3,1.0,1,none,0,0,0,3,3,1.0,1.565524999932677,2400,3,2400,2400,9,9,0,1,0,0.0,1
138,narrow,positive,PACER-A-NoBounds,15000,64,10,3,0.0002,3,1.0,1,none,0,0,0,3,3,1.0,0.21345699997254997,3,3,3,3,3,1,1,1,0,0.0,0
138,narrow,positive,StaleNoRecheck,15000,64,10,3,0.0002,3,1.0,1,none,0,0,0,3,3,1.0,1.6279929998290754,2334,3,2334,2334,0,8,0,1,0,0.0,0
138,narrow,positive,NaiveNoPolicy,15000,64,10,3,0.0002,10,0.3333333333333333,0,ranking_truncation,9,1,8,1,10,0.1,0.8032929999899352,2334,2334,2334,0,0,8,0,1,0,0.0,0
139,cold,positive,ExactSecure,15000,64,10,4,0.0002666666666666667,4,1.0,1,none,0,0,0,4,4,1.0,7.322702999999819,15000,4,4,15000,0,0,1,1,0,0.0,0
139,cold,positive,PreFilter-Exact,15000,64,10,4,0.0002666666666666667,4,1.0,1,none,0,0,0,4,4,1.0,7.665614999950776,15000,4,4,15000,0,0,1,1,0,0.0,0
139,cold,positive,BitmapSlice-Exact,15000,64,10,4,0.0002666666666666667,4,1.0,1,none,0,0,0,4,4,1.0,0.10271800010741572,4,4,4,4,0,0,1,1,0,0.0,0
139,cold,positive,ScalarOnly,15000,64,10,4,0.0002666666666666667,4,1.0,0,ranking_truncation,0,0,0,4,4,1.0,7.581241000025329,15000,4,0,15000,0,0,0,1,0,0.0,0
139,cold,positive,PostFilter-IVF,15000,64,10,4,0.0002666666666666667,1,0.25,0,candidate_starvation,0,0,0,1,1,1.0,1.4418450000448502,1904,1,1904,1904,0,8,0,1,0,0.0,0
139,cold,positive,AdaptivePostFilter-IVF,15000,64,10,4,0.0002666666666666667,1,0.25,0,candidate_starvation,0,0,0,1,1,1.0,3.9623840000331256,4800,1,4800,4800,0,24,0,1,0,0.0,0
139,cold,positive,ExactPrefix-PostFilter,15000,64,10,4,0.0002666666666666667,1,0.25,0,candidate_starvation,0,0,0,1,1,1.0,3.1005389998881583,2400,1,15000,2400,0,0,0,1,0,0.0,0
139,cold,positive,TenantPartition-IVF,15000,64,10,4,0.0002666666666666667,1,0.25,0,candidate_starvation,0,0,0,1,1,1.0,0.874271999919074,1904,1,1904,1904,0,8,0,1,0,0.0,0
139,cold,positive,PreFilter-IVF,15000,64,10,4,0.0002666666666666667,4,1.0,1,none,0,0,0,4,4,1.0,1.0599270001421246,958,4,4,958,64,4,0,1,0,0.0,0
139,cold,positive,PACER-A,15000,64,10,4,0.0002666666666666667,4,1.0,1,none,0,0,0,4,4,1.0,0.44460599997364625,4,4,4,4,61,4,1,1,0,0.0,0
139,cold,positive,PACER-C,15000,64,10,4,0.0002666666666666667,4,1.0,1,none,0,0,0,4,4,1.0,0.38020200008759275,4,4,4,4,61,4,1,1,0,0.0,0
139,cold,positive,PACER-X,15000,64,10,4,0.0002666666666666667,4,1.0,1,none,0,0,0,4,4,1.0,0.3310010001769115,4,4,4,4,61,4,1,1,0,0.0,0
139,cold,positive,PACER-A-NoSlices,15000,64,10,4,0.0002666666666666667,1,0.25,0,candidate_starvation,0,0,0,1,1,1.0,1.687725000010687,2400,1,2400,2400,11,11,0,1,0,0.0,1
139,cold,positive,PACER-A-NoBounds,15000,64,10,4,0.0002666666666666667,4,1.0,1,none,0,0,0,4,4,1.0,0.389303000019936,4,4,4,4,60,4,1,1,0,0.0,0
139,cold,positive,StaleNoRecheck,15000,64,10,4,0.0002666666666666667,1,0.25,0,candidate_starvation,0,0,0,1,1,1.0,1.4971739999509737,1904,1,1904,1904,0,8,0,1,0,0.0,0
139,cold,positive,NaiveNoPolicy,15000,64,10,4,0.0002666666666666667,10,0.25,0,ranking_truncation,9,2,9,1,10,0.1,0.6545209998876089,1904,1904,1904,0,0,8,0,1,0,0.0,0
140,broad,positive,ExactSecure,15000,64,10,7164,0.4776,10,1.0,1,none,0,0,0,10,10,1.0,8.774601999903098,15000,7164,7164,15000,0,0,1,1,0,0.0,0
140,broad,positive,PreFilter-Exact,15000,64,10,7164,0.4776,10,1.0,1,none,0,0,0,10,10,1.0,8.48156699998981,15000,7164,7164,15000,0,0,1,1,0,0.0,0
140,broad,positive,BitmapSlice-Exact,15000,64,10,7164,0.4776,10,1.0,1,none,0,0,0,10,10,1.0,17.447737000111374,7942,7164,7164,7942,0,0,1,1,0,0.0,0
140,broad,positive,ScalarOnly,15000,64,10,7164,0.4776,10,0.0,0,ranking_truncation,0,0,0,10,10,1.0,7.3843200000283105,15000,7164,0,15000,0,0,0,1,0,0.0,0
140,broad,positive,PostFilter-IVF,15000,64,10,7164,0.4776,10,0.5,0,ranking_truncation,0,0,0,10,10,1.0,1.4754799999536772,1769,722,1769,1769,0,8,0,1,0,0.0,0
140,broad,positive,AdaptivePostFilter-IVF,15000,64,10,7164,0.4776,10,0.9,0,ranking_truncation,0,0,0,10,10,1.0,4.097300000012183,4800,2148,4800,4800,0,19,0,1,0,0.0,0
140,broad,positive,ExactPrefix-PostFilter,15000,64,10,7164,0.4776,10,1.0,1,none,0,0,0,10,10,1.0,3.366766999988613,2400,1103,15000,2400,0,0,0,1,0,0.0,0
140,broad,positive,TenantPartition-IVF,15000,64,10,7164,0.4776,10,0.5,0,ranking_truncation,0,0,0,10,10,1.0,1.2142719999701512,1769,722,1769,1769,0,8,0,1,0,0.0,0
140,broad,positive,PreFilter-IVF,15000,64,10,7164,0.4776,10,0.6,0,ranking_truncation,0,0,0,10,10,1.0,1.7793340000480384,1896,798,798,1896,8,8,0,1,0,0.0,0
140,broad,positive,PACER-A,15000,64,10,7164,0.4776,10,0.9,0,ranking_truncation,0,0,0,10,10,1.0,7.405271999914476,2400,2185,2400,2400,18,18,0,1,0,0.637129008769989,1
140,broad,positive,PACER-C,15000,64,10,7164,0.4776,10,1.0,1,none,0,0,0,10,10,1.0,23.33224699987113,7942,7164,7942,7942,64,64,1,1,0,0.0,0
140,broad,positive,PACER-X,15000,64,10,7164,0.4776,10,1.0,1,none,0,0,0,10,10,1.0,23.55380300014076,7942,7164,7942,7942,64,64,1,1,0,0.0,0
140,broad,positive,PACER-A-NoSlices,15000,64,10,7164,0.4776,10,0.6,0,ranking_truncation,0,0,0,10,10,1.0,2.1258869999201124,2400,1036,2400,2400,10,10,0,1,0,0.6664732694625854,1
140,broad,positive,PACER-A-NoBounds,15000,64,10,7164,0.4776,10,0.9,0,ranking_truncation,0,0,0,10,10,1.0,7.165536999991673,2400,2181,2400,2400,19,19,0,1,0,0.0,1
140,broad,positive,StaleNoRecheck,15000,64,10,7164,0.4776,10,0.5,0,ranking_truncation,0,2,0,8,10,0.8,1.3829310000801343,1769,803,1769,1769,0,8,0,1,0,0.0,0
140,broad,positive,NaiveNoPolicy,15000,64,10,7164,0.4776,10,0.2,0,ranking_truncation,0,0,8,2,10,0.2,0.4664349999075057,1769,1769,1769,0,0,8,0,1,0,0.0,0
141,medium,positive,ExactSecure,15000,64,10,503,0.03353333333333333,10,1.0,1,none,0,0,0,10,10,1.0,7.8048020000096585,15000,503,503,15000,0,0,1,1,0,0.0,0
141,medium,positive,PreFilter-Exact,15000,64,10,503,0.03353333333333333,10,1.0,1,none,0,0,0,10,10,1.0,7.452779000004739,15000,503,503,15000,0,0,1,1,0,0.0,0
141,medium,positive,BitmapSlice-Exact,15000,64,10,503,0.03353333333333333,10,1.0,1,none,0,0,0,10,10,1.0,1.5650389998427272,563,503,503,563,0,0,1,1,0,0.0,0
141,medium,positive,ScalarOnly,15000,64,10,503,0.03353333333333333,10,0.0,0,ranking_truncation,0,0,0,10,10,1.0,7.460669000010967,15000,503,0,15000,0,0,0,1,0,0.0,0
141,medium,positive,PostFilter-IVF,15000,64,10,503,0.03353333333333333,10,1.0,1,none,0,0,0,10,10,1.0,1.6714280000087456,1885,137,1885,1885,0,8,0,1,0,0.0,0
141,medium,positive,AdaptivePostFilter-IVF,15000,64,10,503,0.03353333333333333,10,1.0,1,none,0,0,0,10,10,1.0,4.141778000075647,4800,164,4800,4800,0,20,0,1,0,0.0,0
141,medium,positive,ExactPrefix-PostFilter,15000,64,10,503,0.03353333333333333,10,1.0,1,none,0,0,0,10,10,1.0,3.194540999857054,2400,134,15000,2400,0,0,0,1,0,0.0,0
141,medium,positive,TenantPartition-IVF,15000,64,10,503,0.03353333333333333,10,1.0,1,none,0,0,0,10,10,1.0,1.060280000046987,1885,137,1885,1885,0,8,0,1,0,0.0,0
141,medium,positive,PreFilter-IVF,15000,64,10,503,0.03353333333333333,10,1.0,1,none,0,0,0,10,10,1.0,1.6804900001261558,2017,138,138,2017,9,8,0,1,0,0.0,0
141,medium,positive,PACER-A,15000,64,10,503,0.03353333333333333,10,1.0,1,none,0,0,0,10,10,1.0,5.191689999946902,563,503,563,563,64,54,1,1,0,0.0,0
141,medium,positive,PACER-C,15000,64,10,503,0.03353333333333333,10,1.0,1,none,0,0,0,10,10,1.0,5.2194380000401,563,503,563,563,64,54,1,1,0,0.0,0
141,medium,positive,PACER-X,15000,64,10,503,0.03353333333333333,10,1.0,1,none,0,0,0,10,10,1.0,4.998733999855176,563,503,563,563,64,54,1,1,0,0.0,0
141,medium,positive,PACER-A-NoSlices,15000,64,10,503,0.03353333333333333,10,1.0,1,none,0,0,0,10,10,1.0,2.0533039999008906,2400,141,2400,2400,11,11,0,1,0,0.6227021813392639,1
141,medium,positive,PACER-A-NoBounds,15000,64,10,503,0.03353333333333333,10,1.0,1,none,0,0,0,10,10,1.0,5.076263000091785,563,503,563,563,64,54,1,1,0,0.0,0
141,medium,positive,StaleNoRecheck,15000,64,10,503,0.03353333333333333,10,1.0,1,none,0,0,0,10,10,1.0,1.4872180001930246,1885,153,1885,1885,0,8,0,1,0,0.0,0
141,medium,positive,NaiveNoPolicy,15000,64,10,503,0.03353333333333333,10,0.3,0,ranking_truncation,3,1,6,3,10,0.3,0.5915560000175901,1885,1885,1885,0,0,8,0,1,0,0.0,0
142,narrow,positive,ExactSecure,15000,64,10,23,0.0015333333333333334,10,1.0,1,none,0,0,0,10,10,1.0,7.830042000023241,15000,23,23,15000,0,0,1,1,0,0.0,0
142,narrow,positive,PreFilter-Exact,15000,64,10,23,0.0015333333333333334,10,1.0,1,none,0,0,0,10,10,1.0,7.592994999868097,15000,23,23,15000,0,0,1,1,0,0.0,0
142,narrow,positive,BitmapSlice-Exact,15000,64,10,23,0.0015333333333333334,10,1.0,1,none,0,0,0,10,10,1.0,0.13640700012729212,24,23,23,24,0,0,1,1,0,0.0,0
142,narrow,positive,ScalarOnly,15000,64,10,23,0.0015333333333333334,10,0.5,0,ranking_truncation,0,0,0,10,10,1.0,7.416477999868221,15000,23,0,15000,0,0,0,1,0,0.0,0
142,narrow,positive,PostFilter-IVF,15000,64,10,23,0.0015333333333333334,1,0.1,0,candidate_starvation,0,0,0,1,1,1.0,1.3802280000163591,1746,1,1746,1746,0,8,0,1,0,0.0,0
142,narrow,positive,AdaptivePostFilter-IVF,15000,64,10,23,0.0015333333333333334,2,0.2,0,candidate_starvation,0,0,0,2,2,1.0,4.23775200010823,4800,2,4800,4800,0,22,0,1,0,0.0,0
142,narrow,positive,ExactPrefix-PostFilter,15000,64,10,23,0.0015333333333333334,3,0.3,0,candidate_starvation,0,0,0,3,3,1.0,3.18872600018949,2400,3,15000,2400,0,0,0,1,0,0.0,0
142,narrow,positive,TenantPartition-IVF,15000,64,10,23,0.0015333333333333334,1,0.1,0,candidate_starvation,0,0,0,1,1,1.0,0.7698929998696258,1746,1,1746,1746,0,8,0,1,0,0.0,0
142,narrow,positive,PreFilter-IVF,15000,64,10,23,0.0015333333333333334,10,0.8,0,ranking_truncation,0,0,0,10,10,1.0,1.9904779999251332,2281,13,13,2281,56,8,0,1,0,0.0,0
142,narrow,positive,PACER-A,15000,64,10,23,0.0015333333333333334,10,1.0,1,none,0,0,0,10,10,1.0,0.9623149999242742,24,23,24,24,60,10,1,1,0,0.0,0
142,narrow,positive,PACER-C,15000,64,10,23,0.0015333333333333334,10,1.0,1,none,0,0,0,10,10,1.0,0.8174580000286369,24,23,24,24,60,10,1,1,0,0.0,0
142,narrow,positive,PACER-X,15000,64,10,23,0.0015333333333333334,10,1.0,1,none,0,0,0,10,10,1.0,0.8098799999061157,24,23,24,24,60,10,1,1,0,0.0,0
142,narrow,positive,PACER-A-NoSlices,15000,64,10,23,0.0015333333333333334,2,0.2,0,candidate_starvation,0,0,0,2,2,1.0,1.7743520002113655,2400,2,2400,2400,11,11,0,1,0,0.0,1
142,narrow,positive,PACER-A-NoBounds,15000,64,10,23,0.0015333333333333334,10,1.0,1,none,0,0,0,10,10,1.0,0.7783839998865005,24,23,24,24,64,10,1,1,0,0.0,0
142,narrow,positive,StaleNoRecheck,15000,64,10,23,0.0015333333333333334,1,0.1,0,candidate_starvation,0,0,0,1,1,1.0,1.2452920000214363,1746,1,1746,1746,0,8,0,1,0,0.0,0
142,narrow,positive,NaiveNoPolicy,15000,64,10,23,0.0015333333333333334,10,0.1,0,ranking_truncation,9,0,9,1,10,0.1,0.4062389998580329,1746,1746,1746,0,0,8,0,1,0,0.0,0
143,cold,positive,ExactSecure,15000,64,10,9,0.0006,9,1.0,1,none,0,0,0,9,9,1.0,8.635755000113932,15000,9,9,15000,0,0,1,1,0,0.0,0
143,cold,positive,PreFilter-Exact,15000,64,10,9,0.0006,9,1.0,1,none,0,0,0,9,9,1.0,7.310639000024821,15000,9,9,15000,0,0,1,1,0,0.0,0
143,cold,positive,BitmapSlice-Exact,15000,64,10,9,0.0006,9,1.0,1,none,0,0,0,9,9,1.0,0.10010200003307546,9,9,9,9,0,0,1,1,0,0.0,0
143,cold,positive,ScalarOnly,15000,64,10,9,0.0006,9,1.0,0,ranking_truncation,0,0,0,9,9,1.0,7.3371319999750995,15000,9,0,15000,0,0,0,1,0,0.0,0
143,cold,positive,PostFilter-IVF,15000,64,10,9,0.0006,5,0.5555555555555556,0,candidate_starvation,0,0,0,5,5,1.0,1.3281640001423511,1789,5,1789,1789,0,8,0,1,0,0.0,0
143,cold,positive,AdaptivePostFilter-IVF,15000,64,10,9,0.0006,5,0.5555555555555556,0,candidate_starvation,0,0,0,5,5,1.0,4.3292899999869405,4800,5,4800,4800,0,20,0,1,0,0.0,0
143,cold,positive,ExactPrefix-PostFilter,15000,64,10,9,0.0006,4,0.4444444444444444,0,candidate_starvation,0,0,0,4,4,1.0,3.560642999900665,2400,4,15000,2400,0,0,0,1,0,0.0,0
143,cold,positive,TenantPartition-IVF,15000,64,10,9,0.0006,5,0.5555555555555556,0,candidate_starvation,0,0,0,5,5,1.0,0.7112680000318505,1789,5,1789,1789,0,8,0,1,0,0.0,0
143,cold,positive,PreFilter-IVF,15000,64,10,9,0.0006,9,1.0,1,none,0,0,0,9,9,1.0,1.3406269999904907,1340,9,9,1340,64,6,0,1,0,0.0,0
143,cold,positive,PACER-A,15000,64,10,9,0.0006,9,1.0,1,none,0,0,0,9,9,1.0,0.5944319998434366,9,9,9,9,62,6,1,1,0,0.0,0
143,cold,positive,PACER-C,15000,64,10,9,0.0006,9,1.0,1,none,0,0,0,9,9,1.0,0.5191239999930986,9,9,9,9,62,6,1,1,0,0.0,0
143,cold,positive,PACER-X,15000,64,10,9,0.0006,9,1.0,1,none,0,0,0,9,9,1.0,0.538268999889624,9,9,9,9,62,6,1,1,0,0.0,0
143,cold,positive,PACER-A-NoSlices,15000,64,10,9,0.0006,5,0.5555555555555556,0,candidate_starvation,0,0,0,5,5,1.0,1.818391000142583,2400,5,2400,2400,11,11,0,1,0,0.0,1
143,cold,positive,PACER-A-NoBounds,15000,64,10,9,0.0006,9,1.0,1,none,0,0,0,9,9,1.0,0.47381900003529154,9,9,9,9,62,6,1,1,0,0.0,0
143,cold,positive,StaleNoRecheck,15000,64,10,9,0.0006,5,0.5555555555555556,0,candidate_starvation,0,0,0,5,5,1.0,1.2572220000492962,1789,5,1789,1789,0,8,0,1,0,0.0,0
143,cold,positive,NaiveNoPolicy,15000,64,10,9,0.0006,10,0.1111111111111111,0,ranking_truncation,9,1,8,1,10,0.1,0.4642609999336855,1789,1789,1789,0,0,8,0,1,0,0.0,0
144,broad,positive,ExactSecure,15000,64,10,6786,0.4524,10,1.0,1,none,0,0,0,10,10,1.0,7.875561999981073,15000,6786,6786,15000,0,0,1,1,0,0.0,0
144,broad,positive,PreFilter-Exact,15000,64,10,6786,0.4524,10,1.0,1,none,0,0,0,10,10,1.0,8.03416600001583,15000,6786,6786,15000,0,0,1,1,0,0.0,0
144,broad,positive,BitmapSlice-Exact,15000,64,10,6786,0.4524,10,1.0,1,none,0,0,0,10,10,1.0,15.64784300012434,7472,6786,6786,7472,0,0,1,1,0,0.0,0
144,broad,positive,ScalarOnly,15000,64,10,6786,0.4524,10,0.0,0,ranking_truncation,0,0,0,10,10,1.0,7.130696000103853,15000,6786,0,15000,0,0,0,1,0,0.0,0
144,broad,positive,PostFilter-IVF,15000,64,10,6786,0.4524,10,0.6,0,ranking_truncation,0,0,0,10,10,1.0,1.51313400010622,1926,903,1926,1926,0,8,0,1,0,0.0,0
144,broad,positive,AdaptivePostFilter-IVF,15000,64,10,6786,0.4524,10,0.8,0,ranking_truncation,0,0,0,10,10,1.0,3.9610690000699833,4800,2241,4800,4800,0,21,0,1,0,0.0,0
144,broad,positive,ExactPrefix-PostFilter,15000,64,10,6786,0.4524,10,1.0,1,none,0,0,0,10,10,1.0,3.5677920000125596,2400,1134,15000,2400,0,0,0,1,0,0.0,0
144,broad,positive,TenantPartition-IVF,15000,64,10,6786,0.4524,10,0.6,0,ranking_truncation,0,0,0,10,10,1.0,1.3027659999806929,1926,903,1926,1926,0,8,0,1,0,0.0,0
144,broad,positive,PreFilter-IVF,15000,64,10,6786,0.4524,10,0.6,0,ranking_truncation,0,0,0,10,10,1.0,2.0205519999763055,1926,903,903,1926,8,8,0,1,0,0.0,0
144,broad,positive,PACER-A,15000,64,10,6786,0.4524,10,0.8,0,ranking_truncation,0,0,0,10,10,1.0,6.839016999947489,2400,2192,2400,2400,20,20,0,1,0,0.6230378150939941,1
144,broad,positive,PACER-C,15000,64,10,6786,0.4524,10,1.0,1,none,0,0,0,10,10,1.0,22.371389999989333,7472,6786,7472,7472,64,64,1,1,0,0.0,0
144,broad,positive,PACER-X,15000,64,10,6786,0.4524,10,1.0,1,none,0,0,0,10,10,1.0,22.368828000026042,7472,6786,7472,7472,64,64,1,1,0,0.0,0
144,broad,positive,PACER-A-NoSlices,15000,64,10,6786,0.4524,10,0.6,0,ranking_truncation,0,0,0,10,10,1.0,2.2232420001273567,2400,1084,2400,2400,12,12,0,1,0,0.6347885429859161,1
144,broad,positive,PACER-A-NoBounds,15000,64,10,6786,0.4524,10,0.8,0,ranking_truncation,0,0,0,10,10,1.0,7.435964000023887,2400,2186,2400,2400,21,21,0,1,0,0.0,1
144,broad,positive,StaleNoRecheck,15000,64,10,6786,0.4524,10,0.6,0,ranking_truncation,0,1,0,9,10,0.9,1.458249000052092,1926,978,1926,1926,0,8,0,1,0,0.0,0
144,broad,positive,NaiveNoPolicy,15000,64,10,6786,0.4524,10,0.6,0,ranking_truncation,0,2,3,6,10,0.6,0.44576200002666155,1926,1926,1926,0,0,8,0,1,0,0.0,0
145,medium,positive,ExactSecure,15000,64,10,280,0.018666666666666668,10,1.0,1,none,0,0,0,10,10,1.0,8.19646200011448,15000,280,280,15000,0,0,1,1,0,0.0,0
145,medium,positive,PreFilter-Exact,15000,64,10,280,0.018666666666666668,10,1.0,1,none,0,0,0,10,10,1.0,7.5522120000641735,15000,280,280,15000,0,0,1,1,0,0.0,0
145,medium,positive,BitmapSlice-Exact,15000,64,10,280,0.018666666666666668,10,1.0,1,none,0,0,0,10,10,1.0,0.9753330000421556,304,280,280,304,0,0,1,1,0,0.0,0
145,medium,positive,ScalarOnly,15000,64,10,280,0.018666666666666668,10,0.0,0,ranking_truncation,0,0,0,10,10,1.0,9.824814000012339,15000,280,0,15000,0,0,0,1,0,0.0,0
145,medium,positive,PostFilter-IVF,15000,64,10,280,0.018666666666666668,10,0.2,0,ranking_truncation,0,0,0,10,10,1.0,1.5523430001849192,1909,16,1909,1909,0,8,0,1,0,0.0,0
145,medium,positive,AdaptivePostFilter-IVF,15000,64,10,280,0.018666666666666668,10,0.8,0,ranking_truncation,0,0,0,10,10,1.0,4.0003149999847665,4800,71,4800,4800,0,19,0,1,0,0.0,0
145,medium,positive,ExactPrefix-PostFilter,15000,64,10,280,0.018666666666666668,10,1.0,1,none,0,0,0,10,10,1.0,3.1839010000567214,2400,38,15000,2400,0,0,0,1,0,0.0,0
145,medium,positive,TenantPartition-IVF,15000,64,10,280,0.018666666666666668,10,0.2,0,ranking_truncation,0,0,0,10,10,1.0,0.8458109998628061,1909,16,1909,1909,0,8,0,1,0,0.0,0
145,medium,positive,PreFilter-IVF,15000,64,10,280,0.018666666666666668,10,0.2,0,ranking_truncation,0,0,0,10,10,1.0,1.632322999967073,2090,17,17,2090,9,8,0,1,0,0.0,0
145,medium,positive,PACER-A,15000,64,10,280,0.018666666666666668,10,1.0,1,none,0,0,0,10,10,1.0,4.4411139999738225,304,280,304,304,64,51,1,1,0,0.0,0
145,medium,positive,PACER-C,15000,64,10,280,0.018666666666666668,10,1.0,1,none,0,0,0,10,10,1.0,4.217524000068806,304,280,304,304,64,51,1,1,0,0.0,0
145,medium,positive,PACER-X,15000,64,10,280,0.018666666666666668,10,1.0,1,none,0,0,0,10,10,1.0,4.107803000124477,304,280,304,304,64,51,1,1,0,0.0,0
145,medium,positive,PACER-A-NoSlices,15000,64,10,280,0.018666666666666668,10,0.3,0,ranking_truncation,0,0,0,10,10,1.0,2.524948999962362,2400,20,2400,2400,10,10,0,1,0,0.9362029395997524,1
145,medium,positive,PACER-A-NoBounds,15000,64,10,280,0.018666666666666668,10,1.0,1,none,0,0,0,10,10,1.0,4.2242609999902925,304,280,304,304,64,51,1,1,0,0.0,0
145,medium,positive,StaleNoRecheck,15000,64,10,280,0.018666666666666668,10,0.2,0,ranking_truncation,0,2,0,8,10,0.8,1.3735749998886604,1909,20,1909,1909,0,8,0,1,0,0.0,0
145,medium,positive,NaiveNoPolicy,15000,64,10,280,0.018666666666666668,10,0.1,0,ranking_truncation,6,3,8,1,10,0.1,0.45445099999597005,1909,1909,1909,0,0,8,0,1,0,0.0,0
146,narrow,positive,ExactSecure,15000,64,10,14,0.0009333333333333333,10,1.0,1,none,0,0,0,10,10,1.0,6.955699000172899,15000,14,14,15000,0,0,1,1,0,0.0,0
146,narrow,positive,PreFilter-Exact,15000,64,10,14,0.0009333333333333333,10,1.0,1,none,0,0,0,10,10,1.0,6.932318000053783,15000,14,14,15000,0,0,1,1,0,0.0,0
146,narrow,positive,BitmapSlice-Exact,15000,64,10,14,0.0009333333333333333,10,1.0,1,none,0,0,0,10,10,1.0,0.11776900009863311,16,14,14,16,0,0,1,1,0,0.0,0
146,narrow,positive,ScalarOnly,15000,64,10,14,0.0009333333333333333,10,0.8,0,ranking_truncation,0,0,0,10,10,1.0,6.974466999963624,15000,14,0,15000,0,0,0,1,0,0.0,0
146,narrow,positive,PostFilter-IVF,15000,64,10,14,0.0009333333333333333,8,0.6,0,candidate_starvation,0,0,0,8,8,1.0,1.1860059998980432,1606,8,1606,1606,0,8,0,1,0,0.0,0
146,narrow,positive,AdaptivePostFilter-IVF,15000,64,10,14,0.0009333333333333333,10,0.7,0,ranking_truncation,0,0,0,10,10,1.0,3.5694059999968886,4800,10,4800,4800,0,21,0,1,0,0.0,0
146,narrow,positive,ExactPrefix-PostFilter,15000,64,10,14,0.0009333333333333333,5,0.5,0,candidate_starvation,0,0,0,5,5,1.0,3.0634789998202905,2400,5,15000,2400,0,0,0,1,0,0.0,0
146,narrow,positive,TenantPartition-IVF,15000,64,10,14,0.0009333333333333333,8,0.6,0,candidate_starvation,0,0,0,8,8,1.0,0.6297969998740882,1606,8,1606,1606,0,8,0,1,0,0.0,0
146,narrow,positive,PreFilter-IVF,15000,64,10,14,0.0009333333333333333,10,1.0,1,none,0,0,0,10,10,1.0,1.5110040001218294,1784,14,14,1784,64,6,0,1,0,0.0,0
146,narrow,positive,PACER-A,15000,64,10,14,0.0009333333333333333,10,1.0,1,none,0,0,0,10,10,1.0,0.572530999988885,16,14,16,16,57,6,1,1,0,0.0,0
146,narrow,positive,PACER-C,15000,64,10,14,0.0009333333333333333,10,1.0,1,none,0,0,0,10,10,1.0,0.5227049998666189,16,14,16,16,57,6,1,1,0,0.0,0
146,narrow,positive,PACER-X,15000,64,10,14,0.0009333333333333333,10,1.0,1,none,0,0,0,10,10,1.0,0.4995129997951153,16,14,16,16,57,6,1,1,0,0.0,0
146,narrow,positive,PACER-A-NoSlices,15000,64,10,14,0.0009333333333333333,8,0.6,0,candidate_starvation,0,0,0,8,8,1.0,1.7015200000969344,2400,8,2400,2400,11,11,0,1,0,0.0,1
146,narrow,positive,PACER-A-NoBounds,15000,64,10,14,0.0009333333333333333,10,1.0,1,none,0,0,0,10,10,1.0,0.5205259999456757,16,14,16,16,64,6,1,1,0,0.0,0
146,narrow,positive,StaleNoRecheck,15000,64,10,14,0.0009333333333333333,10,0.6,0,ranking_truncation,0,2,0,8,10,0.8,1.056318999872019,1606,10,1606,1606,0,8,0,1,0,0.0,0
146,narrow,positive,NaiveNoPolicy,15000,64,10,14,0.0009333333333333333,10,0.1,0,ranking_truncation,9,0,8,1,10,0.1,0.37651399998139823,1606,1606,1606,0,0,8,0,1,0,0.0,0
147,cold,positive,ExactSecure,15000,64,10,2,0.00013333333333333334,2,1.0,1,none,0,0,0,2,2,1.0,6.727319999981773,15000,2,2,15000,0,0,1,1,0,0.0,0
147,cold,positive,PreFilter-Exact,15000,64,10,2,0.00013333333333333334,2,1.0,1,none,0,0,0,2,2,1.0,7.098086000041803,15000,2,2,15000,0,0,1,1,0,0.0,0
147,cold,positive,BitmapSlice-Exact,15000,64,10,2,0.00013333333333333334,2,1.0,1,none,0,0,0,2,2,1.0,0.07389300003524113,2,2,2,2,0,0,1,1,0,0.0,0
147,cold,positive,ScalarOnly,15000,64,10,2,0.00013333333333333334,2,1.0,1,none,0,0,0,2,2,1.0,7.284021000032226,15000,2,0,15000,0,0,0,1,0,0.0,0
147,cold,positive,PostFilter-IVF,15000,64,10,2,0.00013333333333333334,1,0.5,0,candidate_starvation,0,0,0,1,1,1.0,1.6268500000933273,2171,1,2171,2171,0,8,0,1,0,0.0,0
147,cold,positive,AdaptivePostFilter-IVF,15000,64,10,2,0.00013333333333333334,1,0.5,0,candidate_starvation,0,0,0,1,1,1.0,3.9753300000029412,4800,1,4800,4800,0,21,0,1,0,0.0,0
147,cold,positive,ExactPrefix-PostFilter,15000,64,10,2,0.00013333333333333334,1,0.5,0,candidate_starvation,0,0,0,1,1,1.0,3.0516739998347475,2400,1,15000,2400,0,0,0,1,0,0.0,0
147,cold,positive,TenantPartition-IVF,15000,64,10,2,0.00013333333333333334,1,0.5,0,candidate_starvation,0,0,0,1,1,1.0,0.8223639999869192,2171,1,2171,2171,0,8,0,1,0,0.0,0
147,cold,positive,PreFilter-IVF,15000,64,10,2,0.00013333333333333334,2,1.0,1,none,0,0,0,2,2,1.0,0.7570499999474123,509,2,2,509,64,2,0,1,0,0.0,0
147,cold,positive,PACER-A,15000,64,10,2,0.00013333333333333334,2,1.0,1,none,0,0,0,2,2,1.0,0.315024999963498,2,2,2,2,64,2,1,1,0,0.0,0
147,cold,positive,PACER-C,15000,64,10,2,0.00013333333333333334,2,1.0,1,none,0,0,0,2,2,1.0,0.24526600009266986,2,2,2,2,64,2,1,1,0,0.0,0
147,cold,positive,PACER-X,15000,64,10,2,0.00013333333333333334,2,1.0,1,none,0,0,0,2,2,1.0,0.221839000005275,2,2,2,2,64,2,1,1,0,0.0,0
147,cold,positive,PACER-A-NoSlices,15000,64,10,2,0.00013333333333333334,1,0.5,0,candidate_starvation,0,0,0,1,1,1.0,1.6358670000045095,2400,1,2400,2400,10,10,0,1,0,0.0,1
147,cold,positive,PACER-A-NoBounds,15000,64,10,2,0.00013333333333333334,2,1.0,1,none,0,0,0,2,2,1.0,0.23035200001686462,2,2,2,2,64,2,1,1,0,0.0,0
147,cold,positive,StaleNoRecheck,15000,64,10,2,0.00013333333333333334,1,0.5,0,candidate_starvation,0,0,0,1,1,1.0,1.5109060000213503,2171,1,2171,2171,0,8,0,1,0,0.0,0
147,cold,positive,NaiveNoPolicy,15000,64,10,2,0.00013333333333333334,10,0.5,0,ranking_truncation,9,2,8,1,10,0.1,0.5360430000109773,2171,2171,2171,0,0,8,0,1,0,0.0,0
148,broad,positive,ExactSecure,15000,64,10,6843,0.4562,10,1.0,1,none,0,0,0,10,10,1.0,8.083058000011079,15000,6843,6843,15000,0,0,1,1,0,0.0,0
148,broad,positive,PreFilter-Exact,15000,64,10,6843,0.4562,10,1.0,1,none,0,0,0,10,10,1.0,7.690747999959058,15000,6843,6843,15000,0,0,1,1,0,0.0,0
148,broad,positive,BitmapSlice-Exact,15000,64,10,6843,0.4562,10,1.0,1,none,0,0,0,10,10,1.0,15.999291000071025,7430,6843,6843,7430,0,0,1,1,0,0.0,0
148,broad,positive,ScalarOnly,15000,64,10,6843,0.4562,10,0.0,0,ranking_truncation,0,0,0,10,10,1.0,7.203121999964424,15000,6843,0,15000,0,0,0,1,0,0.0,0
148,broad,positive,PostFilter-IVF,15000,64,10,6843,0.4562,10,0.8,0,ranking_truncation,0,0,0,10,10,1.0,1.4613139999255509,1920,934,1920,1920,0,8,0,1,0,0.0,0
148,broad,positive,AdaptivePostFilter-IVF,15000,64,10,6843,0.4562,10,0.9,0,ranking_truncation,0,0,0,10,10,1.0,4.306558999815024,4800,2080,4800,4800,0,22,0,1,0,0.0,0
148,broad,positive,ExactPrefix-PostFilter,15000,64,10,6843,0.4562,10,1.0,1,none,0,0,0,10,10,1.0,3.321045000120648,2400,1105,15000,2400,0,0,0,1,0,0.0,0
148,broad,positive,TenantPartition-IVF,15000,64,10,6843,0.4562,10,0.8,0,ranking_truncation,0,0,0,10,10,1.0,1.3404470000750734,1920,934,1920,1920,0,8,0,1,0,0.0,0
148,broad,positive,PreFilter-IVF,15000,64,10,6843,0.4562,10,0.8,0,ranking_truncation,0,0,0,10,10,1.0,1.8130319999727362,1688,854,854,1688,8,8,0,1,0,0.0,0
148,broad,positive,PACER-A,15000,64,10,6843,0.4562,10,0.9,0,ranking_truncation,0,0,0,10,10,1.0,8.445075000054203,2400,2206,2400,2400,23,23,0,1,0,0.5842204391956329,1
148,broad,positive,PACER-C,15000,64,10,6843,0.4562,10,1.0,1,none,0,0,0,10,10,1.0,21.242786999891905,7430,6843,7430,7430,64,64,1,1,0,0.0,0
148,broad,positive,PACER-X,15000,64,10,6843,0.4562,10,1.0,1,none,0,0,0,10,10,1.0,21.95167800005038,7430,6843,7430,7430,64,64,1,1,0,0.0,0
148,broad,positive,PACER-A-NoSlices,15000,64,10,6843,0.4562,10,0.8,0,ranking_truncation,0,0,0,10,10,1.0,2.3774300000241055,2400,1109,2400,2400,12,12,0,1,0,0.5896628797054291,1
148,broad,positive,PACER-A-NoBounds,15000,64,10,6843,0.4562,10,0.9,0,ranking_truncation,0,0,0,10,10,1.0,7.481755000071644,2400,2211,2400,2400,24,24,0,1,0,0.0,1
148,broad,positive,StaleNoRecheck,15000,64,10,6843,0.4562,10,0.8,0,ranking_truncation,0,0,0,10,10,1.0,1.7236030000731262,1920,1006,1920,1920,0,8,0,1,0,0.0,0
148,broad,positive,NaiveNoPolicy,15000,64,10,6843,0.4562,10,0.7,0,ranking_truncation,0,0,3,7,10,0.7,0.7005810000464407,1920,1920,1920,0,0,8,0,1,0,0.0,0
149,medium,positive,ExactSecure,15000,64,10,300,0.02,10,1.0,1,none,0,0,0,10,10,1.0,8.16341800009468,15000,300,300,15000,0,0,1,1,0,0.0,0
149,medium,positive,PreFilter-Exact,15000,64,10,300,0.02,10,1.0,1,none,0,0,0,10,10,1.0,7.718910999983564,15000,300,300,15000,0,0,1,1,0,0.0,0
149,medium,positive,BitmapSlice-Exact,15000,64,10,300,0.02,10,1.0,1,none,0,0,0,10,10,1.0,0.8539370001017232,335,300,300,335,0,0,1,1,0,0.0,0
149,medium,positive,ScalarOnly,15000,64,10,300,0.02,10,0.1,0,ranking_truncation,0,0,0,10,10,1.0,7.630743999925471,15000,300,0,15000,0,0,0,1,0,0.0,0
149,medium,positive,PostFilter-IVF,15000,64,10,300,0.02,10,0.4,0,ranking_truncation,0,0,0,10,10,1.0,1.3713189998725284,1744,54,1744,1744,0,8,0,1,0,0.0,0
149,medium,positive,AdaptivePostFilter-IVF,15000,64,10,300,0.02,10,0.9,0,ranking_truncation,0,0,0,10,10,1.0,5.399251999961052,4800,145,4800,4800,0,23,0,1,0,0.0,0
149,medium,positive,ExactPrefix-PostFilter,15000,64,10,300,0.02,10,1.0,1,none,0,0,0,10,10,1.0,3.5126049999689712,2400,67,15000,2400,0,0,0,1,0,0.0,0
149,medium,positive,TenantPartition-IVF,15000,64,10,300,0.02,10,0.4,0,ranking_truncation,0,0,0,10,10,1.0,1.125302999980704,1744,54,1744,1744,0,8,0,1,0,0.0,0
149,medium,positive,PreFilter-IVF,15000,64,10,300,0.02,10,0.7,0,ranking_truncation,0,0,0,10,10,1.0,2.028666000114754,1952,74,74,1952,10,8,0,1,0,0.0,0
149,medium,positive,PACER-A,15000,64,10,300,0.02,10,1.0,1,none,0,0,0,10,10,1.0,4.929225000068982,335,300,335,335,64,55,1,1,0,0.0,0
149,medium,positive,PACER-C,15000,64,10,300,0.02,10,1.0,1,none,0,0,0,10,10,1.0,4.637482000134696,335,300,335,335,64,55,1,1,0,0.0,0
149,medium,positive,PACER-X,15000,64,10,300,0.02,10,1.0,1,none,0,0,0,10,10,1.0,4.533649999984846,335,300,335,335,64,55,1,1,0,0.0,0
149,medium,positive,PACER-A-NoSlices,15000,64,10,300,0.02,10,0.8,0,ranking_truncation,0,0,0,10,10,1.0,2.0736300000407937,2400,78,2400,2400,12,12,0,1,0,0.7406420111656189,1
149,medium,positive,PACER-A-NoBounds,15000,64,10,300,0.02,10,1.0,1,none,0,0,0,10,10,1.0,4.548363999901994,335,300,335,335,64,55,1,1,0,0.0,0
149,medium,positive,StaleNoRecheck,15000,64,10,300,0.02,10,0.4,0,ranking_truncation,0,1,0,9,10,0.9,1.6910599999846454,1744,61,1744,1744,0,8,0,1,0,0.0,0
149,medium,positive,NaiveNoPolicy,15000,64,10,300,0.02,10,0.1,0,ranking_truncation,8,1,5,1,10,0.1,0.5057270000179415,1744,1744,1744,0,0,8,0,1,0,0.0,0
150,narrow,positive,ExactSecure,15000,64,10,5,0.0003333333333333333,5,1.0,1,none,0,0,0,5,5,1.0,7.295577000149933,15000,5,5,15000,0,0,1,1,0,0.0,0
150,narrow,positive,PreFilter-Exact,15000,64,10,5,0.0003333333333333333,5,1.0,1,none,0,0,0,5,5,1.0,7.217714999796954,15000,5,5,15000,0,0,1,1,0,0.0,0
150,narrow,positive,BitmapSlice-Exact,15000,64,10,5,0.0003333333333333333,5,1.0,1,none,0,0,0,5,5,1.0,0.09100699980990612,6,5,5,6,0,0,1,1,0,0.0,0
150,narrow,positive,ScalarOnly,15000,64,10,5,0.0003333333333333333,5,1.0,0,ranking_truncation,0,0,0,5,5,1.0,7.085314000050857,15000,5,0,15000,0,0,0,1,0,0.0,0
150,narrow,positive,PostFilter-IVF,15000,64,10,5,0.0003333333333333333,4,0.8,0,candidate_starvation,0,0,0,4,4,1.0,1.321148999977595,1692,4,1692,1692,0,8,0,1,0,0.0,0
150,narrow,positive,AdaptivePostFilter-IVF,15000,64,10,5,0.0003333333333333333,4,0.8,0,candidate_starvation,0,0,0,4,4,1.0,3.8645180000003165,4800,4,4800,4800,0,21,0,1,0,0.0,0
150,narrow,positive,ExactPrefix-PostFilter,15000,64,10,5,0.0003333333333333333,1,0.2,0,candidate_starvation,0,0,0,1,1,1.0,5.161815000064962,2400,1,15000,2400,0,0,0,1,0,0.0,0
150,narrow,positive,TenantPartition-IVF,15000,64,10,5,0.0003333333333333333,4,0.8,0,candidate_starvation,0,0,0,4,4,1.0,1.3085289999708039,1692,4,1692,1692,0,8,0,1,0,0.0,0
150,narrow,positive,PreFilter-IVF,15000,64,10,5,0.0003333333333333333,5,1.0,1,none,0,0,0,5,5,1.0,1.8620240000473132,710,5,5,710,64,2,0,1,0,0.0,0
150,narrow,positive,PACER-A,15000,64,10,5,0.0003333333333333333,5,1.0,1,none,0,0,0,5,5,1.0,0.4934769999636046,6,5,6,6,33,2,1,1,0,0.0,0
150,narrow,positive,PACER-C,15000,64,10,5,0.0003333333333333333,5,1.0,1,none,0,0,0,5,5,1.0,0.43778500003099907,6,5,6,6,33,2,1,1,0,0.0,0
150,narrow,positive,PACER-X,15000,64,10,5,0.0003333333333333333,5,1.0,1,none,0,0,0,5,5,1.0,0.4228180000609427,6,5,6,6,33,2,1,1,0,0.0,0
150,narrow,positive,PACER-A-NoSlices,15000,64,10,5,0.0003333333333333333,4,0.8,0,candidate_starvation,0,0,0,4,4,1.0,3.4776469999542314,2400,4,2400,2400,11,11,0,1,0,0.0,1
150,narrow,positive,PACER-A-NoBounds,15000,64,10,5,0.0003333333333333333,5,1.0,1,none,0,0,0,5,5,1.0,0.43287199991937086,6,5,6,6,37,2,1,1,0,0.0,0
150,narrow,positive,StaleNoRecheck,15000,64,10,5,0.0003333333333333333,5,0.8,0,ranking_truncation,0,1,0,4,5,0.8,2.4485359999744105,1692,5,1692,1692,0,8,0,1,0,0.0,0
150,narrow,positive,NaiveNoPolicy,15000,64,10,5,0.0003333333333333333,10,0.0,0,ranking_truncation,9,1,8,0,10,0.0,0.6552830000146059,1692,1692,1692,0,0,8,0,1,0,0.0,0
151,cold,positive,ExactSecure,15000,64,10,1,6.666666666666667e-05,1,1.0,1,none,0,0,0,1,1,1.0,15.960930999881384,15000,1,1,15000,0,0,1,1,0,0.0,0
151,cold,positive,PreFilter-Exact,15000,64,10,1,6.666666666666667e-05,1,1.0,1,none,0,0,0,1,1,1.0,7.31771599998865,15000,1,1,15000,0,0,1,1,0,0.0,0
151,cold,positive,BitmapSlice-Exact,15000,64,10,1,6.666666666666667e-05,1,1.0,1,none,0,0,0,1,1,1.0,0.08607399990978593,1,1,1,1,0,0,1,1,0,0.0,0
151,cold,positive,ScalarOnly,15000,64,10,1,6.666666666666667e-05,1,1.0,1,none,0,0,0,1,1,1.0,6.831239000121059,15000,1,0,15000,0,0,0,1,0,0.0,0
151,cold,positive,PostFilter-IVF,15000,64,10,1,6.666666666666667e-05,1,1.0,1,none,0,0,0,1,1,1.0,0.9834120000959956,1365,1,1365,1365,0,8,0,1,0,0.0,0
151,cold,positive,AdaptivePostFilter-IVF,15000,64,10,1,6.666666666666667e-05,1,1.0,1,none,0,0,0,1,1,1.0,3.843813000003138,4800,1,4800,4800,0,21,0,1,0,0.0,0
151,cold,positive,ExactPrefix-PostFilter,15000,64,10,1,6.666666666666667e-05,1,1.0,1,none,0,0,0,1,1,1.0,3.071202999990419,2400,1,15000,2400,0,0,0,1,0,0.0,0
151,cold,positive,TenantPartition-IVF,15000,64,10,1,6.666666666666667e-05,1,1.0,1,none,0,0,0,1,1,1.0,0.544543999922098,1365,1,1365,1365,0,8,0,1,0,0.0,0
151,cold,positive,PreFilter-IVF,15000,64,10,1,6.666666666666667e-05,1,1.0,1,none,0,0,0,1,1,1.0,0.6022459999712737,212,1,1,212,64,1,0,1,0,0.0,0
151,cold,positive,PACER-A,15000,64,10,1,6.666666666666667e-05,1,1.0,1,none,0,0,0,1,1,1.0,0.19297000017104438,1,1,1,1,9,1,1,1,0,0.0,0
151,cold,positive,PACER-C,15000,64,10,1,6.666666666666667e-05,1,1.0,1,none,0,0,0,1,1,1.0,0.16438499983451038,1,1,1,1,9,1,1,1,0,0.0,0
151,cold,positive,PACER-X,15000,64,10,1,6.666666666666667e-05,1,1.0,1,none,0,0,0,1,1,1.0,0.1446700000542478,1,1,1,1,9,1,1,1,0,0.0,0
151,cold,positive,PACER-A-NoSlices,15000,64,10,1,6.666666666666667e-05,1,1.0,1,none,0,0,0,1,1,1.0,2.37256599984903,2400,1,2400,2400,13,13,0,1,0,0.0,1
151,cold,positive,PACER-A-NoBounds,15000,64,10,1,6.666666666666667e-05,1,1.0,1,none,0,0,0,1,1,1.0,0.2762900001016533,1,1,1,1,1,1,1,1,0,0.0,0
151,cold,positive,StaleNoRecheck,15000,64,10,1,6.666666666666667e-05,1,1.0,1,none,0,0,0,1,1,1.0,1.8610609999996086,1365,1,1365,1365,0,8,0,1,0,0.0,0
151,cold,positive,NaiveNoPolicy,15000,64,10,1,6.666666666666667e-05,10,1.0,0,ranking_truncation,9,4,9,1,10,0.1,0.5267539997930726,1365,1365,1365,0,0,8,0,1,0,0.0,0
152,broad,positive,ExactSecure,15000,64,10,6601,0.44006666666666666,10,1.0,1,none,0,0,0,10,10,1.0,10.770998999987569,15000,6601,6601,15000,0,0,1,1,0,0.0,0
152,broad,positive,PreFilter-Exact,15000,64,10,6601,0.44006666666666666,10,1.0,1,none,0,0,0,10,10,1.0,8.13199899994288,15000,6601,6601,15000,0,0,1,1,0,0.0,0
152,broad,positive,BitmapSlice-Exact,15000,64,10,6601,0.44006666666666666,10,1.0,1,none,0,0,0,10,10,1.0,15.64060700002301,7286,6601,6601,7286,0,0,1,1,0,0.0,0
152,broad,positive,ScalarOnly,15000,64,10,6601,0.44006666666666666,10,0.0,0,ranking_truncation,0,0,0,10,10,1.0,7.0897999999033345,15000,6601,0,15000,0,0,0,1,0,0.0,0
152,broad,positive,PostFilter-IVF,15000,64,10,6601,0.44006666666666666,10,0.8,0,ranking_truncation,0,0,0,10,10,1.0,1.3420970001334354,1755,768,1755,1755,0,8,0,1,0,0.0,0
152,broad,positive,AdaptivePostFilter-IVF,15000,64,10,6601,0.44006666666666666,10,1.0,1,none,0,0,0,10,10,1.0,4.0711369999826275,4800,2156,4800,4800,0,20,0,1,0,0.0,0
152,broad,positive,ExactPrefix-PostFilter,15000,64,10,6601,0.44006666666666666,10,1.0,1,none,0,0,0,10,10,1.0,3.071537000096214,2400,1032,15000,2400,0,0,0,1,0,0.0,0
152,broad,positive,TenantPartition-IVF,15000,64,10,6601,0.44006666666666666,10,0.8,0,ranking_truncation,0,0,0,10,10,1.0,1.154216000031738,1755,768,1755,1755,0,8,0,1,0,0.0,0
152,broad,positive,PreFilter-IVF,15000,64,10,6601,0.44006666666666666,10,0.9,0,ranking_truncation,0,0,0,10,10,1.0,1.9089259999418573,1983,910,910,1983,8,8,0,1,0,0.0,0
152,broad,positive,PACER-A,15000,64,10,6601,0.44006666666666666,10,1.0,1,none,0,0,0,10,10,1.0,7.652401000086684,2400,2185,2400,2400,20,20,0,1,0,0.634858250617981,1
152,broad,positive,PACER-C,15000,64,10,6601,0.44006666666666666,10,1.0,1,none,0,0,0,10,10,1.0,24.409615000195117,7286,6601,7286,7286,64,64,1,1,0,0.0,0
152,broad,positive,PACER-X,15000,64,10,6601,0.44006666666666666,10,1.0,1,none,0,0,0,10,10,1.0,21.18003000009594,7286,6601,7286,7286,64,64,1,1,0,0.0,0
152,broad,positive,PACER-A-NoSlices,15000,64,10,6601,0.44006666666666666,10,1.0,1,none,0,0,0,10,10,1.0,2.0032299999002134,2400,1144,2400,2400,10,10,0,1,0,0.6490486264228821,1
152,broad,positive,PACER-A-NoBounds,15000,64,10,6601,0.44006666666666666,10,1.0,1,none,0,0,0,10,10,1.0,8.066598000141312,2400,2184,2400,2400,21,21,0,1,0,0.0,1
152,broad,positive,StaleNoRecheck,15000,64,10,6601,0.44006666666666666,10,0.8,0,ranking_truncation,0,2,0,8,10,0.8,1.2997910000649426,1755,848,1755,1755,0,8,0,1,0,0.0,0
152,broad,positive,NaiveNoPolicy,15000,64,10,6601,0.44006666666666666,10,0.4,0,ranking_truncation,0,2,5,4,10,0.4,0.404136000042854,1755,1755,1755,0,0,8,0,1,0,0.0,0
153,medium,positive,ExactSecure,15000,64,10,335,0.022333333333333334,10,1.0,1,none,0,0,0,10,10,1.0,8.712322000064887,15000,335,335,15000,0,0,1,1,0,0.0,0
153,medium,positive,PreFilter-Exact,15000,64,10,335,0.022333333333333334,10,1.0,1,none,0,0,0,10,10,1.0,7.221152000056463,15000,335,335,15000,0,0,1,1,0,0.0,0
153,medium,positive,BitmapSlice-Exact,15000,64,10,335,0.022333333333333334,10,1.0,1,none,0,0,0,10,10,1.0,0.9031970000705769,364,335,335,364,0,0,1,1,0,0.0,0
153,medium,positive,ScalarOnly,15000,64,10,335,0.022333333333333334,10,0.0,0,ranking_truncation,0,0,0,10,10,1.0,8.494269000038912,15000,335,0,15000,0,0,0,1,0,0.0,0
153,medium,positive,PostFilter-IVF,15000,64,10,335,0.022333333333333334,10,0.9,0,ranking_truncation,0,0,0,10,10,1.0,1.4603540000734938,2026,55,2026,2026,0,8,0,1,0,0.0,0
153,medium,positive,AdaptivePostFilter-IVF,15000,64,10,335,0.022333333333333334,10,1.0,1,none,0,0,0,10,10,1.0,3.645258999995349,4800,117,4800,4800,0,20,0,1,0,0.0,0
153,medium,positive,ExactPrefix-PostFilter,15000,64,10,335,0.022333333333333334,10,1.0,1,none,0,0,0,10,10,1.0,2.990405999980794,2400,60,15000,2400,0,0,0,1,0,0.0,0
153,medium,positive,TenantPartition-IVF,15000,64,10,335,0.022333333333333334,10,0.9,0,ranking_truncation,0,0,0,10,10,1.0,0.9309490001214726,2026,55,2026,2026,0,8,0,1,0,0.0,0
153,medium,positive,PreFilter-IVF,15000,64,10,335,0.022333333333333334,10,0.9,0,ranking_truncation,0,0,0,10,10,1.0,1.6589449999173667,2281,80,80,2281,8,8,0,1,0,0.0,0
153,medium,positive,PACER-A,15000,64,10,335,0.022333333333333334,10,1.0,1,none,0,0,0,10,10,1.0,4.523413000015353,364,335,364,364,64,55,1,1,0,0.0,0
153,medium,positive,PACER-C,15000,64,10,335,0.022333333333333334,10,1.0,1,none,0,0,0,10,10,1.0,6.696113000089099,364,335,364,364,64,55,1,1,0,0.0,0
153,medium,positive,PACER-X,15000,64,10,335,0.022333333333333334,10,1.0,1,none,0,0,0,10,10,1.0,5.568303000018204,364,335,364,364,64,55,1,1,0,0.0,0
153,medium,positive,PACER-A-NoSlices,15000,64,10,335,0.022333333333333334,10,0.9,0,ranking_truncation,0,0,0,10,10,1.0,1.786112999980105,2400,82,2400,2400,9,9,0,1,0,0.7022428512573242,1
153,medium,positive,PACER-A-NoBounds,15000,64,10,335,0.022333333333333334,10,1.0,1,none,0,0,0,10,10,1.0,4.919621999988522,364,335,364,364,64,55,1,1,0,0.0,0
153,medium,positive,StaleNoRecheck,15000,64,10,335,0.022333333333333334,10,0.9,0,ranking_truncation,0,0,0,10,10,1.0,1.440515999775016,2026,61,2026,2026,0,8,0,1,0,0.0,0
153,medium,positive,NaiveNoPolicy,15000,64,10,335,0.022333333333333334,10,0.1,0,ranking_truncation,7,2,9,1,10,0.1,0.4908739999791578,2026,2026,2026,0,0,8,0,1,0,0.0,0
154,narrow,positive,ExactSecure,15000,64,10,8,0.0005333333333333334,8,1.0,1,none,0,0,0,8,8,1.0,7.51837699999669,15000,8,8,15000,0,0,1,1,0,0.0,0
154,narrow,positive,PreFilter-Exact,15000,64,10,8,0.0005333333333333334,8,1.0,1,none,0,0,0,8,8,1.0,6.75049599999511,15000,8,8,15000,0,0,1,1,0,0.0,0
154,narrow,positive,BitmapSlice-Exact,15000,64,10,8,0.0005333333333333334,8,1.0,1,none,0,0,0,8,8,1.0,0.0877509999099857,8,8,8,8,0,0,1,1,0,0.0,0
154,narrow,positive,ScalarOnly,15000,64,10,8,0.0005333333333333334,8,1.0,0,ranking_truncation,0,0,0,8,8,1.0,6.759091999811062,15000,8,0,15000,0,0,0,1,0,0.0,0
154,narrow,positive,PostFilter-IVF,15000,64,10,8,0.0005333333333333334,4,0.5,0,candidate_starvation,0,0,0,4,4,1.0,1.6030919998684112,2223,4,2223,2223,0,8,0,1,0,0.0,0
154,narrow,positive,AdaptivePostFilter-IVF,15000,64,10,8,0.0005333333333333334,4,0.5,0,candidate_starvation,0,0,0,4,4,1.0,3.4878950000347686,4800,4,4800,4800,0,18,0,1,0,0.0,0
154,narrow,positive,ExactPrefix-PostFilter,15000,64,10,8,0.0005333333333333334,3,0.375,0,candidate_starvation,0,0,0,3,3,1.0,3.0457420000402635,2400,3,15000,2400,0,0,0,1,0,0.0,0
154,narrow,positive,TenantPartition-IVF,15000,64,10,8,0.0005333333333333334,4,0.5,0,candidate_starvation,0,0,0,4,4,1.0,0.8794729999408446,2223,4,2223,2223,0,8,0,1,0,0.0,0
154,narrow,positive,PreFilter-IVF,15000,64,10,8,0.0005333333333333334,8,1.0,1,none,0,0,0,8,8,1.0,1.444508000076894,1751,8,8,1751,64,6,0,1,0,0.0,0
154,narrow,positive,PACER-A,15000,64,10,8,0.0005333333333333334,8,1.0,1,none,0,0,0,8,8,1.0,0.5324989999735408,8,8,8,8,47,6,1,1,0,0.0,0
154,narrow,positive,PACER-C,15000,64,10,8,0.0005333333333333334,8,1.0,1,none,0,0,0,8,8,1.0,0.46617499992862577,8,8,8,8,47,6,1,1,0,0.0,0
154,narrow,positive,PACER-X,15000,64,10,8,0.0005333333333333334,8,1.0,1,none,0,0,0,8,8,1.0,0.4505509998580237,8,8,8,8,47,6,1,1,0,0.0,0
154,narrow,positive,PACER-A-NoSlices,15000,64,10,8,0.0005333333333333334,4,0.5,0,candidate_starvation,0,0,0,4,4,1.0,2.0290590000513475,2400,4,2400,2400,10,10,0,1,0,0.0,1
154,narrow,positive,PACER-A-NoBounds,15000,64,10,8,0.0005333333333333334,8,1.0,1,none,0,0,0,8,8,1.0,0.7723829999122245,8,8,8,8,40,6,1,1,0,0.0,0
154,narrow,positive,StaleNoRecheck,15000,64,10,8,0.0005333333333333334,4,0.5,0,candidate_starvation,0,0,0,4,4,1.0,1.8950090000089403,2223,4,2223,2223,0,8,0,1,0,0.0,0
154,narrow,positive,NaiveNoPolicy,15000,64,10,8,0.0005333333333333334,10,0.125,0,ranking_truncation,9,0,7,1,10,0.1,0.5660580000039772,2223,2223,2223,0,0,8,0,1,0,0.0,0
155,cold,positive,ExactSecure,15000,64,10,4,0.0002666666666666667,4,1.0,1,none,0,0,0,4,4,1.0,6.851558000107616,15000,4,4,15000,0,0,1,1,0,0.0,0
155,cold,positive,PreFilter-Exact,15000,64,10,4,0.0002666666666666667,4,1.0,1,none,0,0,0,4,4,1.0,7.429679999859218,15000,4,4,15000,0,0,1,1,0,0.0,0
155,cold,positive,BitmapSlice-Exact,15000,64,10,4,0.0002666666666666667,4,1.0,1,none,0,0,0,4,4,1.0,0.08236999997279781,5,4,4,5,0,0,1,1,0,0.0,0
155,cold,positive,ScalarOnly,15000,64,10,4,0.0002666666666666667,4,1.0,0,ranking_truncation,0,0,0,4,4,1.0,6.7328370000723226,15000,4,0,15000,0,0,0,1,0,0.0,0
155,cold,positive,PostFilter-IVF,15000,64,10,4,0.0002666666666666667,3,0.75,0,candidate_starvation,0,0,0,3,3,1.0,1.3433449998956348,1926,3,1926,1926,0,8,0,1,0,0.0,0
155,cold,positive,AdaptivePostFilter-IVF,15000,64,10,4,0.0002666666666666667,4,1.0,1,none,0,0,0,4,4,1.0,3.699207000181559,4800,4,4800,4800,0,23,0,1,0,0.0,0
155,cold,positive,ExactPrefix-PostFilter,15000,64,10,4,0.0002666666666666667,3,0.75,0,candidate_starvation,0,0,0,3,3,1.0,2.965430000131164,2400,3,15000,2400,0,0,0,1,0,0.0,0
155,cold,positive,TenantPartition-IVF,15000,64,10,4,0.0002666666666666667,3,0.75,0,candidate_starvation,0,0,0,3,3,1.0,0.7051689999570954,1926,3,1926,1926,0,8,0,1,0,0.0,0
155,cold,positive,PreFilter-IVF,15000,64,10,4,0.0002666666666666667,4,1.0,1,none,0,0,0,4,4,1.0,0.845851999883962,605,4,4,605,64,3,0,1,0,0.0,0
155,cold,positive,PACER-A,15000,64,10,4,0.0002666666666666667,4,1.0,1,none,0,0,0,4,4,1.0,0.34076999986609735,5,4,5,5,18,3,1,1,0,0.0,0
155,cold,positive,PACER-C,15000,64,10,4,0.0002666666666666667,4,1.0,1,none,0,0,0,4,4,1.0,0.27732399985325173,5,4,5,5,18,3,1,1,0,0.0,0
155,cold,positive,PACER-X,15000,64,10,4,0.0002666666666666667,4,1.0,1,none,0,0,0,4,4,1.0,0.26989899993168365,5,4,5,5,18,3,1,1,0,0.0,0
155,cold,positive,PACER-A-NoSlices,15000,64,10,4,0.0002666666666666667,3,0.75,0,candidate_starvation,0,0,0,3,3,1.0,1.6320110000833665,2400,3,2400,2400,12,12,0,1,0,0.0,1
155,cold,positive,PACER-A-NoBounds,15000,64,10,4,0.0002666666666666667,4,1.0,1,none,0,0,0,4,4,1.0,0.2909519998866017,5,4,5,5,13,3,1,1,0,0.0,0
155,cold,positive,StaleNoRecheck,15000,64,10,4,0.0002666666666666667,4,0.75,0,ranking_truncation,0,1,0,3,4,0.75,1.3137909998022224,1926,4,1926,1926,0,8,0,1,0,0.0,0
155,cold,positive,NaiveNoPolicy,15000,64,10,4,0.0002666666666666667,10,0.25,0,ranking_truncation,7,0,8,1,10,0.1,0.43430300002000877,1926,1926,1926,0,0,8,0,1,0,0.0,0
156,broad,positive,ExactSecure,15000,64,10,6868,0.45786666666666664,10,1.0,1,none,0,0,0,10,10,1.0,8.278561999986778,15000,6868,6868,15000,0,0,1,1,0,0.0,0
156,broad,positive,PreFilter-Exact,15000,64,10,6868,0.45786666666666664,10,1.0,1,none,0,0,0,10,10,1.0,15.848042000015994,15000,6868,6868,15000,0,0,1,1,0,0.0,0
156,broad,positive,BitmapSlice-Exact,15000,64,10,6868,0.45786666666666664,10,1.0,1,none,0,0,0,10,10,1.0,35.308747999806656,7488,6868,6868,7488,0,0,1,1,0,0.0,0
156,broad,positive,ScalarOnly,15000,64,10,6868,0.45786666666666664,10,0.0,0,ranking_truncation,0,0,0,10,10,1.0,15.178300000115996,15000,6868,0,15000,0,0,0,1,0,0.0,0
156,broad,positive,PostFilter-IVF,15000,64,10,6868,0.45786666666666664,10,0.9,0,ranking_truncation,0,0,0,10,10,1.0,2.5549289998707536,1622,717,1622,1622,0,8,0,1,0,0.0,0
156,broad,positive,AdaptivePostFilter-IVF,15000,64,10,6868,0.45786666666666664,10,1.0,1,none,0,0,0,10,10,1.0,7.5876989999414945,4800,2189,4800,4800,0,22,0,1,0,0.0,0
156,broad,positive,ExactPrefix-PostFilter,15000,64,10,6868,0.45786666666666664,10,1.0,1,none,0,0,0,10,10,1.0,5.294434999996156,2400,1089,15000,2400,0,0,0,1,0,0.0,0
156,broad,positive,TenantPartition-IVF,15000,64,10,6868,0.45786666666666664,10,0.9,0,ranking_truncation,0,0,0,10,10,1.0,2.4708230000669573,1622,717,1622,1622,0,8,0,1,0,0.0,0
156,broad,positive,PreFilter-IVF,15000,64,10,6868,0.45786666666666664,10,0.9,0,ranking_truncation,0,0,0,10,10,1.0,3.432311000096888,1622,717,717,1622,8,8,0,1,0,0.0,0
156,broad,positive,PACER-A,15000,64,10,6868,0.45786666666666664,10,1.0,1,none,0,0,0,10,10,1.0,14.422870999851511,2400,2215,2400,2400,21,21,0,1,0,0.5738947093486786,1
156,broad,positive,PACER-C,15000,64,10,6868,0.45786666666666664,10,1.0,1,none,0,0,0,10,10,1.0,22.3571809999612,7488,6868,7488,7488,64,64,1,1,0,0.0,0
156,broad,positive,PACER-X,15000,64,10,6868,0.45786666666666664,10,1.0,1,none,0,0,0,10,10,1.0,21.400389999826075,7488,6868,7488,7488,64,64,1,1,0,0.0,0
156,broad,positive,PACER-A-NoSlices,15000,64,10,6868,0.45786666666666664,10,1.0,1,none,0,0,0,10,10,1.0,2.2975169999881473,2400,1110,2400,2400,12,12,0,1,0,0.5896895825862885,1
156,broad,positive,PACER-A-NoBounds,15000,64,10,6868,0.45786666666666664,10,1.0,1,none,0,0,0,10,10,1.0,7.975583999950686,2400,2210,2400,2400,23,23,0,1,0,0.0,1
156,broad,positive,StaleNoRecheck,15000,64,10,6868,0.45786666666666664,10,0.9,0,ranking_truncation,0,0,0,10,10,1.0,1.2517200000274897,1622,776,1622,1622,0,8,0,1,0,0.0,0
156,broad,positive,NaiveNoPolicy,15000,64,10,6868,0.45786666666666664,10,0.7,0,ranking_truncation,0,1,3,7,10,0.7,0.4275429998870095,1622,1622,1622,0,0,8,0,1,0,0.0,0
157,medium,positive,ExactSecure,15000,64,10,354,0.0236,10,1.0,1,none,0,0,0,10,10,1.0,7.861495000042851,15000,354,354,15000,0,0,1,1,0,0.0,0
157,medium,positive,PreFilter-Exact,15000,64,10,354,0.0236,10,1.0,1,none,0,0,0,10,10,1.0,7.875358000092092,15000,354,354,15000,0,0,1,1,0,0.0,0
157,medium,positive,BitmapSlice-Exact,15000,64,10,354,0.0236,10,1.0,1,none,0,0,0,10,10,1.0,1.0802330000387883,391,354,354,391,0,0,1,1,0,0.0,0
157,medium,positive,ScalarOnly,15000,64,10,354,0.0236,10,0.0,0,ranking_truncation,0,0,0,10,10,1.0,7.732266000175514,15000,354,0,15000,0,0,0,1,0,0.0,0
157,medium,positive,PostFilter-IVF,15000,64,10,354,0.0236,10,0.7,0,ranking_truncation,0,0,0,10,10,1.0,1.2974569999641972,1620,23,1620,1620,0,8,0,1,0,0.0,0
157,medium,positive,AdaptivePostFilter-IVF,15000,64,10,354,0.0236,10,0.9,0,ranking_truncation,0,0,0,10,10,1.0,4.208252999887918,4800,116,4800,4800,0,22,0,1,0,0.0,0
157,medium,positive,ExactPrefix-PostFilter,15000,64,10,354,0.0236,10,1.0,1,none,0,0,0,10,10,1.0,3.089259000034872,2400,50,15000,2400,0,0,0,1,0,0.0,0
157,medium,positive,TenantPartition-IVF,15000,64,10,354,0.0236,10,0.7,0,ranking_truncation,0,0,0,10,10,1.0,0.8321889999933774,1620,23,1620,1620,0,8,0,1,0,0.0,0
157,medium,positive,PreFilter-IVF,15000,64,10,354,0.0236,10,0.7,0,ranking_truncation,0,0,0,10,10,1.0,2.091179999979431,2068,38,38,2068,10,8,0,1,0,0.0,0
157,medium,positive,PACER-A,15000,64,10,354,0.0236,10,1.0,1,none,0,0,0,10,10,1.0,4.9912859999494685,391,354,391,391,64,54,1,1,0,0.0,0
157,medium,positive,PACER-C,15000,64,10,354,0.0236,10,1.0,1,none,0,0,0,10,10,1.0,4.9143979999826115,391,354,391,391,64,54,1,1,0,0.0,0
157,medium,positive,PACER-X,15000,64,10,354,0.0236,10,1.0,1,none,0,0,0,10,10,1.0,4.830487999925026,391,354,391,391,64,54,1,1,0,0.0,0
157,medium,positive,PACER-A-NoSlices,15000,64,10,354,0.0236,10,0.8,0,ranking_truncation,0,0,0,10,10,1.0,2.0781959999567334,2400,40,2400,2400,11,11,0,1,0,0.7826811522245407,1
157,medium,positive,PACER-A-NoBounds,15000,64,10,354,0.0236,10,1.0,1,none,0,0,0,10,10,1.0,4.934069000000818,391,354,391,391,64,54,1,1,0,0.0,0
157,medium,positive,StaleNoRecheck,15000,64,10,354,0.0236,10,0.7,0,ranking_truncation,0,2,0,8,10,0.8,1.3091759999497299,1620,25,1620,1620,0,8,0,1,0,0.0,0
157,medium,positive,NaiveNoPolicy,15000,64,10,354,0.0236,10,0.2,0,ranking_truncation,6,2,6,2,10,0.2,0.4095709998637176,1620,1620,1620,0,0,8,0,1,0,0.0,0
158,narrow,positive,ExactSecure,15000,64,10,4,0.0002666666666666667,4,1.0,1,none,0,0,0,4,4,1.0,7.4291170001288265,15000,4,4,15000,0,0,1,1,0,0.0,0
158,narrow,positive,PreFilter-Exact,15000,64,10,4,0.0002666666666666667,4,1.0,1,none,0,0,0,4,4,1.0,7.41070200001559,15000,4,4,15000,0,0,1,1,0,0.0,0
158,narrow,positive,BitmapSlice-Exact,15000,64,10,4,0.0002666666666666667,4,1.0,1,none,0,0,0,4,4,1.0,0.08815799992589746,5,4,4,5,0,0,1,1,0,0.0,0
158,narrow,positive,ScalarOnly,15000,64,10,4,0.0002666666666666667,4,1.0,0,ranking_truncation,0,0,0,4,4,1.0,7.57117099988136,15000,4,0,15000,0,0,0,1,0,0.0,0
158,narrow,positive,PostFilter-IVF,15000,64,10,4,0.0002666666666666667,1,0.25,0,candidate_starvation,0,0,0,1,1,1.0,1.6715490000933642,2118,1,2118,2118,0,8,0,1,0,0.0,0
158,narrow,positive,AdaptivePostFilter-IVF,15000,64,10,4,0.0002666666666666667,1,0.25,0,candidate_starvation,0,0,0,1,1,1.0,3.883575999907407,4800,1,4800,4800,0,19,0,1,0,0.0,0
158,narrow,positive,ExactPrefix-PostFilter,15000,64,10,4,0.0002666666666666667,1,0.25,0,candidate_starvation,0,0,0,1,1,1.0,2.994627000134642,2400,1,15000,2400,0,0,0,1,0,0.0,0
158,narrow,positive,TenantPartition-IVF,15000,64,10,4,0.0002666666666666667,1,0.25,0,candidate_starvation,0,0,0,1,1,1.0,0.8156839999173826,2118,1,2118,2118,0,8,0,1,0,0.0,0
158,narrow,positive,PreFilter-IVF,15000,64,10,4,0.0002666666666666667,4,1.0,1,none,0,0,0,4,4,1.0,1.1836619999030518,1042,4,4,1042,64,4,0,1,0,0.0,0
158,narrow,positive,PACER-A,15000,64,10,4,0.0002666666666666667,4,1.0,1,none,0,0,0,4,4,1.0,0.4226710000239109,5,4,5,5,47,4,1,1,0,0.0,0
158,narrow,positive,PACER-C,15000,64,10,4,0.0002666666666666667,4,1.0,1,none,0,0,0,4,4,1.0,0.3432169999086909,5,4,5,5,47,4,1,1,0,0.0,0
158,narrow,positive,PACER-X,15000,64,10,4,0.0002666666666666667,4,1.0,1,none,0,0,0,4,4,1.0,0.3496069998618623,5,4,5,5,47,4,1,1,0,0.0,0
158,narrow,positive,PACER-A-NoSlices,15000,64,10,4,0.0002666666666666667,1,0.25,0,candidate_starvation,0,0,0,1,1,1.0,1.6772339999988617,2400,1,2400,2400,10,10,0,1,0,0.0,1
158,narrow,positive,PACER-A-NoBounds,15000,64,10,4,0.0002666666666666667,4,1.0,1,none,0,0,0,4,4,1.0,0.35850800009029626,5,4,5,5,50,4,1,1,0,0.0,0
158,narrow,positive,StaleNoRecheck,15000,64,10,4,0.0002666666666666667,1,0.25,0,candidate_starvation,0,0,0,1,1,1.0,1.5108099998997204,2118,1,2118,2118,0,8,0,1,0,0.0,0
158,narrow,positive,NaiveNoPolicy,15000,64,10,4,0.0002666666666666667,10,0.25,0,ranking_truncation,9,0,9,1,10,0.1,0.47221799991348234,2118,2118,2118,0,0,8,0,1,0,0.0,0
159,cold,positive,ExactSecure,15000,64,10,2,0.00013333333333333334,2,1.0,1,none,0,0,0,2,2,1.0,6.879354000147941,15000,2,2,15000,0,0,1,1,0,0.0,0
159,cold,positive,PreFilter-Exact,15000,64,10,2,0.00013333333333333334,2,1.0,1,none,0,0,0,2,2,1.0,6.9574420001572435,15000,2,2,15000,0,0,1,1,0,0.0,0
159,cold,positive,BitmapSlice-Exact,15000,64,10,2,0.00013333333333333334,2,1.0,1,none,0,0,0,2,2,1.0,0.07199199990282068,2,2,2,2,0,0,1,1,0,0.0,0
159,cold,positive,ScalarOnly,15000,64,10,2,0.00013333333333333334,2,1.0,0,ranking_truncation,0,0,0,2,2,1.0,6.841255999916029,15000,2,0,15000,0,0,0,1,0,0.0,0
159,cold,positive,PostFilter-IVF,15000,64,10,2,0.00013333333333333334,1,0.5,0,candidate_starvation,0,0,0,1,1,1.0,1.6126460000123188,2268,1,2268,2268,0,8,0,1,0,0.0,0
159,cold,positive,AdaptivePostFilter-IVF,15000,64,10,2,0.00013333333333333334,2,1.0,1,none,0,0,0,2,2,1.0,3.8258179999957065,4800,2,4800,4800,0,22,0,1,0,0.0,0
159,cold,positive,ExactPrefix-PostFilter,15000,64,10,2,0.00013333333333333334,2,1.0,1,none,0,0,0,2,2,1.0,2.902870000070834,2400,2,15000,2400,0,0,0,1,0,0.0,0
159,cold,positive,TenantPartition-IVF,15000,64,10,2,0.00013333333333333334,1,0.5,0,candidate_starvation,0,0,0,1,1,1.0,0.888751000047705,2268,1,2268,2268,0,8,0,1,0,0.0,0
159,cold,positive,PreFilter-IVF,15000,64,10,2,0.00013333333333333334,2,1.0,1,none,0,0,0,2,2,1.0,0.7474449998881028,302,2,2,302,64,2,0,1,0,0.0,0
159,cold,positive,PACER-A,15000,64,10,2,0.00013333333333333334,2,1.0,1,none,0,0,0,2,2,1.0,0.2840429999650951,2,2,2,2,14,2,1,1,0,0.0,0
159,cold,positive,PACER-C,15000,64,10,2,0.00013333333333333334,2,1.0,1,none,0,0,0,2,2,1.0,0.2189700001054007,2,2,2,2,14,2,1,1,0,0.0,0
159,cold,positive,PACER-X,15000,64,10,2,0.00013333333333333334,2,1.0,1,none,0,0,0,2,2,1.0,0.20908200008307176,2,2,2,2,14,2,1,1,0,0.0,0
159,cold,positive,PACER-A-NoSlices,15000,64,10,2,0.00013333333333333334,1,0.5,0,candidate_starvation,0,0,0,1,1,1.0,1.5166299999691546,2400,1,2400,2400,9,9,0,1,0,0.0,1
159,cold,positive,PACER-A-NoBounds,15000,64,10,2,0.00013333333333333334,2,1.0,1,none,0,0,0,2,2,1.0,0.2210699999523058,2,2,2,2,12,2,1,1,0,0.0,0
159,cold,positive,StaleNoRecheck,15000,64,10,2,0.00013333333333333334,1,0.5,0,candidate_starvation,0,0,0,1,1,1.0,1.4968789998874854,2268,1,2268,2268,0,8,0,1,0,0.0,0
159,cold,positive,NaiveNoPolicy,15000,64,10,2,0.00013333333333333334,10,0.0,0,ranking_truncation,10,2,10,0,10,0.0,0.7858940000460279,2268,2268,2268,0,0,8,0,1,0,0.0,0
160,broad,positive,ExactSecure,15000,64,10,6775,0.45166666666666666,10,1.0,1,none,0,0,0,10,10,1.0,8.81344699996589,15000,6775,6775,15000,0,0,1,1,0,0.0,0
160,broad,positive,PreFilter-Exact,15000,64,10,6775,0.45166666666666666,10,1.0,1,none,0,0,0,10,10,1.0,8.927245999984734,15000,6775,6775,15000,0,0,1,1,0,0.0,0
160,broad,positive,BitmapSlice-Exact,15000,64,10,6775,0.45166666666666666,10,1.0,1,none,0,0,0,10,10,1.0,16.607173000011244,7193,6775,6775,7193,0,0,1,1,0,0.0,0
160,broad,positive,ScalarOnly,15000,64,10,6775,0.45166666666666666,10,0.1,0,ranking_truncation,0,0,0,10,10,1.0,7.51343399997495,15000,6775,0,15000,0,0,0,1,0,0.0,0
160,broad,positive,PostFilter-IVF,15000,64,10,6775,0.45166666666666666,10,0.8,0,ranking_truncation,0,0,0,10,10,1.0,1.715512000146191,1875,934,1875,1875,0,8,0,1,0,0.0,0
160,broad,positive,AdaptivePostFilter-IVF,15000,64,10,6775,0.45166666666666666,10,1.0,1,none,0,0,0,10,10,1.0,4.3538549998629605,4800,2195,4800,4800,0,21,0,1,0,0.0,0
160,broad,positive,ExactPrefix-PostFilter,15000,64,10,6775,0.45166666666666666,10,1.0,1,none,0,0,0,10,10,1.0,3.4577559999888763,2400,1127,15000,2400,0,0,0,1,0,0.0,0
160,broad,positive,TenantPartition-IVF,15000,64,10,6775,0.45166666666666666,10,0.8,0,ranking_truncation,0,0,0,10,10,1.0,1.4739999999164866,1875,934,1875,1875,0,8,0,1,0,0.0,0
160,broad,positive,PreFilter-IVF,15000,64,10,6775,0.45166666666666666,10,0.8,0,ranking_truncation,0,0,0,10,10,1.0,2.004460000080144,2007,995,995,2007,8,8,0,1,0,0.0,0
160,broad,positive,PACER-A,15000,64,10,6775,0.45166666666666666,10,1.0,1,none,0,0,0,10,10,1.0,7.237548999910359,2400,2267,2400,2400,21,21,0,1,0,0.6195827722549438,1
160,broad,positive,PACER-C,15000,64,10,6775,0.45166666666666666,10,1.0,1,none,0,0,0,10,10,1.0,22.762457999988328,7193,6775,7193,7193,64,64,1,1,0,0.0,0
160,broad,positive,PACER-X,15000,64,10,6775,0.45166666666666666,10,1.0,1,none,0,0,0,10,10,1.0,22.947640999973373,7193,6775,7193,7193,64,64,1,1,0,0.0,0
160,broad,positive,PACER-A-NoSlices,15000,64,10,6775,0.45166666666666666,10,0.9,0,ranking_truncation,0,0,0,10,10,1.0,2.609742999993614,2400,1184,2400,2400,11,11,0,1,0,0.635187029838562,1
160,broad,positive,PACER-A-NoBounds,15000,64,10,6775,0.45166666666666666,10,1.0,1,none,0,0,0,10,10,1.0,7.289123999953517,2400,2262,2400,2400,21,21,0,1,0,0.0,1
160,broad,positive,StaleNoRecheck,15000,64,10,6775,0.45166666666666666,10,0.8,0,ranking_truncation,0,0,0,10,10,1.0,1.4313960000436055,1875,992,1875,1875,0,8,0,1,0,0.0,0
160,broad,positive,NaiveNoPolicy,15000,64,10,6775,0.45166666666666666,10,0.6,0,ranking_truncation,0,0,4,6,10,0.6,0.4692970001087815,1875,1875,1875,0,0,8,0,1,0,0.0,0
161,medium,positive,ExactSecure,15000,64,10,344,0.022933333333333333,10,1.0,1,none,0,0,0,10,10,1.0,7.988474000057977,15000,344,344,15000,0,0,1,1,0,0.0,0
161,medium,positive,PreFilter-Exact,15000,64,10,344,0.022933333333333333,10,1.0,1,none,0,0,0,10,10,1.0,7.672374000094351,15000,344,344,15000,0,0,1,1,0,0.0,0
161,medium,positive,BitmapSlice-Exact,15000,64,10,344,0.022933333333333333,10,1.0,1,none,0,0,0,10,10,1.0,1.1377870000615076,377,344,344,377,0,0,1,1,0,0.0,0
161,medium,positive,ScalarOnly,15000,64,10,344,0.022933333333333333,10,0.0,0,ranking_truncation,0,0,0,10,10,1.0,7.295698000007178,15000,344,0,15000,0,0,0,1,0,0.0,0
161,medium,positive,PostFilter-IVF,15000,64,10,344,0.022933333333333333,10,0.6,0,ranking_truncation,0,0,0,10,10,1.0,1.5460580000308255,2024,34,2024,2024,0,8,0,1,0,0.0,0
161,medium,positive,AdaptivePostFilter-IVF,15000,64,10,344,0.022933333333333333,10,1.0,1,none,0,0,0,10,10,1.0,3.8669109999318607,4800,115,4800,4800,0,20,0,1,0,0.0,0
161,medium,positive,ExactPrefix-PostFilter,15000,64,10,344,0.022933333333333333,10,1.0,1,none,0,0,0,10,10,1.0,3.1215029998747923,2400,55,15000,2400,0,0,0,1,0,0.0,0
161,medium,positive,TenantPartition-IVF,15000,64,10,344,0.022933333333333333,10,0.6,0,ranking_truncation,0,0,0,10,10,1.0,0.9280210001634259,2024,34,2024,2024,0,8,0,1,0,0.0,0
161,medium,positive,PreFilter-IVF,15000,64,10,344,0.022933333333333333,10,0.6,0,ranking_truncation,0,0,0,10,10,1.0,1.8476370000826137,1759,38,38,1759,11,8,0,1,0,0.0,0
161,medium,positive,PACER-A,15000,64,10,344,0.022933333333333333,10,1.0,1,none,0,0,0,10,10,1.0,4.934403000106613,377,344,377,377,64,54,1,1,0,0.0,0
161,medium,positive,PACER-C,15000,64,10,344,0.022933333333333333,10,1.0,1,none,0,0,0,10,10,1.0,4.892721000032907,377,344,377,377,64,54,1,1,0,0.0,0
161,medium,positive,PACER-X,15000,64,10,344,0.022933333333333333,10,1.0,1,none,0,0,0,10,10,1.0,4.761233999943215,377,344,377,377,64,54,1,1,0,0.0,0
161,medium,positive,PACER-A-NoSlices,15000,64,10,344,0.022933333333333333,10,0.6,0,ranking_truncation,0,0,0,10,10,1.0,2.0721829998819885,2400,38,2400,2400,12,12,0,1,0,0.7773165702819824,1
161,medium,positive,PACER-A-NoBounds,15000,64,10,344,0.022933333333333333,10,1.0,1,none,0,0,0,10,10,1.0,4.684327999939342,377,344,377,377,64,54,1,1,0,0.0,0
161,medium,positive,StaleNoRecheck,15000,64,10,344,0.022933333333333333,10,0.6,0,ranking_truncation,0,0,0,10,10,1.0,1.613521000081164,2024,37,2024,2024,0,8,0,1,0,0.0,0
161,medium,positive,NaiveNoPolicy,15000,64,10,344,0.022933333333333333,10,0.1,0,ranking_truncation,7,1,8,1,10,0.1,0.581425999826024,2024,2024,2024,0,0,8,0,1,0,0.0,0
162,narrow,positive,ExactSecure,15000,64,10,11,0.0007333333333333333,10,1.0,1,none,0,0,0,10,10,1.0,7.058875999973679,15000,11,11,15000,0,0,1,1,0,0.0,0
162,narrow,positive,PreFilter-Exact,15000,64,10,11,0.0007333333333333333,10,1.0,1,none,0,0,0,10,10,1.0,7.093765000036001,15000,11,11,15000,0,0,1,1,0,0.0,0
162,narrow,positive,BitmapSlice-Exact,15000,64,10,11,0.0007333333333333333,10,1.0,1,none,0,0,0,10,10,1.0,0.10922599994955817,13,11,11,13,0,0,1,1,0,0.0,0
162,narrow,positive,ScalarOnly,15000,64,10,11,0.0007333333333333333,10,0.9,0,ranking_truncation,0,0,0,10,10,1.0,7.13617999986127,15000,11,0,15000,0,0,0,1,0,0.0,0
162,narrow,positive,PostFilter-IVF,15000,64,10,11,0.0007333333333333333,6,0.6,0,candidate_starvation,0,0,0,6,6,1.0,1.2258070000825683,1674,6,1674,1674,0,8,0,1,0,0.0,0
162,narrow,positive,AdaptivePostFilter-IVF,15000,64,10,11,0.0007333333333333333,6,0.6,0,candidate_starvation,0,0,0,6,6,1.0,4.004521999831923,4800,6,4800,4800,0,23,0,1,0,0.0,0
162,narrow,positive,ExactPrefix-PostFilter,15000,64,10,11,0.0007333333333333333,3,0.3,0,candidate_starvation,0,0,0,3,3,1.0,3.038236000065808,2400,3,15000,2400,0,0,0,1,0,0.0,0
162,narrow,positive,TenantPartition-IVF,15000,64,10,11,0.0007333333333333333,6,0.6,0,candidate_starvation,0,0,0,6,6,1.0,0.789703999998892,1674,6,1674,1674,0,8,0,1,0,0.0,0
162,narrow,positive,PreFilter-IVF,15000,64,10,11,0.0007333333333333333,10,1.0,1,none,0,0,0,10,10,1.0,1.6517920000751474,1802,11,11,1802,58,8,0,1,0,0.0,0
162,narrow,positive,PACER-A,15000,64,10,11,0.0007333333333333333,10,1.0,1,none,0,0,0,10,10,1.0,0.6378160001077049,13,11,13,13,58,8,1,1,0,0.0,0
162,narrow,positive,PACER-C,15000,64,10,11,0.0007333333333333333,10,1.0,1,none,0,0,0,10,10,1.0,0.6119490001310623,13,11,13,13,58,8,1,1,0,0.0,0
162,narrow,positive,PACER-X,15000,64,10,11,0.0007333333333333333,10,1.0,1,none,0,0,0,10,10,1.0,0.6059620000087307,13,11,13,13,58,8,1,1,0,0.0,0
162,narrow,positive,PACER-A-NoSlices,15000,64,10,11,0.0007333333333333333,6,0.6,0,candidate_starvation,0,0,0,6,6,1.0,1.7979060000925529,2400,6,2400,2400,13,13,0,1,0,0.0,1
162,narrow,positive,PACER-A-NoBounds,15000,64,10,11,0.0007333333333333333,10,1.0,1,none,0,0,0,10,10,1.0,0.5811010000797978,13,11,13,13,64,8,1,1,0,0.0,0
162,narrow,positive,StaleNoRecheck,15000,64,10,11,0.0007333333333333333,6,0.6,0,candidate_starvation,0,0,0,6,6,1.0,1.167527000006885,1674,6,1674,1674,0,8,0,1,0,0.0,0
162,narrow,positive,NaiveNoPolicy,15000,64,10,11,0.0007333333333333333,10,0.1,0,ranking_truncation,9,1,8,1,10,0.1,0.5613870000615861,1674,1674,1674,0,0,8,0,1,0,0.0,0
163,cold,positive,ExactSecure,15000,64,10,3,0.0002,3,1.0,1,none,0,0,0,3,3,1.0,7.009100999994189,15000,3,3,15000,0,0,1,1,0,0.0,0
163,cold,positive,PreFilter-Exact,15000,64,10,3,0.0002,3,1.0,1,none,0,0,0,3,3,1.0,7.085313000061433,15000,3,3,15000,0,0,1,1,0,0.0,0
163,cold,positive,BitmapSlice-Exact,15000,64,10,3,0.0002,3,1.0,1,none,0,0,0,3,3,1.0,0.0753059998714889,3,3,3,3,0,0,1,1,0,0.0,0
163,cold,positive,ScalarOnly,15000,64,10,3,0.0002,3,1.0,0,ranking_truncation,0,0,0,3,3,1.0,7.161990999975387,15000,3,0,15000,0,0,0,1,0,0.0,0
163,cold,positive,PostFilter-IVF,15000,64,10,3,0.0002,1,0.3333333333333333,0,candidate_starvation,0,0,0,1,1,1.0,1.495619000024817,2147,1,2147,2147,0,8,0,1,0,0.0,0
163,cold,positive,AdaptivePostFilter-IVF,15000,64,10,3,0.0002,1,0.3333333333333333,0,candidate_starvation,0,0,0,1,1,1.0,3.7953659998493094,4800,1,4800,4800,0,20,0,1,0,0.0,0
163,cold,positive,ExactPrefix-PostFilter,15000,64,10,3,0.0002,1,0.3333333333333333,0,candidate_starvation,0,0,0,1,1,1.0,2.9306589999578136,2400,1,15000,2400,0,0,0,1,0,0.0,0
163,cold,positive,TenantPartition-IVF,15000,64,10,3,0.0002,1,0.3333333333333333,0,candidate_starvation,0,0,0,1,1,1.0,0.8684770000400022,2147,1,2147,2147,0,8,0,1,0,0.0,0
163,cold,positive,PreFilter-IVF,15000,64,10,3,0.0002,3,1.0,1,none,0,0,0,3,3,1.0,1.0363799999595358,917,3,3,917,64,3,0,1,0,0.0,0
163,cold,positive,PACER-A,15000,64,10,3,0.0002,3,1.0,1,none,0,0,0,3,3,1.0,0.40760199999567703,3,3,3,3,57,3,1,1,0,0.0,0
163,cold,positive,PACER-C,15000,64,10,3,0.0002,3,1.0,1,none,0,0,0,3,3,1.0,0.29788400001962145,3,3,3,3,57,3,1,1,0,0.0,0
163,cold,positive,PACER-X,15000,64,10,3,0.0002,3,1.0,1,none,0,0,0,3,3,1.0,0.35134699987793283,3,3,3,3,57,3,1,1,0,0.0,0
163,cold,positive,PACER-A-NoSlices,15000,64,10,3,0.0002,1,0.3333333333333333,0,candidate_starvation,0,0,0,1,1,1.0,1.5502500000366126,2400,1,2400,2400,10,10,0,1,0,0.0,1
163,cold,positive,PACER-A-NoBounds,15000,64,10,3,0.0002,3,1.0,1,none,0,0,0,3,3,1.0,0.2953129999241355,3,3,3,3,58,3,1,1,0,0.0,0
163,cold,positive,StaleNoRecheck,15000,64,10,3,0.0002,1,0.3333333333333333,0,candidate_starvation,0,0,0,1,1,1.0,1.4091420000568178,2147,1,2147,2147,0,8,0,1,0,0.0,0
163,cold,positive,NaiveNoPolicy,15000,64,10,3,0.0002,10,0.3333333333333333,0,ranking_truncation,9,0,8,1,10,0.1,0.47884600007819245,2147,2147,2147,0,0,8,0,1,0,0.0,0
164,broad,positive,ExactSecure,15000,64,10,6558,0.4372,10,1.0,1,none,0,0,0,10,10,1.0,7.701008999902115,15000,6558,6558,15000,0,0,1,1,0,0.0,0
164,broad,positive,PreFilter-Exact,15000,64,10,6558,0.4372,10,1.0,1,none,0,0,0,10,10,1.0,7.4682749998373765,15000,6558,6558,15000,0,0,1,1,0,0.0,0
164,broad,positive,BitmapSlice-Exact,15000,64,10,6558,0.4372,10,1.0,1,none,0,0,0,10,10,1.0,15.433660999860876,7244,6558,6558,7244,0,0,1,1,0,0.0,0
164,broad,positive,ScalarOnly,15000,64,10,6558,0.4372,10,0.0,0,ranking_truncation,0,0,0,10,10,1.0,7.23386999993636,15000,6558,0,15000,0,0,0,1,0,0.0,0
164,broad,positive,PostFilter-IVF,15000,64,10,6558,0.4372,10,0.5,0,ranking_truncation,0,0,0,10,10,1.0,1.5120580001166672,1947,773,1947,1947,0,8,0,1,0,0.0,0
164,broad,positive,AdaptivePostFilter-IVF,15000,64,10,6558,0.4372,10,0.9,0,ranking_truncation,0,0,0,10,10,1.0,4.040755999994872,4800,1953,4800,4800,0,21,0,1,0,0.0,0
164,broad,positive,ExactPrefix-PostFilter,15000,64,10,6558,0.4372,10,1.0,1,none,0,0,0,10,10,1.0,3.281010999899081,2400,1016,15000,2400,0,0,0,1,0,0.0,0
164,broad,positive,TenantPartition-IVF,15000,64,10,6558,0.4372,10,0.5,0,ranking_truncation,0,0,0,10,10,1.0,1.4701940001486946,1947,773,1947,1947,0,8,0,1,0,0.0,0
164,broad,positive,PreFilter-IVF,15000,64,10,6558,0.4372,10,0.6,0,ranking_truncation,0,0,0,10,10,1.0,1.734913000063898,1975,810,810,1975,8,8,0,1,0,0.0,0
164,broad,positive,PACER-A,15000,64,10,6558,0.4372,10,0.9,0,ranking_truncation,0,0,0,10,10,1.0,7.490500000130851,2400,2168,2400,2400,22,22,0,1,0,0.6409175097942352,1
164,broad,positive,PACER-C,15000,64,10,6558,0.4372,10,1.0,1,none,0,0,0,10,10,1.0,22.666007999987414,7244,6558,7244,7244,64,64,1,1,0,0.0,0
164,broad,positive,PACER-X,15000,64,10,6558,0.4372,10,1.0,1,none,0,0,0,10,10,1.0,20.73203800000556,7244,6558,7244,7244,64,64,1,1,0,0.0,0
164,broad,positive,PACER-A-NoSlices,15000,64,10,6558,0.4372,10,0.7,0,ranking_truncation,0,0,0,10,10,1.0,2.034592999962115,2400,918,2400,2400,11,11,0,1,0,0.6749186217784882,1
164,broad,positive,PACER-A-NoBounds,15000,64,10,6558,0.4372,10,0.9,0,ranking_truncation,0,0,0,10,10,1.0,6.945848999976079,2400,2172,2400,2400,23,23,0,1,0,0.0,1
164,broad,positive,StaleNoRecheck,15000,64,10,6558,0.4372,10,0.5,0,ranking_truncation,0,3,0,7,10,0.7,1.4174169998568686,1947,863,1947,1947,0,8,0,1,0,0.0,0
164,broad,positive,NaiveNoPolicy,15000,64,10,6558,0.4372,10,0.2,0,ranking_truncation,0,2,7,2,10,0.2,0.45948799993311695,1947,1947,1947,0,0,8,0,1,0,0.0,0
165,medium,positive,ExactSecure,15000,64,10,456,0.0304,10,1.0,1,none,0,0,0,10,10,1.0,9.5713139999134,15000,456,456,15000,0,0,1,1,0,0.0,0
165,medium,positive,PreFilter-Exact,15000,64,10,456,0.0304,10,1.0,1,none,0,0,0,10,10,1.0,8.79140400002143,15000,456,456,15000,0,0,1,1,0,0.0,0
165,medium,positive,BitmapSlice-Exact,15000,64,10,456,0.0304,10,1.0,1,none,0,0,0,10,10,1.0,1.578152000092814,517,456,456,517,0,0,1,1,0,0.0,0
165,medium,positive,ScalarOnly,15000,64,10,456,0.0304,10,0.0,0,ranking_truncation,0,0,0,10,10,1.0,8.112557999993442,15000,456,0,15000,0,0,0,1,0,0.0,0
165,medium,positive,PostFilter-IVF,15000,64,10,456,0.0304,10,0.5,0,ranking_truncation,0,0,0,10,10,1.0,1.9930749999730324,2400,64,2400,2400,0,8,0,1,0,0.0,0
165,medium,positive,AdaptivePostFilter-IVF,15000,64,10,456,0.0304,10,0.8,0,ranking_truncation,0,0,0,10,10,1.0,3.896061000205009,4800,126,4800,4800,0,17,0,1,0,0.0,0
165,medium,positive,ExactPrefix-PostFilter,15000,64,10,456,0.0304,10,1.0,1,none,0,0,0,10,10,1.0,3.194942000163792,2400,58,15000,2400,0,0,0,1,0,0.0,0
165,medium,positive,TenantPartition-IVF,15000,64,10,456,0.0304,10,0.5,0,ranking_truncation,0,0,0,10,10,1.0,1.4019580000876886,2400,64,2400,2400,0,8,0,1,0,0.0,0
165,medium,positive,PreFilter-IVF,15000,64,10,456,0.0304,10,0.5,0,ranking_truncation,0,0,0,10,10,1.0,2.0217209998918406,2394,66,66,2394,9,8,0,1,0,0.0,0
165,medium,positive,PACER-A,15000,64,10,456,0.0304,10,1.0,1,none,0,0,0,10,10,1.0,5.565658000023177,517,456,517,517,64,56,1,1,0,0.0,0
165,medium,positive,PACER-C,15000,64,10,456,0.0304,10,1.0,1,none,0,0,0,10,10,1.0,5.0291059999381105,517,456,517,517,64,56,1,1,0,0.0,0
165,medium,positive,PACER-X,15000,64,10,456,0.0304,10,1.0,1,none,0,0,0,10,10,1.0,4.981756000006499,517,456,517,517,64,56,1,1,0,0.0,0
165,medium,positive,PACER-A-NoSlices,15000,64,10,456,0.0304,10,0.5,0,ranking_truncation,0,0,0,10,10,1.0,2.233570000043983,2400,62,2400,2400,8,8,0,1,0,0.8374933898448944,1
165,medium,positive,PACER-A-NoBounds,15000,64,10,456,0.0304,10,1.0,1,none,0,0,0,10,10,1.0,4.981571000143958,517,456,517,517,64,56,1,1,0,0.0,0
165,medium,positive,StaleNoRecheck,15000,64,10,456,0.0304,10,0.5,0,ranking_truncation,0,1,0,9,10,0.9,1.9835130001411017,2400,73,2400,2400,0,8,0,1,0,0.0,0
165,medium,positive,NaiveNoPolicy,15000,64,10,456,0.0304,10,0.1,0,ranking_truncation,8,0,7,1,10,0.1,0.7223810000596131,2400,2400,2400,0,0,8,0,1,0,0.0,0
166,narrow,positive,ExactSecure,15000,64,10,3,0.0002,3,1.0,1,none,0,0,0,3,3,1.0,7.0769700000710145,15000,3,3,15000,0,0,1,1,0,0.0,0
166,narrow,positive,PreFilter-Exact,15000,64,10,3,0.0002,3,1.0,1,none,0,0,0,3,3,1.0,6.773673999987295,15000,3,3,15000,0,0,1,1,0,0.0,0
166,narrow,positive,BitmapSlice-Exact,15000,64,10,3,0.0002,3,1.0,1,none,0,0,0,3,3,1.0,0.08031700008359621,4,3,3,4,0,0,1,1,0,0.0,0
166,narrow,positive,ScalarOnly,15000,64,10,3,0.0002,3,1.0,0,ranking_truncation,0,0,0,3,3,1.0,7.261770000013712,15000,3,0,15000,0,0,0,1,0,0.0,0
166,narrow,positive,PostFilter-IVF,15000,64,10,3,0.0002,3,1.0,1,none,0,0,0,3,3,1.0,1.4302130000487523,1971,3,1971,1971,0,8,0,1,0,0.0,0
166,narrow,positive,AdaptivePostFilter-IVF,15000,64,10,3,0.0002,3,1.0,1,none,0,0,0,3,3,1.0,3.6584090000815195,4800,3,4800,4800,0,21,0,1,0,0.0,0
166,narrow,positive,ExactPrefix-PostFilter,15000,64,10,3,0.0002,2,0.6666666666666666,0,candidate_starvation,0,0,0,2,2,1.0,2.9319800000848772,2400,2,15000,2400,0,0,0,1,0,0.0,0
166,narrow,positive,TenantPartition-IVF,15000,64,10,3,0.0002,3,1.0,1,none,0,0,0,3,3,1.0,0.7921850001366693,1971,3,1971,1971,0,8,0,1,0,0.0,0
166,narrow,positive,PreFilter-IVF,15000,64,10,3,0.0002,3,1.0,1,none,0,0,0,3,3,1.0,0.7280349998382007,406,3,3,406,64,2,0,1,0,0.0,0
166,narrow,positive,PACER-A,15000,64,10,3,0.0002,3,1.0,1,none,0,0,0,3,3,1.0,0.2730839999003365,4,3,4,4,4,2,1,1,0,0.0,0
166,narrow,positive,PACER-C,15000,64,10,3,0.0002,3,1.0,1,none,0,0,0,3,3,1.0,0.2175979998355615,4,3,4,4,4,2,1,1,0,0.0,0
166,narrow,positive,PACER-X,15000,64,10,3,0.0002,3,1.0,1,none,0,0,0,3,3,1.0,0.21071599985589273,4,3,4,4,4,2,1,1,0,0.0,0
166,narrow,positive,PACER-A-NoSlices,15000,64,10,3,0.0002,3,1.0,1,none,0,0,0,3,3,1.0,1.6868319999048254,2400,3,2400,2400,12,12,0,1,0,0.0,1
166,narrow,positive,PACER-A-NoBounds,15000,64,10,3,0.0002,3,1.0,1,none,0,0,0,3,3,1.0,0.23290099989026203,4,3,4,4,3,2,1,1,0,0.0,0
166,narrow,positive,StaleNoRecheck,15000,64,10,3,0.0002,4,1.0,0,ranking_truncation,0,1,0,3,4,0.75,1.2853650000579364,1971,4,1971,1971,0,8,0,1,0,0.0,0
166,narrow,positive,NaiveNoPolicy,15000,64,10,3,0.0002,10,0.3333333333333333,0,ranking_truncation,9,1,9,1,10,0.1,0.4340099999353697,1971,1971,1971,0,0,8,0,1,0,0.0,0
167,cold,positive,ExactSecure,15000,64,10,1,6.666666666666667e-05,1,1.0,1,none,0,0,0,1,1,1.0,7.04905499992492,15000,1,1,15000,0,0,1,1,0,0.0,0
167,cold,positive,PreFilter-Exact,15000,64,10,1,6.666666666666667e-05,1,1.0,1,none,0,0,0,1,1,1.0,7.05481999989388,15000,1,1,15000,0,0,1,1,0,0.0,0
167,cold,positive,BitmapSlice-Exact,15000,64,10,1,6.666666666666667e-05,1,1.0,1,none,0,0,0,1,1,1.0,0.06980000011935772,1,1,1,1,0,0,1,1,0,0.0,0
167,cold,positive,ScalarOnly,15000,64,10,1,6.666666666666667e-05,1,1.0,1,none,0,0,0,1,1,1.0,7.363015999999334,15000,1,0,15000,0,0,0,1,0,0.0,0
167,cold,positive,PostFilter-IVF,15000,64,10,1,6.666666666666667e-05,1,1.0,1,none,0,0,0,1,1,1.0,1.6303419999985636,2151,1,2151,2151,0,8,0,1,0,0.0,0
167,cold,positive,AdaptivePostFilter-IVF,15000,64,10,1,6.666666666666667e-05,1,1.0,1,none,0,0,0,1,1,1.0,3.825509000080274,4800,1,4800,4800,0,21,0,1,0,0.0,0
167,cold,positive,ExactPrefix-PostFilter,15000,64,10,1,6.666666666666667e-05,1,1.0,1,none,0,0,0,1,1,1.0,3.1105489999845304,2400,1,15000,2400,0,0,0,1,0,0.0,0
167,cold,positive,TenantPartition-IVF,15000,64,10,1,6.666666666666667e-05,1,1.0,1,none,0,0,0,1,1,1.0,0.9001129999433033,2151,1,2151,2151,0,8,0,1,0,0.0,0
167,cold,positive,PreFilter-IVF,15000,64,10,1,6.666666666666667e-05,1,1.0,1,none,0,0,0,1,1,1.0,0.7147750000058295,329,1,1,329,64,1,0,1,0,0.0,0
167,cold,positive,PACER-A,15000,64,10,1,6.666666666666667e-05,1,1.0,1,none,0,0,0,1,1,1.0,0.1701630001207377,1,1,1,1,4,1,1,1,0,0.0,0
167,cold,positive,PACER-C,15000,64,10,1,6.666666666666667e-05,1,1.0,1,none,0,0,0,1,1,1.0,0.11367699994480063,1,1,1,1,4,1,1,1,0,0.0,0
167,cold,positive,PACER-X,15000,64,10,1,6.666666666666667e-05,1,1.0,1,none,0,0,0,1,1,1.0,0.10985000017171842,1,1,1,1,4,1,1,1,0,0.0,0
167,cold,positive,PACER-A-NoSlices,15000,64,10,1,6.666666666666667e-05,1,1.0,1,none,0,0,0,1,1,1.0,1.581413999929282,2400,1,2400,2400,9,9,0,1,0,0.0,1
167,cold,positive,PACER-A-NoBounds,15000,64,10,1,6.666666666666667e-05,1,1.0,1,none,0,0,0,1,1,1.0,0.12216999994052458,1,1,1,1,1,1,1,1,0,0.0,0
167,cold,positive,StaleNoRecheck,15000,64,10,1,6.666666666666667e-05,1,1.0,1,none,0,0,0,1,1,1.0,1.402293999944959,2151,1,2151,2151,0,8,0,1,0,0.0,0
167,cold,positive,NaiveNoPolicy,15000,64,10,1,6.666666666666667e-05,10,1.0,0,ranking_truncation,9,1,7,1,10,0.1,0.49394899997423636,2151,2151,2151,0,0,8,0,1,0,0.0,0
168,broad,positive,ExactSecure,15000,64,10,6941,0.46273333333333333,10,1.0,1,none,0,0,0,10,10,1.0,8.058651000055761,15000,6941,6941,15000,0,0,1,1,0,0.0,0
168,broad,positive,PreFilter-Exact,15000,64,10,6941,0.46273333333333333,10,1.0,1,none,0,0,0,10,10,1.0,8.222027000101662,15000,6941,6941,15000,0,0,1,1,0,0.0,0
168,broad,positive,BitmapSlice-Exact,15000,64,10,6941,0.46273333333333333,10,1.0,1,none,0,0,0,10,10,1.0,16.849877999902674,7659,6941,6941,7659,0,0,1,1,0,0.0,0
168,broad,positive,ScalarOnly,15000,64,10,6941,0.46273333333333333,10,0.0,0,ranking_truncation,0,0,0,10,10,1.0,7.880288000023938,15000,6941,0,15000,0,0,0,1,0,0.0,0
168,broad,positive,PostFilter-IVF,15000,64,10,6941,0.46273333333333333,10,1.0,1,none,0,0,0,10,10,1.0,1.5360509999027272,1871,915,1871,1871,0,8,0,1,0,0.0,0
168,broad,positive,AdaptivePostFilter-IVF,15000,64,10,6941,0.46273333333333333,10,1.0,1,none,0,0,0,10,10,1.0,4.322575000060169,4800,2354,4800,4800,0,21,0,1,0,0.0,0
168,broad,positive,ExactPrefix-PostFilter,15000,64,10,6941,0.46273333333333333,10,1.0,1,none,0,0,0,10,10,1.0,3.374957000005452,2400,1205,15000,2400,0,0,0,1,0,0.0,0
168,broad,positive,TenantPartition-IVF,15000,64,10,6941,0.46273333333333333,10,1.0,1,none,0,0,0,10,10,1.0,1.4381680000497,1871,915,1871,1871,0,8,0,1,0,0.0,0
168,broad,positive,PreFilter-IVF,15000,64,10,6941,0.46273333333333333,10,1.0,1,none,0,0,0,10,10,1.0,1.6048029999637947,1871,915,915,1871,8,8,0,1,0,0.0,0
168,broad,positive,PACER-A,15000,64,10,6941,0.46273333333333333,10,1.0,1,none,0,0,0,10,10,1.0,7.192325999994864,2400,2185,2400,2400,19,19,0,1,0,0.5886484980583191,1
168,broad,positive,PACER-C,15000,64,10,6941,0.46273333333333333,10,1.0,1,none,0,0,0,10,10,1.0,22.463868999921033,7659,6941,7659,7659,64,64,1,1,0,0.0,0
168,broad,positive,PACER-X,15000,64,10,6941,0.46273333333333333,10,1.0,1,none,0,0,0,10,10,1.0,24.145668000073783,7659,6941,7659,7659,64,64,1,1,0,0.0,0
168,broad,positive,PACER-A-NoSlices,15000,64,10,6941,0.46273333333333333,10,1.0,1,none,0,0,0,10,10,1.0,2.5854820000859036,2400,1153,2400,2400,11,11,0,1,0,0.5945108532905579,1
168,broad,positive,PACER-A-NoBounds,15000,64,10,6941,0.46273333333333333,10,1.0,1,none,0,0,0,10,10,1.0,7.643831999985196,2400,2184,2400,2400,20,20,0,1,0,0.0,1
168,broad,positive,StaleNoRecheck,15000,64,10,6941,0.46273333333333333,10,0.9,0,ranking_truncation,0,1,0,9,10,0.9,1.400124999918262,1871,999,1871,1871,0,8,0,1,0,0.0,0
168,broad,positive,NaiveNoPolicy,15000,64,10,6941,0.46273333333333333,10,0.6,0,ranking_truncation,0,1,4,6,10,0.6,0.4465239999262849,1871,1871,1871,0,0,8,0,1,0,0.0,0
169,medium,positive,ExactSecure,15000,64,10,417,0.0278,10,1.0,1,none,0,0,0,10,10,1.0,7.469987999911609,15000,417,417,15000,0,0,1,1,0,0.0,0
169,medium,positive,PreFilter-Exact,15000,64,10,417,0.0278,10,1.0,1,none,0,0,0,10,10,1.0,8.051045999991402,15000,417,417,15000,0,0,1,1,0,0.0,0
169,medium,positive,BitmapSlice-Exact,15000,64,10,417,0.0278,10,1.0,1,none,0,0,0,10,10,1.0,1.1443470000358502,439,417,417,439,0,0,1,1,0,0.0,0
169,medium,positive,ScalarOnly,15000,64,10,417,0.0278,10,0.0,0,ranking_truncation,0,0,0,10,10,1.0,7.533491999993203,15000,417,0,15000,0,0,0,1,0,0.0,0
169,medium,positive,PostFilter-IVF,15000,64,10,417,0.0278,10,0.8,0,ranking_truncation,0,0,0,10,10,1.0,1.744486000006873,2224,105,2224,2224,0,8,0,1,0,0.0,0
169,medium,positive,AdaptivePostFilter-IVF,15000,64,10,417,0.0278,10,1.0,1,none,0,0,0,10,10,1.0,4.035181000062948,4800,174,4800,4800,0,19,0,1,0,0.0,0
169,medium,positive,ExactPrefix-PostFilter,15000,64,10,417,0.0278,10,1.0,1,none,0,0,0,10,10,1.0,3.439450000087163,2400,77,15000,2400,0,0,0,1,0,0.0,0
169,medium,positive,TenantPartition-IVF,15000,64,10,417,0.0278,10,0.8,0,ranking_truncation,0,0,0,10,10,1.0,1.5495489999466372,2224,105,2224,2224,0,8,0,1,0,0.0,0
169,medium,positive,PreFilter-IVF,15000,64,10,417,0.0278,10,0.9,0,ranking_truncation,0,0,0,10,10,1.0,1.9186299998636969,2208,129,129,2208,10,8,0,1,0,0.0,0
169,medium,positive,PACER-A,15000,64,10,417,0.0278,10,1.0,1,none,0,0,0,10,10,1.0,5.716652000046452,439,417,439,439,64,53,1,1,0,0.0,0
169,medium,positive,PACER-C,15000,64,10,417,0.0278,10,1.0,1,none,0,0,0,10,10,1.0,5.090103999918938,439,417,439,439,64,53,1,1,0,0.0,0
169,medium,positive,PACER-X,15000,64,10,417,0.0278,10,1.0,1,none,0,0,0,10,10,1.0,5.0354609998066735,439,417,439,439,64,53,1,1,0,0.0,0
169,medium,positive,PACER-A-NoSlices,15000,64,10,417,0.0278,10,0.9,0,ranking_truncation,0,0,0,10,10,1.0,2.2534550000727904,2400,118,2400,2400,9,9,0,1,0,0.7399482727050781,1
169,medium,positive,PACER-A-NoBounds,15000,64,10,417,0.0278,10,1.0,1,none,0,0,0,10,10,1.0,5.2932219998638175,439,417,439,439,64,53,1,1,0,0.0,0
169,medium,positive,StaleNoRecheck,15000,64,10,417,0.0278,10,0.8,0,ranking_truncation,0,0,0,10,10,1.0,1.9057859999520588,2224,112,2224,2224,0,8,0,1,0,0.0,0
169,medium,positive,NaiveNoPolicy,15000,64,10,417,0.0278,10,0.1,0,ranking_truncation,8,1,9,1,10,0.1,0.7434579999880953,2224,2224,2224,0,0,8,0,1,0,0.0,0
170,narrow,positive,ExactSecure,15000,64,10,6,0.0004,6,1.0,1,none,0,0,0,6,6,1.0,9.042838999903324,15000,6,6,15000,0,0,1,1,0,0.0,0
170,narrow,positive,PreFilter-Exact,15000,64,10,6,0.0004,6,1.0,1,none,0,0,0,6,6,1.0,8.734202000141522,15000,6,6,15000,0,0,1,1,0,0.0,0
170,narrow,positive,BitmapSlice-Exact,15000,64,10,6,0.0004,6,1.0,1,none,0,0,0,6,6,1.0,0.09809700009100197,6,6,6,6,0,0,1,1,0,0.0,0
170,narrow,positive,ScalarOnly,15000,64,10,6,0.0004,6,1.0,0,ranking_truncation,0,0,0,6,6,1.0,7.707648000177869,15000,6,0,15000,0,0,0,1,0,0.0,0
170,narrow,positive,PostFilter-IVF,15000,64,10,6,0.0004,1,0.16666666666666666,0,candidate_starvation,0,0,0,1,1,1.0,1.846715000056065,2303,1,2303,2303,0,8,0,1,0,0.0,0
170,narrow,positive,AdaptivePostFilter-IVF,15000,64,10,6,0.0004,1,0.16666666666666666,0,candidate_starvation,0,0,0,1,1,1.0,4.1781889999583655,4800,1,4800,4800,0,20,0,1,0,0.0,0
170,narrow,positive,ExactPrefix-PostFilter,15000,64,10,6,0.0004,3,0.5,0,candidate_starvation,0,0,0,3,3,1.0,3.378374000021722,2400,3,15000,2400,0,0,0,1,0,0.0,0
170,narrow,positive,TenantPartition-IVF,15000,64,10,6,0.0004,1,0.16666666666666666,0,candidate_starvation,0,0,0,1,1,1.0,1.2102430000595632,2303,1,2303,2303,0,8,0,1,0,0.0,0
170,narrow,positive,PreFilter-IVF,15000,64,10,6,0.0004,6,1.0,1,none,0,0,0,6,6,1.0,1.424609999958193,1086,6,6,1086,64,5,0,1,0,0.0,0
170,narrow,positive,PACER-A,15000,64,10,6,0.0004,6,1.0,1,none,0,0,0,6,6,1.0,0.5662940000092931,6,6,6,6,55,5,1,1,0,0.0,0
170,narrow,positive,PACER-C,15000,64,10,6,0.0004,6,1.0,1,none,0,0,0,6,6,1.0,0.49755899999581743,6,6,6,6,55,5,1,1,0,0.0,0
170,narrow,positive,PACER-X,15000,64,10,6,0.0004,6,1.0,1,none,0,0,0,6,6,1.0,0.5480150000494177,6,6,6,6,55,5,1,1,0,0.0,0
170,narrow,positive,PACER-A-NoSlices,15000,64,10,6,0.0004,1,0.16666666666666666,0,candidate_starvation,0,0,0,1,1,1.0,1.8458489998920413,2400,1,2400,2400,9,9,0,1,0,0.0,1
170,narrow,positive,PACER-A-NoBounds,15000,64,10,6,0.0004,6,1.0,1,none,0,0,0,6,6,1.0,0.44417300000532123,6,6,6,6,57,5,1,1,0,0.0,0
170,narrow,positive,StaleNoRecheck,15000,64,10,6,0.0004,1,0.16666666666666666,0,candidate_starvation,0,0,0,1,1,1.0,1.8718360001912515,2303,1,2303,2303,0,8,0,1,0,0.0,0
170,narrow,positive,NaiveNoPolicy,15000,64,10,6,0.0004,10,0.16666666666666666,0,ranking_truncation,9,2,8,1,10,0.1,0.9011440001813753,2303,2303,2303,0,0,8,0,1,0,0.0,0
171,cold,positive,ExactSecure,15000,64,10,4,0.0002666666666666667,4,1.0,1,none,0,0,0,4,4,1.0,8.664960000032806,15000,4,4,15000,0,0,1,1,0,0.0,0
171,cold,positive,PreFilter-Exact,15000,64,10,4,0.0002666666666666667,4,1.0,1,none,0,0,0,4,4,1.0,7.834085000013147,15000,4,4,15000,0,0,1,1,0,0.0,0
171,cold,positive,BitmapSlice-Exact,15000,64,10,4,0.0002666666666666667,4,1.0,1,none,0,0,0,4,4,1.0,0.08183499994629528,4,4,4,4,0,0,1,1,0,0.0,0
171,cold,positive,ScalarOnly,15000,64,10,4,0.0002666666666666667,4,1.0,0,ranking_truncation,0,0,0,4,4,1.0,8.323506999886376,15000,4,0,15000,0,0,0,1,0,0.0,0
171,cold,positive,PostFilter-IVF,15000,64,10,4,0.0002666666666666667,0,0.0,0,candidate_starvation,0,0,0,0,0,1.0,1.431986999932633,1518,0,1518,1518,0,8,0,1,0,0.0,0
171,cold,positive,AdaptivePostFilter-IVF,15000,64,10,4,0.0002666666666666667,1,0.25,0,candidate_starvation,0,0,0,1,1,1.0,4.485101000000213,4800,1,4800,4800,0,24,0,1,0,0.0,0
171,cold,positive,ExactPrefix-PostFilter,15000,64,10,4,0.0002666666666666667,1,0.25,0,candidate_starvation,0,0,0,1,1,1.0,3.342318000022715,2400,1,15000,2400,0,0,0,1,0,0.0,0
171,cold,positive,TenantPartition-IVF,15000,64,10,4,0.0002666666666666667,0,0.0,0,candidate_starvation,0,0,0,0,0,1.0,0.6446390000292013,1518,0,1518,1518,0,8,0,1,0,0.0,0
171,cold,positive,PreFilter-IVF,15000,64,10,4,0.0002666666666666667,4,1.0,1,none,0,0,0,4,4,1.0,1.3380749999214459,620,4,4,620,64,2,0,1,0,0.0,0
171,cold,positive,PACER-A,15000,64,10,4,0.0002666666666666667,4,1.0,1,none,0,0,0,4,4,1.0,0.35803199989459245,4,4,4,4,35,2,1,1,0,0.0,0
171,cold,positive,PACER-C,15000,64,10,4,0.0002666666666666667,4,1.0,1,none,0,0,0,4,4,1.0,0.36079699998481374,4,4,4,4,35,2,1,1,0,0.0,0
171,cold,positive,PACER-X,15000,64,10,4,0.0002666666666666667,4,1.0,1,none,0,0,0,4,4,1.0,0.2635030000419647,4,4,4,4,35,2,1,1,0,0.0,0
171,cold,positive,PACER-A-NoSlices,15000,64,10,4,0.0002666666666666667,1,0.25,0,candidate_starvation,0,0,0,1,1,1.0,1.9582519998948555,2400,1,2400,2400,14,14,0,1,0,0.0,1
171,cold,positive,PACER-A-NoBounds,15000,64,10,4,0.0002666666666666667,4,1.0,1,none,0,0,0,4,4,1.0,0.23869100004958455,4,4,4,4,40,2,1,1,0,0.0,0
171,cold,positive,StaleNoRecheck,15000,64,10,4,0.0002666666666666667,0,0.0,0,candidate_starvation,0,0,0,0,0,1.0,1.2396120000630617,1518,0,1518,1518,0,8,0,1,0,0.0,0
171,cold,positive,NaiveNoPolicy,15000,64,10,4,0.0002666666666666667,10,0.0,0,ranking_truncation,9,0,10,0,10,0.0,0.6562820001363434,1518,1518,1518,0,0,8,0,1,0,0.0,0
172,broad,positive,ExactSecure,15000,64,10,6804,0.4536,10,1.0,1,none,0,0,0,10,10,1.0,9.341083999970579,15000,6804,6804,15000,0,0,1,1,0,0.0,0
172,broad,positive,PreFilter-Exact,15000,64,10,6804,0.4536,10,1.0,1,none,0,0,0,10,10,1.0,8.979558999953952,15000,6804,6804,15000,0,0,1,1,0,0.0,0
172,broad,positive,BitmapSlice-Exact,15000,64,10,6804,0.4536,10,1.0,1,none,0,0,0,10,10,1.0,16.816288999962126,7381,6804,6804,7381,0,0,1,1,0,0.0,0
172,broad,positive,ScalarOnly,15000,64,10,6804,0.4536,10,0.0,0,ranking_truncation,0,0,0,10,10,1.0,7.543881999936275,15000,6804,0,15000,0,0,0,1,0,0.0,0
172,broad,positive,PostFilter-IVF,15000,64,10,6804,0.4536,10,0.4,0,ranking_truncation,0,0,0,10,10,1.0,1.7269719999148947,1935,870,1935,1935,0,8,0,1,0,0.0,0
172,broad,positive,AdaptivePostFilter-IVF,15000,64,10,6804,0.4536,10,0.6,0,ranking_truncation,0,0,0,10,10,1.0,4.445596999858026,4800,1984,4800,4800,0,21,0,1,0,0.0,0
172,broad,positive,ExactPrefix-PostFilter,15000,64,10,6804,0.4536,10,1.0,1,none,0,0,0,10,10,1.0,3.8446959999873798,2400,1028,15000,2400,0,0,0,1,0,0.0,0
172,broad,positive,TenantPartition-IVF,15000,64,10,6804,0.4536,10,0.4,0,ranking_truncation,0,0,0,10,10,1.0,1.410168999882444,1935,870,1935,1935,0,8,0,1,0,0.0,0
172,broad,positive,PreFilter-IVF,15000,64,10,6804,0.4536,10,0.2,0,ranking_truncation,0,0,0,10,10,1.0,1.9952809998358134,1724,766,766,1724,8,8,0,1,0,0.0,0
172,broad,positive,PACER-A,15000,64,10,6804,0.4536,10,0.7,0,ranking_truncation,0,0,0,10,10,1.0,8.06004900005064,2400,2206,2400,2400,24,24,0,1,0,0.6085811853408813,1
172,broad,positive,PACER-C,15000,64,10,6804,0.4536,10,1.0,1,none,0,0,0,10,10,1.0,25.993669999934355,7381,6804,7381,7381,64,64,1,1,0,0.0,0
172,broad,positive,PACER-X,15000,64,10,6804,0.4536,10,1.0,1,none,0,0,0,10,10,1.0,23.481909000111045,7381,6804,7381,7381,64,64,1,1,0,0.0,0
172,broad,positive,PACER-A-NoSlices,15000,64,10,6804,0.4536,10,0.5,0,ranking_truncation,0,0,0,10,10,1.0,2.5494900000921916,2400,1040,2400,2400,11,11,0,1,0,0.6210389733314514,1
172,broad,positive,PACER-A-NoBounds,15000,64,10,6804,0.4536,10,0.7,0,ranking_truncation,0,0,0,10,10,1.0,7.893229000046631,2400,2214,2400,2400,23,23,0,1,0,0.0,1
172,broad,positive,StaleNoRecheck,15000,64,10,6804,0.4536,10,0.4,0,ranking_truncation,0,1,0,9,10,0.9,1.699168999948597,1935,937,1935,1935,0,8,0,1,0,0.0,0
172,broad,positive,NaiveNoPolicy,15000,64,10,6804,0.4536,10,0.2,0,ranking_truncation,0,2,7,2,10,0.2,0.6383790000654699,1935,1935,1935,0,0,8,0,1,0,0.0,0
173,medium,positive,ExactSecure,15000,64,10,344,0.022933333333333333,10,1.0,1,none,0,0,0,10,10,1.0,8.11435400009941,15000,344,344,15000,0,0,1,1,0,0.0,0
173,medium,positive,PreFilter-Exact,15000,64,10,344,0.022933333333333333,10,1.0,1,none,0,0,0,10,10,1.0,8.162701999935962,15000,344,344,15000,0,0,1,1,0,0.0,0
173,medium,positive,BitmapSlice-Exact,15000,64,10,344,0.022933333333333333,10,1.0,1,none,0,0,0,10,10,1.0,1.2332020000940247,382,344,344,382,0,0,1,1,0,0.0,0
173,medium,positive,ScalarOnly,15000,64,10,344,0.022933333333333333,10,0.0,0,ranking_truncation,0,0,0,10,10,1.0,8.647836999898573,15000,344,0,15000,0,0,0,1,0,0.0,0
173,medium,positive,PostFilter-IVF,15000,64,10,344,0.022933333333333333,10,0.7,0,ranking_truncation,0,0,0,10,10,1.0,1.5475659999992786,1851,41,1851,1851,0,8,0,1,0,0.0,0
173,medium,positive,AdaptivePostFilter-IVF,15000,64,10,344,0.022933333333333333,10,1.0,1,none,0,0,0,10,10,1.0,4.5883309999226185,4800,95,4800,4800,0,21,0,1,0,0.0,0
173,medium,positive,ExactPrefix-PostFilter,15000,64,10,344,0.022933333333333333,10,1.0,1,none,0,0,0,10,10,1.0,3.296634999969683,2400,43,15000,2400,0,0,0,1,0,0.0,0
173,medium,positive,TenantPartition-IVF,15000,64,10,344,0.022933333333333333,10,0.7,0,ranking_truncation,0,0,0,10,10,1.0,0.9599599998182384,1851,41,1851,1851,0,8,0,1,0,0.0,0
173,medium,positive,PreFilter-IVF,15000,64,10,344,0.022933333333333333,10,0.8,0,ranking_truncation,0,0,0,10,10,1.0,1.6018090000216034,1879,42,42,1879,8,8,0,1,0,0.0,0
173,medium,positive,PACER-A,15000,64,10,344,0.022933333333333333,10,1.0,1,none,0,0,0,10,10,1.0,5.324644999973316,382,344,382,382,64,59,1,1,0,0.0,0
173,medium,positive,PACER-C,15000,64,10,344,0.022933333333333333,10,1.0,1,none,0,0,0,10,10,1.0,5.122485000129018,382,344,382,382,64,59,1,1,0,0.0,0
173,medium,positive,PACER-X,15000,64,10,344,0.022933333333333333,10,1.0,1,none,0,0,0,10,10,1.0,5.4389540000556735,382,344,382,382,64,59,1,1,0,0.0,0
173,medium,positive,PACER-A-NoSlices,15000,64,10,344,0.022933333333333333,10,0.8,0,ranking_truncation,0,0,0,10,10,1.0,2.32709200008685,2400,51,2400,2400,11,11,0,1,0,0.7787590026855469,1
173,medium,positive,PACER-A-NoBounds,15000,64,10,344,0.022933333333333333,10,1.0,1,none,0,0,0,10,10,1.0,5.437267999923279,382,344,382,382,64,59,1,1,0,0.0,0
173,medium,positive,StaleNoRecheck,15000,64,10,344,0.022933333333333333,10,0.7,0,ranking_truncation,0,1,0,9,10,0.9,1.423726999973951,1851,43,1851,1851,0,8,0,1,0,0.0,0
173,medium,positive,NaiveNoPolicy,15000,64,10,344,0.022933333333333333,10,0.1,0,ranking_truncation,9,2,9,1,10,0.1,0.5129490000399528,1851,1851,1851,0,0,8,0,1,0,0.0,0
174,narrow,positive,ExactSecure,15000,64,10,19,0.0012666666666666666,10,1.0,1,none,0,0,0,10,10,1.0,8.109031000003597,15000,19,19,15000,0,0,1,1,0,0.0,0
174,narrow,positive,PreFilter-Exact,15000,64,10,19,0.0012666666666666666,10,1.0,1,none,0,0,0,10,10,1.0,7.59720699988975,15000,19,19,15000,0,0,1,1,0,0.0,0
174,narrow,positive,BitmapSlice-Exact,15000,64,10,19,0.0012666666666666666,10,1.0,1,none,0,0,0,10,10,1.0,0.14059799991628097,19,19,19,19,0,0,1,1,0,0.0,0
174,narrow,positive,ScalarOnly,15000,64,10,19,0.0012666666666666666,10,0.4,0,ranking_truncation,0,0,0,10,10,1.0,7.737763000022824,15000,19,0,15000,0,0,0,1,0,0.0,0
174,narrow,positive,PostFilter-IVF,15000,64,10,19,0.0012666666666666666,8,0.7,0,candidate_starvation,0,0,0,8,8,1.0,1.9134540000322886,2104,8,2104,2104,0,8,0,1,0,0.0,0
174,narrow,positive,AdaptivePostFilter-IVF,15000,64,10,19,0.0012666666666666666,9,0.7,0,candidate_starvation,0,0,0,9,9,1.0,4.158722000056514,4800,9,4800,4800,0,21,0,1,0,0.0,0
174,narrow,positive,ExactPrefix-PostFilter,15000,64,10,19,0.0012666666666666666,10,1.0,1,none,0,0,0,10,10,1.0,3.418429000021206,2400,10,15000,2400,0,0,0,1,0,0.0,0
174,narrow,positive,TenantPartition-IVF,15000,64,10,19,0.0012666666666666666,8,0.7,0,candidate_starvation,0,0,0,8,8,1.0,1.2567670000862563,2104,8,2104,2104,0,8,0,1,0,0.0,0
174,narrow,positive,PreFilter-IVF,15000,64,10,19,0.0012666666666666666,10,1.0,1,none,0,0,0,10,10,1.0,1.9969519998994656,1980,19,19,1980,64,7,0,1,0,0.0,0
174,narrow,positive,PACER-A,15000,64,10,19,0.0012666666666666666,10,1.0,1,none,0,0,0,10,10,1.0,0.7625989999269223,19,19,19,19,31,7,1,1,0,0.0,0
174,narrow,positive,PACER-C,15000,64,10,19,0.0012666666666666666,10,1.0,1,none,0,0,0,10,10,1.0,0.7486929998776759,19,19,19,19,31,7,1,1,0,0.0,0
174,narrow,positive,PACER-X,15000,64,10,19,0.0012666666666666666,10,1.0,1,none,0,0,0,10,10,1.0,0.6474829999660869,19,19,19,19,31,7,1,1,0,0.0,0
174,narrow,positive,PACER-A-NoSlices,15000,64,10,19,0.0012666666666666666,8,0.7,0,candidate_starvation,0,0,0,8,8,1.0,1.7161289999876317,2400,8,2400,2400,10,10,0,1,0,0.0,1
174,narrow,positive,PACER-A-NoBounds,15000,64,10,19,0.0012666666666666666,10,1.0,1,none,0,0,0,10,10,1.0,0.6551839999247022,19,19,19,19,64,7,1,1,0,0.0,0
174,narrow,positive,StaleNoRecheck,15000,64,10,19,0.0012666666666666666,8,0.7,0,candidate_starvation,0,0,0,8,8,1.0,1.8180170000050566,2104,8,2104,2104,0,8,0,1,0,0.0,0
174,narrow,positive,NaiveNoPolicy,15000,64,10,19,0.0012666666666666666,10,0.1,0,ranking_truncation,9,0,8,1,10,0.1,0.7406760000776558,2104,2104,2104,0,0,8,0,1,0,0.0,0
175,cold,positive,ExactSecure,15000,64,10,2,0.00013333333333333334,2,1.0,1,none,0,0,0,2,2,1.0,7.4875570001040614,15000,2,2,15000,0,0,1,1,0,0.0,0
175,cold,positive,PreFilter-Exact,15000,64,10,2,0.00013333333333333334,2,1.0,1,none,0,0,0,2,2,1.0,7.649036999964665,15000,2,2,15000,0,0,1,1,0,0.0,0
175,cold,positive,BitmapSlice-Exact,15000,64,10,2,0.00013333333333333334,2,1.0,1,none,0,0,0,2,2,1.0,0.0760679999984859,2,2,2,2,0,0,1,1,0,0.0,0
175,cold,positive,ScalarOnly,15000,64,10,2,0.00013333333333333334,2,1.0,1,none,0,0,0,2,2,1.0,7.623484000077951,15000,2,0,15000,0,0,0,1,0,0.0,0
175,cold,positive,PostFilter-IVF,15000,64,10,2,0.00013333333333333334,2,1.0,1,none,0,0,0,2,2,1.0,1.2914809999529098,1602,2,1602,1602,0,8,0,1,0,0.0,0
175,cold,positive,AdaptivePostFilter-IVF,15000,64,10,2,0.00013333333333333334,2,1.0,1,none,0,0,0,2,2,1.0,4.120221999983187,4800,2,4800,4800,0,22,0,1,0,0.0,0
175,cold,positive,ExactPrefix-PostFilter,15000,64,10,2,0.00013333333333333334,2,1.0,1,none,0,0,0,2,2,1.0,3.210345000070447,2400,2,15000,2400,0,0,0,1,0,0.0,0
175,cold,positive,TenantPartition-IVF,15000,64,10,2,0.00013333333333333334,2,1.0,1,none,0,0,0,2,2,1.0,0.7785749999129621,1602,2,1602,1602,0,8,0,1,0,0.0,0
175,cold,positive,PreFilter-IVF,15000,64,10,2,0.00013333333333333334,2,1.0,1,none,0,0,0,2,2,1.0,0.6964309998238605,305,2,2,305,64,1,0,1,0,0.0,0
175,cold,positive,PACER-A,15000,64,10,2,0.00013333333333333334,2,1.0,1,none,0,0,0,2,2,1.0,0.19328999997014762,2,2,2,2,4,1,1,1,0,0.0,0
175,cold,positive,PACER-C,15000,64,10,2,0.00013333333333333334,2,1.0,1,none,0,0,0,2,2,1.0,0.1394139999320032,2,2,2,2,4,1,1,1,0,0.0,0
175,cold,positive,PACER-X,15000,64,10,2,0.00013333333333333334,2,1.0,1,none,0,0,0,2,2,1.0,0.13491000004250964,2,2,2,2,4,1,1,1,0,0.0,0
175,cold,positive,PACER-A-NoSlices,15000,64,10,2,0.00013333333333333334,2,1.0,1,none,0,0,0,2,2,1.0,1.6668440000557894,2400,2,2400,2400,12,12,0,1,0,0.0,1
175,cold,positive,PACER-A-NoBounds,15000,64,10,2,0.00013333333333333334,2,1.0,1,none,0,0,0,2,2,1.0,0.14703900001222792,2,2,2,2,5,1,1,1,0,0.0,0
175,cold,positive,StaleNoRecheck,15000,64,10,2,0.00013333333333333334,2,1.0,1,none,0,0,0,2,2,1.0,1.1281049999070092,1602,2,1602,1602,0,8,0,1,0,0.0,0
175,cold,positive,NaiveNoPolicy,15000,64,10,2,0.00013333333333333334,10,0.5,0,ranking_truncation,9,0,8,1,10,0.1,0.5129010000928247,1602,1602,1602,0,0,8,0,1,0,0.0,0
176,broad,positive,ExactSecure,15000,64,10,6688,0.4458666666666667,10,1.0,1,none,0,0,0,10,10,1.0,9.143444000073941,15000,6688,6688,15000,0,0,1,1,0,0.0,0
176,broad,positive,PreFilter-Exact,15000,64,10,6688,0.4458666666666667,10,1.0,1,none,0,0,0,10,10,1.0,8.647325999845634,15000,6688,6688,15000,0,0,1,1,0,0.0,0
176,broad,positive,BitmapSlice-Exact,15000,64,10,6688,0.4458666666666667,10,1.0,1,none,0,0,0,10,10,1.0,18.206007999879148,7364,6688,6688,7364,0,0,1,1,0,0.0,0
176,broad,positive,ScalarOnly,15000,64,10,6688,0.4458666666666667,10,0.0,0,ranking_truncation,0,0,0,10,10,1.0,7.700547000013103,15000,6688,0,15000,0,0,0,1,0,0.0,0
176,broad,positive,PostFilter-IVF,15000,64,10,6688,0.4458666666666667,10,0.8,0,ranking_truncation,0,0,0,10,10,1.0,1.4649260001533548,1746,869,1746,1746,0,8,0,1,0,0.0,0
176,broad,positive,AdaptivePostFilter-IVF,15000,64,10,6688,0.4458666666666667,10,1.0,1,none,0,0,0,10,10,1.0,4.440568000063649,4800,2378,4800,4800,0,24,0,1,0,0.0,0
176,broad,positive,ExactPrefix-PostFilter,15000,64,10,6688,0.4458666666666667,10,1.0,1,none,0,0,0,10,10,1.0,3.2878070001061133,2400,1090,15000,2400,0,0,0,1,0,0.0,0
176,broad,positive,TenantPartition-IVF,15000,64,10,6688,0.4458666666666667,10,0.8,0,ranking_truncation,0,0,0,10,10,1.0,1.3599369999610644,1746,869,1746,1746,0,8,0,1,0,0.0,0
176,broad,positive,PreFilter-IVF,15000,64,10,6688,0.4458666666666667,10,0.8,0,ranking_truncation,0,0,0,10,10,1.0,1.7808299999160226,1826,898,898,1826,8,8,0,1,0,0.0,0
176,broad,positive,PACER-A,15000,64,10,6688,0.4458666666666667,10,1.0,1,none,0,0,0,10,10,1.0,7.599044000016875,2400,2185,2400,2400,22,22,0,1,0,0.6175286769866943,1
176,broad,positive,PACER-C,15000,64,10,6688,0.4458666666666667,10,1.0,1,none,0,0,0,10,10,1.0,20.79478000018753,7364,6688,7364,7364,64,64,1,1,0,0.0,0
176,broad,positive,PACER-X,15000,64,10,6688,0.4458666666666667,10,1.0,1,none,0,0,0,10,10,1.0,22.11834599984286,7364,6688,7364,7364,64,64,1,1,0,0.0,0
176,broad,positive,PACER-A-NoSlices,15000,64,10,6688,0.4458666666666667,10,0.8,0,ranking_truncation,0,0,0,10,10,1.0,2.13031599992064,2400,1225,2400,2400,11,11,0,1,0,0.6274919509887695,1
176,broad,positive,PACER-A-NoBounds,15000,64,10,6688,0.4458666666666667,10,1.0,1,none,0,0,0,10,10,1.0,6.843250999963857,2400,2178,2400,2400,21,21,0,1,0,0.0,1
176,broad,positive,StaleNoRecheck,15000,64,10,6688,0.4458666666666667,10,0.8,0,ranking_truncation,0,1,0,9,10,0.9,1.3709289999042085,1746,967,1746,1746,0,8,0,1,0,0.0,0
176,broad,positive,NaiveNoPolicy,15000,64,10,6688,0.4458666666666667,10,0.6,0,ranking_truncation,0,1,3,6,10,0.6,0.4991989999325597,1746,1746,1746,0,0,8,0,1,0,0.0,0
177,medium,positive,ExactSecure,15000,64,10,309,0.0206,10,1.0,1,none,0,0,0,10,10,1.0,7.796187999929316,15000,309,309,15000,0,0,1,1,0,0.0,0
177,medium,positive,PreFilter-Exact,15000,64,10,309,0.0206,10,1.0,1,none,0,0,0,10,10,1.0,11.806082000020979,15000,309,309,15000,0,0,1,1,0,0.0,0
177,medium,positive,BitmapSlice-Exact,15000,64,10,309,0.0206,10,1.0,1,none,0,0,0,10,10,1.0,1.6282649999084242,326,309,309,326,0,0,1,1,0,0.0,0
177,medium,positive,ScalarOnly,15000,64,10,309,0.0206,10,0.0,0,ranking_truncation,0,0,0,10,10,1.0,7.795713999939835,15000,309,0,15000,0,0,0,1,0,0.0,0
177,medium,positive,PostFilter-IVF,15000,64,10,309,0.0206,10,0.7,0,ranking_truncation,0,0,0,10,10,1.0,1.3879020000331366,1761,55,1761,1761,0,8,0,1,0,0.0,0
177,medium,positive,AdaptivePostFilter-IVF,15000,64,10,309,0.0206,10,1.0,1,none,0,0,0,10,10,1.0,4.200245999982144,4800,115,4800,4800,0,23,0,1,0,0.0,0
177,medium,positive,ExactPrefix-PostFilter,15000,64,10,309,0.0206,10,1.0,1,none,0,0,0,10,10,1.0,3.6591640000551706,2400,52,15000,2400,0,0,0,1,0,0.0,0
177,medium,positive,TenantPartition-IVF,15000,64,10,309,0.0206,10,0.7,0,ranking_truncation,0,0,0,10,10,1.0,1.0598280000522209,1761,55,1761,1761,0,8,0,1,0,0.0,0
177,medium,positive,PreFilter-IVF,15000,64,10,309,0.0206,10,0.7,0,ranking_truncation,0,0,0,10,10,1.0,1.7906170000969723,1761,55,55,1761,9,8,0,1,0,0.0,0
177,medium,positive,PACER-A,15000,64,10,309,0.0206,10,1.0,1,none,0,0,0,10,10,1.0,4.535428000053798,326,309,326,326,64,52,1,1,0,0.0,0
177,medium,positive,PACER-C,15000,64,10,309,0.0206,10,1.0,1,none,0,0,0,10,10,1.0,4.29852800016306,326,309,326,326,64,52,1,1,0,0.0,0
177,medium,positive,PACER-X,15000,64,10,309,0.0206,10,1.0,1,none,0,0,0,10,10,1.0,4.301239000142232,326,309,326,326,64,52,1,1,0,0.0,0
177,medium,positive,PACER-A-NoSlices,15000,64,10,309,0.0206,10,0.8,0,ranking_truncation,0,0,0,10,10,1.0,2.081078999935926,2400,65,2400,2400,12,12,0,1,0,0.7710846364498138,1
177,medium,positive,PACER-A-NoBounds,15000,64,10,309,0.0206,10,1.0,1,none,0,0,0,10,10,1.0,5.639119999841569,326,309,326,326,64,52,1,1,0,0.0,0
177,medium,positive,StaleNoRecheck,15000,64,10,309,0.0206,10,0.7,0,ranking_truncation,0,0,0,10,10,1.0,1.7141569999239437,1761,56,1761,1761,0,8,0,1,0,0.0,0
177,medium,positive,NaiveNoPolicy,15000,64,10,309,0.0206,10,0.1,0,ranking_truncation,7,0,6,1,10,0.1,0.6717300000218529,1761,1761,1761,0,0,8,0,1,0,0.0,0
178,narrow,positive,ExactSecure,15000,64,10,23,0.0015333333333333334,10,1.0,1,none,0,0,0,10,10,1.0,7.601566999937859,15000,23,23,15000,0,0,1,1,0,0.0,0
178,narrow,positive,PreFilter-Exact,15000,64,10,23,0.0015333333333333334,10,1.0,1,none,0,0,0,10,10,1.0,7.480512000029194,15000,23,23,15000,0,0,1,1,0,0.0,0
178,narrow,positive,BitmapSlice-Exact,15000,64,10,23,0.0015333333333333334,10,1.0,1,none,0,0,0,10,10,1.0,0.1389760000165552,24,23,23,24,0,0,1,1,0,0.0,0
178,narrow,positive,ScalarOnly,15000,64,10,23,0.0015333333333333334,10,0.4,0,ranking_truncation,0,0,0,10,10,1.0,7.59403500001099,15000,23,0,15000,0,0,0,1,0,0.0,0
178,narrow,positive,PostFilter-IVF,15000,64,10,23,0.0015333333333333334,10,0.9,0,ranking_truncation,0,0,0,10,10,1.0,1.8996339999830525,2162,14,2162,2162,0,8,0,1,0,0.0,0
178,narrow,positive,AdaptivePostFilter-IVF,15000,64,10,23,0.0015333333333333334,10,0.9,0,ranking_truncation,0,0,0,10,10,1.0,3.992819000131931,4800,14,4800,4800,0,20,0,1,0,0.0,0
178,narrow,positive,ExactPrefix-PostFilter,15000,64,10,23,0.0015333333333333334,5,0.5,0,candidate_starvation,0,0,0,5,5,1.0,3.4163739999257814,2400,5,15000,2400,0,0,0,1,0,0.0,0
178,narrow,positive,TenantPartition-IVF,15000,64,10,23,0.0015333333333333334,10,0.9,0,ranking_truncation,0,0,0,10,10,1.0,0.9823640000377054,2162,14,2162,2162,0,8,0,1,0,0.0,0
178,narrow,positive,PreFilter-IVF,15000,64,10,23,0.0015333333333333334,10,1.0,1,none,0,0,0,10,10,1.0,1.7829849998634018,1505,23,23,1505,64,6,0,1,0,0.0,0
178,narrow,positive,PACER-A,15000,64,10,23,0.0015333333333333334,10,1.0,1,none,0,0,0,10,10,1.0,0.6851709999864397,24,23,24,24,61,6,1,1,0,0.0,0
178,narrow,positive,PACER-C,15000,64,10,23,0.0015333333333333334,10,1.0,1,none,0,0,0,10,10,1.0,0.582503000032375,24,23,24,24,61,6,1,1,0,0.0,0
178,narrow,positive,PACER-X,15000,64,10,23,0.0015333333333333334,10,1.0,1,none,0,0,0,10,10,1.0,0.589456000170685,24,23,24,24,61,6,1,1,0,0.0,0
178,narrow,positive,PACER-A-NoSlices,15000,64,10,23,0.0015333333333333334,10,0.9,0,ranking_truncation,0,0,0,10,10,1.0,1.8707300000642135,2400,14,2400,2400,11,11,0,1,0,0.9137210473418236,1
178,narrow,positive,PACER-A-NoBounds,15000,64,10,23,0.0015333333333333334,10,1.0,1,none,0,0,0,10,10,1.0,0.6523309998556215,24,23,24,24,64,6,1,1,0,0.0,0
178,narrow,positive,StaleNoRecheck,15000,64,10,23,0.0015333333333333334,10,0.9,0,ranking_truncation,0,0,0,10,10,1.0,1.6119980000439682,2162,14,2162,2162,0,8,0,1,0,0.0,0
178,narrow,positive,NaiveNoPolicy,15000,64,10,23,0.0015333333333333334,10,0.1,0,ranking_truncation,9,0,7,1,10,0.1,0.8022760000585549,2162,2162,2162,0,0,8,0,1,0,0.0,0
179,cold,positive,ExactSecure,15000,64,10,3,0.0002,3,1.0,1,none,0,0,0,3,3,1.0,7.347992000177328,15000,3,3,15000,0,0,1,1,0,0.0,0
179,cold,positive,PreFilter-Exact,15000,64,10,3,0.0002,3,1.0,1,none,0,0,0,3,3,1.0,7.164995000039198,15000,3,3,15000,0,0,1,1,0,0.0,0
179,cold,positive,BitmapSlice-Exact,15000,64,10,3,0.0002,3,1.0,1,none,0,0,0,3,3,1.0,0.07597099988743139,4,3,3,4,0,0,1,1,0,0.0,0
179,cold,positive,ScalarOnly,15000,64,10,3,0.0002,3,1.0,0,ranking_truncation,0,0,0,3,3,1.0,7.225365000067541,15000,3,0,15000,0,0,0,1,0,0.0,0
179,cold,positive,PostFilter-IVF,15000,64,10,3,0.0002,2,0.6666666666666666,0,candidate_starvation,0,0,0,2,2,1.0,1.5895490000730206,2006,2,2006,2006,0,8,0,1,0,0.0,0
179,cold,positive,AdaptivePostFilter-IVF,15000,64,10,3,0.0002,2,0.6666666666666666,0,candidate_starvation,0,0,0,2,2,1.0,4.025246000082916,4800,2,4800,4800,0,20,0,1,0,0.0,0
179,cold,positive,ExactPrefix-PostFilter,15000,64,10,3,0.0002,1,0.3333333333333333,0,candidate_starvation,0,0,0,1,1,1.0,3.4107570002106513,2400,1,15000,2400,0,0,0,1,0,0.0,0
179,cold,positive,TenantPartition-IVF,15000,64,10,3,0.0002,2,0.6666666666666666,0,candidate_starvation,0,0,0,2,2,1.0,0.8928679999371525,2006,2,2006,2006,0,8,0,1,0,0.0,0
179,cold,positive,PreFilter-IVF,15000,64,10,3,0.0002,3,1.0,1,none,0,0,0,3,3,1.0,1.0183020001477416,568,3,3,568,64,3,0,1,0,0.0,0
179,cold,positive,PACER-A,15000,64,10,3,0.0002,3,1.0,1,none,0,0,0,3,3,1.0,0.36948199999642384,4,3,4,4,24,3,1,1,0,0.0,0
179,cold,positive,PACER-C,15000,64,10,3,0.0002,3,1.0,1,none,0,0,0,3,3,1.0,0.3234250000332395,4,3,4,4,24,3,1,1,0,0.0,0
179,cold,positive,PACER-X,15000,64,10,3,0.0002,3,1.0,1,none,0,0,0,3,3,1.0,0.2620749999096006,4,3,4,4,24,3,1,1,0,0.0,0
179,cold,positive,PACER-A-NoSlices,15000,64,10,3,0.0002,2,0.6666666666666666,0,candidate_starvation,0,0,0,2,2,1.0,1.7991970000821311,2400,2,2400,2400,10,10,0,1,0,0.0,1
179,cold,positive,PACER-A-NoBounds,15000,64,10,3,0.0002,3,1.0,1,none,0,0,0,3,3,1.0,0.29618099983963475,4,3,4,4,27,3,1,1,0,0.0,0
179,cold,positive,StaleNoRecheck,15000,64,10,3,0.0002,3,0.6666666666666666,0,ranking_truncation,0,1,0,2,3,0.6666666666666666,1.4378109999597655,2006,3,2006,2006,0,8,0,1,0,0.0,0
179,cold,positive,NaiveNoPolicy,15000,64,10,3,0.0002,10,0.3333333333333333,0,ranking_truncation,8,0,8,1,10,0.1,0.5405320000591018,2006,2006,2006,0,0,8,0,1,0,0.0,0
180,broad,positive,ExactSecure,15000,64,10,6569,0.43793333333333334,10,1.0,1,none,0,0,0,10,10,1.0,8.412534999933996,15000,6569,6569,15000,0,0,1,1,0,0.0,0
180,broad,positive,PreFilter-Exact,15000,64,10,6569,0.43793333333333334,10,1.0,1,none,0,0,0,10,10,1.0,7.921111999849018,15000,6569,6569,15000,0,0,1,1,0,0.0,0
180,broad,positive,BitmapSlice-Exact,15000,64,10,6569,0.43793333333333334,10,1.0,1,none,0,0,0,10,10,1.0,16.581610999992336,7321,6569,6569,7321,0,0,1,1,0,0.0,0
180,broad,positive,ScalarOnly,15000,64,10,6569,0.43793333333333334,10,0.0,0,ranking_truncation,0,0,0,10,10,1.0,7.3300389999531035,15000,6569,0,15000,0,0,0,1,0,0.0,0
180,broad,positive,PostFilter-IVF,15000,64,10,6569,0.43793333333333334,10,0.6,0,ranking_truncation,0,0,0,10,10,1.0,1.3210010001785122,1609,690,1609,1609,0,8,0,1,0,0.0,0
180,broad,positive,AdaptivePostFilter-IVF,15000,64,10,6569,0.43793333333333334,10,0.9,0,ranking_truncation,0,0,0,10,10,1.0,4.2470430000776105,4800,1990,4800,4800,0,23,0,1,0,0.0,0
180,broad,positive,ExactPrefix-PostFilter,15000,64,10,6569,0.43793333333333334,10,1.0,1,none,0,0,0,10,10,1.0,3.661936999833415,2400,1060,15000,2400,0,0,0,1,0,0.0,0
180,broad,positive,TenantPartition-IVF,15000,64,10,6569,0.43793333333333334,10,0.6,0,ranking_truncation,0,0,0,10,10,1.0,1.1220940000384871,1609,690,1609,1609,0,8,0,1,0,0.0,0
180,broad,positive,PreFilter-IVF,15000,64,10,6569,0.43793333333333334,10,0.6,0,ranking_truncation,0,0,0,10,10,1.0,1.9221259999540052,1862,745,745,1862,8,8,0,1,0,0.0,0
180,broad,positive,PACER-A,15000,64,10,6569,0.43793333333333334,10,0.9,0,ranking_truncation,0,0,0,10,10,1.0,7.270457000004171,2400,2153,2400,2400,24,24,0,1,0,0.6267464458942413,1
180,broad,positive,PACER-C,15000,64,10,6569,0.43793333333333334,10,1.0,1,none,0,0,0,10,10,1.0,22.44280200011417,7321,6569,7321,7321,64,64,1,1,0,0.0,0
180,broad,positive,PACER-X,15000,64,10,6569,0.43793333333333334,10,1.0,1,none,0,0,0,10,10,1.0,24.25039700005982,7321,6569,7321,7321,64,64,1,1,0,0.0,0
180,broad,positive,PACER-A-NoSlices,15000,64,10,6569,0.43793333333333334,10,0.7,0,ranking_truncation,0,0,0,10,10,1.0,2.8718779999508115,2400,999,2400,2400,13,13,0,1,0,0.6477713584899902,1
180,broad,positive,PACER-A-NoBounds,15000,64,10,6569,0.43793333333333334,10,0.9,0,ranking_truncation,0,0,0,10,10,1.0,8.273378000012599,2400,2153,2400,2400,24,24,0,1,0,0.0,1
180,broad,positive,StaleNoRecheck,15000,64,10,6569,0.43793333333333334,10,0.6,0,ranking_truncation,0,1,0,9,10,0.9,1.4149230000839452,1609,758,1609,1609,0,8,0,1,0,0.0,0
180,broad,positive,NaiveNoPolicy,15000,64,10,6569,0.43793333333333334,10,0.5,0,ranking_truncation,0,0,5,5,10,0.5,0.47409300009348954,1609,1609,1609,0,0,8,0,1,0,0.0,0
181,medium,positive,ExactSecure,15000,64,10,338,0.022533333333333332,10,1.0,1,none,0,0,0,10,10,1.0,7.996715999979642,15000,338,338,15000,0,0,1,1,0,0.0,0
181,medium,positive,PreFilter-Exact,15000,64,10,338,0.022533333333333332,10,1.0,1,none,0,0,0,10,10,1.0,7.97588600016752,15000,338,338,15000,0,0,1,1,0,0.0,0
181,medium,positive,BitmapSlice-Exact,15000,64,10,338,0.022533333333333332,10,1.0,1,none,0,0,0,10,10,1.0,1.0081630000513542,361,338,338,361,0,0,1,1,0,0.0,0
181,medium,positive,ScalarOnly,15000,64,10,338,0.022533333333333332,10,0.0,0,ranking_truncation,0,0,0,10,10,1.0,8.004438999932972,15000,338,0,15000,0,0,0,1,0,0.0,0
181,medium,positive,PostFilter-IVF,15000,64,10,338,0.022533333333333332,10,0.7,0,ranking_truncation,0,0,0,10,10,1.0,1.6144690000601258,1795,52,1795,1795,0,8,0,1,0,0.0,0
181,medium,positive,AdaptivePostFilter-IVF,15000,64,10,338,0.022533333333333332,10,0.9,0,ranking_truncation,0,0,0,10,10,1.0,5.333636999921509,4800,121,4800,4800,0,22,0,1,0,0.0,0
181,medium,positive,ExactPrefix-PostFilter,15000,64,10,338,0.022533333333333332,10,1.0,1,none,0,0,0,10,10,1.0,3.9203270000598422,2400,54,15000,2400,0,0,0,1,0,0.0,0
181,medium,positive,TenantPartition-IVF,15000,64,10,338,0.022533333333333332,10,0.7,0,ranking_truncation,0,0,0,10,10,1.0,1.1554049999631388,1795,52,1795,1795,0,8,0,1,0,0.0,0
181,medium,positive,PreFilter-IVF,15000,64,10,338,0.022533333333333332,10,0.3,0,ranking_truncation,0,0,0,10,10,1.0,2.214678000200365,1967,38,38,1967,11,8,0,1,0,0.0,0
181,medium,positive,PACER-A,15000,64,10,338,0.022533333333333332,10,1.0,1,none,0,0,0,10,10,1.0,5.607173999806037,361,338,361,361,64,52,1,1,0,0.0,0
181,medium,positive,PACER-C,15000,64,10,338,0.022533333333333332,10,1.0,1,none,0,0,0,10,10,1.0,5.336291000048732,361,338,361,361,64,52,1,1,0,0.0,0
181,medium,positive,PACER-X,15000,64,10,338,0.022533333333333332,10,1.0,1,none,0,0,0,10,10,1.0,5.563083999959417,361,338,361,361,64,52,1,1,0,0.0,0
181,medium,positive,PACER-A-NoSlices,15000,64,10,338,0.022533333333333332,10,0.3,0,ranking_truncation,0,0,0,10,10,1.0,2.239054000028773,2400,34,2400,2400,11,11,0,1,0,0.8412006497383118,1
181,medium,positive,PACER-A-NoBounds,15000,64,10,338,0.022533333333333332,10,1.0,1,none,0,0,0,10,10,1.0,4.796588000090196,361,338,361,361,64,52,1,1,0,0.0,0
181,medium,positive,StaleNoRecheck,15000,64,10,338,0.022533333333333332,10,0.7,0,ranking_truncation,0,0,0,10,10,1.0,1.9064979999257048,1795,56,1795,1795,0,8,0,1,0,0.0,0
181,medium,positive,NaiveNoPolicy,15000,64,10,338,0.022533333333333332,10,0.3,0,ranking_truncation,7,0,5,3,10,0.3,0.7091659999787225,1795,1795,1795,0,0,8,0,1,0,0.0,0
182,narrow,positive,ExactSecure,15000,64,10,15,0.001,10,1.0,1,none,0,0,0,10,10,1.0,7.830134999949223,15000,15,15,15000,0,0,1,1,0,0.0,0
182,narrow,positive,PreFilter-Exact,15000,64,10,15,0.001,10,1.0,1,none,0,0,0,10,10,1.0,10.684452000077727,15000,15,15,15000,0,0,1,1,0,0.0,0
182,narrow,positive,BitmapSlice-Exact,15000,64,10,15,0.001,10,1.0,1,none,0,0,0,10,10,1.0,0.12509000021054817,15,15,15,15,0,0,1,1,0,0.0,0
182,narrow,positive,ScalarOnly,15000,64,10,15,0.001,10,0.7,0,ranking_truncation,0,0,0,10,10,1.0,7.710276000125305,15000,15,0,15000,0,0,0,1,0,0.0,0
182,narrow,positive,PostFilter-IVF,15000,64,10,15,0.001,8,0.7,0,candidate_starvation,0,0,0,8,8,1.0,1.8534069999986968,2279,8,2279,2279,0,8,0,1,0,0.0,0
182,narrow,positive,AdaptivePostFilter-IVF,15000,64,10,15,0.001,9,0.8,0,candidate_starvation,0,0,0,9,9,1.0,4.288406999876315,4800,9,4800,4800,0,23,0,1,0,0.0,0
182,narrow,positive,ExactPrefix-PostFilter,15000,64,10,15,0.001,6,0.6,0,candidate_starvation,0,0,0,6,6,1.0,3.3219150000149966,2400,6,15000,2400,0,0,0,1,0,0.0,0
182,narrow,positive,TenantPartition-IVF,15000,64,10,15,0.001,8,0.7,0,candidate_starvation,0,0,0,8,8,1.0,1.1216570001124637,2279,8,2279,2279,0,8,0,1,0,0.0,0
182,narrow,positive,PreFilter-IVF,15000,64,10,15,0.001,10,1.0,1,none,0,0,0,10,10,1.0,2.234635999911916,2021,15,15,2021,59,8,0,1,0,0.0,0
182,narrow,positive,PACER-A,15000,64,10,15,0.001,10,1.0,1,none,0,0,0,10,10,1.0,0.8267670000350336,15,15,15,15,59,8,1,1,0,0.0,0
182,narrow,positive,PACER-C,15000,64,10,15,0.001,10,1.0,1,none,0,0,0,10,10,1.0,0.7904589999725431,15,15,15,15,59,8,1,1,0,0.0,0
182,narrow,positive,PACER-X,15000,64,10,15,0.001,10,1.0,1,none,0,0,0,10,10,1.0,0.7243509999170783,15,15,15,15,59,8,1,1,0,0.0,0
182,narrow,positive,PACER-A-NoSlices,15000,64,10,15,0.001,8,0.7,0,candidate_starvation,0,0,0,8,8,1.0,1.894312000104037,2400,8,2400,2400,9,9,0,1,0,0.0,1
182,narrow,positive,PACER-A-NoBounds,15000,64,10,15,0.001,10,1.0,1,none,0,0,0,10,10,1.0,1.0230790001060086,15,15,15,15,64,8,1,1,0,0.0,0
182,narrow,positive,StaleNoRecheck,15000,64,10,15,0.001,8,0.7,0,candidate_starvation,0,0,0,8,8,1.0,2.4899750001168286,2279,8,2279,2279,0,8,0,1,0,0.0,0
182,narrow,positive,NaiveNoPolicy,15000,64,10,15,0.001,10,0.1,0,ranking_truncation,9,0,8,1,10,0.1,0.7857600000988896,2279,2279,2279,0,0,8,0,1,0,0.0,0
183,cold,positive,ExactSecure,15000,64,10,1,6.666666666666667e-05,1,1.0,1,none,0,0,0,1,1,1.0,8.302364999963174,15000,1,1,15000,0,0,1,1,0,0.0,0
183,cold,positive,PreFilter-Exact,15000,64,10,1,6.666666666666667e-05,1,1.0,1,none,0,0,0,1,1,1.0,7.383333000007042,15000,1,1,15000,0,0,1,1,0,0.0,0
183,cold,positive,BitmapSlice-Exact,15000,64,10,1,6.666666666666667e-05,1,1.0,1,none,0,0,0,1,1,1.0,0.0695960000030027,1,1,1,1,0,0,1,1,0,0.0,0
183,cold,positive,ScalarOnly,15000,64,10,1,6.666666666666667e-05,1,1.0,1,none,0,0,0,1,1,1.0,7.022876000064571,15000,1,0,15000,0,0,0,1,0,0.0,0
183,cold,positive,PostFilter-IVF,15000,64,10,1,6.666666666666667e-05,1,1.0,1,none,0,0,0,1,1,1.0,1.3692909999463154,1906,1,1906,1906,0,8,0,1,0,0.0,0
183,cold,positive,AdaptivePostFilter-IVF,15000,64,10,1,6.666666666666667e-05,1,1.0,1,none,0,0,0,1,1,1.0,4.440129999920828,4800,1,4800,4800,0,23,0,1,0,0.0,0
183,cold,positive,ExactPrefix-PostFilter,15000,64,10,1,6.666666666666667e-05,1,1.0,1,none,0,0,0,1,1,1.0,3.1406690000039816,2400,1,15000,2400,0,0,0,1,0,0.0,0
183,cold,positive,TenantPartition-IVF,15000,64,10,1,6.666666666666667e-05,1,1.0,1,none,0,0,0,1,1,1.0,0.755874000105905,1906,1,1906,1906,0,8,0,1,0,0.0,0
183,cold,positive,PreFilter-IVF,15000,64,10,1,6.666666666666667e-05,1,1.0,1,none,0,0,0,1,1,1.0,0.7046739999623242,295,1,1,295,64,1,0,1,0,0.0,0
183,cold,positive,PACER-A,15000,64,10,1,6.666666666666667e-05,1,1.0,1,none,0,0,0,1,1,1.0,0.2365089999329939,1,1,1,1,9,1,1,1,0,0.0,0
183,cold,positive,PACER-C,15000,64,10,1,6.666666666666667e-05,1,1.0,1,none,0,0,0,1,1,1.0,0.18801200008056185,1,1,1,1,9,1,1,1,0,0.0,0
183,cold,positive,PACER-X,15000,64,10,1,6.666666666666667e-05,1,1.0,1,none,0,0,0,1,1,1.0,0.14608700007556763,1,1,1,1,9,1,1,1,0,0.0,0
183,cold,positive,PACER-A-NoSlices,15000,64,10,1,6.666666666666667e-05,1,1.0,1,none,0,0,0,1,1,1.0,1.703717000054894,2400,1,2400,2400,11,11,0,1,0,0.0,1
183,cold,positive,PACER-A-NoBounds,15000,64,10,1,6.666666666666667e-05,1,1.0,1,none,0,0,0,1,1,1.0,0.16053199988164124,1,1,1,1,4,1,1,1,0,0.0,0
183,cold,positive,StaleNoRecheck,15000,64,10,1,6.666666666666667e-05,1,1.0,1,none,0,0,0,1,1,1.0,1.3559129999975994,1906,1,1906,1906,0,8,0,1,0,0.0,0
183,cold,positive,NaiveNoPolicy,15000,64,10,1,6.666666666666667e-05,10,1.0,0,ranking_truncation,9,0,9,1,10,0.1,0.5369820000851178,1906,1906,1906,0,0,8,0,1,0,0.0,0
184,broad,positive,ExactSecure,15000,64,10,6782,0.45213333333333333,10,1.0,1,none,0,0,0,10,10,1.0,8.47475199998371,15000,6782,6782,15000,0,0,1,1,0,0.0,0
184,broad,positive,PreFilter-Exact,15000,64,10,6782,0.45213333333333333,10,1.0,1,none,0,0,0,10,10,1.0,8.672510999986116,15000,6782,6782,15000,0,0,1,1,0,0.0,0
184,broad,positive,BitmapSlice-Exact,15000,64,10,6782,0.45213333333333333,10,1.0,1,none,0,0,0,10,10,1.0,17.472717999908127,7566,6782,6782,7566,0,0,1,1,0,0.0,0
184,broad,positive,ScalarOnly,15000,64,10,6782,0.45213333333333333,10,0.0,0,ranking_truncation,0,0,0,10,10,1.0,8.573186999910831,15000,6782,0,15000,0,0,0,1,0,0.0,0
184,broad,positive,PostFilter-IVF,15000,64,10,6782,0.45213333333333333,10,0.9,0,ranking_truncation,0,0,0,10,10,1.0,1.9827349999559374,1805,730,1805,1805,0,8,0,1,0,0.0,0
184,broad,positive,AdaptivePostFilter-IVF,15000,64,10,6782,0.45213333333333333,10,0.9,0,ranking_truncation,0,0,0,10,10,1.0,4.6173640000688465,4800,2052,4800,4800,0,21,0,1,0,0.0,0
184,broad,positive,ExactPrefix-PostFilter,15000,64,10,6782,0.45213333333333333,10,1.0,1,none,0,0,0,10,10,1.0,3.61212699999669,2400,1005,15000,2400,0,0,0,1,0,0.0,0
184,broad,positive,TenantPartition-IVF,15000,64,10,6782,0.45213333333333333,10,0.9,0,ranking_truncation,0,0,0,10,10,1.0,1.3639579999562557,1805,730,1805,1805,0,8,0,1,0,0.0,0
184,broad,positive,PreFilter-IVF,15000,64,10,6782,0.45213333333333333,10,0.9,0,ranking_truncation,0,0,0,10,10,1.0,2.0651909999287454,1805,730,730,1805,8,8,0,1,0,0.0,0
184,broad,positive,PACER-A,15000,64,10,6782,0.45213333333333333,10,0.9,0,ranking_truncation,0,0,0,10,10,1.0,8.446648000017376,2400,2152,2400,2400,21,21,0,1,0,0.5798693895339966,1
184,broad,positive,PACER-C,15000,64,10,6782,0.45213333333333333,10,1.0,1,none,0,0,0,10,10,1.0,24.073991000022943,7566,6782,7566,7566,64,64,1,1,0,0.0,0
184,broad,positive,PACER-X,15000,64,10,6782,0.45213333333333333,10,1.0,1,none,0,0,0,10,10,1.0,24.058218999925884,7566,6782,7566,7566,64,64,1,1,0,0.0,0
184,broad,positive,PACER-A-NoSlices,15000,64,10,6782,0.45213333333333333,10,0.9,0,ranking_truncation,0,0,0,10,10,1.0,2.3445480001100805,2400,1000,2400,2400,11,11,0,1,0,0.5924713015556335,1
184,broad,positive,PACER-A-NoBounds,15000,64,10,6782,0.45213333333333333,10,0.9,0,ranking_truncation,0,0,0,10,10,1.0,7.633430999931079,2400,2145,2400,2400,22,22,0,1,0,0.0,1
184,broad,positive,StaleNoRecheck,15000,64,10,6782,0.45213333333333333,10,0.9,0,ranking_truncation,0,1,0,9,10,0.9,1.6221420000874787,1805,822,1805,1805,0,8,0,1,0,0.0,0
184,broad,positive,NaiveNoPolicy,15000,64,10,6782,0.45213333333333333,10,0.4,0,ranking_truncation,0,1,6,4,10,0.4,0.6362199999330187,1805,1805,1805,0,0,8,0,1,0,0.0,0
185,medium,positive,ExactSecure,15000,64,10,443,0.029533333333333335,10,1.0,1,none,0,0,0,10,10,1.0,7.804584000041359,15000,443,443,15000,0,0,1,1,0,0.0,0
185,medium,positive,PreFilter-Exact,15000,64,10,443,0.029533333333333335,10,1.0,1,none,0,0,0,10,10,1.0,7.9113369999959104,15000,443,443,15000,0,0,1,1,0,0.0,0
185,medium,positive,BitmapSlice-Exact,15000,64,10,443,0.029533333333333335,10,1.0,1,none,0,0,0,10,10,1.0,1.340825999932349,471,443,443,471,0,0,1,1,0,0.0,0
185,medium,positive,ScalarOnly,15000,64,10,443,0.029533333333333335,10,0.0,0,ranking_truncation,0,0,0,10,10,1.0,7.450256000083755,15000,443,0,15000,0,0,0,1,0,0.0,0
185,medium,positive,PostFilter-IVF,15000,64,10,443,0.029533333333333335,10,0.4,0,ranking_truncation,0,0,0,10,10,1.0,1.971330000060334,1881,24,1881,1881,0,8,0,1,0,0.0,0
185,medium,positive,AdaptivePostFilter-IVF,15000,64,10,443,0.029533333333333335,10,0.8,0,ranking_truncation,0,0,0,10,10,1.0,3.9751270001033845,4800,107,4800,4800,0,21,0,1,0,0.0,0
185,medium,positive,ExactPrefix-PostFilter,15000,64,10,443,0.029533333333333335,10,1.0,1,none,0,0,0,10,10,1.0,3.272929000104341,2400,63,15000,2400,0,0,0,1,0,0.0,0
185,medium,positive,TenantPartition-IVF,15000,64,10,443,0.029533333333333335,10,0.4,0,ranking_truncation,0,0,0,10,10,1.0,1.0723190000589966,1881,24,1881,1881,0,8,0,1,0,0.0,0
185,medium,positive,PreFilter-IVF,15000,64,10,443,0.029533333333333335,10,0.4,0,ranking_truncation,0,0,0,10,10,1.0,1.8026410000402393,1973,36,36,1973,9,8,0,1,0,0.0,0
185,medium,positive,PACER-A,15000,64,10,443,0.029533333333333335,10,1.0,1,none,0,0,0,10,10,1.0,5.552792000116824,471,443,471,471,64,59,1,1,0,0.0,0
185,medium,positive,PACER-C,15000,64,10,443,0.029533333333333335,10,1.0,1,none,0,0,0,10,10,1.0,5.490228999860847,471,443,471,471,64,59,1,1,0,0.0,0
185,medium,positive,PACER-X,15000,64,10,443,0.029533333333333335,10,1.0,1,none,0,0,0,10,10,1.0,5.174467999950139,471,443,471,471,64,59,1,1,0,0.0,0
185,medium,positive,PACER-A-NoSlices,15000,64,10,443,0.029533333333333335,10,0.4,0,ranking_truncation,0,0,0,10,10,1.0,1.921751999816479,2400,39,2400,2400,10,10,0,1,0,0.8477655649185181,1
185,medium,positive,PACER-A-NoBounds,15000,64,10,443,0.029533333333333335,10,1.0,1,none,0,0,0,10,10,1.0,5.1935419999153964,471,443,471,471,64,59,1,1,0,0.0,0
185,medium,positive,StaleNoRecheck,15000,64,10,443,0.029533333333333335,10,0.4,0,ranking_truncation,0,1,0,9,10,0.9,1.4465110000401182,1881,27,1881,1881,0,8,0,1,0,0.0,0
185,medium,positive,NaiveNoPolicy,15000,64,10,443,0.029533333333333335,10,0.1,0,ranking_truncation,8,1,7,1,10,0.1,0.4802139999355859,1881,1881,1881,0,0,8,0,1,0,0.0,0
186,narrow,positive,ExactSecure,15000,64,10,15,0.001,10,1.0,1,none,0,0,0,10,10,1.0,7.073343999991266,15000,15,15,15000,0,0,1,1,0,0.0,0
186,narrow,positive,PreFilter-Exact,15000,64,10,15,0.001,10,1.0,1,none,0,0,0,10,10,1.0,7.35165500009316,15000,15,15,15000,0,0,1,1,0,0.0,0
186,narrow,positive,BitmapSlice-Exact,15000,64,10,15,0.001,10,1.0,1,none,0,0,0,10,10,1.0,0.11781700004576123,16,15,15,16,0,0,1,1,0,0.0,0
186,narrow,positive,ScalarOnly,15000,64,10,15,0.001,10,0.6,0,ranking_truncation,0,0,0,10,10,1.0,7.793344999981855,15000,15,0,15000,0,0,0,1,0,0.0,0
186,narrow,positive,PostFilter-IVF,15000,64,10,15,0.001,7,0.7,0,candidate_starvation,0,0,0,7,7,1.0,1.4008230000399635,1871,7,1871,1871,0,8,0,1,0,0.0,0
186,narrow,positive,AdaptivePostFilter-IVF,15000,64,10,15,0.001,8,0.8,0,candidate_starvation,0,0,0,8,8,1.0,4.22773800005416,4800,8,4800,4800,0,23,0,1,0,0.0,0
186,narrow,positive,ExactPrefix-PostFilter,15000,64,10,15,0.001,4,0.4,0,candidate_starvation,0,0,0,4,4,1.0,3.4376359999441775,2400,4,15000,2400,0,0,0,1,0,0.0,0
186,narrow,positive,TenantPartition-IVF,15000,64,10,15,0.001,7,0.7,0,candidate_starvation,0,0,0,7,7,1.0,0.926013000025705,1871,7,1871,1871,0,8,0,1,0,0.0,0
186,narrow,positive,PreFilter-IVF,15000,64,10,15,0.001,10,1.0,1,none,0,0,0,10,10,1.0,1.3843809999798395,1506,15,15,1506,64,5,0,1,0,0.0,0
186,narrow,positive,PACER-A,15000,64,10,15,0.001,10,1.0,1,none,0,0,0,10,10,1.0,0.5339909998838266,16,15,16,16,48,5,1,1,0,0.0,0
186,narrow,positive,PACER-C,15000,64,10,15,0.001,10,1.0,1,none,0,0,0,10,10,1.0,0.47911199999362,16,15,16,16,48,5,1,1,0,0.0,0
186,narrow,positive,PACER-X,15000,64,10,15,0.001,10,1.0,1,none,0,0,0,10,10,1.0,0.5199099998662859,16,15,16,16,48,5,1,1,0,0.0,0
186,narrow,positive,PACER-A-NoSlices,15000,64,10,15,0.001,8,0.8,0,candidate_starvation,0,0,0,8,8,1.0,1.783101999990322,2400,8,2400,2400,13,13,0,1,0,0.0,1
186,narrow,positive,PACER-A-NoBounds,15000,64,10,15,0.001,10,1.0,1,none,0,0,0,10,10,1.0,0.47088299993447436,16,15,16,16,64,5,1,1,0,0.0,0
186,narrow,positive,StaleNoRecheck,15000,64,10,15,0.001,8,0.7,0,candidate_starvation,0,1,0,7,8,0.875,1.3309430000845168,1871,8,1871,1871,0,8,0,1,0,0.0,0
186,narrow,positive,NaiveNoPolicy,15000,64,10,15,0.001,10,0.1,0,ranking_truncation,9,1,9,1,10,0.1,0.5715839999993477,1871,1871,1871,0,0,8,0,1,0,0.0,0
187,cold,positive,ExactSecure,15000,64,10,2,0.00013333333333333334,2,1.0,1,none,0,0,0,2,2,1.0,6.980558000122983,15000,2,2,15000,0,0,1,1,0,0.0,0
187,cold,positive,PreFilter-Exact,15000,64,10,2,0.00013333333333333334,2,1.0,1,none,0,0,0,2,2,1.0,7.23702699997375,15000,2,2,15000,0,0,1,1,0,0.0,0
187,cold,positive,BitmapSlice-Exact,15000,64,10,2,0.00013333333333333334,2,1.0,1,none,0,0,0,2,2,1.0,0.07699000002503453,2,2,2,2,0,0,1,1,0,0.0,0
187,cold,positive,ScalarOnly,15000,64,10,2,0.00013333333333333334,2,1.0,0,ranking_truncation,0,0,0,2,2,1.0,7.3763109999163134,15000,2,0,15000,0,0,0,1,0,0.0,0
187,cold,positive,PostFilter-IVF,15000,64,10,2,0.00013333333333333334,0,0.0,0,candidate_starvation,0,0,0,0,0,1.0,1.3109399999393645,1591,0,1591,1591,0,8,0,1,0,0.0,0
187,cold,positive,AdaptivePostFilter-IVF,15000,64,10,2,0.00013333333333333334,0,0.0,0,candidate_starvation,0,0,0,0,0,1.0,3.9079969999420427,4800,0,4800,4800,0,21,0,1,0,0.0,0
187,cold,positive,ExactPrefix-PostFilter,15000,64,10,2,0.00013333333333333334,1,0.5,0,candidate_starvation,0,0,0,1,1,1.0,3.308550999918225,2400,1,15000,2400,0,0,0,1,0,0.0,0
187,cold,positive,TenantPartition-IVF,15000,64,10,2,0.00013333333333333334,0,0.0,0,candidate_starvation,0,0,0,0,0,1.0,0.727367999843409,1591,0,1591,1591,0,8,0,1,0,0.0,0
187,cold,positive,PreFilter-IVF,15000,64,10,2,0.00013333333333333334,2,1.0,1,none,0,0,0,2,2,1.0,0.718980999863561,327,2,2,327,64,2,0,1,0,0.0,0
187,cold,positive,PACER-A,15000,64,10,2,0.00013333333333333334,2,1.0,1,none,0,0,0,2,2,1.0,0.274734999948123,2,2,2,2,42,2,1,1,0,0.0,0
187,cold,positive,PACER-C,15000,64,10,2,0.00013333333333333334,2,1.0,1,none,0,0,0,2,2,1.0,0.22012499994161772,2,2,2,2,42,2,1,1,0,0.0,0
187,cold,positive,PACER-X,15000,64,10,2,0.00013333333333333334,2,1.0,1,none,0,0,0,2,2,1.0,0.2508940001462179,2,2,2,2,42,2,1,1,0,0.0,0
187,cold,positive,PACER-A-NoSlices,15000,64,10,2,0.00013333333333333334,0,0.0,0,candidate_starvation,0,0,0,0,0,1.0,1.7090769999867916,2400,0,2400,2400,12,12,0,1,0,0.0,1
187,cold,positive,PACER-A-NoBounds,15000,64,10,2,0.00013333333333333334,2,1.0,1,none,0,0,0,2,2,1.0,0.2606680000099004,2,2,2,2,41,2,1,1,0,0.0,0
187,cold,positive,StaleNoRecheck,15000,64,10,2,0.00013333333333333334,0,0.0,0,candidate_starvation,0,0,0,0,0,1.0,1.0681810001642589,1591,0,1591,1591,0,8,0,1,0,0.0,0
187,cold,positive,NaiveNoPolicy,15000,64,10,2,0.00013333333333333334,10,0.0,0,ranking_truncation,10,1,6,0,10,0.0,0.36406100002750463,1591,1591,1591,0,0,8,0,1,0,0.0,0
188,broad,positive,ExactSecure,15000,64,10,6883,0.45886666666666664,10,1.0,1,none,0,0,0,10,10,1.0,8.331483999882039,15000,6883,6883,15000,0,0,1,1,0,0.0,0
188,broad,positive,PreFilter-Exact,15000,64,10,6883,0.45886666666666664,10,1.0,1,none,0,0,0,10,10,1.0,8.867370999951163,15000,6883,6883,15000,0,0,1,1,0,0.0,0
188,broad,positive,BitmapSlice-Exact,15000,64,10,6883,0.45886666666666664,10,1.0,1,none,0,0,0,10,10,1.0,17.32059100004335,7713,6883,6883,7713,0,0,1,1,0,0.0,0
188,broad,positive,ScalarOnly,15000,64,10,6883,0.45886666666666664,10,0.1,0,ranking_truncation,0,0,0,10,10,1.0,7.230267000068125,15000,6883,0,15000,0,0,0,1,0,0.0,0
188,broad,positive,PostFilter-IVF,15000,64,10,6883,0.45886666666666664,10,1.0,1,none,0,0,0,10,10,1.0,1.436284999954296,1713,823,1713,1713,0,8,0,1,0,0.0,0
188,broad,positive,AdaptivePostFilter-IVF,15000,64,10,6883,0.45886666666666664,10,1.0,1,none,0,0,0,10,10,1.0,4.420245999881445,4800,2306,4800,4800,0,21,0,1,0,0.0,0
188,broad,positive,ExactPrefix-PostFilter,15000,64,10,6883,0.45886666666666664,10,1.0,1,none,0,0,0,10,10,1.0,3.317639999977473,2400,1128,15000,2400,0,0,0,1,0,0.0,0
188,broad,positive,TenantPartition-IVF,15000,64,10,6883,0.45886666666666664,10,1.0,1,none,0,0,0,10,10,1.0,1.6564659999858122,1713,823,1713,1713,0,8,0,1,0,0.0,0
188,broad,positive,PreFilter-IVF,15000,64,10,6883,0.45886666666666664,10,1.0,1,none,0,0,0,10,10,1.0,1.8692000001010456,1606,754,754,1606,8,8,0,1,0,0.0,0
188,broad,positive,PACER-A,15000,64,10,6883,0.45886666666666664,10,1.0,1,none,0,0,0,10,10,1.0,7.409497000026022,2400,2141,2400,2400,19,19,0,1,0,0.5520518124103546,1
188,broad,positive,PACER-C,15000,64,10,6883,0.45886666666666664,10,1.0,1,none,0,0,0,10,10,1.0,22.642047000090315,7713,6883,7713,7713,64,64,1,1,0,0.0,0
188,broad,positive,PACER-X,15000,64,10,6883,0.45886666666666664,10,1.0,1,none,0,0,0,10,10,1.0,23.651956000094287,7713,6883,7713,7713,64,64,1,1,0,0.0,0
188,broad,positive,PACER-A-NoSlices,15000,64,10,6883,0.45886666666666664,10,1.0,1,none,0,0,0,10,10,1.0,2.3568819999582047,2400,1164,2400,2400,12,12,0,1,0,0.5596159398555756,1
188,broad,positive,PACER-A-NoBounds,15000,64,10,6883,0.45886666666666664,10,1.0,1,none,0,0,0,10,10,1.0,7.308301999955802,2400,2144,2400,2400,19,19,0,1,0,0.0,1
188,broad,positive,StaleNoRecheck,15000,64,10,6883,0.45886666666666664,10,0.9,0,ranking_truncation,0,1,0,9,10,0.9,1.4523429999826476,1713,921,1713,1713,0,8,0,1,0,0.0,0
188,broad,positive,NaiveNoPolicy,15000,64,10,6883,0.45886666666666664,10,0.4,0,ranking_truncation,0,2,5,4,10,0.4,0.7260709999172832,1713,1713,1713,0,0,8,0,1,0,0.0,0
189,medium,positive,ExactSecure,15000,64,10,399,0.0266,10,1.0,1,none,0,0,0,10,10,1.0,8.316051000065272,15000,399,399,15000,0,0,1,1,0,0.0,0
189,medium,positive,PreFilter-Exact,15000,64,10,399,0.0266,10,1.0,1,none,0,0,0,10,10,1.0,7.355054999834465,15000,399,399,15000,0,0,1,1,0,0.0,0
189,medium,positive,BitmapSlice-Exact,15000,64,10,399,0.0266,10,1.0,1,none,0,0,0,10,10,1.0,1.2413800000103947,439,399,399,439,0,0,1,1,0,0.0,0
189,medium,positive,ScalarOnly,15000,64,10,399,0.0266,10,0.0,0,ranking_truncation,0,0,0,10,10,1.0,7.339860000001863,15000,399,0,15000,0,0,0,1,0,0.0,0
189,medium,positive,PostFilter-IVF,15000,64,10,399,0.0266,10,0.8,0,ranking_truncation,0,0,0,10,10,1.0,1.8474020000667224,1974,75,1974,1974,0,8,0,1,0,0.0,0
189,medium,positive,AdaptivePostFilter-IVF,15000,64,10,399,0.0266,10,0.9,0,ranking_truncation,0,0,0,10,10,1.0,4.021374999865657,4800,110,4800,4800,0,23,0,1,0,0.0,0
189,medium,positive,ExactPrefix-PostFilter,15000,64,10,399,0.0266,10,1.0,1,none,0,0,0,10,10,1.0,3.086981000024025,2400,75,15000,2400,0,0,0,1,0,0.0,0
189,medium,positive,TenantPartition-IVF,15000,64,10,399,0.0266,10,0.8,0,ranking_truncation,0,0,0,10,10,1.0,0.9809859998313186,1974,75,1974,1974,0,8,0,1,0,0.0,0
189,medium,positive,PreFilter-IVF,15000,64,10,399,0.0266,10,0.9,0,ranking_truncation,0,0,0,10,10,1.0,1.5403330000935966,1876,71,71,1876,8,8,0,1,0,0.0,0
189,medium,positive,PACER-A,15000,64,10,399,0.0266,10,1.0,1,none,0,0,0,10,10,1.0,5.322889000126452,439,399,439,439,64,52,1,1,0,0.0,0
189,medium,positive,PACER-C,15000,64,10,399,0.0266,10,1.0,1,none,0,0,0,10,10,1.0,8.55401100011477,439,399,439,439,64,52,1,1,0,0.0,0
189,medium,positive,PACER-X,15000,64,10,399,0.0266,10,1.0,1,none,0,0,0,10,10,1.0,5.471719000070152,439,399,439,439,64,52,1,1,0,0.0,0
189,medium,positive,PACER-A-NoSlices,15000,64,10,399,0.0266,10,0.9,0,ranking_truncation,0,0,0,10,10,1.0,2.0740300001307332,2400,84,2400,2400,12,12,0,1,0,0.683925062417984,1
189,medium,positive,PACER-A-NoBounds,15000,64,10,399,0.0266,10,1.0,1,none,0,0,0,10,10,1.0,5.278993000047194,439,399,439,439,64,52,1,1,0,0.0,0
189,medium,positive,StaleNoRecheck,15000,64,10,399,0.0266,10,0.8,0,ranking_truncation,0,0,0,10,10,1.0,1.6350559999409597,1974,82,1974,1974,0,8,0,1,0,0.0,0
189,medium,positive,NaiveNoPolicy,15000,64,10,399,0.0266,10,0.1,0,ranking_truncation,7,1,6,1,10,0.1,0.5469679999805521,1974,1974,1974,0,0,8,0,1,0,0.0,0
190,narrow,positive,ExactSecure,15000,64,10,4,0.0002666666666666667,4,1.0,1,none,0,0,0,4,4,1.0,7.023517000106949,15000,4,4,15000,0,0,1,1,0,0.0,0
190,narrow,positive,PreFilter-Exact,15000,64,10,4,0.0002666666666666667,4,1.0,1,none,0,0,0,4,4,1.0,7.08553699996628,15000,4,4,15000,0,0,1,1,0,0.0,0
190,narrow,positive,BitmapSlice-Exact,15000,64,10,4,0.0002666666666666667,4,1.0,1,none,0,0,0,4,4,1.0,0.08154099987223162,4,4,4,4,0,0,1,1,0,0.0,0
190,narrow,positive,ScalarOnly,15000,64,10,4,0.0002666666666666667,4,1.0,0,ranking_truncation,0,0,0,4,4,1.0,9.684230999937427,15000,4,0,15000,0,0,0,1,0,0.0,0
190,narrow,positive,PostFilter-IVF,15000,64,10,4,0.0002666666666666667,0,0.0,0,candidate_starvation,0,0,0,0,0,1.0,1.1428689999775088,1605,0,1605,1605,0,8,0,1,0,0.0,0
190,narrow,positive,AdaptivePostFilter-IVF,15000,64,10,4,0.0002666666666666667,1,0.25,0,candidate_starvation,0,0,0,1,1,1.0,3.905557000052795,4800,1,4800,4800,0,26,0,1,0,0.0,0
190,narrow,positive,ExactPrefix-PostFilter,15000,64,10,4,0.0002666666666666667,1,0.25,0,candidate_starvation,0,0,0,1,1,1.0,3.1060389999311155,2400,1,15000,2400,0,0,0,1,0,0.0,0
190,narrow,positive,TenantPartition-IVF,15000,64,10,4,0.0002666666666666667,0,0.0,0,candidate_starvation,0,0,0,0,0,1.0,0.6219619999683346,1605,0,1605,1605,0,8,0,1,0,0.0,0
190,narrow,positive,PreFilter-IVF,15000,64,10,4,0.0002666666666666667,4,1.0,1,none,0,0,0,4,4,1.0,1.0604669998883764,853,4,4,853,64,4,0,1,0,0.0,0
190,narrow,positive,PACER-A,15000,64,10,4,0.0002666666666666667,4,1.0,1,none,0,0,0,4,4,1.0,0.39515599996775563,4,4,4,4,59,4,1,1,0,0.0,0
190,narrow,positive,PACER-C,15000,64,10,4,0.0002666666666666667,4,1.0,1,none,0,0,0,4,4,1.0,0.3427720000672707,4,4,4,4,59,4,1,1,0,0.0,0
190,narrow,positive,PACER-X,15000,64,10,4,0.0002666666666666667,4,1.0,1,none,0,0,0,4,4,1.0,0.341826000067158,4,4,4,4,59,4,1,1,0,0.0,0
190,narrow,positive,PACER-A-NoSlices,15000,64,10,4,0.0002666666666666667,0,0.0,0,candidate_starvation,0,0,0,0,0,1.0,1.69850299994323,2400,0,2400,2400,13,13,0,1,0,0.0,1
190,narrow,positive,PACER-A-NoBounds,15000,64,10,4,0.0002666666666666667,4,1.0,1,none,0,0,0,4,4,1.0,0.5032599999594822,4,4,4,4,56,4,1,1,0,0.0,0
190,narrow,positive,StaleNoRecheck,15000,64,10,4,0.0002666666666666667,0,0.0,0,candidate_starvation,0,0,0,0,0,1.0,1.0875660000237986,1605,0,1605,1605,0,8,0,1,0,0.0,0
190,narrow,positive,NaiveNoPolicy,15000,64,10,4,0.0002666666666666667,10,0.0,0,ranking_truncation,10,2,9,0,10,0.0,0.3670819999115338,1605,1605,1605,0,0,8,0,1,0,0.0,0
191,cold,positive,ExactSecure,15000,64,10,3,0.0002,3,1.0,1,none,0,0,0,3,3,1.0,7.195998000042891,15000,3,3,15000,0,0,1,1,0,0.0,0
191,cold,positive,PreFilter-Exact,15000,64,10,3,0.0002,3,1.0,1,none,0,0,0,3,3,1.0,6.842395999910877,15000,3,3,15000,0,0,1,1,0,0.0,0
191,cold,positive,BitmapSlice-Exact,15000,64,10,3,0.0002,3,1.0,1,none,0,0,0,3,3,1.0,0.07757299999866518,3,3,3,3,0,0,1,1,0,0.0,0
191,cold,positive,ScalarOnly,15000,64,10,3,0.0002,3,1.0,0,ranking_truncation,0,0,0,3,3,1.0,6.766672000139806,15000,3,0,15000,0,0,0,1,0,0.0,0
191,cold,positive,PostFilter-IVF,15000,64,10,3,0.0002,3,1.0,1,none,0,0,0,3,3,1.0,1.4775719998851855,1941,3,1941,1941,0,8,0,1,0,0.0,0
191,cold,positive,AdaptivePostFilter-IVF,15000,64,10,3,0.0002,3,1.0,1,none,0,0,0,3,3,1.0,3.9273419999972248,4800,3,4800,4800,0,22,0,1,0,0.0,0
191,cold,positive,ExactPrefix-PostFilter,15000,64,10,3,0.0002,3,1.0,1,none,0,0,0,3,3,1.0,2.9203500000676286,2400,3,15000,2400,0,0,0,1,0,0.0,0
191,cold,positive,TenantPartition-IVF,15000,64,10,3,0.0002,3,1.0,1,none,0,0,0,3,3,1.0,0.7232620000650059,1941,3,1941,1941,0,8,0,1,0,0.0,0
191,cold,positive,PreFilter-IVF,15000,64,10,3,0.0002,3,1.0,1,none,0,0,0,3,3,1.0,0.6005120001191244,348,3,3,348,64,1,0,1,0,0.0,0
191,cold,positive,PACER-A,15000,64,10,3,0.0002,3,1.0,1,none,0,0,0,3,3,1.0,0.20170599987068272,3,3,3,3,2,1,1,1,0,0.0,0
191,cold,positive,PACER-C,15000,64,10,3,0.0002,3,1.0,1,none,0,0,0,3,3,1.0,0.196726000012859,3,3,3,3,2,1,1,1,0,0.0,0
191,cold,positive,PACER-X,15000,64,10,3,0.0002,3,1.0,1,none,0,0,0,3,3,1.0,0.24427300013485365,3,3,3,3,2,1,1,1,0,0.0,0
191,cold,positive,PACER-A-NoSlices,15000,64,10,3,0.0002,3,1.0,1,none,0,0,0,3,3,1.0,2.007755000022371,2400,3,2400,2400,10,10,0,1,0,0.0,1
191,cold,positive,PACER-A-NoBounds,15000,64,10,3,0.0002,3,1.0,1,none,0,0,0,3,3,1.0,0.17098100011025963,3,3,3,3,1,1,1,1,0,0.0,0
191,cold,positive,StaleNoRecheck,15000,64,10,3,0.0002,3,1.0,1,none,0,0,0,3,3,1.0,1.3221919998613885,1941,3,1941,1941,0,8,0,1,0,0.0,0
191,cold,positive,NaiveNoPolicy,15000,64,10,3,0.0002,10,0.3333333333333333,0,ranking_truncation,9,2,9,1,10,0.1,0.4375070000151027,1941,1941,1941,0,0,8,0,1,0,0.0,0
192,broad,positive,ExactSecure,15000,64,10,6871,0.4580666666666667,10,1.0,1,none,0,0,0,10,10,1.0,8.092071999953987,15000,6871,6871,15000,0,0,1,1,0,0.0,0
192,broad,positive,PreFilter-Exact,15000,64,10,6871,0.4580666666666667,10,1.0,1,none,0,0,0,10,10,1.0,8.628016999864485,15000,6871,6871,15000,0,0,1,1,0,0.0,0
192,broad,positive,BitmapSlice-Exact,15000,64,10,6871,0.4580666666666667,10,1.0,1,none,0,0,0,10,10,1.0,16.420698000047196,7563,6871,6871,7563,0,0,1,1,0,0.0,0
192,broad,positive,ScalarOnly,15000,64,10,6871,0.4580666666666667,10,0.0,0,ranking_truncation,0,0,0,10,10,1.0,7.749793999892063,15000,6871,0,15000,0,0,0,1,0,0.0,0
192,broad,positive,PostFilter-IVF,15000,64,10,6871,0.4580666666666667,10,0.3,0,ranking_truncation,0,0,0,10,10,1.0,1.4029980000032083,1588,716,1588,1588,0,8,0,1,0,0.0,0
192,broad,positive,AdaptivePostFilter-IVF,15000,64,10,6871,0.4580666666666667,10,0.7,0,ranking_truncation,0,0,0,10,10,1.0,4.176895000000513,4800,2332,4800,4800,0,23,0,1,0,0.0,0
192,broad,positive,ExactPrefix-PostFilter,15000,64,10,6871,0.4580666666666667,10,1.0,1,none,0,0,0,10,10,1.0,3.4881569999924977,2400,1168,15000,2400,0,0,0,1,0,0.0,0
192,broad,positive,TenantPartition-IVF,15000,64,10,6871,0.4580666666666667,10,0.3,0,ranking_truncation,0,0,0,10,10,1.0,1.1160999999901833,1588,716,1588,1588,0,8,0,1,0,0.0,0
192,broad,positive,PreFilter-IVF,15000,64,10,6871,0.4580666666666667,10,0.3,0,ranking_truncation,0,0,0,10,10,1.0,1.899257999866677,1659,705,705,1659,8,8,0,1,0,0.0,0
192,broad,positive,PACER-A,15000,64,10,6871,0.4580666666666667,10,0.7,0,ranking_truncation,0,0,0,10,10,1.0,8.041969000032623,2400,2188,2400,2400,22,22,0,1,0,0.6260558366775513,1
192,broad,positive,PACER-C,15000,64,10,6871,0.4580666666666667,10,1.0,1,none,0,0,0,10,10,1.0,21.729236000055607,7563,6871,7563,7563,64,64,1,1,0,0.0,0
192,broad,positive,PACER-X,15000,64,10,6871,0.4580666666666667,10,1.0,1,none,0,0,0,10,10,1.0,25.657463000015923,7563,6871,7563,7563,64,64,1,1,0,0.0,0
192,broad,positive,PACER-A-NoSlices,15000,64,10,6871,0.4580666666666667,10,0.4,0,ranking_truncation,0,0,0,10,10,1.0,2.901936999933241,2400,1104,2400,2400,13,13,0,1,0,0.6544176042079926,1
192,broad,positive,PACER-A-NoBounds,15000,64,10,6871,0.4580666666666667,10,0.7,0,ranking_truncation,0,0,0,10,10,1.0,7.693734999975277,2400,2189,2400,2400,22,22,0,1,0,0.0,1
192,broad,positive,StaleNoRecheck,15000,64,10,6871,0.4580666666666667,10,0.3,0,ranking_truncation,0,0,0,10,10,1.0,1.1769709999498446,1588,780,1588,1588,0,8,0,1,0,0.0,0
192,broad,positive,NaiveNoPolicy,15000,64,10,6871,0.4580666666666667,10,0.3,0,ranking_truncation,0,3,7,3,10,0.3,0.4757650001465663,1588,1588,1588,0,0,8,0,1,0,0.0,0
193,medium,positive,ExactSecure,15000,64,10,339,0.0226,10,1.0,1,none,0,0,0,10,10,1.0,7.599404000075083,15000,339,339,15000,0,0,1,1,0,0.0,0
193,medium,positive,PreFilter-Exact,15000,64,10,339,0.0226,10,1.0,1,none,0,0,0,10,10,1.0,7.676154000137103,15000,339,339,15000,0,0,1,1,0,0.0,0
193,medium,positive,BitmapSlice-Exact,15000,64,10,339,0.0226,10,1.0,1,none,0,0,0,10,10,1.0,0.9753989997989265,366,339,339,366,0,0,1,1,0,0.0,0
193,medium,positive,ScalarOnly,15000,64,10,339,0.0226,10,0.0,0,ranking_truncation,0,0,0,10,10,1.0,7.616595999934361,15000,339,0,15000,0,0,0,1,0,0.0,0
193,medium,positive,PostFilter-IVF,15000,64,10,339,0.0226,10,0.8,0,ranking_truncation,0,0,0,10,10,1.0,1.2629419998120284,1568,77,1568,1568,0,8,0,1,0,0.0,0
193,medium,positive,AdaptivePostFilter-IVF,15000,64,10,339,0.0226,10,1.0,1,none,0,0,0,10,10,1.0,5.110564999995404,4800,140,4800,4800,0,23,0,1,0,0.0,0
193,medium,positive,ExactPrefix-PostFilter,15000,64,10,339,0.0226,10,1.0,1,none,0,0,0,10,10,1.0,3.301005999901463,2400,89,15000,2400,0,0,0,1,0,0.0,0
193,medium,positive,TenantPartition-IVF,15000,64,10,339,0.0226,10,0.8,0,ranking_truncation,0,0,0,10,10,1.0,0.8227719999922556,1568,77,1568,1568,0,8,0,1,0,0.0,0
193,medium,positive,PreFilter-IVF,15000,64,10,339,0.0226,10,0.7,0,ranking_truncation,0,0,0,10,10,1.0,2.1016200000758545,1661,91,91,1661,10,8,0,1,0,0.0,0
193,medium,positive,PACER-A,15000,64,10,339,0.0226,10,1.0,1,none,0,0,0,10,10,1.0,4.951616999960606,366,339,366,366,64,54,1,1,0,0.0,0
193,medium,positive,PACER-C,15000,64,10,339,0.0226,10,1.0,1,none,0,0,0,10,10,1.0,4.886114999862912,366,339,366,366,64,54,1,1,0,0.0,0
193,medium,positive,PACER-X,15000,64,10,339,0.0226,10,1.0,1,none,0,0,0,10,10,1.0,4.569086999936189,366,339,366,366,64,54,1,1,0,0.0,0
193,medium,positive,PACER-A-NoSlices,15000,64,10,339,0.0226,10,0.7,0,ranking_truncation,0,0,0,10,10,1.0,1.9745669999338133,2400,91,2400,2400,11,11,0,1,0,0.6846558749675751,1
193,medium,positive,PACER-A-NoBounds,15000,64,10,339,0.0226,10,1.0,1,none,0,0,0,10,10,1.0,4.48215500000515,366,339,366,366,64,54,1,1,0,0.0,0
193,medium,positive,StaleNoRecheck,15000,64,10,339,0.0226,10,0.8,0,ranking_truncation,0,0,0,10,10,1.0,1.1927509999622998,1568,82,1568,1568,0,8,0,1,0,0.0,0
193,medium,positive,NaiveNoPolicy,15000,64,10,339,0.0226,10,0.3,0,ranking_truncation,4,0,7,3,10,0.3,0.3935750000891858,1568,1568,1568,0,0,8,0,1,0,0.0,0
194,narrow,positive,ExactSecure,15000,64,10,6,0.0004,6,1.0,1,none,0,0,0,6,6,1.0,7.637222000084876,15000,6,6,15000,0,0,1,1,0,0.0,0
194,narrow,positive,PreFilter-Exact,15000,64,10,6,0.0004,6,1.0,1,none,0,0,0,6,6,1.0,7.361275999983263,15000,6,6,15000,0,0,1,1,0,0.0,0
194,narrow,positive,BitmapSlice-Exact,15000,64,10,6,0.0004,6,1.0,1,none,0,0,0,6,6,1.0,0.10869099992305564,6,6,6,6,0,0,1,1,0,0.0,0
194,narrow,positive,ScalarOnly,15000,64,10,6,0.0004,6,1.0,0,ranking_truncation,0,0,0,6,6,1.0,7.144650999862279,15000,6,0,15000,0,0,0,1,0,0.0,0
194,narrow,positive,PostFilter-IVF,15000,64,10,6,0.0004,2,0.3333333333333333,0,candidate_starvation,0,0,0,2,2,1.0,1.5330080000239832,2080,2,2080,2080,0,8,0,1,0,0.0,0
194,narrow,positive,AdaptivePostFilter-IVF,15000,64,10,6,0.0004,2,0.3333333333333333,0,candidate_starvation,0,0,0,2,2,1.0,3.7166300000990304,4800,2,4800,4800,0,19,0,1,0,0.0,0
194,narrow,positive,ExactPrefix-PostFilter,15000,64,10,6,0.0004,1,0.16666666666666666,0,candidate_starvation,0,0,0,1,1,1.0,3.2352739999623736,2400,1,15000,2400,0,0,0,1,0,0.0,0
194,narrow,positive,TenantPartition-IVF,15000,64,10,6,0.0004,2,0.3333333333333333,0,candidate_starvation,0,0,0,2,2,1.0,1.091863000056037,2080,2,2080,2080,0,8,0,1,0,0.0,0
194,narrow,positive,PreFilter-IVF,15000,64,10,6,0.0004,6,1.0,1,none,0,0,0,6,6,1.0,1.1333329998706176,1146,6,6,1146,64,4,0,1,0,0.0,0
194,narrow,positive,PACER-A,15000,64,10,6,0.0004,6,1.0,1,none,0,0,0,6,6,1.0,0.4445269998996082,6,6,6,6,24,4,1,1,0,0.0,0
194,narrow,positive,PACER-C,15000,64,10,6,0.0004,6,1.0,1,none,0,0,0,6,6,1.0,0.36266500001147506,6,6,6,6,24,4,1,1,0,0.0,0
194,narrow,positive,PACER-X,15000,64,10,6,0.0004,6,1.0,1,none,0,0,0,6,6,1.0,0.3410510000776412,6,6,6,6,24,4,1,1,0,0.0,0
194,narrow,positive,PACER-A-NoSlices,15000,64,10,6,0.0004,2,0.3333333333333333,0,candidate_starvation,0,0,0,2,2,1.0,1.6142199999649165,2400,2,2400,2400,9,9,0,1,0,0.0,1
194,narrow,positive,PACER-A-NoBounds,15000,64,10,6,0.0004,6,1.0,1,none,0,0,0,6,6,1.0,0.3779759999815724,6,6,6,6,33,4,1,1,0,0.0,0
194,narrow,positive,StaleNoRecheck,15000,64,10,6,0.0004,2,0.3333333333333333,0,candidate_starvation,0,0,0,2,2,1.0,1.4245750001009583,2080,2,2080,2080,0,8,0,1,0,0.0,0
194,narrow,positive,NaiveNoPolicy,15000,64,10,6,0.0004,10,0.16666666666666666,0,ranking_truncation,9,1,8,1,10,0.1,0.5099210000025778,2080,2080,2080,0,0,8,0,1,0,0.0,0
195,cold,positive,ExactSecure,15000,64,10,7,0.00046666666666666666,7,1.0,1,none,0,0,0,7,7,1.0,7.281888000079562,15000,7,7,15000,0,0,1,1,0,0.0,0
195,cold,positive,PreFilter-Exact,15000,64,10,7,0.00046666666666666666,7,1.0,1,none,0,0,0,7,7,1.0,7.367724999994607,15000,7,7,15000,0,0,1,1,0,0.0,0
195,cold,positive,BitmapSlice-Exact,15000,64,10,7,0.00046666666666666666,7,1.0,1,none,0,0,0,7,7,1.0,0.09034900017468317,8,7,7,8,0,0,1,1,0,0.0,0
195,cold,positive,ScalarOnly,15000,64,10,7,0.00046666666666666666,7,1.0,0,ranking_truncation,0,0,0,7,7,1.0,7.201302000112264,15000,7,0,15000,0,0,0,1,0,0.0,0
195,cold,positive,PostFilter-IVF,15000,64,10,7,0.00046666666666666666,1,0.14285714285714285,0,candidate_starvation,0,0,0,1,1,1.0,1.5402059998450568,2107,1,2107,2107,0,8,0,1,0,0.0,0
195,cold,positive,AdaptivePostFilter-IVF,15000,64,10,7,0.00046666666666666666,1,0.14285714285714285,0,candidate_starvation,0,0,0,1,1,1.0,3.662727999881099,4800,1,4800,4800,0,20,0,1,0,0.0,0
195,cold,positive,ExactPrefix-PostFilter,15000,64,10,7,0.00046666666666666666,1,0.14285714285714285,0,candidate_starvation,0,0,0,1,1,1.0,3.042782999955307,2400,1,15000,2400,0,0,0,1,0,0.0,0
195,cold,positive,TenantPartition-IVF,15000,64,10,7,0.00046666666666666666,1,0.14285714285714285,0,candidate_starvation,0,0,0,1,1,1.0,0.8462109999527456,2107,1,2107,2107,0,8,0,1,0,0.0,0
195,cold,positive,PreFilter-IVF,15000,64,10,7,0.00046666666666666666,7,1.0,1,none,0,0,0,7,7,1.0,0.9686289999990549,793,7,7,793,64,5,0,1,0,0.0,0
195,cold,positive,PACER-A,15000,64,10,7,0.00046666666666666666,7,1.0,1,none,0,0,0,7,7,1.0,0.4535790001227724,8,7,8,8,59,5,1,1,0,0.0,0
195,cold,positive,PACER-C,15000,64,10,7,0.00046666666666666666,7,1.0,1,none,0,0,0,7,7,1.0,0.39934200003699516,8,7,8,8,59,5,1,1,0,0.0,0
195,cold,positive,PACER-X,15000,64,10,7,0.00046666666666666666,7,1.0,1,none,0,0,0,7,7,1.0,0.4170080001131282,8,7,8,8,59,5,1,1,0,0.0,0
195,cold,positive,PACER-A-NoSlices,15000,64,10,7,0.00046666666666666666,1,0.14285714285714285,0,candidate_starvation,0,0,0,1,1,1.0,1.5604230000008101,2400,1,2400,2400,10,10,0,1,0,0.0,1
195,cold,positive,PACER-A-NoBounds,15000,64,10,7,0.00046666666666666666,7,1.0,1,none,0,0,0,7,7,1.0,0.4049819999636384,8,7,8,8,54,5,1,1,0,0.0,0
195,cold,positive,StaleNoRecheck,15000,64,10,7,0.00046666666666666666,1,0.14285714285714285,0,candidate_starvation,0,0,0,1,1,1.0,1.3864689999536495,2107,1,2107,2107,0,8,0,1,0,0.0,0
195,cold,positive,NaiveNoPolicy,15000,64,10,7,0.00046666666666666666,10,0.14285714285714285,0,ranking_truncation,9,0,8,1,10,0.1,0.4750020000301447,2107,2107,2107,0,0,8,0,1,0,0.0,0
196,broad,positive,ExactSecure,15000,64,10,7056,0.4704,10,1.0,1,none,0,0,0,10,10,1.0,7.8495949999251025,15000,7056,7056,15000,0,0,1,1,0,0.0,0
196,broad,positive,PreFilter-Exact,15000,64,10,7056,0.4704,10,1.0,1,none,0,0,0,10,10,1.0,8.640013000103863,15000,7056,7056,15000,0,0,1,1,0,0.0,0
196,broad,positive,BitmapSlice-Exact,15000,64,10,7056,0.4704,10,1.0,1,none,0,0,0,10,10,1.0,16.450630999997884,7509,7056,7056,7509,0,0,1,1,0,0.0,0
196,broad,positive,ScalarOnly,15000,64,10,7056,0.4704,10,0.0,0,ranking_truncation,0,0,0,10,10,1.0,7.761243999993894,15000,7056,0,15000,0,0,0,1,0,0.0,0
196,broad,positive,PostFilter-IVF,15000,64,10,7056,0.4704,10,0.9,0,ranking_truncation,0,0,0,10,10,1.0,1.6478299999107549,1669,750,1669,1669,0,8,0,1,0,0.0,0
196,broad,positive,AdaptivePostFilter-IVF,15000,64,10,7056,0.4704,10,1.0,1,none,0,0,0,10,10,1.0,5.062378000047829,4800,2144,4800,4800,0,23,0,1,0,0.0,0
196,broad,positive,ExactPrefix-PostFilter,15000,64,10,7056,0.4704,10,1.0,1,none,0,0,0,10,10,1.0,3.2156119998489885,2400,1086,15000,2400,0,0,0,1,0,0.0,0
196,broad,positive,TenantPartition-IVF,15000,64,10,7056,0.4704,10,0.9,0,ranking_truncation,0,0,0,10,10,1.0,1.0785029999169637,1669,750,1669,1669,0,8,0,1,0,0.0,0
196,broad,positive,PreFilter-IVF,15000,64,10,7056,0.4704,10,0.9,0,ranking_truncation,0,0,0,10,10,1.0,2.120295999930022,1696,723,723,1696,8,8,0,1,0,0.0,0
196,broad,positive,PACER-A,15000,64,10,7056,0.4704,10,1.0,1,none,0,0,0,10,10,1.0,10.367351000013514,2400,2242,2400,2400,24,24,0,1,0,0.5950330793857574,1
196,broad,positive,PACER-C,15000,64,10,7056,0.4704,10,1.0,1,none,0,0,0,10,10,1.0,21.258328000158144,7509,7056,7509,7509,64,64,1,1,0,0.0,0
196,broad,positive,PACER-X,15000,64,10,7056,0.4704,10,1.0,1,none,0,0,0,10,10,1.0,22.024762999990344,7509,7056,7509,7509,64,64,1,1,0,0.0,0
196,broad,positive,PACER-A-NoSlices,15000,64,10,7056,0.4704,10,1.0,1,none,0,0,0,10,10,1.0,2.169532999914736,2400,1129,2400,2400,12,12,0,1,0,0.6023114621639252,1
196,broad,positive,PACER-A-NoBounds,15000,64,10,7056,0.4704,10,1.0,1,none,0,0,0,10,10,1.0,7.586429999946631,2400,2240,2400,2400,23,23,0,1,0,0.0,1
196,broad,positive,StaleNoRecheck,15000,64,10,7056,0.4704,10,0.9,0,ranking_truncation,0,1,0,9,10,0.9,1.2230490001456928,1669,798,1669,1669,0,8,0,1,0,0.0,0
196,broad,positive,NaiveNoPolicy,15000,64,10,7056,0.4704,10,0.5,0,ranking_truncation,0,1,5,5,10,0.5,0.3820130000349309,1669,1669,1669,0,0,8,0,1,0,0.0,0
197,medium,positive,ExactSecure,15000,64,10,397,0.026466666666666666,10,1.0,1,none,0,0,0,10,10,1.0,7.874853999965126,15000,397,397,15000,0,0,1,1,0,0.0,0
197,medium,positive,PreFilter-Exact,15000,64,10,397,0.026466666666666666,10,1.0,1,none,0,0,0,10,10,1.0,8.273579999922731,15000,397,397,15000,0,0,1,1,0,0.0,0
197,medium,positive,BitmapSlice-Exact,15000,64,10,397,0.026466666666666666,10,1.0,1,none,0,0,0,10,10,1.0,1.1299979998966592,442,397,397,442,0,0,1,1,0,0.0,0
197,medium,positive,ScalarOnly,15000,64,10,397,0.026466666666666666,10,0.1,0,ranking_truncation,0,0,0,10,10,1.0,7.718277000094531,15000,397,0,15000,0,0,0,1,0,0.0,0
197,medium,positive,PostFilter-IVF,15000,64,10,397,0.026466666666666666,10,0.5,0,ranking_truncation,0,0,0,10,10,1.0,1.3703809997878125,1758,48,1758,1758,0,8,0,1,0,0.0,0
197,medium,positive,AdaptivePostFilter-IVF,15000,64,10,397,0.026466666666666666,10,0.7,0,ranking_truncation,0,0,0,10,10,1.0,3.8395970000237867,4800,137,4800,4800,0,22,0,1,0,0.0,0
197,medium,positive,ExactPrefix-PostFilter,15000,64,10,397,0.026466666666666666,10,1.0,1,none,0,0,0,10,10,1.0,3.034540000044217,2400,62,15000,2400,0,0,0,1,0,0.0,0
197,medium,positive,TenantPartition-IVF,15000,64,10,397,0.026466666666666666,10,0.5,0,ranking_truncation,0,0,0,10,10,1.0,0.8337830001892144,1758,48,1758,1758,0,8,0,1,0,0.0,0
197,medium,positive,PreFilter-IVF,15000,64,10,397,0.026466666666666666,10,0.5,0,ranking_truncation,0,0,0,10,10,1.0,1.5494379999836383,1861,50,50,1861,8,8,0,1,0,0.0,0
197,medium,positive,PACER-A,15000,64,10,397,0.026466666666666666,10,1.0,1,none,0,0,0,10,10,1.0,5.238318000010622,442,397,442,442,64,61,1,1,0,0.0,0
197,medium,positive,PACER-C,15000,64,10,397,0.026466666666666666,10,1.0,1,none,0,0,0,10,10,1.0,5.06353300011142,442,397,442,442,64,61,1,1,0,0.0,0
197,medium,positive,PACER-X,15000,64,10,397,0.026466666666666666,10,1.0,1,none,0,0,0,10,10,1.0,5.304042999796366,442,397,442,442,64,61,1,1,0,0.0,0
197,medium,positive,PACER-A-NoSlices,15000,64,10,397,0.026466666666666666,10,0.6,0,ranking_truncation,0,0,0,10,10,1.0,2.0656289998441935,2400,80,2400,2400,11,11,0,1,0,0.7749015688896179,1
197,medium,positive,PACER-A-NoBounds,15000,64,10,397,0.026466666666666666,10,1.0,1,none,0,0,0,10,10,1.0,5.179253000051176,442,397,442,442,64,61,1,1,0,0.0,0
197,medium,positive,StaleNoRecheck,15000,64,10,397,0.026466666666666666,10,0.5,0,ranking_truncation,0,2,0,8,10,0.8,1.3041250001606386,1758,58,1758,1758,0,8,0,1,0,0.0,0
197,medium,positive,NaiveNoPolicy,15000,64,10,397,0.026466666666666666,10,0.0,0,ranking_truncation,2,2,8,0,10,0.0,0.46970400012469327,1758,1758,1758,0,0,8,0,1,0,0.0,0
198,narrow,positive,ExactSecure,15000,64,10,4,0.0002666666666666667,4,1.0,1,none,0,0,0,4,4,1.0,6.921895999994376,15000,4,4,15000,0,0,1,1,0,0.0,0
198,narrow,positive,PreFilter-Exact,15000,64,10,4,0.0002666666666666667,4,1.0,1,none,0,0,0,4,4,1.0,7.172234999870852,15000,4,4,15000,0,0,1,1,0,0.0,0
198,narrow,positive,BitmapSlice-Exact,15000,64,10,4,0.0002666666666666667,4,1.0,1,none,0,0,0,4,4,1.0,0.08226900013141858,6,4,4,6,0,0,1,1,0,0.0,0
198,narrow,positive,ScalarOnly,15000,64,10,4,0.0002666666666666667,4,1.0,0,ranking_truncation,0,0,0,4,4,1.0,7.203764999985651,15000,4,0,15000,0,0,0,1,0,0.0,0
198,narrow,positive,PostFilter-IVF,15000,64,10,4,0.0002666666666666667,1,0.25,0,candidate_starvation,0,0,0,1,1,1.0,1.3244060000943136,1684,1,1684,1684,0,8,0,1,0,0.0,0
198,narrow,positive,AdaptivePostFilter-IVF,15000,64,10,4,0.0002666666666666667,3,0.75,0,candidate_starvation,0,0,0,3,3,1.0,3.817905999994764,4800,3,4800,4800,0,21,0,1,0,0.0,0
198,narrow,positive,ExactPrefix-PostFilter,15000,64,10,4,0.0002666666666666667,2,0.5,0,candidate_starvation,0,0,0,2,2,1.0,3.3007669999278733,2400,2,15000,2400,0,0,0,1,0,0.0,0
198,narrow,positive,TenantPartition-IVF,15000,64,10,4,0.0002666666666666667,1,0.25,0,candidate_starvation,0,0,0,1,1,1.0,0.7184170001437451,1684,1,1684,1684,0,8,0,1,0,0.0,0
198,narrow,positive,PreFilter-IVF,15000,64,10,4,0.0002666666666666667,4,1.0,1,none,0,0,0,4,4,1.0,1.0433170000396785,729,4,4,729,64,5,0,1,0,0.0,0
198,narrow,positive,PACER-A,15000,64,10,4,0.0002666666666666667,4,1.0,1,none,0,0,0,4,4,1.0,0.4693569999290048,6,4,6,6,60,5,1,1,0,0.0,0
198,narrow,positive,PACER-C,15000,64,10,4,0.0002666666666666667,4,1.0,1,none,0,0,0,4,4,1.0,0.41290600006504974,6,4,6,6,60,5,1,1,0,0.0,0
198,narrow,positive,PACER-X,15000,64,10,4,0.0002666666666666667,4,1.0,1,none,0,0,0,4,4,1.0,0.4127779998270853,6,4,6,6,60,5,1,1,0,0.0,0
198,narrow,positive,PACER-A-NoSlices,15000,64,10,4,0.0002666666666666667,2,0.5,0,candidate_starvation,0,0,0,2,2,1.0,1.7954689999442053,2400,2,2400,2400,12,12,0,1,0,0.0,1
198,narrow,positive,PACER-A-NoBounds,15000,64,10,4,0.0002666666666666667,4,1.0,1,none,0,0,0,4,4,1.0,0.519983999993201,6,4,6,6,63,5,1,1,0,0.0,0
198,narrow,positive,StaleNoRecheck,15000,64,10,4,0.0002666666666666667,1,0.25,0,candidate_starvation,0,0,0,1,1,1.0,1.1680860000069515,1684,1,1684,1684,0,8,0,1,0,0.0,0
198,narrow,positive,NaiveNoPolicy,15000,64,10,4,0.0002666666666666667,10,0.0,0,ranking_truncation,10,2,9,0,10,0.0,0.6151609998141794,1684,1684,1684,0,0,8,0,1,0,0.0,0
199,cold,positive,ExactSecure,15000,64,10,2,0.00013333333333333334,2,1.0,1,none,0,0,0,2,2,1.0,7.132528000056482,15000,2,2,15000,0,0,1,1,0,0.0,0
199,cold,positive,PreFilter-Exact,15000,64,10,2,0.00013333333333333334,2,1.0,1,none,0,0,0,2,2,1.0,7.2319680000418884,15000,2,2,15000,0,0,1,1,0,0.0,0
199,cold,positive,BitmapSlice-Exact,15000,64,10,2,0.00013333333333333334,2,1.0,1,none,0,0,0,2,2,1.0,0.07541600007243687,2,2,2,2,0,0,1,1,0,0.0,0
199,cold,positive,ScalarOnly,15000,64,10,2,0.00013333333333333334,2,1.0,1,none,0,0,0,2,2,1.0,7.163889999901585,15000,2,0,15000,0,0,0,1,0,0.0,0
199,cold,positive,PostFilter-IVF,15000,64,10,2,0.00013333333333333334,2,1.0,1,none,0,0,0,2,2,1.0,1.4431209999656858,2015,2,2015,2015,0,8,0,1,0,0.0,0
199,cold,positive,AdaptivePostFilter-IVF,15000,64,10,2,0.00013333333333333334,2,1.0,1,none,0,0,0,2,2,1.0,4.027987999961624,4800,2,4800,4800,0,21,0,1,0,0.0,0
199,cold,positive,ExactPrefix-PostFilter,15000,64,10,2,0.00013333333333333334,1,0.5,0,candidate_starvation,0,0,0,1,1,1.0,3.497683999967194,2400,1,15000,2400,0,0,0,1,0,0.0,0
199,cold,positive,TenantPartition-IVF,15000,64,10,2,0.00013333333333333334,2,1.0,1,none,0,0,0,2,2,1.0,0.8140949998960423,2015,2,2015,2015,0,8,0,1,0,0.0,0
199,cold,positive,PreFilter-IVF,15000,64,10,2,0.00013333333333333334,2,1.0,1,none,0,0,0,2,2,1.0,0.734542000145666,442,2,2,442,64,2,0,1,0,0.0,0
199,cold,positive,PACER-A,15000,64,10,2,0.00013333333333333334,2,1.0,1,none,0,0,0,2,2,1.0,0.23221600008582755,2,2,2,2,5,2,1,1,0,0.0,0
199,cold,positive,PACER-C,15000,64,10,2,0.00013333333333333334,2,1.0,1,none,0,0,0,2,2,1.0,0.18010600001616694,2,2,2,2,5,2,1,1,0,0.0,0
199,cold,positive,PACER-X,15000,64,10,2,0.00013333333333333334,2,1.0,1,none,0,0,0,2,2,1.0,0.2019290000134788,2,2,2,2,5,2,1,1,0,0.0,0
199,cold,positive,PACER-A-NoSlices,15000,64,10,2,0.00013333333333333334,2,1.0,1,none,0,0,0,2,2,1.0,1.6044710000642226,2400,2,2400,2400,10,10,0,1,0,0.0,1
199,cold,positive,PACER-A-NoBounds,15000,64,10,2,0.00013333333333333334,2,1.0,1,none,0,0,0,2,2,1.0,0.1853280000432278,2,2,2,2,6,2,1,1,0,0.0,0
199,cold,positive,StaleNoRecheck,15000,64,10,2,0.00013333333333333334,2,1.0,1,none,0,0,0,2,2,1.0,1.375482000185002,2015,2,2015,2015,0,8,0,1,0,0.0,0
199,cold,positive,NaiveNoPolicy,15000,64,10,2,0.00013333333333333334,10,0.5,0,ranking_truncation,9,3,9,1,10,0.1,0.44089199991503847,2015,2015,2015,0,0,8,0,1,0,0.0,0
200,broad,positive,ExactSecure,15000,64,10,6936,0.4624,10,1.0,1,none,0,0,0,10,10,1.0,11.127067999950668,15000,6936,6936,15000,0,0,1,1,0,0.0,0
200,broad,positive,PreFilter-Exact,15000,64,10,6936,0.4624,10,1.0,1,none,0,0,0,10,10,1.0,9.156867000001512,15000,6936,6936,15000,0,0,1,1,0,0.0,0
200,broad,positive,BitmapSlice-Exact,15000,64,10,6936,0.4624,10,1.0,1,none,0,0,0,10,10,1.0,20.116754999889963,7655,6936,6936,7655,0,0,1,1,0,0.0,0
200,broad,positive,ScalarOnly,15000,64,10,6936,0.4624,10,0.0,0,ranking_truncation,0,0,0,10,10,1.0,8.33165599988206,15000,6936,0,15000,0,0,0,1,0,0.0,0
200,broad,positive,PostFilter-IVF,15000,64,10,6936,0.4624,10,0.9,0,ranking_truncation,0,0,0,10,10,1.0,1.4325600000120176,1465,717,1465,1465,0,8,0,1,0,0.0,0
200,broad,positive,AdaptivePostFilter-IVF,15000,64,10,6936,0.4624,10,1.0,1,none,0,0,0,10,10,1.0,4.634521999832941,4800,2392,4800,4800,0,23,0,1,0,0.0,0
200,broad,positive,ExactPrefix-PostFilter,15000,64,10,6936,0.4624,10,1.0,1,none,0,0,0,10,10,1.0,3.3565169999292266,2400,1162,15000,2400,0,0,0,1,0,0.0,0
200,broad,positive,TenantPartition-IVF,15000,64,10,6936,0.4624,10,0.9,0,ranking_truncation,0,0,0,10,10,1.0,1.0997449999194941,1465,717,1465,1465,0,8,0,1,0,0.0,0
200,broad,positive,PreFilter-IVF,15000,64,10,6936,0.4624,10,0.8,0,ranking_truncation,0,0,0,10,10,1.0,2.364330000091286,1818,897,897,1818,8,8,0,1,0,0.0,0
200,broad,positive,PACER-A,15000,64,10,6936,0.4624,10,1.0,1,none,0,0,0,10,10,1.0,7.782832999964739,2400,2170,2400,2400,20,20,0,1,0,0.6017639636993408,1
200,broad,positive,PACER-C,15000,64,10,6936,0.4624,10,1.0,1,none,0,0,0,10,10,1.0,23.837600999968345,7655,6936,7655,7655,64,64,1,1,0,0.0,0
200,broad,positive,PACER-X,15000,64,10,6936,0.4624,10,1.0,1,none,0,0,0,10,10,1.0,26.424446999953943,7655,6936,7655,7655,64,64,1,1,0,0.0,0
200,broad,positive,PACER-A-NoSlices,15000,64,10,6936,0.4624,10,0.9,0,ranking_truncation,0,0,0,10,10,1.0,2.662306000047465,2400,1165,2400,2400,12,12,0,1,0,0.6215659081935883,1
200,broad,positive,PACER-A-NoBounds,15000,64,10,6936,0.4624,10,1.0,1,none,0,0,0,10,10,1.0,8.23816000001898,2400,2163,2400,2400,21,21,0,1,0,0.0,1
200,broad,positive,StaleNoRecheck,15000,64,10,6936,0.4624,10,0.9,0,ranking_truncation,0,1,0,9,10,0.9,1.294938999990336,1465,793,1465,1465,0,8,0,1,0,0.0,0
200,broad,positive,NaiveNoPolicy,15000,64,10,6936,0.4624,10,0.7,0,ranking_truncation,0,1,2,7,10,0.7,0.38440599996647506,1465,1465,1465,0,0,8,0,1,0,0.0,0
201,medium,positive,ExactSecure,15000,64,10,401,0.026733333333333335,10,1.0,1,none,0,0,0,10,10,1.0,7.683267000174965,15000,401,401,15000,0,0,1,1,0,0.0,0
201,medium,positive,PreFilter-Exact,15000,64,10,401,0.026733333333333335,10,1.0,1,none,0,0,0,10,10,1.0,7.620571999950698,15000,401,401,15000,0,0,1,1,0,0.0,0
201,medium,positive,BitmapSlice-Exact,15000,64,10,401,0.026733333333333335,10,1.0,1,none,0,0,0,10,10,1.0,1.1557180000636436,456,401,401,456,0,0,1,1,0,0.0,0
201,medium,positive,ScalarOnly,15000,64,10,401,0.026733333333333335,10,0.0,0,ranking_truncation,0,0,0,10,10,1.0,7.527216999960729,15000,401,0,15000,0,0,0,1,0,0.0,0
201,medium,positive,PostFilter-IVF,15000,64,10,401,0.026733333333333335,10,0.5,0,ranking_truncation,0,0,0,10,10,1.0,1.3042890000178886,1652,49,1652,1652,0,8,0,1,0,0.0,0
201,medium,positive,AdaptivePostFilter-IVF,15000,64,10,401,0.026733333333333335,10,0.7,0,ranking_truncation,0,0,0,10,10,1.0,4.143617000181621,4800,140,4800,4800,0,19,0,1,0,0.0,0
201,medium,positive,ExactPrefix-PostFilter,15000,64,10,401,0.026733333333333335,10,1.0,1,none,0,0,0,10,10,1.0,3.150034000100277,2400,72,15000,2400,0,0,0,1,0,0.0,0
201,medium,positive,TenantPartition-IVF,15000,64,10,401,0.026733333333333335,10,0.5,0,ranking_truncation,0,0,0,10,10,1.0,0.8304790001147921,1652,49,1652,1652,0,8,0,1,0,0.0,0
201,medium,positive,PreFilter-IVF,15000,64,10,401,0.026733333333333335,10,0.5,0,ranking_truncation,0,0,0,10,10,1.0,1.7464479999489413,1715,56,56,1715,10,8,0,1,0,0.0,0
201,medium,positive,PACER-A,15000,64,10,401,0.026733333333333335,10,1.0,1,none,0,0,0,10,10,1.0,5.296890999943571,456,401,456,456,64,57,1,1,0,0.0,0
201,medium,positive,PACER-C,15000,64,10,401,0.026733333333333335,10,1.0,1,none,0,0,0,10,10,1.0,5.246027000112008,456,401,456,456,64,57,1,1,0,0.0,0
201,medium,positive,PACER-X,15000,64,10,401,0.026733333333333335,10,1.0,1,none,0,0,0,10,10,1.0,5.297811999980695,456,401,456,456,64,57,1,1,0,0.0,0
201,medium,positive,PACER-A-NoSlices,15000,64,10,401,0.026733333333333335,10,0.6,0,ranking_truncation,0,0,0,10,10,1.0,2.1174630001041805,2400,68,2400,2400,12,12,0,1,0,0.7740086913108826,1
201,medium,positive,PACER-A-NoBounds,15000,64,10,401,0.026733333333333335,10,1.0,1,none,0,0,0,10,10,1.0,5.172625999875891,456,401,456,456,64,57,1,1,0,0.0,0
201,medium,positive,StaleNoRecheck,15000,64,10,401,0.026733333333333335,10,0.5,0,ranking_truncation,0,2,0,8,10,0.8,1.291035000122065,1652,60,1652,1652,0,8,0,1,0,0.0,0
201,medium,positive,NaiveNoPolicy,15000,64,10,401,0.026733333333333335,10,0.1,0,ranking_truncation,8,2,8,1,10,0.1,0.4579730000386917,1652,1652,1652,0,0,8,0,1,0,0.0,0
202,narrow,positive,ExactSecure,15000,64,10,5,0.0003333333333333333,5,1.0,1,none,0,0,0,5,5,1.0,7.692342999916946,15000,5,5,15000,0,0,1,1,0,0.0,0
202,narrow,positive,PreFilter-Exact,15000,64,10,5,0.0003333333333333333,5,1.0,1,none,0,0,0,5,5,1.0,7.4718659998325165,15000,5,5,15000,0,0,1,1,0,0.0,0
202,narrow,positive,BitmapSlice-Exact,15000,64,10,5,0.0003333333333333333,5,1.0,1,none,0,0,0,5,5,1.0,0.1235370000358671,7,5,5,7,0,0,1,1,0,0.0,0
202,narrow,positive,ScalarOnly,15000,64,10,5,0.0003333333333333333,5,1.0,0,ranking_truncation,0,0,0,5,5,1.0,7.450018999861641,15000,5,0,15000,0,0,0,1,0,0.0,0
202,narrow,positive,PostFilter-IVF,15000,64,10,5,0.0003333333333333333,3,0.6,0,candidate_starvation,0,0,0,3,3,1.0,1.6682149998814566,1899,3,1899,1899,0,8,0,1,0,0.0,0
202,narrow,positive,AdaptivePostFilter-IVF,15000,64,10,5,0.0003333333333333333,3,0.6,0,candidate_starvation,0,0,0,3,3,1.0,4.130652999947415,4800,3,4800,4800,0,22,0,1,0,0.0,0
202,narrow,positive,ExactPrefix-PostFilter,15000,64,10,5,0.0003333333333333333,2,0.4,0,candidate_starvation,0,0,0,2,2,1.0,3.4526639999512554,2400,2,15000,2400,0,0,0,1,0,0.0,0
202,narrow,positive,TenantPartition-IVF,15000,64,10,5,0.0003333333333333333,3,0.6,0,candidate_starvation,0,0,0,3,3,1.0,0.8811710001737083,1899,3,1899,1899,0,8,0,1,0,0.0,0
202,narrow,positive,PreFilter-IVF,15000,64,10,5,0.0003333333333333333,5,1.0,1,none,0,0,0,5,5,1.0,1.3085750001664564,1194,5,5,1194,64,5,0,1,0,0.0,0
202,narrow,positive,PACER-A,15000,64,10,5,0.0003333333333333333,5,1.0,1,none,0,0,0,5,5,1.0,0.5389230000218959,7,5,7,7,47,5,1,1,0,0.0,0
202,narrow,positive,PACER-C,15000,64,10,5,0.0003333333333333333,5,1.0,1,none,0,0,0,5,5,1.0,0.49709700010680535,7,5,7,7,47,5,1,1,0,0.0,0
202,narrow,positive,PACER-X,15000,64,10,5,0.0003333333333333333,5,1.0,1,none,0,0,0,5,5,1.0,0.48227999991468096,7,5,7,7,47,5,1,1,0,0.0,0
202,narrow,positive,PACER-A-NoSlices,15000,64,10,5,0.0003333333333333333,3,0.6,0,candidate_starvation,0,0,0,3,3,1.0,1.653426999837393,2400,3,2400,2400,11,11,0,1,0,0.0,1
202,narrow,positive,PACER-A-NoBounds,15000,64,10,5,0.0003333333333333333,5,1.0,1,none,0,0,0,5,5,1.0,0.42541099992376985,7,5,7,7,50,5,1,1,0,0.0,0
202,narrow,positive,StaleNoRecheck,15000,64,10,5,0.0003333333333333333,3,0.6,0,candidate_starvation,0,0,0,3,3,1.0,1.3571870001669595,1899,3,1899,1899,0,8,0,1,0,0.0,0
202,narrow,positive,NaiveNoPolicy,15000,64,10,5,0.0003333333333333333,10,0.2,0,ranking_truncation,9,2,8,1,10,0.1,0.5486820000442094,1899,1899,1899,0,0,8,0,1,0,0.0,0
203,cold,positive,ExactSecure,15000,64,10,2,0.00013333333333333334,2,1.0,1,none,0,0,0,2,2,1.0,7.271564999882685,15000,2,2,15000,0,0,1,1,0,0.0,0
203,cold,positive,PreFilter-Exact,15000,64,10,2,0.00013333333333333334,2,1.0,1,none,0,0,0,2,2,1.0,7.394827000098303,15000,2,2,15000,0,0,1,1,0,0.0,0
203,cold,positive,BitmapSlice-Exact,15000,64,10,2,0.00013333333333333334,2,1.0,1,none,0,0,0,2,2,1.0,0.11124399998152512,2,2,2,2,0,0,1,1,0,0.0,0
203,cold,positive,ScalarOnly,15000,64,10,2,0.00013333333333333334,2,1.0,0,ranking_truncation,0,0,0,2,2,1.0,7.653852999965238,15000,2,0,15000,0,0,0,1,0,0.0,0
203,cold,positive,PostFilter-IVF,15000,64,10,2,0.00013333333333333334,1,0.5,0,candidate_starvation,0,0,0,1,1,1.0,1.6082559998267243,2012,1,2012,2012,0,8,0,1,0,0.0,0
203,cold,positive,AdaptivePostFilter-IVF,15000,64,10,2,0.00013333333333333334,1,0.5,0,candidate_starvation,0,0,0,1,1,1.0,3.9132219999373774,4800,1,4800,4800,0,21,0,1,0,0.0,0
203,cold,positive,ExactPrefix-PostFilter,15000,64,10,2,0.00013333333333333334,2,1.0,1,none,0,0,0,2,2,1.0,3.4258140001384163,2400,2,15000,2400,0,0,0,1,0,0.0,0
203,cold,positive,TenantPartition-IVF,15000,64,10,2,0.00013333333333333334,1,0.5,0,candidate_starvation,0,0,0,1,1,1.0,0.8613039999545435,2012,1,2012,2012,0,8,0,1,0,0.0,0
203,cold,positive,PreFilter-IVF,15000,64,10,2,0.00013333333333333334,2,1.0,1,none,0,0,0,2,2,1.0,0.834710000162886,653,2,2,653,64,2,0,1,0,0.0,0
203,cold,positive,PACER-A,15000,64,10,2,0.00013333333333333334,2,1.0,1,none,0,0,0,2,2,1.0,0.29867399985050724,2,2,2,2,31,2,1,1,0,0.0,0
203,cold,positive,PACER-C,15000,64,10,2,0.00013333333333333334,2,1.0,1,none,0,0,0,2,2,1.0,0.3491049999411189,2,2,2,2,31,2,1,1,0,0.0,0
203,cold,positive,PACER-X,15000,64,10,2,0.00013333333333333334,2,1.0,1,none,0,0,0,2,2,1.0,0.2790070000173728,2,2,2,2,31,2,1,1,0,0.0,0
203,cold,positive,PACER-A-NoSlices,15000,64,10,2,0.00013333333333333334,1,0.5,0,candidate_starvation,0,0,0,1,1,1.0,1.7363209999530227,2400,1,2400,2400,12,12,0,1,0,0.0,1
203,cold,positive,PACER-A-NoBounds,15000,64,10,2,0.00013333333333333334,2,1.0,1,none,0,0,0,2,2,1.0,0.2683319999050582,2,2,2,2,35,2,1,1,0,0.0,0
203,cold,positive,StaleNoRecheck,15000,64,10,2,0.00013333333333333334,1,0.5,0,candidate_starvation,0,0,0,1,1,1.0,1.4242269999158452,2012,1,2012,2012,0,8,0,1,0,0.0,0
203,cold,positive,NaiveNoPolicy,15000,64,10,2,0.00013333333333333334,10,0.5,0,ranking_truncation,9,3,9,1,10,0.1,0.5789009999261907,2012,2012,2012,0,0,8,0,1,0,0.0,0
204,broad,positive,ExactSecure,15000,64,10,6647,0.4431333333333333,10,1.0,1,none,0,0,0,10,10,1.0,8.869516000004296,15000,6647,6647,15000,0,0,1,1,0,0.0,0
204,broad,positive,PreFilter-Exact,15000,64,10,6647,0.4431333333333333,10,1.0,1,none,0,0,0,10,10,1.0,9.275041000137207,15000,6647,6647,15000,0,0,1,1,0,0.0,0
204,broad,positive,BitmapSlice-Exact,15000,64,10,6647,0.4431333333333333,10,1.0,1,none,0,0,0,10,10,1.0,23.565785000073447,7456,6647,6647,7456,0,0,1,1,0,0.0,0
204,broad,positive,ScalarOnly,15000,64,10,6647,0.4431333333333333,10,0.0,0,ranking_truncation,0,0,0,10,10,1.0,7.885462999865922,15000,6647,0,15000,0,0,0,1,0,0.0,0
204,broad,positive,PostFilter-IVF,15000,64,10,6647,0.4431333333333333,10,1.0,1,none,0,0,0,10,10,1.0,1.5286189998278132,1685,799,1685,1685,0,8,0,1,0,0.0,0
204,broad,positive,AdaptivePostFilter-IVF,15000,64,10,6647,0.4431333333333333,10,1.0,1,none,0,0,0,10,10,1.0,4.381351000120048,4800,2058,4800,4800,0,20,0,1,0,0.0,0
204,broad,positive,ExactPrefix-PostFilter,15000,64,10,6647,0.4431333333333333,10,1.0,1,none,0,0,0,10,10,1.0,3.4465880000880134,2400,1047,15000,2400,0,0,0,1,0,0.0,0
204,broad,positive,TenantPartition-IVF,15000,64,10,6647,0.4431333333333333,10,1.0,1,none,0,0,0,10,10,1.0,1.2565550000545045,1685,799,1685,1685,0,8,0,1,0,0.0,0
204,broad,positive,PreFilter-IVF,15000,64,10,6647,0.4431333333333333,10,1.0,1,none,0,0,0,10,10,1.0,1.8241349998788792,1685,799,799,1685,8,8,0,1,0,0.0,0
204,broad,positive,PACER-A,15000,64,10,6647,0.4431333333333333,10,1.0,1,none,0,0,0,10,10,1.0,7.349510000040027,2400,2150,2400,2400,19,19,0,1,0,0.6004894375801086,1
204,broad,positive,PACER-C,15000,64,10,6647,0.4431333333333333,10,1.0,1,none,0,0,0,10,10,1.0,25.312194999969506,7456,6647,7456,7456,64,64,1,1,0,0.0,0
204,broad,positive,PACER-X,15000,64,10,6647,0.4431333333333333,10,1.0,1,none,0,0,0,10,10,1.0,23.93635299995367,7456,6647,7456,7456,64,64,1,1,0,0.0,0
204,broad,positive,PACER-A-NoSlices,15000,64,10,6647,0.4431333333333333,10,1.0,1,none,0,0,0,10,10,1.0,2.683883999907266,2400,1110,2400,2400,11,11,0,1,0,0.6045400500297546,1
204,broad,positive,PACER-A-NoBounds,15000,64,10,6647,0.4431333333333333,10,1.0,1,none,0,0,0,10,10,1.0,7.693688000017573,2400,2155,2400,2400,20,20,0,1,0,0.0,1
204,broad,positive,StaleNoRecheck,15000,64,10,6647,0.4431333333333333,10,0.9,0,ranking_truncation,0,1,0,9,10,0.9,1.3594810000086,1685,898,1685,1685,0,8,0,1,0,0.0,0
204,broad,positive,NaiveNoPolicy,15000,64,10,6647,0.4431333333333333,10,0.6,0,ranking_truncation,0,1,3,6,10,0.6,0.4397109998990345,1685,1685,1685,0,0,8,0,1,0,0.0,0
205,medium,positive,ExactSecure,15000,64,10,344,0.022933333333333333,10,1.0,1,none,0,0,0,10,10,1.0,8.004219999975248,15000,344,344,15000,0,0,1,1,0,0.0,0
205,medium,positive,PreFilter-Exact,15000,64,10,344,0.022933333333333333,10,1.0,1,none,0,0,0,10,10,1.0,7.839714000056119,15000,344,344,15000,0,0,1,1,0,0.0,0
205,medium,positive,BitmapSlice-Exact,15000,64,10,344,0.022933333333333333,10,1.0,1,none,0,0,0,10,10,1.0,1.0676939998575108,376,344,344,376,0,0,1,1,0,0.0,0
205,medium,positive,ScalarOnly,15000,64,10,344,0.022933333333333333,10,0.0,0,ranking_truncation,0,0,0,10,10,1.0,7.751018000135446,15000,344,0,15000,0,0,0,1,0,0.0,0
205,medium,positive,PostFilter-IVF,15000,64,10,344,0.022933333333333333,10,0.7,0,ranking_truncation,0,0,0,10,10,1.0,1.3982929999656335,1718,42,1718,1718,0,8,0,1,0,0.0,0
205,medium,positive,AdaptivePostFilter-IVF,15000,64,10,344,0.022933333333333333,10,0.8,0,ranking_truncation,0,0,0,10,10,1.0,4.186082000160241,4800,88,4800,4800,0,19,0,1,0,0.0,0
205,medium,positive,ExactPrefix-PostFilter,15000,64,10,344,0.022933333333333333,10,1.0,1,none,0,0,0,10,10,1.0,3.253394000012122,2400,71,15000,2400,0,0,0,1,0,0.0,0
205,medium,positive,TenantPartition-IVF,15000,64,10,344,0.022933333333333333,10,0.7,0,ranking_truncation,0,0,0,10,10,1.0,1.0304730001280404,1718,42,1718,1718,0,8,0,1,0,0.0,0
205,medium,positive,PreFilter-IVF,15000,64,10,344,0.022933333333333333,10,0.7,0,ranking_truncation,0,0,0,10,10,1.0,1.9429320000199368,2157,46,46,2157,10,8,0,1,0,0.0,0
205,medium,positive,PACER-A,15000,64,10,344,0.022933333333333333,10,1.0,1,none,0,0,0,10,10,1.0,4.944236000028468,376,344,376,376,64,53,1,1,0,0.0,0
205,medium,positive,PACER-C,15000,64,10,344,0.022933333333333333,10,1.0,1,none,0,0,0,10,10,1.0,4.791403000126593,376,344,376,376,64,53,1,1,0,0.0,0
205,medium,positive,PACER-X,15000,64,10,344,0.022933333333333333,10,1.0,1,none,0,0,0,10,10,1.0,4.808006000075693,376,344,376,376,64,53,1,1,0,0.0,0
205,medium,positive,PACER-A-NoSlices,15000,64,10,344,0.022933333333333333,10,0.7,0,ranking_truncation,0,0,0,10,10,1.0,2.1492020000550838,2400,46,2400,2400,11,11,0,1,0,0.7513666749000549,1
205,medium,positive,PACER-A-NoBounds,15000,64,10,344,0.022933333333333333,10,1.0,1,none,0,0,0,10,10,1.0,4.988883999885729,376,344,376,376,64,53,1,1,0,0.0,0
205,medium,positive,StaleNoRecheck,15000,64,10,344,0.022933333333333333,10,0.7,0,ranking_truncation,0,0,0,10,10,1.0,1.3751189999311464,1718,44,1718,1718,0,8,0,1,0,0.0,0
205,medium,positive,NaiveNoPolicy,15000,64,10,344,0.022933333333333333,10,0.2,0,ranking_truncation,7,0,5,2,10,0.2,0.4612190000443661,1718,1718,1718,0,0,8,0,1,0,0.0,0
206,narrow,positive,ExactSecure,15000,64,10,5,0.0003333333333333333,5,1.0,1,none,0,0,0,5,5,1.0,7.277583999893977,15000,5,5,15000,0,0,1,1,0,0.0,0
206,narrow,positive,PreFilter-Exact,15000,64,10,5,0.0003333333333333333,5,1.0,1,none,0,0,0,5,5,1.0,9.530937999898015,15000,5,5,15000,0,0,1,1,0,0.0,0
206,narrow,positive,BitmapSlice-Exact,15000,64,10,5,0.0003333333333333333,5,1.0,1,none,0,0,0,5,5,1.0,0.12314499986132432,7,5,5,7,0,0,1,1,0,0.0,0
206,narrow,positive,ScalarOnly,15000,64,10,5,0.0003333333333333333,5,1.0,0,ranking_truncation,0,0,0,5,5,1.0,9.159396000086417,15000,5,0,15000,0,0,0,1,0,0.0,0
206,narrow,positive,PostFilter-IVF,15000,64,10,5,0.0003333333333333333,1,0.2,0,candidate_starvation,0,0,0,1,1,1.0,1.9157720000748668,2002,1,2002,2002,0,8,0,1,0,0.0,0
206,narrow,positive,AdaptivePostFilter-IVF,15000,64,10,5,0.0003333333333333333,1,0.2,0,candidate_starvation,0,0,0,1,1,1.0,4.991730000028838,4800,1,4800,4800,0,22,0,1,0,0.0,0
206,narrow,positive,ExactPrefix-PostFilter,15000,64,10,5,0.0003333333333333333,1,0.2,0,candidate_starvation,0,0,0,1,1,1.0,3.3871710002131294,2400,1,15000,2400,0,0,0,1,0,0.0,0
206,narrow,positive,TenantPartition-IVF,15000,64,10,5,0.0003333333333333333,1,0.2,0,candidate_starvation,0,0,0,1,1,1.0,1.0049089999029093,2002,1,2002,2002,0,8,0,1,0,0.0,0
206,narrow,positive,PreFilter-IVF,15000,64,10,5,0.0003333333333333333,5,1.0,1,none,0,0,0,5,5,1.0,1.5577670001221122,1175,5,5,1175,64,4,0,1,0,0.0,0
206,narrow,positive,PACER-A,15000,64,10,5,0.0003333333333333333,5,1.0,1,none,0,0,0,5,5,1.0,0.4693569999290048,7,5,7,7,59,4,1,1,0,0.0,0
206,narrow,positive,PACER-C,15000,64,10,5,0.0003333333333333333,5,1.0,1,none,0,0,0,5,5,1.0,0.4392159999042633,7,5,7,7,59,4,1,1,0,0.0,0
206,narrow,positive,PACER-X,15000,64,10,5,0.0003333333333333333,5,1.0,1,none,0,0,0,5,5,1.0,0.388372000088566,7,5,7,7,59,4,1,1,0,0.0,0
206,narrow,positive,PACER-A-NoSlices,15000,64,10,5,0.0003333333333333333,1,0.2,0,candidate_starvation,0,0,0,1,1,1.0,1.945510000041395,2400,1,2400,2400,11,11,0,1,0,0.0,1
206,narrow,positive,PACER-A-NoBounds,15000,64,10,5,0.0003333333333333333,5,1.0,1,none,0,0,0,5,5,1.0,0.4509890000008454,7,5,7,7,59,4,1,1,0,0.0,0
206,narrow,positive,StaleNoRecheck,15000,64,10,5,0.0003333333333333333,1,0.2,0,candidate_starvation,0,0,0,1,1,1.0,1.5032719998089306,2002,1,2002,2002,0,8,0,1,0,0.0,0
206,narrow,positive,NaiveNoPolicy,15000,64,10,5,0.0003333333333333333,10,0.2,0,ranking_truncation,9,1,8,1,10,0.1,0.6028140001035354,2002,2002,2002,0,0,8,0,1,0,0.0,0
207,cold,positive,ExactSecure,15000,64,10,2,0.00013333333333333334,2,1.0,1,none,0,0,0,2,2,1.0,7.514688999890495,15000,2,2,15000,0,0,1,1,0,0.0,0
207,cold,positive,PreFilter-Exact,15000,64,10,2,0.00013333333333333334,2,1.0,1,none,0,0,0,2,2,1.0,7.789283999954932,15000,2,2,15000,0,0,1,1,0,0.0,0
207,cold,positive,BitmapSlice-Exact,15000,64,10,2,0.00013333333333333334,2,1.0,1,none,0,0,0,2,2,1.0,0.09831000011217839,3,2,2,3,0,0,1,1,0,0.0,0
207,cold,positive,ScalarOnly,15000,64,10,2,0.00013333333333333334,2,1.0,0,ranking_truncation,0,0,0,2,2,1.0,7.773278000058781,15000,2,0,15000,0,0,0,1,0,0.0,0
207,cold,positive,PostFilter-IVF,15000,64,10,2,0.00013333333333333334,1,0.5,0,candidate_starvation,0,0,0,1,1,1.0,1.3630989999455778,1479,1,1479,1479,0,8,0,1,0,0.0,0
207,cold,positive,AdaptivePostFilter-IVF,15000,64,10,2,0.00013333333333333334,2,1.0,1,none,0,0,0,2,2,1.0,4.599114000029658,4800,2,4800,4800,0,21,0,1,0,0.0,0
207,cold,positive,ExactPrefix-PostFilter,15000,64,10,2,0.00013333333333333334,1,0.5,0,candidate_starvation,0,0,0,1,1,1.0,3.371601000026203,2400,1,15000,2400,0,0,0,1,0,0.0,0
207,cold,positive,TenantPartition-IVF,15000,64,10,2,0.00013333333333333334,1,0.5,0,candidate_starvation,0,0,0,1,1,1.0,0.761493000027258,1479,1,1479,1479,0,8,0,1,0,0.0,0
207,cold,positive,PreFilter-IVF,15000,64,10,2,0.00013333333333333334,2,1.0,1,none,0,0,0,2,2,1.0,1.1481249998723797,703,2,2,703,64,2,0,1,0,0.0,0
207,cold,positive,PACER-A,15000,64,10,2,0.00013333333333333334,2,1.0,1,none,0,0,0,2,2,1.0,0.3228980001495074,3,2,3,3,19,2,1,1,0,0.0,0
207,cold,positive,PACER-C,15000,64,10,2,0.00013333333333333334,2,1.0,1,none,0,0,0,2,2,1.0,0.28937199999745644,3,2,3,3,19,2,1,1,0,0.0,0
207,cold,positive,PACER-X,15000,64,10,2,0.00013333333333333334,2,1.0,1,none,0,0,0,2,2,1.0,0.25927100000444625,3,2,3,3,19,2,1,1,0,0.0,0
207,cold,positive,PACER-A-NoSlices,15000,64,10,2,0.00013333333333333334,1,0.5,0,candidate_starvation,0,0,0,1,1,1.0,2.087628000026598,2400,1,2400,2400,12,12,0,1,0,0.0,1
207,cold,positive,PACER-A-NoBounds,15000,64,10,2,0.00013333333333333334,2,1.0,1,none,0,0,0,2,2,1.0,0.2614530001210369,3,2,3,3,21,2,1,1,0,0.0,0
207,cold,positive,StaleNoRecheck,15000,64,10,2,0.00013333333333333334,1,0.5,0,candidate_starvation,0,0,0,1,1,1.0,1.2120819999381638,1479,1,1479,1479,0,8,0,1,0,0.0,0
207,cold,positive,NaiveNoPolicy,15000,64,10,2,0.00013333333333333334,10,0.5,0,ranking_truncation,8,1,8,1,10,0.1,0.411039000027813,1479,1479,1479,0,0,8,0,1,0,0.0,0
208,broad,positive,ExactSecure,15000,64,10,6912,0.4608,10,1.0,1,none,0,0,0,10,10,1.0,9.15609100002257,15000,6912,6912,15000,0,0,1,1,0,0.0,0
208,broad,positive,PreFilter-Exact,15000,64,10,6912,0.4608,10,1.0,1,none,0,0,0,10,10,1.0,10.003489999917292,15000,6912,6912,15000,0,0,1,1,0,0.0,0
208,broad,positive,BitmapSlice-Exact,15000,64,10,6912,0.4608,10,1.0,1,none,0,0,0,10,10,1.0,17.52471500003594,7741,6912,6912,7741,0,0,1,1,0,0.0,0
208,broad,positive,ScalarOnly,15000,64,10,6912,0.4608,10,0.0,0,ranking_truncation,0,0,0,10,10,1.0,7.537228000046525,15000,6912,0,15000,0,0,0,1,0,0.0,0
208,broad,positive,PostFilter-IVF,15000,64,10,6912,0.4608,10,1.0,1,none,0,0,0,10,10,1.0,1.6685600000982959,2033,858,2033,2033,0,8,0,1,0,0.0,0
208,broad,positive,AdaptivePostFilter-IVF,15000,64,10,6912,0.4608,10,1.0,1,none,0,0,0,10,10,1.0,4.107387999965795,4800,2003,4800,4800,0,22,0,1,0,0.0,0
208,broad,positive,ExactPrefix-PostFilter,15000,64,10,6912,0.4608,10,1.0,1,none,0,0,0,10,10,1.0,3.4805400000550435,2400,1036,15000,2400,0,0,0,1,0,0.0,0
208,broad,positive,TenantPartition-IVF,15000,64,10,6912,0.4608,10,1.0,1,none,0,0,0,10,10,1.0,1.5233330000228307,2033,858,2033,2033,0,8,0,1,0,0.0,0
208,broad,positive,PreFilter-IVF,15000,64,10,6912,0.4608,10,1.0,1,none,0,0,0,10,10,1.0,1.8938229998184397,2033,858,858,2033,8,8,0,1,0,0.0,0
208,broad,positive,PACER-A,15000,64,10,6912,0.4608,10,1.0,1,none,0,0,0,10,10,1.0,7.401802999993379,2400,2143,2400,2400,22,22,0,1,0,0.5861918330192566,1
208,broad,positive,PACER-C,15000,64,10,6912,0.4608,10,1.0,1,none,0,0,0,10,10,1.0,22.930637999934333,7741,6912,7741,7741,64,64,1,1,0,0.0,0
208,broad,positive,PACER-X,15000,64,10,6912,0.4608,10,1.0,1,none,0,0,0,10,10,1.0,27.55438700000923,7741,6912,7741,7741,64,64,1,1,0,0.0,0
208,broad,positive,PACER-A-NoSlices,15000,64,10,6912,0.4608,10,1.0,1,none,0,0,0,10,10,1.0,2.162071000157084,2400,982,2400,2400,10,10,0,1,0,0.5986306071281433,1
208,broad,positive,PACER-A-NoBounds,15000,64,10,6912,0.4608,10,1.0,1,none,0,0,0,10,10,1.0,7.238960999984556,2400,2144,2400,2400,23,23,0,1,0,0.0,1
208,broad,positive,StaleNoRecheck,15000,64,10,6912,0.4608,10,1.0,1,none,0,0,0,10,10,1.0,1.4734430001226428,2033,957,2033,2033,0,8,0,1,0,0.0,0
208,broad,positive,NaiveNoPolicy,15000,64,10,6912,0.4608,10,0.5,0,ranking_truncation,0,0,5,5,10,0.5,0.5759670000315964,2033,2033,2033,0,0,8,0,1,0,0.0,0
209,medium,positive,ExactSecure,15000,64,10,338,0.022533333333333332,10,1.0,1,none,0,0,0,10,10,1.0,7.748349999928905,15000,338,338,15000,0,0,1,1,0,0.0,0
209,medium,positive,PreFilter-Exact,15000,64,10,338,0.022533333333333332,10,1.0,1,none,0,0,0,10,10,1.0,9.094542999946498,15000,338,338,15000,0,0,1,1,0,0.0,0
209,medium,positive,BitmapSlice-Exact,15000,64,10,338,0.022533333333333332,10,1.0,1,none,0,0,0,10,10,1.0,1.1364259999027126,372,338,338,372,0,0,1,1,0,0.0,0
209,medium,positive,ScalarOnly,15000,64,10,338,0.022533333333333332,10,0.0,0,ranking_truncation,0,0,0,10,10,1.0,8.517132999941168,15000,338,0,15000,0,0,0,1,0,0.0,0
209,medium,positive,PostFilter-IVF,15000,64,10,338,0.022533333333333332,10,0.4,0,ranking_truncation,0,0,0,10,10,1.0,1.6106309999486257,1820,36,1820,1820,0,8,0,1,0,0.0,0
209,medium,positive,AdaptivePostFilter-IVF,15000,64,10,338,0.022533333333333332,10,0.5,0,ranking_truncation,0,0,0,10,10,1.0,4.950958999870636,4800,97,4800,4800,0,21,0,1,0,0.0,0
209,medium,positive,ExactPrefix-PostFilter,15000,64,10,338,0.022533333333333332,10,1.0,1,none,0,0,0,10,10,1.0,3.865335000000414,2400,52,15000,2400,0,0,0,1,0,0.0,0
209,medium,positive,TenantPartition-IVF,15000,64,10,338,0.022533333333333332,10,0.4,0,ranking_truncation,0,0,0,10,10,1.0,1.2292819999402127,1820,36,1820,1820,0,8,0,1,0,0.0,0
209,medium,positive,PreFilter-IVF,15000,64,10,338,0.022533333333333332,10,0.4,0,ranking_truncation,0,0,0,10,10,1.0,2.51273900016713,1820,36,36,1820,9,8,0,1,0,0.0,0
209,medium,positive,PACER-A,15000,64,10,338,0.022533333333333332,10,1.0,1,none,0,0,0,10,10,1.0,6.809459000123752,372,338,372,372,64,54,1,1,0,0.0,0
209,medium,positive,PACER-C,15000,64,10,338,0.022533333333333332,10,1.0,1,none,0,0,0,10,10,1.0,6.1178850000942475,372,338,372,372,64,54,1,1,0,0.0,0
209,medium,positive,PACER-X,15000,64,10,338,0.022533333333333332,10,1.0,1,none,0,0,0,10,10,1.0,4.597150999870792,372,338,372,372,64,54,1,1,0,0.0,0
209,medium,positive,PACER-A-NoSlices,15000,64,10,338,0.022533333333333332,10,0.4,0,ranking_truncation,0,0,0,10,10,1.0,2.1306439998625137,2400,37,2400,2400,12,12,0,1,0,0.8427140414714813,1
209,medium,positive,PACER-A-NoBounds,15000,64,10,338,0.022533333333333332,10,1.0,1,none,0,0,0,10,10,1.0,4.523001000052318,372,338,372,372,64,54,1,1,0,0.0,0
209,medium,positive,StaleNoRecheck,15000,64,10,338,0.022533333333333332,10,0.4,0,ranking_truncation,0,2,0,8,10,0.8,1.4526239999668178,1820,40,1820,1820,0,8,0,1,0,0.0,0
209,medium,positive,NaiveNoPolicy,15000,64,10,338,0.022533333333333332,10,0.0,0,ranking_truncation,8,1,7,0,10,0.0,0.4581210000651481,1820,1820,1820,0,0,8,0,1,0,0.0,0
210,narrow,positive,ExactSecure,15000,64,10,9,0.0006,9,1.0,1,none,0,0,0,9,9,1.0,10.44546499997523,15000,9,9,15000,0,0,1,1,0,0.0,0
210,narrow,positive,PreFilter-Exact,15000,64,10,9,0.0006,9,1.0,1,none,0,0,0,9,9,1.0,8.222584000122879,15000,9,9,15000,0,0,1,1,0,0.0,0
210,narrow,positive,BitmapSlice-Exact,15000,64,10,9,0.0006,9,1.0,1,none,0,0,0,9,9,1.0,0.10309899994354055,10,9,9,10,0,0,1,1,0,0.0,0
210,narrow,positive,ScalarOnly,15000,64,10,9,0.0006,9,1.0,0,ranking_truncation,0,0,0,9,9,1.0,8.722261000002618,15000,9,0,15000,0,0,0,1,0,0.0,0
210,narrow,positive,PostFilter-IVF,15000,64,10,9,0.0006,6,0.6666666666666666,0,candidate_starvation,0,0,0,6,6,1.0,1.855677000094147,1782,6,1782,1782,0,8,0,1,0,0.0,0
210,narrow,positive,AdaptivePostFilter-IVF,15000,64,10,9,0.0006,6,0.6666666666666666,0,candidate_starvation,0,0,0,6,6,1.0,4.718482000043878,4800,6,4800,4800,0,24,0,1,0,0.0,0
210,narrow,positive,ExactPrefix-PostFilter,15000,64,10,9,0.0006,4,0.4444444444444444,0,candidate_starvation,0,0,0,4,4,1.0,3.465861999984554,2400,4,15000,2400,0,0,0,1,0,0.0,0
210,narrow,positive,TenantPartition-IVF,15000,64,10,9,0.0006,6,0.6666666666666666,0,candidate_starvation,0,0,0,6,6,1.0,0.8082970000486966,1782,6,1782,1782,0,8,0,1,0,0.0,0
210,narrow,positive,PreFilter-IVF,15000,64,10,9,0.0006,9,1.0,1,none,0,0,0,9,9,1.0,1.3158689998817863,1411,9,9,1411,64,4,0,1,0,0.0,0
210,narrow,positive,PACER-A,15000,64,10,9,0.0006,9,1.0,1,none,0,0,0,9,9,1.0,0.41628799999671173,10,9,10,10,53,4,1,1,0,0.0,0
210,narrow,positive,PACER-C,15000,64,10,9,0.0006,9,1.0,1,none,0,0,0,9,9,1.0,0.40956800012281747,10,9,10,10,53,4,1,1,0,0.0,0
210,narrow,positive,PACER-X,15000,64,10,9,0.0006,9,1.0,1,none,0,0,0,9,9,1.0,0.5664970001362235,10,9,10,10,53,4,1,1,0,0.0,0
210,narrow,positive,PACER-A-NoSlices,15000,64,10,9,0.0006,6,0.6666666666666666,0,candidate_starvation,0,0,0,6,6,1.0,2.4666889999025443,2400,6,2400,2400,12,12,0,1,0,0.0,0
210,narrow,positive,PACER-A-NoBounds,15000,64,10,9,0.0006,9,1.0,1,none,0,0,0,9,9,1.0,0.5433430001176021,10,9,10,10,49,4,1,1,0,0.0,0
210,narrow,positive,StaleNoRecheck,15000,64,10,9,0.0006,6,0.6666666666666666,0,candidate_starvation,0,0,0,6,6,1.0,1.754561000097965,1782,6,1782,1782,0,8,0,1,0,0.0,0
210,narrow,positive,NaiveNoPolicy,15000,64,10,9,0.0006,10,0.1111111111111111,0,ranking_truncation,9,0,8,1,10,0.1,0.7009079999988899,1782,1782,1782,0,0,8,0,1,0,0.0,0
211,cold,positive,ExactSecure,15000,64,10,4,0.0002666666666666667,4,1.0,1,none,0,0,0,4,4,1.0,7.45424600017941,15000,4,4,15000,0,0,1,1,0,0.0,0
211,cold,positive,PreFilter-Exact,15000,64,10,4,0.0002666666666666667,4,1.0,1,none,0,0,0,4,4,1.0,9.396214999924268,15000,4,4,15000,0,0,1,1,0,0.0,0
211,cold,positive,BitmapSlice-Exact,15000,64,10,4,0.0002666666666666667,4,1.0,1,none,0,0,0,4,4,1.0,0.10144199995920644,4,4,4,4,0,0,1,1,0,0.0,0
211,cold,positive,ScalarOnly,15000,64,10,4,0.0002666666666666667,4,1.0,0,ranking_truncation,0,0,0,4,4,1.0,7.775803999948039,15000,4,0,15000,0,0,0,1,0,0.0,0
211,cold,positive,PostFilter-IVF,15000,64,10,4,0.0002666666666666667,2,0.5,0,candidate_starvation,0,0,0,2,2,1.0,1.6447959999368322,2002,2,2002,2002,0,8,0,1,0,0.0,0
211,cold,positive,AdaptivePostFilter-IVF,15000,64,10,4,0.0002666666666666667,4,1.0,1,none,0,0,0,4,4,1.0,5.060578999973586,4800,4,4800,4800,0,23,0,1,0,0.0,0
211,cold,positive,ExactPrefix-PostFilter,15000,64,10,4,0.0002666666666666667,2,0.5,0,candidate_starvation,0,0,0,2,2,1.0,3.5801379999611527,2400,2,15000,2400,0,0,0,1,0,0.0,0
211,cold,positive,TenantPartition-IVF,15000,64,10,4,0.0002666666666666667,2,0.5,0,candidate_starvation,0,0,0,2,2,1.0,0.8160510001289367,2002,2,2002,2002,0,8,0,1,0,0.0,0
211,cold,positive,PreFilter-IVF,15000,64,10,4,0.0002666666666666667,4,1.0,1,none,0,0,0,4,4,1.0,1.0128389999408682,906,4,4,906,64,3,0,1,0,0.0,0
211,cold,positive,PACER-A,15000,64,10,4,0.0002666666666666667,4,1.0,1,none,0,0,0,4,4,1.0,0.37379699983830506,4,4,4,4,16,3,1,1,0,0.0,0
211,cold,positive,PACER-C,15000,64,10,4,0.0002666666666666667,4,1.0,1,none,0,0,0,4,4,1.0,0.4089049998583505,4,4,4,4,16,3,1,1,0,0.0,0
211,cold,positive,PACER-X,15000,64,10,4,0.0002666666666666667,4,1.0,1,none,0,0,0,4,4,1.0,0.4660829999920679,4,4,4,4,16,3,1,1,0,0.0,0
211,cold,positive,PACER-A-NoSlices,15000,64,10,4,0.0002666666666666667,3,0.75,0,candidate_starvation,0,0,0,3,3,1.0,2.4775189999672875,2400,3,2400,2400,11,11,0,1,0,0.0,1
211,cold,positive,PACER-A-NoBounds,15000,64,10,4,0.0002666666666666667,4,1.0,1,none,0,0,0,4,4,1.0,0.37899000017205253,4,4,4,4,12,3,1,1,0,0.0,0
211,cold,positive,StaleNoRecheck,15000,64,10,4,0.0002666666666666667,2,0.5,0,candidate_starvation,0,0,0,2,2,1.0,1.9837019999613403,2002,2,2002,2002,0,8,0,1,0,0.0,0
211,cold,positive,NaiveNoPolicy,15000,64,10,4,0.0002666666666666667,10,0.25,0,ranking_truncation,9,0,9,1,10,0.1,0.7862850000037724,2002,2002,2002,0,0,8,0,1,0,0.0,0
212,broad,positive,ExactSecure,15000,64,10,7096,0.4730666666666667,10,1.0,1,none,0,0,0,10,10,1.0,12.441400999932739,15000,7096,7096,15000,0,0,1,1,0,0.0,0
212,broad,positive,PreFilter-Exact,15000,64,10,7096,0.4730666666666667,10,1.0,1,none,0,0,0,10,10,1.0,9.208165000018198,15000,7096,7096,15000,0,0,1,1,0,0.0,0
212,broad,positive,BitmapSlice-Exact,15000,64,10,7096,0.4730666666666667,10,1.0,1,none,0,0,0,10,10,1.0,17.938175000153933,7685,7096,7096,7685,0,0,1,1,0,0.0,0
212,broad,positive,ScalarOnly,15000,64,10,7096,0.4730666666666667,10,0.0,0,ranking_truncation,0,0,0,10,10,1.0,7.253063999996812,15000,7096,0,15000,0,0,0,1,0,0.0,0
212,broad,positive,PostFilter-IVF,15000,64,10,7096,0.4730666666666667,10,0.7,0,ranking_truncation,0,0,0,10,10,1.0,2.002169999968828,2215,1183,2215,2215,0,8,0,1,0,0.0,0
212,broad,positive,AdaptivePostFilter-IVF,15000,64,10,7096,0.4730666666666667,10,1.0,1,none,0,0,0,10,10,1.0,4.3332200000349985,4800,2381,4800,4800,0,20,0,1,0,0.0,0
212,broad,positive,ExactPrefix-PostFilter,15000,64,10,7096,0.4730666666666667,10,1.0,1,none,0,0,0,10,10,1.0,3.6722029999509687,2400,1200,15000,2400,0,0,0,1,0,0.0,0
212,broad,positive,TenantPartition-IVF,15000,64,10,7096,0.4730666666666667,10,0.7,0,ranking_truncation,0,0,0,10,10,1.0,1.6888300001483003,2215,1183,2215,2215,0,8,0,1,0,0.0,0
212,broad,positive,PreFilter-IVF,15000,64,10,7096,0.4730666666666667,10,0.7,0,ranking_truncation,0,0,0,10,10,1.0,4.04771300009088,2424,1201,1201,2424,8,8,0,1,0,0.0,0
212,broad,positive,PACER-A,15000,64,10,7096,0.4730666666666667,10,0.9,0,ranking_truncation,0,0,0,10,10,1.0,10.610005999978966,2400,2218,2400,2400,18,18,0,1,0,0.6273325979709625,1
212,broad,positive,PACER-C,15000,64,10,7096,0.4730666666666667,10,1.0,1,none,0,0,0,10,10,1.0,23.52815999984159,7685,7096,7685,7685,64,64,1,1,0,0.0,0
212,broad,positive,PACER-X,15000,64,10,7096,0.4730666666666667,10,1.0,1,none,0,0,0,10,10,1.0,22.982800000136194,7685,7096,7685,7685,64,64,1,1,0,0.0,0
212,broad,positive,PACER-A-NoSlices,15000,64,10,7096,0.4730666666666667,10,0.7,0,ranking_truncation,0,0,0,10,10,1.0,2.1249920000627753,2400,1188,2400,2400,8,8,0,1,0,0.6325955986976624,1
212,broad,positive,PACER-A-NoBounds,15000,64,10,7096,0.4730666666666667,10,1.0,1,none,0,0,0,10,10,1.0,8.095207999986087,2400,2224,2400,2400,20,20,0,1,0,0.0,1
212,broad,positive,StaleNoRecheck,15000,64,10,7096,0.4730666666666667,10,0.7,0,ranking_truncation,0,0,0,10,10,1.0,2.510601000039969,2215,1285,2215,2215,0,8,0,1,0,0.0,0
212,broad,positive,NaiveNoPolicy,15000,64,10,7096,0.4730666666666667,10,0.6,0,ranking_truncation,0,0,4,6,10,0.6,0.6430000000818836,2215,2215,2215,0,0,8,0,1,0,0.0,0
213,medium,positive,ExactSecure,15000,64,10,441,0.0294,10,1.0,1,none,0,0,0,10,10,1.0,10.426042000062807,15000,441,441,15000,0,0,1,1,0,0.0,0
213,medium,positive,PreFilter-Exact,15000,64,10,441,0.0294,10,1.0,1,none,0,0,0,10,10,1.0,7.578502000114895,15000,441,441,15000,0,0,1,1,0,0.0,0
213,medium,positive,BitmapSlice-Exact,15000,64,10,441,0.0294,10,1.0,1,none,0,0,0,10,10,1.0,1.2653209998916282,484,441,441,484,0,0,1,1,0,0.0,0
213,medium,positive,ScalarOnly,15000,64,10,441,0.0294,10,0.0,0,ranking_truncation,0,0,0,10,10,1.0,8.453072000065731,15000,441,0,15000,0,0,0,1,0,0.0,0
213,medium,positive,PostFilter-IVF,15000,64,10,441,0.0294,10,0.1,0,ranking_truncation,0,0,0,10,10,1.0,1.6904620001696458,1806,17,1806,1806,0,8,0,1,0,0.0,0
213,medium,positive,AdaptivePostFilter-IVF,15000,64,10,441,0.0294,10,0.5,0,ranking_truncation,0,0,0,10,10,1.0,4.824636999956056,4800,81,4800,4800,0,23,0,1,0,0.0,0
213,medium,positive,ExactPrefix-PostFilter,15000,64,10,441,0.0294,10,1.0,1,none,0,0,0,10,10,1.0,3.006442000014431,2400,45,15000,2400,0,0,0,1,0,0.0,0
213,medium,positive,TenantPartition-IVF,15000,64,10,441,0.0294,10,0.1,0,ranking_truncation,0,0,0,10,10,1.0,0.9162010001091403,1806,17,1806,1806,0,8,0,1,0,0.0,0
213,medium,positive,PreFilter-IVF,15000,64,10,441,0.0294,10,0.4,0,ranking_truncation,0,0,0,10,10,1.0,1.4940229998501309,1546,26,26,1546,8,8,0,1,0,0.0,0
213,medium,positive,PACER-A,15000,64,10,441,0.0294,10,1.0,1,none,0,0,0,10,10,1.0,5.2287060000253405,484,441,484,484,64,58,1,1,0,0.0,0
213,medium,positive,PACER-C,15000,64,10,441,0.0294,10,1.0,1,none,0,0,0,10,10,1.0,5.078031000039118,484,441,484,484,64,58,1,1,0,0.0,0
213,medium,positive,PACER-X,15000,64,10,441,0.0294,10,1.0,1,none,0,0,0,10,10,1.0,5.941435000067941,484,441,484,484,64,58,1,1,0,0.0,0
213,medium,positive,PACER-A-NoSlices,15000,64,10,441,0.0294,10,0.4,0,ranking_truncation,0,0,0,10,10,1.0,2.218903000084538,2400,30,2400,2400,12,12,0,1,0,0.8389154374599457,1
213,medium,positive,PACER-A-NoBounds,15000,64,10,441,0.0294,10,1.0,1,none,0,0,0,10,10,1.0,5.062938999799371,484,441,484,484,64,58,1,1,0,0.0,0
213,medium,positive,StaleNoRecheck,15000,64,10,441,0.0294,10,0.1,0,ranking_truncation,0,1,0,9,10,0.9,1.3642139999774372,1806,21,1806,1806,0,8,0,1,0,0.0,0
213,medium,positive,NaiveNoPolicy,15000,64,10,441,0.0294,10,0.0,0,ranking_truncation,8,1,8,0,10,0.0,0.5250120000255265,1806,1806,1806,0,0,8,0,1,0,0.0,0
214,narrow,positive,ExactSecure,15000,64,10,7,0.00046666666666666666,7,1.0,1,none,0,0,0,7,7,1.0,11.343068000087442,15000,7,7,15000,0,0,1,1,0,0.0,0
214,narrow,positive,PreFilter-Exact,15000,64,10,7,0.00046666666666666666,7,1.0,1,none,0,0,0,7,7,1.0,7.886705999908372,15000,7,7,15000,0,0,1,1,0,0.0,0
214,narrow,positive,BitmapSlice-Exact,15000,64,10,7,0.00046666666666666666,7,1.0,1,none,0,0,0,7,7,1.0,0.08994299992082233,8,7,7,8,0,0,1,1,0,0.0,0
214,narrow,positive,ScalarOnly,15000,64,10,7,0.00046666666666666666,7,1.0,0,ranking_truncation,0,0,0,7,7,1.0,7.064060999937283,15000,7,0,15000,0,0,0,1,0,0.0,0
214,narrow,positive,PostFilter-IVF,15000,64,10,7,0.00046666666666666666,2,0.2857142857142857,0,candidate_starvation,0,0,0,2,2,1.0,1.3981920001242543,1737,2,1737,1737,0,8,0,1,0,0.0,0
214,narrow,positive,AdaptivePostFilter-IVF,15000,64,10,7,0.00046666666666666666,3,0.42857142857142855,0,candidate_starvation,0,0,0,3,3,1.0,4.265426000074513,4800,3,4800,4800,0,21,0,1,0,0.0,0
214,narrow,positive,ExactPrefix-PostFilter,15000,64,10,7,0.00046666666666666666,3,0.42857142857142855,0,candidate_starvation,0,0,0,3,3,1.0,3.5857510001733317,2400,3,15000,2400,0,0,0,1,0,0.0,0
214,narrow,positive,TenantPartition-IVF,15000,64,10,7,0.00046666666666666666,2,0.2857142857142857,0,candidate_starvation,0,0,0,2,2,1.0,0.7478110001102323,1737,2,1737,1737,0,8,0,1,0,0.0,0
214,narrow,positive,PreFilter-IVF,15000,64,10,7,0.00046666666666666666,7,1.0,1,none,0,0,0,7,7,1.0,1.4135110000097484,1474,7,7,1474,64,5,0,1,0,0.0,0
214,narrow,positive,PACER-A,15000,64,10,7,0.00046666666666666666,7,1.0,1,none,0,0,0,7,7,1.0,0.5440099998850201,8,7,8,8,60,5,1,1,0,0.0,0
214,narrow,positive,PACER-C,15000,64,10,7,0.00046666666666666666,7,1.0,1,none,0,0,0,7,7,1.0,0.500448999900982,8,7,8,8,60,5,1,1,0,0.0,0
214,narrow,positive,PACER-X,15000,64,10,7,0.00046666666666666666,7,1.0,1,none,0,0,0,7,7,1.0,0.48741799992058077,8,7,8,8,60,5,1,1,0,0.0,0
214,narrow,positive,PACER-A-NoSlices,15000,64,10,7,0.00046666666666666666,2,0.2857142857142857,0,candidate_starvation,0,0,0,2,2,1.0,1.7211759998190246,2400,2,2400,2400,10,10,0,1,0,0.0,1
214,narrow,positive,PACER-A-NoBounds,15000,64,10,7,0.00046666666666666666,7,1.0,1,none,0,0,0,7,7,1.0,0.44082900012654136,8,7,8,8,58,5,1,1,0,0.0,0
214,narrow,positive,StaleNoRecheck,15000,64,10,7,0.00046666666666666666,3,0.2857142857142857,0,candidate_starvation,0,1,0,2,3,0.6666666666666666,1.3229940000201168,1737,3,1737,1737,0,8,0,1,0,0.0,0
214,narrow,positive,NaiveNoPolicy,15000,64,10,7,0.00046666666666666666,10,0.14285714285714285,0,ranking_truncation,9,1,6,1,10,0.1,0.492210999937015,1737,1737,1737,0,0,8,0,1,0,0.0,0
215,cold,positive,ExactSecure,15000,64,10,8,0.0005333333333333334,8,1.0,1,none,0,0,0,8,8,1.0,7.134734000146636,15000,8,8,15000,0,0,1,1,0,0.0,0
215,cold,positive,PreFilter-Exact,15000,64,10,8,0.0005333333333333334,8,1.0,1,none,0,0,0,8,8,1.0,7.394523000129993,15000,8,8,15000,0,0,1,1,0,0.0,0
215,cold,positive,BitmapSlice-Exact,15000,64,10,8,0.0005333333333333334,8,1.0,1,none,0,0,0,8,8,1.0,0.09033299988914223,8,8,8,8,0,0,1,1,0,0.0,0
215,cold,positive,ScalarOnly,15000,64,10,8,0.0005333333333333334,8,1.0,0,ranking_truncation,0,0,0,8,8,1.0,7.3601880001206155,15000,8,0,15000,0,0,0,1,0,0.0,0
215,cold,positive,PostFilter-IVF,15000,64,10,8,0.0005333333333333334,8,1.0,1,none,0,0,0,8,8,1.0,1.4753149998796289,1759,8,1759,1759,0,8,0,1,0,0.0,0
215,cold,positive,AdaptivePostFilter-IVF,15000,64,10,8,0.0005333333333333334,8,1.0,1,none,0,0,0,8,8,1.0,4.571313999804261,4800,8,4800,4800,0,21,0,1,0,0.0,0
215,cold,positive,ExactPrefix-PostFilter,15000,64,10,8,0.0005333333333333334,8,1.0,1,none,0,0,0,8,8,1.0,3.2661350001035316,2400,8,15000,2400,0,0,0,1,0,0.0,0
215,cold,positive,TenantPartition-IVF,15000,64,10,8,0.0005333333333333334,8,1.0,1,none,0,0,0,8,8,1.0,0.7491439998830174,1759,8,1759,1759,0,8,0,1,0,0.0,0
215,cold,positive,PreFilter-IVF,15000,64,10,8,0.0005333333333333334,8,1.0,1,none,0,0,0,8,8,1.0,0.8942310000747966,348,8,8,348,64,1,0,1,0,0.0,0
215,cold,positive,PACER-A,15000,64,10,8,0.0005333333333333334,8,1.0,1,none,0,0,0,8,8,1.0,0.27421899994806154,8,8,8,8,3,1,1,1,0,0.0,0
215,cold,positive,PACER-C,15000,64,10,8,0.0005333333333333334,8,1.0,1,none,0,0,0,8,8,1.0,0.19045099998038495,8,8,8,8,3,1,1,1,0,0.0,0
215,cold,positive,PACER-X,15000,64,10,8,0.0005333333333333334,8,1.0,1,none,0,0,0,8,8,1.0,0.1626320001832937,8,8,8,8,3,1,1,1,0,0.0,0
215,cold,positive,PACER-A-NoSlices,15000,64,10,8,0.0005333333333333334,8,1.0,1,none,0,0,0,8,8,1.0,1.7278020000048855,2400,8,2400,2400,11,11,0,1,0,0.0,1
215,cold,positive,PACER-A-NoBounds,15000,64,10,8,0.0005333333333333334,8,1.0,1,none,0,0,0,8,8,1.0,0.20317700000305194,8,8,8,8,1,1,1,1,0,0.0,0
215,cold,positive,StaleNoRecheck,15000,64,10,8,0.0005333333333333334,8,1.0,1,none,0,0,0,8,8,1.0,1.3629210000090097,1759,8,1759,1759,0,8,0,1,0,0.0,0
215,cold,positive,NaiveNoPolicy,15000,64,10,8,0.0005333333333333334,10,0.25,0,ranking_truncation,8,1,6,2,10,0.2,0.4261100000348961,1759,1759,1759,0,0,8,0,1,0,0.0,0
216,broad,positive,ExactSecure,15000,64,10,7242,0.4828,10,1.0,1,none,0,0,0,10,10,1.0,8.652530000063052,15000,7242,7242,15000,0,0,1,1,0,0.0,0
216,broad,positive,PreFilter-Exact,15000,64,10,7242,0.4828,10,1.0,1,none,0,0,0,10,10,1.0,9.283253999910812,15000,7242,7242,15000,0,0,1,1,0,0.0,0
216,broad,positive,BitmapSlice-Exact,15000,64,10,7242,0.4828,10,1.0,1,none,0,0,0,10,10,1.0,20.333230999995067,7719,7242,7242,7719,0,0,1,1,0,0.0,0
216,broad,positive,ScalarOnly,15000,64,10,7242,0.4828,10,0.0,0,ranking_truncation,0,0,0,10,10,1.0,8.195608000050925,15000,7242,0,15000,0,0,0,1,0,0.0,0
216,broad,positive,PostFilter-IVF,15000,64,10,7242,0.4828,10,0.9,0,ranking_truncation,0,0,0,10,10,1.0,1.344472000027963,1570,787,1570,1570,0,8,0,1,0,0.0,0
216,broad,positive,AdaptivePostFilter-IVF,15000,64,10,7242,0.4828,10,1.0,1,none,0,0,0,10,10,1.0,4.117217999919376,4800,2374,4800,4800,0,20,0,1,0,0.0,0
216,broad,positive,ExactPrefix-PostFilter,15000,64,10,7242,0.4828,10,1.0,1,none,0,0,0,10,10,1.0,3.4874309999395336,2400,1197,15000,2400,0,0,0,1,0,0.0,0
216,broad,positive,TenantPartition-IVF,15000,64,10,7242,0.4828,10,0.9,0,ranking_truncation,0,0,0,10,10,1.0,1.0811080001076334,1570,787,1570,1570,0,8,0,1,0,0.0,0
216,broad,positive,PreFilter-IVF,15000,64,10,7242,0.4828,10,0.9,0,ranking_truncation,0,0,0,10,10,1.0,1.67425000017829,1820,919,919,1820,8,8,0,1,0,0.0,0
216,broad,positive,PACER-A,15000,64,10,7242,0.4828,10,1.0,1,none,0,0,0,10,10,1.0,7.368304000010539,2400,2246,2400,2400,20,20,0,1,0,0.5230135023593903,1
216,broad,positive,PACER-C,15000,64,10,7242,0.4828,10,1.0,1,none,0,0,0,10,10,1.0,23.20620799991957,7719,7242,7719,7719,64,64,1,1,0,0.0,0
216,broad,positive,PACER-X,15000,64,10,7242,0.4828,10,1.0,1,none,0,0,0,10,10,1.0,22.931242000140628,7719,7242,7719,7719,64,64,1,1,0,0.0,0
216,broad,positive,PACER-A-NoSlices,15000,64,10,7242,0.4828,10,0.9,0,ranking_truncation,0,0,0,10,10,1.0,2.1819090000008146,2400,1180,2400,2400,11,11,0,1,0,0.5307663679122925,1
216,broad,positive,PACER-A-NoBounds,15000,64,10,7242,0.4828,10,1.0,1,none,0,0,0,10,10,1.0,7.267388999935065,2400,2243,2400,2400,19,19,0,1,0,0.0,1
216,broad,positive,StaleNoRecheck,15000,64,10,7242,0.4828,10,0.9,0,ranking_truncation,0,0,0,10,10,1.0,1.2170949999017466,1570,842,1570,1570,0,8,0,1,0,0.0,0
216,broad,positive,NaiveNoPolicy,15000,64,10,7242,0.4828,10,0.7,0,ranking_truncation,0,1,3,7,10,0.7,0.44233300013729604,1570,1570,1570,0,0,8,0,1,0,0.0,0
217,medium,positive,ExactSecure,15000,64,10,330,0.022,10,1.0,1,none,0,0,0,10,10,1.0,12.743175999958112,15000,330,330,15000,0,0,1,1,0,0.0,0
217,medium,positive,PreFilter-Exact,15000,64,10,330,0.022,10,1.0,1,none,0,0,0,10,10,1.0,13.28248499999063,15000,330,330,15000,0,0,1,1,0,0.0,0
217,medium,positive,BitmapSlice-Exact,15000,64,10,330,0.022,10,1.0,1,none,0,0,0,10,10,1.0,1.360169000008682,351,330,330,351,0,0,1,1,0,0.0,0
217,medium,positive,ScalarOnly,15000,64,10,330,0.022,10,0.0,0,ranking_truncation,0,0,0,10,10,1.0,8.193561999860322,15000,330,0,15000,0,0,0,1,0,0.0,0
217,medium,positive,PostFilter-IVF,15000,64,10,330,0.022,10,0.8,0,ranking_truncation,0,0,0,10,10,1.0,1.4427529999920807,1784,74,1784,1784,0,8,0,1,0,0.0,0
217,medium,positive,AdaptivePostFilter-IVF,15000,64,10,330,0.022,10,0.9,0,ranking_truncation,0,0,0,10,10,1.0,4.1146889998344705,4800,137,4800,4800,0,21,0,1,0,0.0,0
217,medium,positive,ExactPrefix-PostFilter,15000,64,10,330,0.022,10,1.0,1,none,0,0,0,10,10,1.0,3.1702600001608516,2400,88,15000,2400,0,0,0,1,0,0.0,0
217,medium,positive,TenantPartition-IVF,15000,64,10,330,0.022,10,0.8,0,ranking_truncation,0,0,0,10,10,1.0,1.0229710001112835,1784,74,1784,1784,0,8,0,1,0,0.0,0
217,medium,positive,PreFilter-IVF,15000,64,10,330,0.022,10,0.8,0,ranking_truncation,0,0,0,10,10,1.0,1.5283150000868773,1784,74,74,1784,8,8,0,1,0,0.0,0
217,medium,positive,PACER-A,15000,64,10,330,0.022,10,1.0,1,none,0,0,0,10,10,1.0,4.680422999854272,351,330,351,351,64,56,1,1,0,0.0,0
217,medium,positive,PACER-C,15000,64,10,330,0.022,10,1.0,1,none,0,0,0,10,10,1.0,4.658274999883361,351,330,351,351,64,56,1,1,0,0.0,0
217,medium,positive,PACER-X,15000,64,10,330,0.022,10,1.0,1,none,0,0,0,10,10,1.0,5.688266000106523,351,330,351,351,64,56,1,1,0,0.0,0
217,medium,positive,PACER-A-NoSlices,15000,64,10,330,0.022,10,0.8,0,ranking_truncation,0,0,0,10,10,1.0,2.359163000164699,2400,87,2400,2400,11,11,0,1,0,0.7276356220245361,1
217,medium,positive,PACER-A-NoBounds,15000,64,10,330,0.022,10,1.0,1,none,0,0,0,10,10,1.0,4.968250000047192,351,330,351,351,64,56,1,1,0,0.0,0
217,medium,positive,StaleNoRecheck,15000,64,10,330,0.022,10,0.8,0,ranking_truncation,0,1,0,9,10,0.9,1.5166040000167413,1784,80,1784,1784,0,8,0,1,0,0.0,0
217,medium,positive,NaiveNoPolicy,15000,64,10,330,0.022,10,0.1,0,ranking_truncation,6,1,7,1,10,0.1,0.5743210001583066,1784,1784,1784,0,0,8,0,1,0,0.0,0
218,narrow,positive,ExactSecure,15000,64,10,6,0.0004,6,1.0,1,none,0,0,0,6,6,1.0,7.582411999919714,15000,6,6,15000,0,0,1,1,0,0.0,0
218,narrow,positive,PreFilter-Exact,15000,64,10,6,0.0004,6,1.0,1,none,0,0,0,6,6,1.0,7.884332999992694,15000,6,6,15000,0,0,1,1,0,0.0,0
218,narrow,positive,BitmapSlice-Exact,15000,64,10,6,0.0004,6,1.0,1,none,0,0,0,6,6,1.0,0.10885900019275141,7,6,6,7,0,0,1,1,0,0.0,0
218,narrow,positive,ScalarOnly,15000,64,10,6,0.0004,6,1.0,0,ranking_truncation,0,0,0,6,6,1.0,7.93304600006195,15000,6,0,15000,0,0,0,1,0,0.0,0
218,narrow,positive,PostFilter-IVF,15000,64,10,6,0.0004,1,0.16666666666666666,0,candidate_starvation,0,0,0,1,1,1.0,1.787958000022627,1984,1,1984,1984,0,8,0,1,0,0.0,0
218,narrow,positive,AdaptivePostFilter-IVF,15000,64,10,6,0.0004,2,0.3333333333333333,0,candidate_starvation,0,0,0,2,2,1.0,4.3848220000199944,4800,2,4800,4800,0,20,0,1,0,0.0,0
218,narrow,positive,ExactPrefix-PostFilter,15000,64,10,6,0.0004,1,0.16666666666666666,0,candidate_starvation,0,0,0,1,1,1.0,3.258940000023358,2400,1,15000,2400,0,0,0,1,0,0.0,0
218,narrow,positive,TenantPartition-IVF,15000,64,10,6,0.0004,1,0.16666666666666666,0,candidate_starvation,0,0,0,1,1,1.0,0.9256270000150835,1984,1,1984,1984,0,8,0,1,0,0.0,0
218,narrow,positive,PreFilter-IVF,15000,64,10,6,0.0004,6,1.0,1,none,0,0,0,6,6,1.0,1.2329769999723794,1215,6,6,1215,64,5,0,1,0,0.0,0
218,narrow,positive,PACER-A,15000,64,10,6,0.0004,6,1.0,1,none,0,0,0,6,6,1.0,0.5042870000124822,7,6,7,7,62,5,1,1,0,0.0,0
218,narrow,positive,PACER-C,15000,64,10,6,0.0004,6,1.0,1,none,0,0,0,6,6,1.0,0.4933140000957792,7,6,7,7,62,5,1,1,0,0.0,0
218,narrow,positive,PACER-X,15000,64,10,6,0.0004,6,1.0,1,none,0,0,0,6,6,1.0,0.5295939999996335,7,6,7,7,62,5,1,1,0,0.0,0
218,narrow,positive,PACER-A-NoSlices,15000,64,10,6,0.0004,1,0.16666666666666666,0,candidate_starvation,0,0,0,1,1,1.0,1.8737949999376724,2400,1,2400,2400,10,10,0,1,0,0.0,1
218,narrow,positive,PACER-A-NoBounds,15000,64,10,6,0.0004,6,1.0,1,none,0,0,0,6,6,1.0,0.5119269999340759,7,6,7,7,64,5,1,1,0,0.0,0
218,narrow,positive,StaleNoRecheck,15000,64,10,6,0.0004,1,0.16666666666666666,0,candidate_starvation,0,0,0,1,1,1.0,1.453085000093779,1984,1,1984,1984,0,8,0,1,0,0.0,0
218,narrow,positive,NaiveNoPolicy,15000,64,10,6,0.0004,10,0.16666666666666666,0,ranking_truncation,9,2,9,1,10,0.1,0.5601649997970526,1984,1984,1984,0,0,8,0,1,0,0.0,0
219,cold,positive,ExactSecure,15000,64,10,4,0.0002666666666666667,4,1.0,1,none,0,0,0,4,4,1.0,7.98355699998865,15000,4,4,15000,0,0,1,1,0,0.0,0
219,cold,positive,PreFilter-Exact,15000,64,10,4,0.0002666666666666667,4,1.0,1,none,0,0,0,4,4,1.0,7.378020000032848,15000,4,4,15000,0,0,1,1,0,0.0,0
219,cold,positive,BitmapSlice-Exact,15000,64,10,4,0.0002666666666666667,4,1.0,1,none,0,0,0,4,4,1.0,0.11692399993989966,4,4,4,4,0,0,1,1,0,0.0,0
219,cold,positive,ScalarOnly,15000,64,10,4,0.0002666666666666667,4,1.0,0,ranking_truncation,0,0,0,4,4,1.0,8.656121999820243,15000,4,0,15000,0,0,0,1,0,0.0,0
219,cold,positive,PostFilter-IVF,15000,64,10,4,0.0002666666666666667,3,0.75,0,candidate_starvation,0,0,0,3,3,1.0,1.1805740000454534,1453,3,1453,1453,0,8,0,1,0,0.0,0
219,cold,positive,AdaptivePostFilter-IVF,15000,64,10,4,0.0002666666666666667,3,0.75,0,candidate_starvation,0,0,0,3,3,1.0,4.1781140000693995,4800,3,4800,4800,0,22,0,1,0,0.0,0
219,cold,positive,ExactPrefix-PostFilter,15000,64,10,4,0.0002666666666666667,1,0.25,0,candidate_starvation,0,0,0,1,1,1.0,3.5104559999581397,2400,1,15000,2400,0,0,0,1,0,0.0,0
219,cold,positive,TenantPartition-IVF,15000,64,10,4,0.0002666666666666667,3,0.75,0,candidate_starvation,0,0,0,3,3,1.0,0.7225249999009975,1453,3,1453,1453,0,8,0,1,0,0.0,0
219,cold,positive,PreFilter-IVF,15000,64,10,4,0.0002666666666666667,4,1.0,1,none,0,0,0,4,4,1.0,0.9779040001376416,615,4,4,615,64,3,0,1,0,0.0,0
219,cold,positive,PACER-A,15000,64,10,4,0.0002666666666666667,4,1.0,1,none,0,0,0,4,4,1.0,0.3662950000489218,4,4,4,4,55,3,1,1,0,0.0,0
219,cold,positive,PACER-C,15000,64,10,4,0.0002666666666666667,4,1.0,1,none,0,0,0,4,4,1.0,0.29130400002941315,4,4,4,4,55,3,1,1,0,0.0,0
219,cold,positive,PACER-X,15000,64,10,4,0.0002666666666666667,4,1.0,1,none,0,0,0,4,4,1.0,0.2835220000179106,4,4,4,4,55,3,1,1,0,0.0,0
219,cold,positive,PACER-A-NoSlices,15000,64,10,4,0.0002666666666666667,3,0.75,0,candidate_starvation,0,0,0,3,3,1.0,1.9093809999048972,2400,3,2400,2400,12,12,0,1,0,0.0,1
219,cold,positive,PACER-A-NoBounds,15000,64,10,4,0.0002666666666666667,4,1.0,1,none,0,0,0,4,4,1.0,0.29721700002482976,4,4,4,4,54,3,1,1,0,0.0,0
219,cold,positive,StaleNoRecheck,15000,64,10,4,0.0002666666666666667,3,0.75,0,candidate_starvation,0,0,0,3,3,1.0,1.0771119998480572,1453,3,1453,1453,0,8,0,1,0,0.0,0
219,cold,positive,NaiveNoPolicy,15000,64,10,4,0.0002666666666666667,10,0.25,0,ranking_truncation,9,1,9,1,10,0.1,0.39824300006330304,1453,1453,1453,0,0,8,0,1,0,0.0,0
220,broad,positive,ExactSecure,15000,64,10,6823,0.45486666666666664,10,1.0,1,none,0,0,0,10,10,1.0,18.467283000063617,15000,6823,6823,15000,0,0,1,1,0,0.0,0
220,broad,positive,PreFilter-Exact,15000,64,10,6823,0.45486666666666664,10,1.0,1,none,0,0,0,10,10,1.0,8.226966999927754,15000,6823,6823,15000,0,0,1,1,0,0.0,0
220,broad,positive,BitmapSlice-Exact,15000,64,10,6823,0.45486666666666664,10,1.0,1,none,0,0,0,10,10,1.0,16.16568500003268,7261,6823,6823,7261,0,0,1,1,0,0.0,0
220,broad,positive,ScalarOnly,15000,64,10,6823,0.45486666666666664,10,0.0,0,ranking_truncation,0,0,0,10,10,1.0,8.146312999997463,15000,6823,0,15000,0,0,0,1,0,0.0,0
220,broad,positive,PostFilter-IVF,15000,64,10,6823,0.45486666666666664,10,0.7,0,ranking_truncation,0,0,0,10,10,1.0,1.6709260000880022,1422,579,1422,1422,0,8,0,1,0,0.0,0
220,broad,positive,AdaptivePostFilter-IVF,15000,64,10,6823,0.45486666666666664,10,1.0,1,none,0,0,0,10,10,1.0,5.089300999998159,4800,2134,4800,4800,0,23,0,1,0,0.0,0
220,broad,positive,ExactPrefix-PostFilter,15000,64,10,6823,0.45486666666666664,10,1.0,1,none,0,0,0,10,10,1.0,3.790175999938583,2400,1039,15000,2400,0,0,0,1,0,0.0,0
220,broad,positive,TenantPartition-IVF,15000,64,10,6823,0.45486666666666664,10,0.7,0,ranking_truncation,0,0,0,10,10,1.0,1.1640329998954257,1422,579,1422,1422,0,8,0,1,0,0.0,0
220,broad,positive,PreFilter-IVF,15000,64,10,6823,0.45486666666666664,10,0.7,0,ranking_truncation,0,0,0,10,10,1.0,1.8667249998998159,1422,579,579,1422,8,8,0,1,0,0.0,0
220,broad,positive,PACER-A,15000,64,10,6823,0.45486666666666664,10,1.0,1,none,0,0,0,10,10,1.0,7.483563000050708,2400,2250,2400,2400,23,23,0,1,0,0.6187262535095215,1
220,broad,positive,PACER-C,15000,64,10,6823,0.45486666666666664,10,1.0,1,none,0,0,0,10,10,1.0,20.94835899993086,7261,6823,7261,7261,64,64,1,1,0,0.0,0
220,broad,positive,PACER-X,15000,64,10,6823,0.45486666666666664,10,1.0,1,none,0,0,0,10,10,1.0,20.754941000177496,7261,6823,7261,7261,64,64,1,1,0,0.0,0
220,broad,positive,PACER-A-NoSlices,15000,64,10,6823,0.45486666666666664,10,0.8,0,ranking_truncation,0,0,0,10,10,1.0,2.6759429999856366,2400,979,2400,2400,13,13,0,1,0,0.6418758034706116,1
220,broad,positive,PACER-A-NoBounds,15000,64,10,6823,0.45486666666666664,10,1.0,1,none,0,0,0,10,10,1.0,8.222390999890195,2400,2248,2400,2400,26,26,0,1,0,0.0,1
220,broad,positive,StaleNoRecheck,15000,64,10,6823,0.45486666666666664,10,0.7,0,ranking_truncation,0,1,0,9,10,0.9,1.1968040000738256,1422,635,1422,1422,0,8,0,1,0,0.0,0
220,broad,positive,NaiveNoPolicy,15000,64,10,6823,0.45486666666666664,10,0.2,0,ranking_truncation,0,1,8,2,10,0.2,0.5053780000707775,1422,1422,1422,0,0,8,0,1,0,0.0,0
221,medium,positive,ExactSecure,15000,64,10,349,0.023266666666666668,10,1.0,1,none,0,0,0,10,10,1.0,7.848643999977867,15000,349,349,15000,0,0,1,1,0,0.0,0
221,medium,positive,PreFilter-Exact,15000,64,10,349,0.023266666666666668,10,1.0,1,none,0,0,0,10,10,1.0,7.67344700011563,15000,349,349,15000,0,0,1,1,0,0.0,0
221,medium,positive,BitmapSlice-Exact,15000,64,10,349,0.023266666666666668,10,1.0,1,none,0,0,0,10,10,1.0,0.9886139998798171,379,349,349,379,0,0,1,1,0,0.0,0
221,medium,positive,ScalarOnly,15000,64,10,349,0.023266666666666668,10,0.0,0,ranking_truncation,0,0,0,10,10,1.0,7.6129279998440325,15000,349,0,15000,0,0,0,1,0,0.0,0
221,medium,positive,PostFilter-IVF,15000,64,10,349,0.023266666666666668,10,0.4,0,ranking_truncation,0,0,0,10,10,1.0,1.2845139999626554,1429,33,1429,1429,0,8,0,1,0,0.0,0
221,medium,positive,AdaptivePostFilter-IVF,15000,64,10,349,0.023266666666666668,10,0.5,0,ranking_truncation,0,0,0,10,10,1.0,3.9857589999883203,4800,106,4800,4800,0,21,0,1,0,0.0,0
221,medium,positive,ExactPrefix-PostFilter,15000,64,10,349,0.023266666666666668,10,1.0,1,none,0,0,0,10,10,1.0,3.259969999817258,2400,61,15000,2400,0,0,0,1,0,0.0,0
221,medium,positive,TenantPartition-IVF,15000,64,10,349,0.023266666666666668,10,0.4,0,ranking_truncation,0,0,0,10,10,1.0,0.7706379999490309,1429,33,1429,1429,0,8,0,1,0,0.0,0
221,medium,positive,PreFilter-IVF,15000,64,10,349,0.023266666666666668,10,0.4,0,ranking_truncation,0,0,0,10,10,1.0,1.4596650000839873,1628,39,39,1628,9,8,0,1,0,0.0,0
221,medium,positive,PACER-A,15000,64,10,349,0.023266666666666668,10,1.0,1,none,0,0,0,10,10,1.0,5.321036999930584,379,349,379,379,64,53,1,1,0,0.0,0
221,medium,positive,PACER-C,15000,64,10,349,0.023266666666666668,10,1.0,1,none,0,0,0,10,10,1.0,5.205273000001398,379,349,379,379,64,53,1,1,0,0.0,0
221,medium,positive,PACER-X,15000,64,10,349,0.023266666666666668,10,1.0,1,none,0,0,0,10,10,1.0,4.753776000143262,379,349,379,379,64,53,1,1,0,0.0,0
221,medium,positive,PACER-A-NoSlices,15000,64,10,349,0.023266666666666668,10,0.4,0,ranking_truncation,0,0,0,10,10,1.0,2.3440669999672537,2400,46,2400,2400,12,12,0,1,0,0.8021930754184723,1
221,medium,positive,PACER-A-NoBounds,15000,64,10,349,0.023266666666666668,10,1.0,1,none,0,0,0,10,10,1.0,4.792253000005076,379,349,379,379,64,53,1,1,0,0.0,0
221,medium,positive,StaleNoRecheck,15000,64,10,349,0.023266666666666668,10,0.4,0,ranking_truncation,0,1,0,9,10,0.9,1.0950629998660588,1429,35,1429,1429,0,8,0,1,0,0.0,0
221,medium,positive,NaiveNoPolicy,15000,64,10,349,0.023266666666666668,10,0.1,0,ranking_truncation,5,3,9,1,10,0.1,0.36118399998485984,1429,1429,1429,0,0,8,0,1,0,0.0,0
222,narrow,positive,ExactSecure,15000,64,10,5,0.0003333333333333333,5,1.0,1,none,0,0,0,5,5,1.0,7.1903169998677186,15000,5,5,15000,0,0,1,1,0,0.0,0
222,narrow,positive,PreFilter-Exact,15000,64,10,5,0.0003333333333333333,5,1.0,1,none,0,0,0,5,5,1.0,7.394582999950217,15000,5,5,15000,0,0,1,1,0,0.0,0
222,narrow,positive,BitmapSlice-Exact,15000,64,10,5,0.0003333333333333333,5,1.0,1,none,0,0,0,5,5,1.0,0.08966099994722754,6,5,5,6,0,0,1,1,0,0.0,0
222,narrow,positive,ScalarOnly,15000,64,10,5,0.0003333333333333333,5,1.0,0,ranking_truncation,0,0,0,5,5,1.0,7.284019999815428,15000,5,0,15000,0,0,0,1,0,0.0,0
222,narrow,positive,PostFilter-IVF,15000,64,10,5,0.0003333333333333333,0,0.0,0,candidate_starvation,0,0,0,0,0,1.0,1.6508840001279168,2209,0,2209,2209,0,8,0,1,0,0.0,0
222,narrow,positive,AdaptivePostFilter-IVF,15000,64,10,5,0.0003333333333333333,4,0.8,0,candidate_starvation,0,0,0,4,4,1.0,3.9162359998954344,4800,4,4800,4800,0,19,0,1,0,0.0,0
222,narrow,positive,ExactPrefix-PostFilter,15000,64,10,5,0.0003333333333333333,5,1.0,1,none,0,0,0,5,5,1.0,3.1078140000317944,2400,5,15000,2400,0,0,0,1,0,0.0,0
222,narrow,positive,TenantPartition-IVF,15000,64,10,5,0.0003333333333333333,0,0.0,0,candidate_starvation,0,0,0,0,0,1.0,0.8735219998925459,2209,0,2209,2209,0,8,0,1,0,0.0,0
222,narrow,positive,PreFilter-IVF,15000,64,10,5,0.0003333333333333333,5,1.0,1,none,0,0,0,5,5,1.0,1.1760699999285862,857,5,5,857,64,3,0,1,0,0.0,0
222,narrow,positive,PACER-A,15000,64,10,5,0.0003333333333333333,5,1.0,1,none,0,0,0,5,5,1.0,0.36757500015482947,6,5,6,6,20,3,1,1,0,0.0,0
222,narrow,positive,PACER-C,15000,64,10,5,0.0003333333333333333,5,1.0,1,none,0,0,0,5,5,1.0,0.37239500011310156,6,5,6,6,20,3,1,1,0,0.0,0
222,narrow,positive,PACER-X,15000,64,10,5,0.0003333333333333333,5,1.0,1,none,0,0,0,5,5,1.0,0.31652899997425266,6,5,6,6,20,3,1,1,0,0.0,0
222,narrow,positive,PACER-A-NoSlices,15000,64,10,5,0.0003333333333333333,3,0.6,0,candidate_starvation,0,0,0,3,3,1.0,1.6106319999380503,2400,3,2400,2400,9,9,0,1,0,0.0,1
222,narrow,positive,PACER-A-NoBounds,15000,64,10,5,0.0003333333333333333,5,1.0,1,none,0,0,0,5,5,1.0,0.31272199998966244,6,5,6,6,23,3,1,1,0,0.0,0
222,narrow,positive,StaleNoRecheck,15000,64,10,5,0.0003333333333333333,0,0.0,0,candidate_starvation,0,0,0,0,0,1.0,1.6291389999878447,2209,0,2209,2209,0,8,0,1,0,0.0,0
222,narrow,positive,NaiveNoPolicy,15000,64,10,5,0.0003333333333333333,10,0.0,0,ranking_truncation,9,1,10,0,10,0.0,0.5858219999481662,2209,2209,2209,0,0,8,0,1,0,0.0,0
223,cold,positive,ExactSecure,15000,64,10,2,0.00013333333333333334,2,1.0,1,none,0,0,0,2,2,1.0,7.101904000137438,15000,2,2,15000,0,0,1,1,0,0.0,0
223,cold,positive,PreFilter-Exact,15000,64,10,2,0.00013333333333333334,2,1.0,1,none,0,0,0,2,2,1.0,7.275602999925468,15000,2,2,15000,0,0,1,1,0,0.0,0
223,cold,positive,BitmapSlice-Exact,15000,64,10,2,0.00013333333333333334,2,1.0,1,none,0,0,0,2,2,1.0,0.0757999998768355,2,2,2,2,0,0,1,1,0,0.0,0
223,cold,positive,ScalarOnly,15000,64,10,2,0.00013333333333333334,2,1.0,0,ranking_truncation,0,0,0,2,2,1.0,6.751060999931724,15000,2,0,15000,0,0,0,1,0,0.0,0
223,cold,positive,PostFilter-IVF,15000,64,10,2,0.00013333333333333334,1,0.5,0,candidate_starvation,0,0,0,1,1,1.0,1.4254259999688657,1958,1,1958,1958,0,8,0,1,0,0.0,0
223,cold,positive,AdaptivePostFilter-IVF,15000,64,10,2,0.00013333333333333334,1,0.5,0,candidate_starvation,0,0,0,1,1,1.0,3.858993999983795,4800,1,4800,4800,0,22,0,1,0,0.0,0
223,cold,positive,ExactPrefix-PostFilter,15000,64,10,2,0.00013333333333333334,1,0.5,0,candidate_starvation,0,0,0,1,1,1.0,3.3233320000363165,2400,1,15000,2400,0,0,0,1,0,0.0,0
223,cold,positive,TenantPartition-IVF,15000,64,10,2,0.00013333333333333334,1,0.5,0,candidate_starvation,0,0,0,1,1,1.0,0.7575380000162113,1958,1,1958,1958,0,8,0,1,0,0.0,0
223,cold,positive,PreFilter-IVF,15000,64,10,2,0.00013333333333333334,2,1.0,1,none,0,0,0,2,2,1.0,0.7374069998604682,582,2,2,582,64,2,0,1,0,0.0,0
223,cold,positive,PACER-A,15000,64,10,2,0.00013333333333333334,2,1.0,1,none,0,0,0,2,2,1.0,0.27736099991670926,2,2,2,2,43,2,1,1,0,0.0,0
223,cold,positive,PACER-C,15000,64,10,2,0.00013333333333333334,2,1.0,1,none,0,0,0,2,2,1.0,0.22967600011725153,2,2,2,2,43,2,1,1,0,0.0,0
223,cold,positive,PACER-X,15000,64,10,2,0.00013333333333333334,2,1.0,1,none,0,0,0,2,2,1.0,0.21784899990962003,2,2,2,2,43,2,1,1,0,0.0,0
223,cold,positive,PACER-A-NoSlices,15000,64,10,2,0.00013333333333333334,1,0.5,0,candidate_starvation,0,0,0,1,1,1.0,1.63382100004128,2400,1,2400,2400,10,10,0,1,0,0.0,1
223,cold,positive,PACER-A-NoBounds,15000,64,10,2,0.00013333333333333334,2,1.0,1,none,0,0,0,2,2,1.0,0.2357890000439511,2,2,2,2,46,2,1,1,0,0.0,0
223,cold,positive,StaleNoRecheck,15000,64,10,2,0.00013333333333333334,1,0.5,0,candidate_starvation,0,0,0,1,1,1.0,1.3845120001860778,1958,1,1958,1958,0,8,0,1,0,0.0,0
223,cold,positive,NaiveNoPolicy,15000,64,10,2,0.00013333333333333334,10,0.5,0,ranking_truncation,9,0,7,1,10,0.1,0.6611480000628944,1958,1958,1958,0,0,8,0,1,0,0.0,0
224,broad,positive,ExactSecure,15000,64,10,6891,0.4594,10,1.0,1,none,0,0,0,10,10,1.0,7.640574000106426,15000,6891,6891,15000,0,0,1,1,0,0.0,0
224,broad,positive,PreFilter-Exact,15000,64,10,6891,0.4594,10,1.0,1,none,0,0,0,10,10,1.0,8.454163999886077,15000,6891,6891,15000,0,0,1,1,0,0.0,0
224,broad,positive,BitmapSlice-Exact,15000,64,10,6891,0.4594,10,1.0,1,none,0,0,0,10,10,1.0,16.80918700003531,7626,6891,6891,7626,0,0,1,1,0,0.0,0
224,broad,positive,ScalarOnly,15000,64,10,6891,0.4594,10,0.0,0,ranking_truncation,0,0,0,10,10,1.0,7.3918410000715085,15000,6891,0,15000,0,0,0,1,0,0.0,0
224,broad,positive,PostFilter-IVF,15000,64,10,6891,0.4594,10,0.9,0,ranking_truncation,0,0,0,10,10,1.0,1.7198530001678591,2009,791,2009,2009,0,8,0,1,0,0.0,0
224,broad,positive,AdaptivePostFilter-IVF,15000,64,10,6891,0.4594,10,1.0,1,none,0,0,0,10,10,1.0,4.152369999928851,4800,2161,4800,4800,0,22,0,1,0,0.0,0
224,broad,positive,ExactPrefix-PostFilter,15000,64,10,6891,0.4594,10,1.0,1,none,0,0,0,10,10,1.0,3.4875320000082866,2400,1074,15000,2400,0,0,0,1,0,0.0,0
224,broad,positive,TenantPartition-IVF,15000,64,10,6891,0.4594,10,0.9,0,ranking_truncation,0,0,0,10,10,1.0,1.4214140001058695,2009,791,2009,2009,0,8,0,1,0,0.0,0
224,broad,positive,PreFilter-IVF,15000,64,10,6891,0.4594,10,0.8,0,ranking_truncation,0,0,0,10,10,1.0,1.942929999813714,2138,825,825,2138,8,8,0,1,0,0.0,0
224,broad,positive,PACER-A,15000,64,10,6891,0.4594,10,1.0,1,none,0,0,0,10,10,1.0,7.458751999820379,2400,2158,2400,2400,22,22,0,1,0,0.6088832318782806,1
224,broad,positive,PACER-C,15000,64,10,6891,0.4594,10,1.0,1,none,0,0,0,10,10,1.0,21.552527000039845,7626,6891,7626,7626,64,64,1,1,0,0.0,0
224,broad,positive,PACER-X,15000,64,10,6891,0.4594,10,1.0,1,none,0,0,0,10,10,1.0,21.49699699998564,7626,6891,7626,7626,64,64,1,1,0,0.0,0
224,broad,positive,PACER-A-NoSlices,15000,64,10,6891,0.4594,10,0.9,0,ranking_truncation,0,0,0,10,10,1.0,2.055313000028036,2400,948,2400,2400,10,10,0,1,0,0.6221533417701721,1
224,broad,positive,PACER-A-NoBounds,15000,64,10,6891,0.4594,10,1.0,1,none,0,0,0,10,10,1.0,7.162371999811512,2400,2155,2400,2400,22,22,0,1,0,0.0,1
224,broad,positive,StaleNoRecheck,15000,64,10,6891,0.4594,10,0.9,0,ranking_truncation,0,0,0,10,10,1.0,1.6043390000959334,2009,886,2009,2009,0,8,0,1,0,0.0,0
224,broad,positive,NaiveNoPolicy,15000,64,10,6891,0.4594,10,0.5,0,ranking_truncation,0,0,5,5,10,0.5,0.5224869998983195,2009,2009,2009,0,0,8,0,1,0,0.0,0
225,medium,positive,ExactSecure,15000,64,10,360,0.024,10,1.0,1,none,0,0,0,10,10,1.0,7.372663999831275,15000,360,360,15000,0,0,1,1,0,0.0,0
225,medium,positive,PreFilter-Exact,15000,64,10,360,0.024,10,1.0,1,none,0,0,0,10,10,1.0,7.433885000182272,15000,360,360,15000,0,0,1,1,0,0.0,0
225,medium,positive,BitmapSlice-Exact,15000,64,10,360,0.024,10,1.0,1,none,0,0,0,10,10,1.0,1.0323559999960708,413,360,360,413,0,0,1,1,0,0.0,0
225,medium,positive,ScalarOnly,15000,64,10,360,0.024,10,0.0,0,ranking_truncation,0,0,0,10,10,1.0,7.649995000065246,15000,360,0,15000,0,0,0,1,0,0.0,0
225,medium,positive,PostFilter-IVF,15000,64,10,360,0.024,10,0.6,0,ranking_truncation,0,0,0,10,10,1.0,1.5617770000062592,2141,30,2141,2141,0,8,0,1,0,0.0,0
225,medium,positive,AdaptivePostFilter-IVF,15000,64,10,360,0.024,10,0.8,0,ranking_truncation,0,0,0,10,10,1.0,3.740203000006659,4800,65,4800,4800,0,21,0,1,0,0.0,0
225,medium,positive,ExactPrefix-PostFilter,15000,64,10,360,0.024,10,1.0,1,none,0,0,0,10,10,1.0,3.1331090001458506,2400,39,15000,2400,0,0,0,1,0,0.0,0
225,medium,positive,TenantPartition-IVF,15000,64,10,360,0.024,10,0.6,0,ranking_truncation,0,0,0,10,10,1.0,0.9791759998734051,2141,30,2141,2141,0,8,0,1,0,0.0,0
225,medium,positive,PreFilter-IVF,15000,64,10,360,0.024,10,0.6,0,ranking_truncation,0,0,0,10,10,1.0,1.6498299999057053,2264,32,32,2264,8,8,0,1,0,0.0,0
225,medium,positive,PACER-A,15000,64,10,360,0.024,10,1.0,1,none,0,0,0,10,10,1.0,4.935015000000931,413,360,413,413,64,57,1,1,0,0.0,0
225,medium,positive,PACER-C,15000,64,10,360,0.024,10,1.0,1,none,0,0,0,10,10,1.0,4.714800000101604,413,360,413,413,64,57,1,1,0,0.0,0
225,medium,positive,PACER-X,15000,64,10,360,0.024,10,1.0,1,none,0,0,0,10,10,1.0,4.755690999900253,413,360,413,413,64,57,1,1,0,0.0,0
225,medium,positive,PACER-A-NoSlices,15000,64,10,360,0.024,10,0.6,0,ranking_truncation,0,0,0,10,10,1.0,1.7948719998912566,2400,32,2400,2400,9,9,0,1,0,0.7885451316833496,1
225,medium,positive,PACER-A-NoBounds,15000,64,10,360,0.024,10,1.0,1,none,0,0,0,10,10,1.0,4.6011720000933565,413,360,413,413,64,57,1,1,0,0.0,0
225,medium,positive,StaleNoRecheck,15000,64,10,360,0.024,10,0.6,0,ranking_truncation,0,1,0,9,10,0.9,1.5501520001635072,2141,35,2141,2141,0,8,0,1,0,0.0,0
225,medium,positive,NaiveNoPolicy,15000,64,10,360,0.024,10,0.1,0,ranking_truncation,8,1,8,1,10,0.1,0.5309450000368088,2141,2141,2141,0,0,8,0,1,0,0.0,0
226,narrow,positive,ExactSecure,15000,64,10,8,0.0005333333333333334,8,1.0,1,none,0,0,0,8,8,1.0,6.867334999924424,15000,8,8,15000,0,0,1,1,0,0.0,0
226,narrow,positive,PreFilter-Exact,15000,64,10,8,0.0005333333333333334,8,1.0,1,none,0,0,0,8,8,1.0,7.022820999964097,15000,8,8,15000,0,0,1,1,0,0.0,0
226,narrow,positive,BitmapSlice-Exact,15000,64,10,8,0.0005333333333333334,8,1.0,1,none,0,0,0,8,8,1.0,0.08958100011113856,10,8,8,10,0,0,1,1,0,0.0,0
226,narrow,positive,ScalarOnly,15000,64,10,8,0.0005333333333333334,8,1.0,0,ranking_truncation,0,0,0,8,8,1.0,6.789616999867576,15000,8,0,15000,0,0,0,1,0,0.0,0
226,narrow,positive,PostFilter-IVF,15000,64,10,8,0.0005333333333333334,4,0.5,0,candidate_starvation,0,0,0,4,4,1.0,1.2680089998866606,1838,4,1838,1838,0,8,0,1,0,0.0,0
226,narrow,positive,AdaptivePostFilter-IVF,15000,64,10,8,0.0005333333333333334,7,0.875,0,candidate_starvation,0,0,0,7,7,1.0,3.6862479998944764,4800,7,4800,4800,0,23,0,1,0,0.0,0
226,narrow,positive,ExactPrefix-PostFilter,15000,64,10,8,0.0005333333333333334,4,0.5,0,candidate_starvation,0,0,0,4,4,1.0,2.9122500000084983,2400,4,15000,2400,0,0,0,1,0,0.0,0
226,narrow,positive,TenantPartition-IVF,15000,64,10,8,0.0005333333333333334,4,0.5,0,candidate_starvation,0,0,0,4,4,1.0,0.7242279998536105,1838,4,1838,1838,0,8,0,1,0,0.0,0
226,narrow,positive,PreFilter-IVF,15000,64,10,8,0.0005333333333333334,8,1.0,1,none,0,0,0,8,8,1.0,1.1280490000444843,1061,8,8,1061,64,5,0,1,0,0.0,0
226,narrow,positive,PACER-A,15000,64,10,8,0.0005333333333333334,8,1.0,1,none,0,0,0,8,8,1.0,0.43935200005762454,10,8,10,10,48,5,1,1,0,0.0,0
226,narrow,positive,PACER-C,15000,64,10,8,0.0005333333333333334,8,1.0,1,none,0,0,0,8,8,1.0,0.3892360000463668,10,8,10,10,48,5,1,1,0,0.0,0
226,narrow,positive,PACER-X,15000,64,10,8,0.0005333333333333334,8,1.0,1,none,0,0,0,8,8,1.0,0.4083859998900152,10,8,10,10,48,5,1,1,0,0.0,0
226,narrow,positive,PACER-A-NoSlices,15000,64,10,8,0.0005333333333333334,6,0.75,0,candidate_starvation,0,0,0,6,6,1.0,1.6730479999296222,2400,6,2400,2400,13,13,0,1,0,0.0,1
226,narrow,positive,PACER-A-NoBounds,15000,64,10,8,0.0005333333333333334,8,1.0,1,none,0,0,0,8,8,1.0,0.3888229998665338,10,8,10,10,44,5,1,1,0,0.0,0
226,narrow,positive,StaleNoRecheck,15000,64,10,8,0.0005333333333333334,4,0.5,0,candidate_starvation,0,0,0,4,4,1.0,1.2955199999851175,1838,4,1838,1838,0,8,0,1,0,0.0,0
226,narrow,positive,NaiveNoPolicy,15000,64,10,8,0.0005333333333333334,10,0.125,0,ranking_truncation,8,0,9,1,10,0.1,0.40715699992688315,1838,1838,1838,0,0,8,0,1,0,0.0,0
227,cold,positive,ExactSecure,15000,64,10,5,0.0003333333333333333,5,1.0,1,none,0,0,0,5,5,1.0,6.781130000035773,15000,5,5,15000,0,0,1,1,0,0.0,0
227,cold,positive,PreFilter-Exact,15000,64,10,5,0.0003333333333333333,5,1.0,1,none,0,0,0,5,5,1.0,7.184696999956941,15000,5,5,15000,0,0,1,1,0,0.0,0
227,cold,positive,BitmapSlice-Exact,15000,64,10,5,0.0003333333333333333,5,1.0,1,none,0,0,0,5,5,1.0,0.08635800008960359,5,5,5,5,0,0,1,1,0,0.0,0
227,cold,positive,ScalarOnly,15000,64,10,5,0.0003333333333333333,5,1.0,0,ranking_truncation,0,0,0,5,5,1.0,6.88939799988475,15000,5,0,15000,0,0,0,1,0,0.0,0
227,cold,positive,PostFilter-IVF,15000,64,10,5,0.0003333333333333333,0,0.0,0,candidate_starvation,0,0,0,0,0,1.0,1.1240610001550522,1462,0,1462,1462,0,8,0,1,0,0.0,0
227,cold,positive,AdaptivePostFilter-IVF,15000,64,10,5,0.0003333333333333333,3,0.6,0,candidate_starvation,0,0,0,3,3,1.0,3.8185180001164554,4800,3,4800,4800,0,21,0,1,0,0.0,0
227,cold,positive,ExactPrefix-PostFilter,15000,64,10,5,0.0003333333333333333,2,0.4,0,candidate_starvation,0,0,0,2,2,1.0,3.263101000129609,2400,2,15000,2400,0,0,0,1,0,0.0,0
227,cold,positive,TenantPartition-IVF,15000,64,10,5,0.0003333333333333333,0,0.0,0,candidate_starvation,0,0,0,0,0,1.0,0.6224259998361958,1462,0,1462,1462,0,8,0,1,0,0.0,0
227,cold,positive,PreFilter-IVF,15000,64,10,5,0.0003333333333333333,5,1.0,1,none,0,0,0,5,5,1.0,1.01353999980347,683,5,5,683,64,3,0,1,0,0.0,0
227,cold,positive,PACER-A,15000,64,10,5,0.0003333333333333333,5,1.0,1,none,0,0,0,5,5,1.0,0.3554570000687818,5,5,5,5,53,3,1,1,0,0.0,0
227,cold,positive,PACER-C,15000,64,10,5,0.0003333333333333333,5,1.0,1,none,0,0,0,5,5,1.0,0.2871260001029441,5,5,5,5,53,3,1,1,0,0.0,0
227,cold,positive,PACER-X,15000,64,10,5,0.0003333333333333333,5,1.0,1,none,0,0,0,5,5,1.0,0.30596700003115984,5,5,5,5,53,3,1,1,0,0.0,0
227,cold,positive,PACER-A-NoSlices,15000,64,10,5,0.0003333333333333333,2,0.4,0,candidate_starvation,0,0,0,2,2,1.0,1.657214999795542,2400,2,2400,2400,11,11,0,1,0,0.0,1
227,cold,positive,PACER-A-NoBounds,15000,64,10,5,0.0003333333333333333,5,1.0,1,none,0,0,0,5,5,1.0,0.30015999982424546,5,5,5,5,44,3,1,1,0,0.0,0
227,cold,positive,StaleNoRecheck,15000,64,10,5,0.0003333333333333333,0,0.0,0,candidate_starvation,0,0,0,0,0,1.0,1.0066959998766833,1462,0,1462,1462,0,8,0,1,0,0.0,0
227,cold,positive,NaiveNoPolicy,15000,64,10,5,0.0003333333333333333,10,0.0,0,ranking_truncation,10,0,10,0,10,0.0,0.38153900004544994,1462,1462,1462,0,0,8,0,1,0,0.0,0
228,broad,positive,ExactSecure,15000,64,10,6615,0.441,10,1.0,1,none,0,0,0,10,10,1.0,8.844529999805673,15000,6615,6615,15000,0,0,1,1,0,0.0,0
228,broad,positive,PreFilter-Exact,15000,64,10,6615,0.441,10,1.0,1,none,0,0,0,10,10,1.0,7.9887229999258125,15000,6615,6615,15000,0,0,1,1,0,0.0,0
228,broad,positive,BitmapSlice-Exact,15000,64,10,6615,0.441,10,1.0,1,none,0,0,0,10,10,1.0,15.704362000178662,7288,6615,6615,7288,0,0,1,1,0,0.0,0
228,broad,positive,ScalarOnly,15000,64,10,6615,0.441,10,0.0,0,ranking_truncation,0,0,0,10,10,1.0,7.057673999952385,15000,6615,0,15000,0,0,0,1,0,0.0,0
228,broad,positive,PostFilter-IVF,15000,64,10,6615,0.441,10,0.9,0,ranking_truncation,0,0,0,10,10,1.0,1.4566479999302828,1861,805,1861,1861,0,8,0,1,0,0.0,0
228,broad,positive,AdaptivePostFilter-IVF,15000,64,10,6615,0.441,10,1.0,1,none,0,0,0,10,10,1.0,3.836330000012822,4800,2184,4800,4800,0,21,0,1,0,0.0,0
228,broad,positive,ExactPrefix-PostFilter,15000,64,10,6615,0.441,10,1.0,1,none,0,0,0,10,10,1.0,3.172886000129438,2400,1061,15000,2400,0,0,0,1,0,0.0,0
228,broad,positive,TenantPartition-IVF,15000,64,10,6615,0.441,10,0.9,0,ranking_truncation,0,0,0,10,10,1.0,1.2608829999862792,1861,805,1861,1861,0,8,0,1,0,0.0,0
228,broad,positive,PreFilter-IVF,15000,64,10,6615,0.441,10,0.9,0,ranking_truncation,0,0,0,10,10,1.0,1.9284420000076352,1942,884,884,1942,8,8,0,1,0,0.0,0
228,broad,positive,PACER-A,15000,64,10,6615,0.441,10,1.0,1,none,0,0,0,10,10,1.0,8.373680999966382,2400,2190,2400,2400,21,21,0,1,0,0.609917938709259,1
228,broad,positive,PACER-C,15000,64,10,6615,0.441,10,1.0,1,none,0,0,0,10,10,1.0,20.97524999999223,7288,6615,7288,7288,64,64,1,1,0,0.0,0
228,broad,positive,PACER-X,15000,64,10,6615,0.441,10,1.0,1,none,0,0,0,10,10,1.0,21.04244099996322,7288,6615,7288,7288,64,64,1,1,0,0.0,0
228,broad,positive,PACER-A-NoSlices,15000,64,10,6615,0.441,10,0.9,0,ranking_truncation,0,0,0,10,10,1.0,2.072532000056526,2400,1123,2400,2400,11,11,0,1,0,0.6200205087661743,1
228,broad,positive,PACER-A-NoBounds,15000,64,10,6615,0.441,10,1.0,1,none,0,0,0,10,10,1.0,6.828766999888103,2400,2190,2400,2400,21,21,0,1,0,0.0,1
228,broad,positive,StaleNoRecheck,15000,64,10,6615,0.441,10,0.9,0,ranking_truncation,0,0,0,10,10,1.0,1.554193999936615,1861,875,1861,1861,0,8,0,1,0,0.0,0
228,broad,positive,NaiveNoPolicy,15000,64,10,6615,0.441,10,0.5,0,ranking_truncation,0,0,5,5,10,0.5,0.5908489999910671,1861,1861,1861,0,0,8,0,1,0,0.0,0
229,medium,positive,ExactSecure,15000,64,10,390,0.026,10,1.0,1,none,0,0,0,10,10,1.0,7.237696999936816,15000,390,390,15000,0,0,1,1,0,0.0,0
229,medium,positive,PreFilter-Exact,15000,64,10,390,0.026,10,1.0,1,none,0,0,0,10,10,1.0,7.148078000000169,15000,390,390,15000,0,0,1,1,0,0.0,0
229,medium,positive,BitmapSlice-Exact,15000,64,10,390,0.026,10,1.0,1,none,0,0,0,10,10,1.0,1.083928999833006,439,390,390,439,0,0,1,1,0,0.0,0
229,medium,positive,ScalarOnly,15000,64,10,390,0.026,10,0.0,0,ranking_truncation,0,0,0,10,10,1.0,7.170568999981697,15000,390,0,15000,0,0,0,1,0,0.0,0
229,medium,positive,PostFilter-IVF,15000,64,10,390,0.026,10,0.2,0,ranking_truncation,0,0,0,10,10,1.0,1.3745039998411812,1850,24,1850,1850,0,8,0,1,0,0.0,0
229,medium,positive,AdaptivePostFilter-IVF,15000,64,10,390,0.026,10,0.4,0,ranking_truncation,0,0,0,10,10,1.0,3.907087000015963,4800,91,4800,4800,0,21,0,1,0,0.0,0
229,medium,positive,ExactPrefix-PostFilter,15000,64,10,390,0.026,10,1.0,1,none,0,0,0,10,10,1.0,3.0123700000785902,2400,44,15000,2400,0,0,0,1,0,0.0,0
229,medium,positive,TenantPartition-IVF,15000,64,10,390,0.026,10,0.2,0,ranking_truncation,0,0,0,10,10,1.0,0.8021889998417464,1850,24,1850,1850,0,8,0,1,0,0.0,0
229,medium,positive,PreFilter-IVF,15000,64,10,390,0.026,10,0.2,0,ranking_truncation,0,0,0,10,10,1.0,1.6516559999217861,1846,25,25,1846,9,8,0,1,0,0.0,0
229,medium,positive,PACER-A,15000,64,10,390,0.026,10,1.0,1,none,0,0,0,10,10,1.0,5.113915000038105,439,390,439,439,64,61,1,1,0,0.0,0
229,medium,positive,PACER-C,15000,64,10,390,0.026,10,1.0,1,none,0,0,0,10,10,1.0,4.902096000023448,439,390,439,439,64,61,1,1,0,0.0,0
229,medium,positive,PACER-X,15000,64,10,390,0.026,10,1.0,1,none,0,0,0,10,10,1.0,4.865345999860438,439,390,439,439,64,61,1,1,0,0.0,0
229,medium,positive,PACER-A-NoSlices,15000,64,10,390,0.026,10,0.2,0,ranking_truncation,0,0,0,10,10,1.0,1.8685530001221196,2400,26,2400,2400,11,11,0,1,0,0.8603450804948807,1
229,medium,positive,PACER-A-NoBounds,15000,64,10,390,0.026,10,1.0,1,none,0,0,0,10,10,1.0,4.887690000032308,439,390,439,439,64,61,1,1,0,0.0,0
229,medium,positive,StaleNoRecheck,15000,64,10,390,0.026,10,0.2,0,ranking_truncation,0,0,0,10,10,1.0,1.333326999883866,1850,25,1850,1850,0,8,0,1,0,0.0,0
229,medium,positive,NaiveNoPolicy,15000,64,10,390,0.026,10,0.1,0,ranking_truncation,5,0,9,1,10,0.1,0.4410539997934393,1850,1850,1850,0,0,8,0,1,0,0.0,0
230,narrow,positive,ExactSecure,15000,64,10,6,0.0004,6,1.0,1,none,0,0,0,6,6,1.0,7.9867699998885655,15000,6,6,15000,0,0,1,1,0,0.0,0
230,narrow,positive,PreFilter-Exact,15000,64,10,6,0.0004,6,1.0,1,none,0,0,0,6,6,1.0,7.630083000094601,15000,6,6,15000,0,0,1,1,0,0.0,0
230,narrow,positive,BitmapSlice-Exact,15000,64,10,6,0.0004,6,1.0,1,none,0,0,0,6,6,1.0,0.10491200009710155,6,6,6,6,0,0,1,1,0,0.0,0
230,narrow,positive,ScalarOnly,15000,64,10,6,0.0004,6,1.0,0,ranking_truncation,0,0,0,6,6,1.0,7.913413999858676,15000,6,0,15000,0,0,0,1,0,0.0,0
230,narrow,positive,PostFilter-IVF,15000,64,10,6,0.0004,4,0.6666666666666666,0,candidate_starvation,0,0,0,4,4,1.0,1.5254269999331882,1685,4,1685,1685,0,8,0,1,0,0.0,0
230,narrow,positive,AdaptivePostFilter-IVF,15000,64,10,6,0.0004,5,0.8333333333333334,0,candidate_starvation,0,0,0,5,5,1.0,4.625728000064555,4800,5,4800,4800,0,25,0,1,0,0.0,0
230,narrow,positive,ExactPrefix-PostFilter,15000,64,10,6,0.0004,4,0.6666666666666666,0,candidate_starvation,0,0,0,4,4,1.0,3.465446000063821,2400,4,15000,2400,0,0,0,1,0,0.0,0
230,narrow,positive,TenantPartition-IVF,15000,64,10,6,0.0004,4,0.6666666666666666,0,candidate_starvation,0,0,0,4,4,1.0,0.7717850000972248,1685,4,1685,1685,0,8,0,1,0,0.0,0
230,narrow,positive,PreFilter-IVF,15000,64,10,6,0.0004,6,1.0,1,none,0,0,0,6,6,1.0,1.1281119998329814,805,6,6,805,64,3,0,1,0,0.0,0
230,narrow,positive,PACER-A,15000,64,10,6,0.0004,6,1.0,1,none,0,0,0,6,6,1.0,0.462246999859417,6,6,6,6,36,3,1,1,0,0.0,0
230,narrow,positive,PACER-C,15000,64,10,6,0.0004,6,1.0,1,none,0,0,0,6,6,1.0,0.3724200000760902,6,6,6,6,36,3,1,1,0,0.0,0
230,narrow,positive,PACER-X,15000,64,10,6,0.0004,6,1.0,1,none,0,0,0,6,6,1.0,0.3703239999595098,6,6,6,6,36,3,1,1,0,0.0,0
230,narrow,positive,PACER-A-NoSlices,15000,64,10,6,0.0004,4,0.6666666666666666,0,candidate_starvation,0,0,0,4,4,1.0,1.953423000031762,2400,4,2400,2400,11,11,0,1,0,0.0,1
230,narrow,positive,PACER-A-NoBounds,15000,64,10,6,0.0004,6,1.0,1,none,0,0,0,6,6,1.0,0.4305810000460042,6,6,6,6,41,3,1,1,0,0.0,0
230,narrow,positive,StaleNoRecheck,15000,64,10,6,0.0004,4,0.6666666666666666,0,candidate_starvation,0,0,0,4,4,1.0,1.3382319998527237,1685,4,1685,1685,0,8,0,1,0,0.0,0
230,narrow,positive,NaiveNoPolicy,15000,64,10,6,0.0004,10,0.16666666666666666,0,ranking_truncation,9,2,9,1,10,0.1,0.4730589998871437,1685,1685,1685,0,0,8,0,1,0,0.0,0
231,cold,positive,ExactSecure,15000,64,10,9,0.0006,9,1.0,1,none,0,0,0,9,9,1.0,7.696579999901587,15000,9,9,15000,0,0,1,1,0,0.0,0
231,cold,positive,PreFilter-Exact,15000,64,10,9,0.0006,9,1.0,1,none,0,0,0,9,9,1.0,7.583954999972775,15000,9,9,15000,0,0,1,1,0,0.0,0
231,cold,positive,BitmapSlice-Exact,15000,64,10,9,0.0006,9,1.0,1,none,0,0,0,9,9,1.0,0.1468170000862301,9,9,9,9,0,0,1,1,0,0.0,0
231,cold,positive,ScalarOnly,15000,64,10,9,0.0006,9,1.0,0,ranking_truncation,0,0,0,9,9,1.0,7.494790000009743,15000,9,0,15000,0,0,0,1,0,0.0,0
231,cold,positive,PostFilter-IVF,15000,64,10,9,0.0006,8,0.8888888888888888,0,candidate_starvation,0,0,0,8,8,1.0,1.768110000057277,2217,8,2217,2217,0,8,0,1,0,0.0,0
231,cold,positive,AdaptivePostFilter-IVF,15000,64,10,9,0.0006,9,1.0,1,none,0,0,0,9,9,1.0,3.9856730002156837,4800,9,4800,4800,0,21,0,1,0,0.0,0
231,cold,positive,ExactPrefix-PostFilter,15000,64,10,9,0.0006,5,0.5555555555555556,0,candidate_starvation,0,0,0,5,5,1.0,3.454351000073075,2400,5,15000,2400,0,0,0,1,0,0.0,0
231,cold,positive,TenantPartition-IVF,15000,64,10,9,0.0006,8,0.8888888888888888,0,candidate_starvation,0,0,0,8,8,1.0,1.050880999855508,2217,8,2217,2217,0,8,0,1,0,0.0,0
231,cold,positive,PreFilter-IVF,15000,64,10,9,0.0006,9,1.0,1,none,0,0,0,9,9,1.0,0.9680830000888818,693,9,9,693,64,3,0,1,0,0.0,0
231,cold,positive,PACER-A,15000,64,10,9,0.0006,9,1.0,1,none,0,0,0,9,9,1.0,0.406745999953273,9,9,9,9,18,3,1,1,0,0.0,0
231,cold,positive,PACER-C,15000,64,10,9,0.0006,9,1.0,1,none,0,0,0,9,9,1.0,0.35861600008502137,9,9,9,9,18,3,1,1,0,0.0,0
231,cold,positive,PACER-X,15000,64,10,9,0.0006,9,1.0,1,none,0,0,0,9,9,1.0,0.3626010000061797,9,9,9,9,18,3,1,1,0,0.0,0
231,cold,positive,PACER-A-NoSlices,15000,64,10,9,0.0006,8,0.8888888888888888,0,candidate_starvation,0,0,0,8,8,1.0,1.7489229999227973,2400,8,2400,2400,9,9,0,1,0,0.0,1
231,cold,positive,PACER-A-NoBounds,15000,64,10,9,0.0006,9,1.0,1,none,0,0,0,9,9,1.0,0.3023529998245067,9,9,9,9,16,3,1,1,0,0.0,0
231,cold,positive,StaleNoRecheck,15000,64,10,9,0.0006,8,0.8888888888888888,0,candidate_starvation,0,0,0,8,8,1.0,1.7305209998994542,2217,8,2217,2217,0,8,0,1,0,0.0,0
231,cold,positive,NaiveNoPolicy,15000,64,10,9,0.0006,10,0.1111111111111111,0,ranking_truncation,9,1,8,1,10,0.1,0.6254690001696872,2217,2217,2217,0,0,8,0,1,0,0.0,0
232,broad,positive,ExactSecure,15000,64,10,6615,0.441,10,1.0,1,none,0,0,0,10,10,1.0,8.866254999929879,15000,6615,6615,15000,0,0,1,1,0,0.0,0
232,broad,positive,PreFilter-Exact,15000,64,10,6615,0.441,10,1.0,1,none,0,0,0,10,10,1.0,8.085641000207033,15000,6615,6615,15000,0,0,1,1,0,0.0,0
232,broad,positive,BitmapSlice-Exact,15000,64,10,6615,0.441,10,1.0,1,none,0,0,0,10,10,1.0,16.237541000009514,7411,6615,6615,7411,0,0,1,1,0,0.0,0
232,broad,positive,ScalarOnly,15000,64,10,6615,0.441,10,0.0,0,ranking_truncation,0,0,0,10,10,1.0,7.60755600003904,15000,6615,0,15000,0,0,0,1,0,0.0,0
232,broad,positive,PostFilter-IVF,15000,64,10,6615,0.441,10,1.0,1,none,0,0,0,10,10,1.0,2.0374900000206253,2322,1195,2322,2322,0,8,0,1,0,0.0,0
232,broad,positive,AdaptivePostFilter-IVF,15000,64,10,6615,0.441,10,1.0,1,none,0,0,0,10,10,1.0,4.156705000013972,4800,2208,4800,4800,0,19,0,1,0,0.0,0
232,broad,positive,ExactPrefix-PostFilter,15000,64,10,6615,0.441,10,1.0,1,none,0,0,0,10,10,1.0,3.500824999946417,2400,1100,15000,2400,0,0,0,1,0,0.0,0
232,broad,positive,TenantPartition-IVF,15000,64,10,6615,0.441,10,1.0,1,none,0,0,0,10,10,1.0,1.7869739999696321,2322,1195,2322,2322,0,8,0,1,0,0.0,0
232,broad,positive,PreFilter-IVF,15000,64,10,6615,0.441,10,1.0,1,none,0,0,0,10,10,1.0,2.2539830001733208,2435,1155,1155,2435,8,8,0,1,0,0.0,0
232,broad,positive,PACER-A,15000,64,10,6615,0.441,10,1.0,1,none,0,0,0,10,10,1.0,7.252271999959703,2400,2157,2400,2400,17,17,0,1,0,0.6113366484642029,1
232,broad,positive,PACER-C,15000,64,10,6615,0.441,10,1.0,1,none,0,0,0,10,10,1.0,21.7934489999152,7411,6615,7411,7411,64,64,1,1,0,0.0,0
232,broad,positive,PACER-X,15000,64,10,6615,0.441,10,1.0,1,none,0,0,0,10,10,1.0,21.192416000076264,7411,6615,7411,7411,64,64,1,1,0,0.0,0
232,broad,positive,PACER-A-NoSlices,15000,64,10,6615,0.441,10,1.0,1,none,0,0,0,10,10,1.0,1.941673999908744,2400,1148,2400,2400,8,8,0,1,0,0.6173879504203796,1
232,broad,positive,PACER-A-NoBounds,15000,64,10,6615,0.441,10,1.0,1,none,0,0,0,10,10,1.0,6.891436999922007,2400,2159,2400,2400,17,17,0,1,0,0.0,1
232,broad,positive,StaleNoRecheck,15000,64,10,6615,0.441,10,0.9,0,ranking_truncation,0,1,0,9,10,0.9,1.8975010000303882,2322,1316,2322,2322,0,8,0,1,0,0.0,0
232,broad,positive,NaiveNoPolicy,15000,64,10,6615,0.441,10,0.7,0,ranking_truncation,0,1,2,7,10,0.7,0.6222009999419242,2322,2322,2322,0,0,8,0,1,0,0.0,0
233,medium,positive,ExactSecure,15000,64,10,300,0.02,10,1.0,1,none,0,0,0,10,10,1.0,7.448264999993626,15000,300,300,15000,0,0,1,1,0,0.0,0
233,medium,positive,PreFilter-Exact,15000,64,10,300,0.02,10,1.0,1,none,0,0,0,10,10,1.0,7.874509000203034,15000,300,300,15000,0,0,1,1,0,0.0,0
233,medium,positive,BitmapSlice-Exact,15000,64,10,300,0.02,10,1.0,1,none,0,0,0,10,10,1.0,0.8431680000740016,321,300,300,321,0,0,1,1,0,0.0,0
233,medium,positive,ScalarOnly,15000,64,10,300,0.02,10,0.1,0,ranking_truncation,0,0,0,10,10,1.0,7.390584999939165,15000,300,0,15000,0,0,0,1,0,0.0,0
233,medium,positive,PostFilter-IVF,15000,64,10,300,0.02,10,0.7,0,ranking_truncation,0,0,0,10,10,1.0,1.8913230001089687,2400,24,2400,2400,0,8,0,1,0,0.0,0
233,medium,positive,AdaptivePostFilter-IVF,15000,64,10,300,0.02,10,0.8,0,ranking_truncation,0,0,0,10,10,1.0,3.9467459998832055,4800,61,4800,4800,0,21,0,1,0,0.0,0
233,medium,positive,ExactPrefix-PostFilter,15000,64,10,300,0.02,10,1.0,1,none,0,0,0,10,10,1.0,3.444951999881596,2400,28,15000,2400,0,0,0,1,0,0.0,0
233,medium,positive,TenantPartition-IVF,15000,64,10,300,0.02,10,0.7,0,ranking_truncation,0,0,0,10,10,1.0,1.3202049999563314,2400,24,2400,2400,0,8,0,1,0,0.0,0
233,medium,positive,PreFilter-IVF,15000,64,10,300,0.02,10,0.8,0,ranking_truncation,0,0,0,10,10,1.0,1.8994819999988977,2432,36,36,2432,10,8,0,1,0,0.0,0
233,medium,positive,PACER-A,15000,64,10,300,0.02,10,1.0,1,none,0,0,0,10,10,1.0,4.764415999943594,321,300,321,321,64,53,1,1,0,0.0,0
233,medium,positive,PACER-C,15000,64,10,300,0.02,10,1.0,1,none,0,0,0,10,10,1.0,4.460569999992003,321,300,321,321,64,53,1,1,0,0.0,0
233,medium,positive,PACER-X,15000,64,10,300,0.02,10,1.0,1,none,0,0,0,10,10,1.0,4.44383200010634,321,300,321,321,64,53,1,1,0,0.0,0
233,medium,positive,PACER-A-NoSlices,15000,64,10,300,0.02,10,0.7,0,ranking_truncation,0,0,0,10,10,1.0,1.8492030001198145,2400,24,2400,2400,8,8,0,1,0,0.8925577849149704,1
233,medium,positive,PACER-A-NoBounds,15000,64,10,300,0.02,10,1.0,1,none,0,0,0,10,10,1.0,4.2854599998918275,321,300,321,321,64,53,1,1,0,0.0,0
233,medium,positive,StaleNoRecheck,15000,64,10,300,0.02,10,0.7,0,ranking_truncation,0,1,0,9,10,0.9,2.0684590001565084,2400,29,2400,2400,0,8,0,1,0,0.0,0
233,medium,positive,NaiveNoPolicy,15000,64,10,300,0.02,10,0.1,0,ranking_truncation,8,0,8,1,10,0.1,0.7065660001899232,2400,2400,2400,0,0,8,0,1,0,0.0,0
234,narrow,positive,ExactSecure,15000,64,10,4,0.0002666666666666667,4,1.0,1,none,0,0,0,4,4,1.0,7.150203000037436,15000,4,4,15000,0,0,1,1,0,0.0,0
234,narrow,positive,PreFilter-Exact,15000,64,10,4,0.0002666666666666667,4,1.0,1,none,0,0,0,4,4,1.0,7.458411999778036,15000,4,4,15000,0,0,1,1,0,0.0,0
234,narrow,positive,BitmapSlice-Exact,15000,64,10,4,0.0002666666666666667,4,1.0,1,none,0,0,0,4,4,1.0,0.0955390000854095,5,4,4,5,0,0,1,1,0,0.0,0
234,narrow,positive,ScalarOnly,15000,64,10,4,0.0002666666666666667,4,1.0,0,ranking_truncation,0,0,0,4,4,1.0,7.095367999909286,15000,4,0,15000,0,0,0,1,0,0.0,0
234,narrow,positive,PostFilter-IVF,15000,64,10,4,0.0002666666666666667,2,0.5,0,candidate_starvation,0,0,0,2,2,1.0,1.506945000073756,1966,2,1966,1966,0,8,0,1,0,0.0,0
234,narrow,positive,AdaptivePostFilter-IVF,15000,64,10,4,0.0002666666666666667,3,0.75,0,candidate_starvation,0,0,0,3,3,1.0,4.646026000045822,4800,3,4800,4800,0,21,0,1,0,0.0,0
234,narrow,positive,ExactPrefix-PostFilter,15000,64,10,4,0.0002666666666666667,2,0.5,0,candidate_starvation,0,0,0,2,2,1.0,3.511027000058675,2400,2,15000,2400,0,0,0,1,0,0.0,0
234,narrow,positive,TenantPartition-IVF,15000,64,10,4,0.0002666666666666667,2,0.5,0,candidate_starvation,0,0,0,2,2,1.0,0.7660129999749188,1966,2,1966,1966,0,8,0,1,0,0.0,0
234,narrow,positive,PreFilter-IVF,15000,64,10,4,0.0002666666666666667,4,1.0,1,none,0,0,0,4,4,1.0,1.5082489999258542,1685,4,4,1685,64,5,0,1,0,0.0,0
234,narrow,positive,PACER-A,15000,64,10,4,0.0002666666666666667,4,1.0,1,none,0,0,0,4,4,1.0,0.4820389999622421,5,4,5,5,58,5,1,1,0,0.0,0
234,narrow,positive,PACER-C,15000,64,10,4,0.0002666666666666667,4,1.0,1,none,0,0,0,4,4,1.0,0.41804500006037415,5,4,5,5,58,5,1,1,0,0.0,0
234,narrow,positive,PACER-X,15000,64,10,4,0.0002666666666666667,4,1.0,1,none,0,0,0,4,4,1.0,0.39457600018977246,5,4,5,5,58,5,1,1,0,0.0,0
234,narrow,positive,PACER-A-NoSlices,15000,64,10,4,0.0002666666666666667,3,0.75,0,candidate_starvation,0,0,0,3,3,1.0,1.7576170000666025,2400,3,2400,2400,10,10,0,1,0,0.0,1
234,narrow,positive,PACER-A-NoBounds,15000,64,10,4,0.0002666666666666667,4,1.0,1,none,0,0,0,4,4,1.0,0.3858140000829735,5,4,5,5,54,5,1,1,0,0.0,0
234,narrow,positive,StaleNoRecheck,15000,64,10,4,0.0002666666666666667,2,0.5,0,candidate_starvation,0,0,0,2,2,1.0,1.4052100000299106,1966,2,1966,1966,0,8,0,1,0,0.0,0
234,narrow,positive,NaiveNoPolicy,15000,64,10,4,0.0002666666666666667,10,0.25,0,ranking_truncation,9,4,9,1,10,0.1,0.7106089999524556,1966,1966,1966,0,0,8,0,1,0,0.0,0
235,cold,positive,ExactSecure,15000,64,10,3,0.0002,3,1.0,1,none,0,0,0,3,3,1.0,7.105140000021493,15000,3,3,15000,0,0,1,1,0,0.0,0
235,cold,positive,PreFilter-Exact,15000,64,10,3,0.0002,3,1.0,1,none,0,0,0,3,3,1.0,7.51182199996947,15000,3,3,15000,0,0,1,1,0,0.0,0
235,cold,positive,BitmapSlice-Exact,15000,64,10,3,0.0002,3,1.0,1,none,0,0,0,3,3,1.0,0.08128399986162549,3,3,3,3,0,0,1,1,0,0.0,0
235,cold,positive,ScalarOnly,15000,64,10,3,0.0002,3,1.0,0,ranking_truncation,0,0,0,3,3,1.0,7.80169300014677,15000,3,0,15000,0,0,0,1,0,0.0,0
235,cold,positive,PostFilter-IVF,15000,64,10,3,0.0002,1,0.3333333333333333,0,candidate_starvation,0,0,0,1,1,1.0,1.5941599999678147,2047,1,2047,2047,0,8,0,1,0,0.0,0
235,cold,positive,AdaptivePostFilter-IVF,15000,64,10,3,0.0002,1,0.3333333333333333,0,candidate_starvation,0,0,0,1,1,1.0,4.153822000034779,4800,1,4800,4800,0,20,0,1,0,0.0,0
235,cold,positive,ExactPrefix-PostFilter,15000,64,10,3,0.0002,2,0.6666666666666666,0,candidate_starvation,0,0,0,2,2,1.0,3.2405430001745117,2400,2,15000,2400,0,0,0,1,0,0.0,0
235,cold,positive,TenantPartition-IVF,15000,64,10,3,0.0002,1,0.3333333333333333,0,candidate_starvation,0,0,0,1,1,1.0,0.8823760001632763,2047,1,2047,2047,0,8,0,1,0,0.0,0
235,cold,positive,PreFilter-IVF,15000,64,10,3,0.0002,3,1.0,1,none,0,0,0,3,3,1.0,0.8499819998633029,536,3,3,536,64,2,0,1,0,0.0,0
235,cold,positive,PACER-A,15000,64,10,3,0.0002,3,1.0,1,none,0,0,0,3,3,1.0,0.28715200005535735,3,3,3,3,26,2,1,1,0,0.0,0
235,cold,positive,PACER-C,15000,64,10,3,0.0002,3,1.0,1,none,0,0,0,3,3,1.0,0.30147799998303526,3,3,3,3,26,2,1,1,0,0.0,0
235,cold,positive,PACER-X,15000,64,10,3,0.0002,3,1.0,1,none,0,0,0,3,3,1.0,0.22456800002146338,3,3,3,3,26,2,1,1,0,0.0,0
235,cold,positive,PACER-A-NoSlices,15000,64,10,3,0.0002,1,0.3333333333333333,0,candidate_starvation,0,0,0,1,1,1.0,1.7110920000504848,2400,1,2400,2400,10,10,0,1,0,0.0,1
235,cold,positive,PACER-A-NoBounds,15000,64,10,3,0.0002,3,1.0,1,none,0,0,0,3,3,1.0,0.24653700006638246,3,3,3,3,39,2,1,1,0,0.0,0
235,cold,positive,StaleNoRecheck,15000,64,10,3,0.0002,1,0.3333333333333333,0,candidate_starvation,0,0,0,1,1,1.0,1.4006209999024577,2047,1,2047,2047,0,8,0,1,0,0.0,0
235,cold,positive,NaiveNoPolicy,15000,64,10,3,0.0002,10,0.3333333333333333,0,ranking_truncation,9,0,3,1,10,0.1,0.4779879998295655,2047,2047,2047,0,0,8,0,1,0,0.0,0
236,broad,positive,ExactSecure,15000,64,10,7237,0.48246666666666665,10,1.0,1,none,0,0,0,10,10,1.0,8.687365000014324,15000,7237,7237,15000,0,0,1,1,0,0.0,0
236,broad,positive,PreFilter-Exact,15000,64,10,7237,0.48246666666666665,10,1.0,1,none,0,0,0,10,10,1.0,7.917921999933242,15000,7237,7237,15000,0,0,1,1,0,0.0,0
236,broad,positive,BitmapSlice-Exact,15000,64,10,7237,0.48246666666666665,10,1.0,1,none,0,0,0,10,10,1.0,17.635630999848217,7959,7237,7237,7959,0,0,1,1,0,0.0,0
236,broad,positive,ScalarOnly,15000,64,10,7237,0.48246666666666665,10,0.0,0,ranking_truncation,0,0,0,10,10,1.0,7.130526999844733,15000,7237,0,15000,0,0,0,1,0,0.0,0
236,broad,positive,PostFilter-IVF,15000,64,10,7237,0.48246666666666665,10,0.6,0,ranking_truncation,0,0,0,10,10,1.0,1.5824019999399752,1857,974,1857,1857,0,8,0,1,0,0.0,0
236,broad,positive,AdaptivePostFilter-IVF,15000,64,10,7237,0.48246666666666665,10,1.0,1,none,0,0,0,10,10,1.0,3.7941169998703117,4800,2718,4800,4800,0,21,0,1,0,0.0,0
236,broad,positive,ExactPrefix-PostFilter,15000,64,10,7237,0.48246666666666665,10,1.0,1,none,0,0,0,10,10,1.0,3.1222459999753482,2400,1242,15000,2400,0,0,0,1,0,0.0,0
236,broad,positive,TenantPartition-IVF,15000,64,10,7237,0.48246666666666665,10,0.6,0,ranking_truncation,0,0,0,10,10,1.0,1.398999000002732,1857,974,1857,1857,0,8,0,1,0,0.0,0
236,broad,positive,PreFilter-IVF,15000,64,10,7237,0.48246666666666665,10,0.6,0,ranking_truncation,0,0,0,10,10,1.0,2.064720000134912,2029,1139,1139,2029,8,8,0,1,0,0.0,0
236,broad,positive,PACER-A,15000,64,10,7237,0.48246666666666665,10,0.9,0,ranking_truncation,0,0,0,10,10,1.0,7.58848600003148,2400,2197,2400,2400,18,18,0,1,0,0.637699544429779,1
236,broad,positive,PACER-C,15000,64,10,7237,0.48246666666666665,10,1.0,1,none,0,0,0,10,10,1.0,22.052990000020145,7959,7237,7959,7959,64,64,1,1,0,0.0,0
236,broad,positive,PACER-X,15000,64,10,7237,0.48246666666666665,10,1.0,1,none,0,0,0,10,10,1.0,22.414284999968004,7959,7237,7959,7959,64,64,1,1,0,0.0,0
236,broad,positive,PACER-A-NoSlices,15000,64,10,7237,0.48246666666666665,10,0.7,0,ranking_truncation,0,0,0,10,10,1.0,1.9982839999101998,2400,1342,2400,2400,10,10,0,1,0,0.6459184885025024,1
236,broad,positive,PACER-A-NoBounds,15000,64,10,7237,0.48246666666666665,10,0.9,0,ranking_truncation,0,0,0,10,10,1.0,6.850208000059865,2400,2193,2400,2400,17,17,0,1,0,0.0,1
236,broad,positive,StaleNoRecheck,15000,64,10,7237,0.48246666666666665,10,0.6,0,ranking_truncation,0,0,0,10,10,1.0,1.362523000125293,1857,1054,1857,1857,0,8,0,1,0,0.0,0
236,broad,positive,NaiveNoPolicy,15000,64,10,7237,0.48246666666666665,10,0.6,0,ranking_truncation,0,0,3,7,10,0.7,0.4788229998666793,1857,1857,1857,0,0,8,0,1,0,0.0,0
237,medium,positive,ExactSecure,15000,64,10,346,0.023066666666666666,10,1.0,1,none,0,0,0,10,10,1.0,7.578042999966783,15000,346,346,15000,0,0,1,1,0,0.0,0
237,medium,positive,PreFilter-Exact,15000,64,10,346,0.023066666666666666,10,1.0,1,none,0,0,0,10,10,1.0,7.30994900004589,15000,346,346,15000,0,0,1,1,0,0.0,0
237,medium,positive,BitmapSlice-Exact,15000,64,10,346,0.023066666666666666,10,1.0,1,none,0,0,0,10,10,1.0,1.034103999927538,376,346,346,376,0,0,1,1,0,0.0,0
237,medium,positive,ScalarOnly,15000,64,10,346,0.023066666666666666,10,0.1,0,ranking_truncation,0,0,0,10,10,1.0,7.368667000037021,15000,346,0,15000,0,0,0,1,0,0.0,0
237,medium,positive,PostFilter-IVF,15000,64,10,346,0.023066666666666666,10,1.0,1,none,0,0,0,10,10,1.0,1.7235499999515014,2208,111,2208,2208,0,8,0,1,0,0.0,0
237,medium,positive,AdaptivePostFilter-IVF,15000,64,10,346,0.023066666666666666,10,1.0,1,none,0,0,0,10,10,1.0,3.9619849999326107,4800,214,4800,4800,0,21,0,1,0,0.0,0
237,medium,positive,ExactPrefix-PostFilter,15000,64,10,346,0.023066666666666666,10,1.0,1,none,0,0,0,10,10,1.0,3.0216059999474965,2400,96,15000,2400,0,0,0,1,0,0.0,0
237,medium,positive,TenantPartition-IVF,15000,64,10,346,0.023066666666666666,10,1.0,1,none,0,0,0,10,10,1.0,1.0789129999011493,2208,111,2208,2208,0,8,0,1,0,0.0,0
237,medium,positive,PreFilter-IVF,15000,64,10,346,0.023066666666666666,10,1.0,1,none,0,0,0,10,10,1.0,1.7547350000768347,2223,121,121,2223,10,8,0,1,0,0.0,0
237,medium,positive,PACER-A,15000,64,10,346,0.023066666666666666,10,1.0,1,none,0,0,0,10,10,1.0,4.279155999938666,376,346,376,376,64,48,1,1,0,0.0,0
237,medium,positive,PACER-C,15000,64,10,346,0.023066666666666666,10,1.0,1,none,0,0,0,10,10,1.0,4.024228000162111,376,346,376,376,64,48,1,1,0,0.0,0
237,medium,positive,PACER-X,15000,64,10,346,0.023066666666666666,10,1.0,1,none,0,0,0,10,10,1.0,3.8422239999817975,376,346,376,376,64,48,1,1,0,0.0,0
237,medium,positive,PACER-A-NoSlices,15000,64,10,346,0.023066666666666666,10,1.0,1,none,0,0,0,10,10,1.0,1.8689849998736463,2400,120,2400,2400,10,10,0,1,0,0.7068359851837158,1
237,medium,positive,PACER-A-NoBounds,15000,64,10,346,0.023066666666666666,10,1.0,1,none,0,0,0,10,10,1.0,4.299649000131467,376,346,376,376,64,48,1,1,0,0.0,0
237,medium,positive,StaleNoRecheck,15000,64,10,346,0.023066666666666666,10,0.9,0,ranking_truncation,0,1,0,9,10,0.9,1.7156149999664194,2208,118,2208,2208,0,8,0,1,0,0.0,0
237,medium,positive,NaiveNoPolicy,15000,64,10,346,0.023066666666666666,10,0.2,0,ranking_truncation,7,1,6,2,10,0.2,0.7933589999993274,2208,2208,2208,0,0,8,0,1,0,0.0,0
238,narrow,positive,ExactSecure,15000,64,10,3,0.0002,3,1.0,1,none,0,0,0,3,3,1.0,7.3365890000332,15000,3,3,15000,0,0,1,1,0,0.0,0
238,narrow,positive,PreFilter-Exact,15000,64,10,3,0.0002,3,1.0,1,none,0,0,0,3,3,1.0,8.79852100001699,15000,3,3,15000,0,0,1,1,0,0.0,0
238,narrow,positive,BitmapSlice-Exact,15000,64,10,3,0.0002,3,1.0,1,none,0,0,0,3,3,1.0,0.10089500005960872,4,3,3,4,0,0,1,1,0,0.0,0
238,narrow,positive,ScalarOnly,15000,64,10,3,0.0002,3,1.0,0,ranking_truncation,0,0,0,3,3,1.0,7.915950000096927,15000,3,0,15000,0,0,0,1,0,0.0,0
238,narrow,positive,PostFilter-IVF,15000,64,10,3,0.0002,0,0.0,0,candidate_starvation,0,0,0,0,0,1.0,1.3724070001899236,1956,0,1956,1956,0,8,0,1,0,0.0,0
238,narrow,positive,AdaptivePostFilter-IVF,15000,64,10,3,0.0002,2,0.6666666666666666,0,candidate_starvation,0,0,0,2,2,1.0,3.72591299992564,4800,2,4800,4800,0,22,0,1,0,0.0,0
238,narrow,positive,ExactPrefix-PostFilter,15000,64,10,3,0.0002,3,1.0,1,none,0,0,0,3,3,1.0,3.0047909999666444,2400,3,15000,2400,0,0,0,1,0,0.0,0
238,narrow,positive,TenantPartition-IVF,15000,64,10,3,0.0002,0,0.0,0,candidate_starvation,0,0,0,0,0,1.0,0.7269469999755529,1956,0,1956,1956,0,8,0,1,0,0.0,0
238,narrow,positive,PreFilter-IVF,15000,64,10,3,0.0002,3,1.0,1,none,0,0,0,3,3,1.0,1.1376279999240069,957,3,3,957,64,3,0,1,0,0.0,0
238,narrow,positive,PACER-A,15000,64,10,3,0.0002,3,1.0,1,none,0,0,0,3,3,1.0,0.32273100009660993,4,3,4,4,42,3,1,1,0,0.0,0
238,narrow,positive,PACER-C,15000,64,10,3,0.0002,3,1.0,1,none,0,0,0,3,3,1.0,0.3063449998990109,4,3,4,4,42,3,1,1,0,0.0,0
238,narrow,positive,PACER-X,15000,64,10,3,0.0002,3,1.0,1,none,0,0,0,3,3,1.0,0.25794900011533173,4,3,4,4,42,3,1,1,0,0.0,0
238,narrow,positive,PACER-A-NoSlices,15000,64,10,3,0.0002,0,0.0,0,candidate_starvation,0,0,0,0,0,1.0,1.9221270001708035,2400,0,2400,2400,11,11,0,1,0,0.0,1
238,narrow,positive,PACER-A-NoBounds,15000,64,10,3,0.0002,3,1.0,1,none,0,0,0,3,3,1.0,0.3401790002044436,4,3,4,4,39,3,1,1,0,0.0,0
238,narrow,positive,StaleNoRecheck,15000,64,10,3,0.0002,0,0.0,0,candidate_starvation,0,0,0,0,0,1.0,1.276746000030471,1956,0,1956,1956,0,8,0,1,0,0.0,0
238,narrow,positive,NaiveNoPolicy,15000,64,10,3,0.0002,10,0.0,0,ranking_truncation,10,1,10,0,10,0.0,0.4335500000252068,1956,1956,1956,0,0,8,0,1,0,0.0,0
239,cold,positive,ExactSecure,15000,64,10,7,0.00046666666666666666,7,1.0,1,none,0,0,0,7,7,1.0,6.9818770000438235,15000,7,7,15000,0,0,1,1,0,0.0,0
239,cold,positive,PreFilter-Exact,15000,64,10,7,0.00046666666666666666,7,1.0,1,none,0,0,0,7,7,1.0,7.224552000025142,15000,7,7,15000,0,0,1,1,0,0.0,0
239,cold,positive,BitmapSlice-Exact,15000,64,10,7,0.00046666666666666666,7,1.0,1,none,0,0,0,7,7,1.0,0.10149499985345756,7,7,7,7,0,0,1,1,0,0.0,0
239,cold,positive,ScalarOnly,15000,64,10,7,0.00046666666666666666,7,1.0,0,ranking_truncation,0,0,0,7,7,1.0,6.87772500009487,15000,7,0,15000,0,0,0,1,0,0.0,0
239,cold,positive,PostFilter-IVF,15000,64,10,7,0.00046666666666666666,1,0.14285714285714285,0,candidate_starvation,0,0,0,1,1,1.0,1.4337520001390658,1889,1,1889,1889,0,8,0,1,0,0.0,0
239,cold,positive,AdaptivePostFilter-IVF,15000,64,10,7,0.00046666666666666666,2,0.2857142857142857,0,candidate_starvation,0,0,0,2,2,1.0,4.462985999907687,4800,2,4800,4800,0,22,0,1,0,0.0,0
239,cold,positive,ExactPrefix-PostFilter,15000,64,10,7,0.00046666666666666666,1,0.14285714285714285,0,candidate_starvation,0,0,0,1,1,1.0,3.6211239998920064,2400,1,15000,2400,0,0,0,1,0,0.0,0
239,cold,positive,TenantPartition-IVF,15000,64,10,7,0.00046666666666666666,1,0.14285714285714285,0,candidate_starvation,0,0,0,1,1,1.0,0.7150080000428716,1889,1,1889,1889,0,8,0,1,0,0.0,0
239,cold,positive,PreFilter-IVF,15000,64,10,7,0.00046666666666666666,7,1.0,1,none,0,0,0,7,7,1.0,1.5042439999888302,1832,7,7,1832,64,7,0,1,0,0.0,0
239,cold,positive,PACER-A,15000,64,10,7,0.00046666666666666666,7,1.0,1,none,0,0,0,7,7,1.0,0.5960219998542016,7,7,7,7,59,7,1,1,0,0.0,0
239,cold,positive,PACER-C,15000,64,10,7,0.00046666666666666666,7,1.0,1,none,0,0,0,7,7,1.0,0.6576759999461501,7,7,7,7,59,7,1,1,0,0.0,0
239,cold,positive,PACER-X,15000,64,10,7,0.00046666666666666666,7,1.0,1,none,0,0,0,7,7,1.0,0.5237630000465288,7,7,7,7,59,7,1,1,0,0.0,0
239,cold,positive,PACER-A-NoSlices,15000,64,10,7,0.00046666666666666666,1,0.14285714285714285,0,candidate_starvation,0,0,0,1,1,1.0,1.5845079999508016,2400,1,2400,2400,11,11,0,1,0,0.0,1
239,cold,positive,PACER-A-NoBounds,15000,64,10,7,0.00046666666666666666,7,1.0,1,none,0,0,0,7,7,1.0,0.5646179999985179,7,7,7,7,50,7,1,1,0,0.0,0
239,cold,positive,StaleNoRecheck,15000,64,10,7,0.00046666666666666666,1,0.14285714285714285,0,candidate_starvation,0,0,0,1,1,1.0,1.2101509998956317,1889,1,1889,1889,0,8,0,1,0,0.0,0
239,cold,positive,NaiveNoPolicy,15000,64,10,7,0.00046666666666666666,10,0.14285714285714285,0,ranking_truncation,9,1,8,1,10,0.1,0.4111589998956333,1889,1889,1889,0,0,8,0,1,0,0.0,0
240,broad,positive,ExactSecure,15000,64,10,6745,0.44966666666666666,10,1.0,1,none,0,0,0,10,10,1.0,9.091372999819214,15000,6745,6745,15000,0,0,1,1,0,0.0,0
240,broad,positive,PreFilter-Exact,15000,64,10,6745,0.44966666666666666,10,1.0,1,none,0,0,0,10,10,1.0,9.137654999904044,15000,6745,6745,15000,0,0,1,1,0,0.0,0
240,broad,positive,BitmapSlice-Exact,15000,64,10,6745,0.44966666666666666,10,1.0,1,none,0,0,0,10,10,1.0,17.393271000173627,7436,6745,6745,7436,0,0,1,1,0,0.0,0
240,broad,positive,ScalarOnly,15000,64,10,6745,0.44966666666666666,10,0.0,0,ranking_truncation,0,0,0,10,10,1.0,7.315984999877401,15000,6745,0,15000,0,0,0,1,0,0.0,0
240,broad,positive,PostFilter-IVF,15000,64,10,6745,0.44966666666666666,10,0.6,0,ranking_truncation,0,0,0,10,10,1.0,2.299184000094101,2400,1039,2400,2400,0,8,0,1,0,0.0,0
240,broad,positive,AdaptivePostFilter-IVF,15000,64,10,6745,0.44966666666666666,10,0.9,0,ranking_truncation,0,0,0,10,10,1.0,4.096336999964478,4800,2065,4800,4800,0,20,0,1,0,0.0,0
240,broad,positive,ExactPrefix-PostFilter,15000,64,10,6745,0.44966666666666666,10,1.0,1,none,0,0,0,10,10,1.0,3.1340389998604223,2400,1072,15000,2400,0,0,0,1,0,0.0,0
240,broad,positive,TenantPartition-IVF,15000,64,10,6745,0.44966666666666666,10,0.6,0,ranking_truncation,0,0,0,10,10,1.0,1.6681409999819152,2400,1039,2400,2400,0,8,0,1,0,0.0,0
240,broad,positive,PreFilter-IVF,15000,64,10,6745,0.44966666666666666,10,0.6,0,ranking_truncation,0,0,0,10,10,1.0,2.8603379998912715,2586,1122,1122,2586,8,8,0,1,0,0.0,0
240,broad,positive,PACER-A,15000,64,10,6745,0.44966666666666666,10,0.9,0,ranking_truncation,0,0,0,10,10,1.0,7.556953999937832,2400,2194,2400,2400,21,21,0,1,0,0.6338798403739929,1
240,broad,positive,PACER-C,15000,64,10,6745,0.44966666666666666,10,1.0,1,none,0,0,0,10,10,1.0,26.05663800000002,7436,6745,7436,7436,64,64,1,1,0,0.0,0
240,broad,positive,PACER-X,15000,64,10,6745,0.44966666666666666,10,1.0,1,none,0,0,0,10,10,1.0,24.466842000038014,7436,6745,7436,7436,64,64,1,1,0,0.0,0
240,broad,positive,PACER-A-NoSlices,15000,64,10,6745,0.44966666666666666,10,0.6,0,ranking_truncation,0,0,0,10,10,1.0,3.509312999995018,2400,1053,2400,2400,8,8,0,1,0,0.6473543047904968,1
240,broad,positive,PACER-A-NoBounds,15000,64,10,6745,0.44966666666666666,10,0.9,0,ranking_truncation,0,0,0,10,10,1.0,8.179588000075455,2400,2192,2400,2400,22,22,0,1,0,0.0,1
240,broad,positive,StaleNoRecheck,15000,64,10,6745,0.44966666666666666,10,0.6,0,ranking_truncation,0,1,0,9,10,0.9,1.9746240000131365,2400,1142,2400,2400,0,8,0,1,0,0.0,0
240,broad,positive,NaiveNoPolicy,15000,64,10,6745,0.44966666666666666,10,0.5,0,ranking_truncation,0,1,4,5,10,0.5,0.8526890001121501,2400,2400,2400,0,0,8,0,1,0,0.0,0
241,medium,positive,ExactSecure,15000,64,10,381,0.0254,10,1.0,1,none,0,0,0,10,10,1.0,7.561977000023035,15000,381,381,15000,0,0,1,1,0,0.0,0
241,medium,positive,PreFilter-Exact,15000,64,10,381,0.0254,10,1.0,1,none,0,0,0,10,10,1.0,7.814855000106036,15000,381,381,15000,0,0,1,1,0,0.0,0
241,medium,positive,BitmapSlice-Exact,15000,64,10,381,0.0254,10,1.0,1,none,0,0,0,10,10,1.0,1.1968860001161374,418,381,381,418,0,0,1,1,0,0.0,0
241,medium,positive,ScalarOnly,15000,64,10,381,0.0254,10,0.0,0,ranking_truncation,0,0,0,10,10,1.0,7.680556999957844,15000,381,0,15000,0,0,0,1,0,0.0,0
241,medium,positive,PostFilter-IVF,15000,64,10,381,0.0254,10,0.6,0,ranking_truncation,0,0,0,10,10,1.0,1.7173490000459424,2171,85,2171,2171,0,8,0,1,0,0.0,0
241,medium,positive,AdaptivePostFilter-IVF,15000,64,10,381,0.0254,10,0.8,0,ranking_truncation,0,0,0,10,10,1.0,4.107508000060989,4800,133,4800,4800,0,19,0,1,0,0.0,0
241,medium,positive,ExactPrefix-PostFilter,15000,64,10,381,0.0254,10,1.0,1,none,0,0,0,10,10,1.0,3.657135999901584,2400,72,15000,2400,0,0,0,1,0,0.0,0
241,medium,positive,TenantPartition-IVF,15000,64,10,381,0.0254,10,0.6,0,ranking_truncation,0,0,0,10,10,1.0,1.2959309999587276,2171,85,2171,2171,0,8,0,1,0,0.0,0
241,medium,positive,PreFilter-IVF,15000,64,10,381,0.0254,10,0.4,0,ranking_truncation,0,0,0,10,10,1.0,1.7145010001513583,1905,65,65,1905,8,8,0,1,0,0.0,0
241,medium,positive,PACER-A,15000,64,10,381,0.0254,10,1.0,1,none,0,0,0,10,10,1.0,5.804517000115084,418,381,418,418,64,57,1,1,0,0.0,0
241,medium,positive,PACER-C,15000,64,10,381,0.0254,10,1.0,1,none,0,0,0,10,10,1.0,4.963891999977932,418,381,418,418,64,57,1,1,0,0.0,0
241,medium,positive,PACER-X,15000,64,10,381,0.0254,10,1.0,1,none,0,0,0,10,10,1.0,7.319916999904308,418,381,418,418,64,57,1,1,0,0.0,0
241,medium,positive,PACER-A-NoSlices,15000,64,10,381,0.0254,10,0.4,0,ranking_truncation,0,0,0,10,10,1.0,2.172137000115981,2400,75,2400,2400,10,10,0,1,0,0.7731156945228577,1
241,medium,positive,PACER-A-NoBounds,15000,64,10,381,0.0254,10,1.0,1,none,0,0,0,10,10,1.0,5.5563070000062,418,381,418,418,64,57,1,1,0,0.0,0
241,medium,positive,StaleNoRecheck,15000,64,10,381,0.0254,10,0.6,0,ranking_truncation,0,0,0,10,10,1.0,1.7113000001245382,2171,97,2171,2171,0,8,0,1,0,0.0,0
241,medium,positive,NaiveNoPolicy,15000,64,10,381,0.0254,10,0.1,0,ranking_truncation,9,1,8,1,10,0.1,0.6496070000139298,2171,2171,2171,0,0,8,0,1,0,0.0,0
242,narrow,positive,ExactSecure,15000,64,10,7,0.00046666666666666666,7,1.0,1,none,0,0,0,7,7,1.0,9.123343000055684,15000,7,7,15000,0,0,1,1,0,0.0,0
242,narrow,positive,PreFilter-Exact,15000,64,10,7,0.00046666666666666666,7,1.0,1,none,0,0,0,7,7,1.0,7.41728600019087,15000,7,7,15000,0,0,1,1,0,0.0,0
242,narrow,positive,BitmapSlice-Exact,15000,64,10,7,0.00046666666666666666,7,1.0,1,none,0,0,0,7,7,1.0,0.09071799991033913,7,7,7,7,0,0,1,1,0,0.0,0
242,narrow,positive,ScalarOnly,15000,64,10,7,0.00046666666666666666,7,1.0,0,ranking_truncation,0,0,0,7,7,1.0,7.70559200009302,15000,7,0,15000,0,0,0,1,0,0.0,0
242,narrow,positive,PostFilter-IVF,15000,64,10,7,0.00046666666666666666,6,0.8571428571428571,0,candidate_starvation,0,0,0,6,6,1.0,1.3550030000715196,1722,6,1722,1722,0,8,0,1,0,0.0,0
242,narrow,positive,AdaptivePostFilter-IVF,15000,64,10,7,0.00046666666666666666,6,0.8571428571428571,0,candidate_starvation,0,0,0,6,6,1.0,4.02810400009912,4800,6,4800,4800,0,20,0,1,0,0.0,0
242,narrow,positive,ExactPrefix-PostFilter,15000,64,10,7,0.00046666666666666666,6,0.8571428571428571,0,candidate_starvation,0,0,0,6,6,1.0,3.181922999829112,2400,6,15000,2400,0,0,0,1,0,0.0,0
242,narrow,positive,TenantPartition-IVF,15000,64,10,7,0.00046666666666666666,6,0.8571428571428571,0,candidate_starvation,0,0,0,6,6,1.0,0.8042590000059135,1722,6,1722,1722,0,8,0,1,0,0.0,0
242,narrow,positive,PreFilter-IVF,15000,64,10,7,0.00046666666666666666,7,1.0,1,none,0,0,0,7,7,1.0,1.1707490000389953,757,7,7,757,64,2,0,1,0,0.0,0
242,narrow,positive,PACER-A,15000,64,10,7,0.00046666666666666666,7,1.0,1,none,0,0,0,7,7,1.0,0.43746799997279595,7,7,7,7,43,2,1,1,0,0.0,0
242,narrow,positive,PACER-C,15000,64,10,7,0.00046666666666666666,7,1.0,1,none,0,0,0,7,7,1.0,0.35264699999970617,7,7,7,7,43,2,1,1,0,0.0,0
242,narrow,positive,PACER-X,15000,64,10,7,0.00046666666666666666,7,1.0,1,none,0,0,0,7,7,1.0,0.47103900010370126,7,7,7,7,43,2,1,1,0,0.0,0
242,narrow,positive,PACER-A-NoSlices,15000,64,10,7,0.00046666666666666666,6,0.8571428571428571,0,candidate_starvation,0,0,0,6,6,1.0,2.0377470000312314,2400,6,2400,2400,11,11,0,1,0,0.0,1
242,narrow,positive,PACER-A-NoBounds,15000,64,10,7,0.00046666666666666666,7,1.0,1,none,0,0,0,7,7,1.0,0.2875170000606886,7,7,7,7,48,2,1,1,0,0.0,0
242,narrow,positive,StaleNoRecheck,15000,64,10,7,0.00046666666666666666,6,0.8571428571428571,0,candidate_starvation,0,0,0,6,6,1.0,1.505427000211057,1722,6,1722,1722,0,8,0,1,0,0.0,0
242,narrow,positive,NaiveNoPolicy,15000,64,10,7,0.00046666666666666666,10,0.14285714285714285,0,ranking_truncation,9,1,8,1,10,0.1,0.7519329999468027,1722,1722,1722,0,0,8,0,1,0,0.0,0
243,cold,positive,ExactSecure,15000,64,10,4,0.0002666666666666667,4,1.0,1,none,0,0,0,4,4,1.0,8.760595000012472,15000,4,4,15000,0,0,1,1,0,0.0,0
243,cold,positive,PreFilter-Exact,15000,64,10,4,0.0002666666666666667,4,1.0,1,none,0,0,0,4,4,1.0,8.11188299985588,15000,4,4,15000,0,0,1,1,0,0.0,0
243,cold,positive,BitmapSlice-Exact,15000,64,10,4,0.0002666666666666667,4,1.0,1,none,0,0,0,4,4,1.0,0.08471000001009088,4,4,4,4,0,0,1,1,0,0.0,0
243,cold,positive,ScalarOnly,15000,64,10,4,0.0002666666666666667,4,1.0,0,ranking_truncation,0,0,0,4,4,1.0,9.135569999898507,15000,4,0,15000,0,0,0,1,0,0.0,0
243,cold,positive,PostFilter-IVF,15000,64,10,4,0.0002666666666666667,1,0.25,0,candidate_starvation,0,0,0,1,1,1.0,1.6262709998500213,2014,1,2014,2014,0,8,0,1,0,0.0,0
243,cold,positive,AdaptivePostFilter-IVF,15000,64,10,4,0.0002666666666666667,1,0.25,0,candidate_starvation,0,0,0,1,1,1.0,4.102987999885954,4800,1,4800,4800,0,21,0,1,0,0.0,0
243,cold,positive,ExactPrefix-PostFilter,15000,64,10,4,0.0002666666666666667,1,0.25,0,candidate_starvation,0,0,0,1,1,1.0,4.241488999923604,2400,1,15000,2400,0,0,0,1,0,0.0,0
243,cold,positive,TenantPartition-IVF,15000,64,10,4,0.0002666666666666667,1,0.25,0,candidate_starvation,0,0,0,1,1,1.0,1.2831960000312392,2014,1,2014,2014,0,8,0,1,0,0.0,0
243,cold,positive,PreFilter-IVF,15000,64,10,4,0.0002666666666666667,4,1.0,1,none,0,0,0,4,4,1.0,1.5894499999831169,1005,4,4,1005,64,3,0,1,0,0.0,0
243,cold,positive,PACER-A,15000,64,10,4,0.0002666666666666667,4,1.0,1,none,0,0,0,4,4,1.0,0.48991900007422373,4,4,4,4,59,3,1,1,0,0.0,0
243,cold,positive,PACER-C,15000,64,10,4,0.0002666666666666667,4,1.0,1,none,0,0,0,4,4,1.0,0.3318379999655008,4,4,4,4,59,3,1,1,0,0.0,0
243,cold,positive,PACER-X,15000,64,10,4,0.0002666666666666667,4,1.0,1,none,0,0,0,4,4,1.0,0.29959900007270335,4,4,4,4,59,3,1,1,0,0.0,0
243,cold,positive,PACER-A-NoSlices,15000,64,10,4,0.0002666666666666667,1,0.25,0,candidate_starvation,0,0,0,1,1,1.0,1.834499000096912,2400,1,2400,2400,10,10,0,1,0,0.0,1
243,cold,positive,PACER-A-NoBounds,15000,64,10,4,0.0002666666666666667,4,1.0,1,none,0,0,0,4,4,1.0,0.4178980000233423,4,4,4,4,60,3,1,1,0,0.0,0
243,cold,positive,StaleNoRecheck,15000,64,10,4,0.0002666666666666667,1,0.25,0,candidate_starvation,0,0,0,1,1,1.0,1.4884800000345422,2014,1,2014,2014,0,8,0,1,0,0.0,0
243,cold,positive,NaiveNoPolicy,15000,64,10,4,0.0002666666666666667,10,0.25,0,ranking_truncation,9,1,8,1,10,0.1,0.6543310000779456,2014,2014,2014,0,0,8,0,1,0,0.0,0
244,broad,positive,ExactSecure,15000,64,10,6569,0.43793333333333334,10,1.0,1,none,0,0,0,10,10,1.0,8.371308999812754,15000,6569,6569,15000,0,0,1,1,0,0.0,0
244,broad,positive,PreFilter-Exact,15000,64,10,6569,0.43793333333333334,10,1.0,1,none,0,0,0,10,10,1.0,9.102133999931539,15000,6569,6569,15000,0,0,1,1,0,0.0,0
244,broad,positive,BitmapSlice-Exact,15000,64,10,6569,0.43793333333333334,10,1.0,1,none,0,0,0,10,10,1.0,22.61107999993328,7360,6569,6569,7360,0,0,1,1,0,0.0,0
244,broad,positive,ScalarOnly,15000,64,10,6569,0.43793333333333334,10,0.0,0,ranking_truncation,0,0,0,10,10,1.0,10.337504000062836,15000,6569,0,15000,0,0,0,1,0,0.0,0
244,broad,positive,PostFilter-IVF,15000,64,10,6569,0.43793333333333334,10,0.7,0,ranking_truncation,0,0,0,10,10,1.0,1.899146999903678,1366,657,1366,1366,0,8,0,1,0,0.0,0
244,broad,positive,AdaptivePostFilter-IVF,15000,64,10,6569,0.43793333333333334,10,0.8,0,ranking_truncation,0,0,0,10,10,1.0,6.1807679999219545,4800,2178,4800,4800,0,24,0,1,0,0.0,0
244,broad,positive,ExactPrefix-PostFilter,15000,64,10,6569,0.43793333333333334,10,1.0,1,none,0,0,0,10,10,1.0,4.170790999978635,2400,1063,15000,2400,0,0,0,1,0,0.0,0
244,broad,positive,TenantPartition-IVF,15000,64,10,6569,0.43793333333333334,10,0.7,0,ranking_truncation,0,0,0,10,10,1.0,1.6861770000105025,1366,657,1366,1366,0,8,0,1,0,0.0,0
244,broad,positive,PreFilter-IVF,15000,64,10,6569,0.43793333333333334,10,0.7,0,ranking_truncation,0,0,0,10,10,1.0,3.0715789998794207,1366,657,657,1366,8,8,0,1,0,0.0,0
244,broad,positive,PACER-A,15000,64,10,6569,0.43793333333333334,10,0.8,0,ranking_truncation,0,0,0,10,10,1.0,10.050266999996893,2400,2140,2400,2400,23,23,0,1,0,0.6250873804092407,1
244,broad,positive,PACER-C,15000,64,10,6569,0.43793333333333334,10,1.0,1,none,0,0,0,10,10,1.0,27.308366999932332,7360,6569,7360,7360,64,64,1,1,0,0.0,0
244,broad,positive,PACER-X,15000,64,10,6569,0.43793333333333334,10,1.0,1,none,0,0,0,10,10,1.0,32.150668000213045,7360,6569,7360,7360,64,64,1,1,0,0.0,0
244,broad,positive,PACER-A-NoSlices,15000,64,10,6569,0.43793333333333334,10,0.8,0,ranking_truncation,0,0,0,10,10,1.0,3.6092750001444074,2400,1135,2400,2400,13,13,0,1,0,0.6317487955093384,1
244,broad,positive,PACER-A-NoBounds,15000,64,10,6569,0.43793333333333334,10,0.8,0,ranking_truncation,0,0,0,10,10,1.0,8.822267999903488,2400,2142,2400,2400,23,23,0,1,0,0.0,1
244,broad,positive,StaleNoRecheck,15000,64,10,6569,0.43793333333333334,10,0.7,0,ranking_truncation,0,2,0,8,10,0.8,1.842650000071444,1366,736,1366,1366,0,8,0,1,0,0.0,0
244,broad,positive,NaiveNoPolicy,15000,64,10,6569,0.43793333333333334,10,0.5,0,ranking_truncation,0,0,5,5,10,0.5,0.5977960001928295,1366,1366,1366,0,0,8,0,1,0,0.0,0
245,medium,positive,ExactSecure,15000,64,10,328,0.021866666666666666,10,1.0,1,none,0,0,0,10,10,1.0,9.79323999990811,15000,328,328,15000,0,0,1,1,0,0.0,0
245,medium,positive,PreFilter-Exact,15000,64,10,328,0.021866666666666666,10,1.0,1,none,0,0,0,10,10,1.0,9.670965999930559,15000,328,328,15000,0,0,1,1,0,0.0,0
245,medium,positive,BitmapSlice-Exact,15000,64,10,328,0.021866666666666666,10,1.0,1,none,0,0,0,10,10,1.0,1.0649510002167517,368,328,328,368,0,0,1,1,0,0.0,0
245,medium,positive,ScalarOnly,15000,64,10,328,0.021866666666666666,10,0.1,0,ranking_truncation,0,0,0,10,10,1.0,9.163749999970605,15000,328,0,15000,0,0,0,1,0,0.0,0
245,medium,positive,PostFilter-IVF,15000,64,10,328,0.021866666666666666,10,0.6,0,ranking_truncation,0,0,0,10,10,1.0,1.7529290000766196,1922,44,1922,1922,0,8,0,1,0,0.0,0
245,medium,positive,AdaptivePostFilter-IVF,15000,64,10,328,0.021866666666666666,10,0.9,0,ranking_truncation,0,0,0,10,10,1.0,5.068537999932232,4800,104,4800,4800,0,20,0,1,0,0.0,0
245,medium,positive,ExactPrefix-PostFilter,15000,64,10,328,0.021866666666666666,10,1.0,1,none,0,0,0,10,10,1.0,3.817631000174515,2400,57,15000,2400,0,0,0,1,0,0.0,0
245,medium,positive,TenantPartition-IVF,15000,64,10,328,0.021866666666666666,10,0.6,0,ranking_truncation,0,0,0,10,10,1.0,1.1090279999734776,1922,44,1922,1922,0,8,0,1,0,0.0,0
245,medium,positive,PreFilter-IVF,15000,64,10,328,0.021866666666666666,10,0.6,0,ranking_truncation,0,0,0,10,10,1.0,1.8016230001194344,1827,45,45,1827,9,8,0,1,0,0.0,0
245,medium,positive,PACER-A,15000,64,10,328,0.021866666666666666,10,1.0,1,none,0,0,0,10,10,1.0,5.288748000111809,368,328,368,368,64,51,1,1,0,0.0,0
245,medium,positive,PACER-C,15000,64,10,328,0.021866666666666666,10,1.0,1,none,0,0,0,10,10,1.0,4.832466999914686,368,328,368,368,64,51,1,1,0,0.0,0
245,medium,positive,PACER-X,15000,64,10,328,0.021866666666666666,10,1.0,1,none,0,0,0,10,10,1.0,5.20189400003801,368,328,368,368,64,51,1,1,0,0.0,0
245,medium,positive,PACER-A-NoSlices,15000,64,10,328,0.021866666666666666,10,0.6,0,ranking_truncation,0,0,0,10,10,1.0,2.3421480000251904,2400,46,2400,2400,11,11,0,1,0,0.8001861870288849,1
245,medium,positive,PACER-A-NoBounds,15000,64,10,328,0.021866666666666666,10,1.0,1,none,0,0,0,10,10,1.0,5.4233299999850715,368,328,368,368,64,51,1,1,0,0.0,0
245,medium,positive,StaleNoRecheck,15000,64,10,328,0.021866666666666666,10,0.6,0,ranking_truncation,0,1,0,9,10,0.9,1.4342370000122173,1922,51,1922,1922,0,8,0,1,0,0.0,0
245,medium,positive,NaiveNoPolicy,15000,64,10,328,0.021866666666666666,10,0.1,0,ranking_truncation,9,1,8,1,10,0.1,0.6348110000544693,1922,1922,1922,0,0,8,0,1,0,0.0,0
246,narrow,positive,ExactSecure,15000,64,10,7,0.00046666666666666666,7,1.0,1,none,0,0,0,7,7,1.0,7.648707000043942,15000,7,7,15000,0,0,1,1,0,0.0,0
246,narrow,positive,PreFilter-Exact,15000,64,10,7,0.00046666666666666666,7,1.0,1,none,0,0,0,7,7,1.0,8.237219999955414,15000,7,7,15000,0,0,1,1,0,0.0,0
246,narrow,positive,BitmapSlice-Exact,15000,64,10,7,0.00046666666666666666,7,1.0,1,none,0,0,0,7,7,1.0,0.10039500011771452,9,7,7,9,0,0,1,1,0,0.0,0
246,narrow,positive,ScalarOnly,15000,64,10,7,0.00046666666666666666,7,1.0,0,ranking_truncation,0,0,0,7,7,1.0,9.458192000010968,15000,7,0,15000,0,0,0,1,0,0.0,0
246,narrow,positive,PostFilter-IVF,15000,64,10,7,0.00046666666666666666,1,0.14285714285714285,0,candidate_starvation,0,0,0,1,1,1.0,1.515014999995401,1894,1,1894,1894,0,8,0,1,0,0.0,0
246,narrow,positive,AdaptivePostFilter-IVF,15000,64,10,7,0.00046666666666666666,4,0.5714285714285714,0,candidate_starvation,0,0,0,4,4,1.0,4.3550909999794385,4800,4,4800,4800,0,21,0,1,0,0.0,0
246,narrow,positive,ExactPrefix-PostFilter,15000,64,10,7,0.00046666666666666666,2,0.2857142857142857,0,candidate_starvation,0,0,0,2,2,1.0,3.2559479998326424,2400,2,15000,2400,0,0,0,1,0,0.0,0
246,narrow,positive,TenantPartition-IVF,15000,64,10,7,0.00046666666666666666,1,0.14285714285714285,0,candidate_starvation,0,0,0,1,1,1.0,0.8625799998753791,1894,1,1894,1894,0,8,0,1,0,0.0,0
246,narrow,positive,PreFilter-IVF,15000,64,10,7,0.00046666666666666666,7,1.0,1,none,0,0,0,7,7,1.0,1.352452999981324,1006,7,7,1006,64,4,0,1,0,0.0,0
246,narrow,positive,PACER-A,15000,64,10,7,0.00046666666666666666,7,1.0,1,none,0,0,0,7,7,1.0,0.4589779998696031,9,7,9,9,49,4,1,1,0,0.0,0
246,narrow,positive,PACER-C,15000,64,10,7,0.00046666666666666666,7,1.0,1,none,0,0,0,7,7,1.0,0.35421200004748243,9,7,9,9,49,4,1,1,0,0.0,0
246,narrow,positive,PACER-X,15000,64,10,7,0.00046666666666666666,7,1.0,1,none,0,0,0,7,7,1.0,0.48427499996250845,9,7,9,9,49,4,1,1,0,0.0,0
246,narrow,positive,PACER-A-NoSlices,15000,64,10,7,0.00046666666666666666,1,0.14285714285714285,0,candidate_starvation,0,0,0,1,1,1.0,1.895303000083004,2400,1,2400,2400,10,10,0,1,0,0.0,1
246,narrow,positive,PACER-A-NoBounds,15000,64,10,7,0.00046666666666666666,7,1.0,1,none,0,0,0,7,7,1.0,0.3554439999788883,9,7,9,9,48,4,1,1,0,0.0,0
246,narrow,positive,StaleNoRecheck,15000,64,10,7,0.00046666666666666666,2,0.14285714285714285,0,candidate_starvation,0,1,0,1,2,0.5,1.482207999970342,1894,2,1894,1894,0,8,0,1,0,0.0,0
246,narrow,positive,NaiveNoPolicy,15000,64,10,7,0.00046666666666666666,10,0.14285714285714285,0,ranking_truncation,8,0,8,1,10,0.1,0.4914329999792244,1894,1894,1894,0,0,8,0,1,0,0.0,0
247,cold,positive,ExactSecure,15000,64,10,10,0.0006666666666666666,10,1.0,1,none,0,0,0,10,10,1.0,8.590685999934067,15000,10,10,15000,0,0,1,1,0,0.0,0
247,cold,positive,PreFilter-Exact,15000,64,10,10,0.0006666666666666666,10,1.0,1,none,0,0,0,10,10,1.0,8.522055999947042,15000,10,10,15000,0,0,1,1,0,0.0,0
247,cold,positive,BitmapSlice-Exact,15000,64,10,10,0.0006666666666666666,10,1.0,1,none,0,0,0,10,10,1.0,0.09648900004322059,10,10,10,10,0,0,1,1,0,0.0,0
247,cold,positive,ScalarOnly,15000,64,10,10,0.0006666666666666666,10,1.0,0,ranking_truncation,0,0,0,10,10,1.0,7.401041000093755,15000,10,0,15000,0,0,0,1,0,0.0,0
247,cold,positive,PostFilter-IVF,15000,64,10,10,0.0006666666666666666,5,0.5,0,candidate_starvation,0,0,0,5,5,1.0,2.580357999931948,2302,5,2302,2302,0,8,0,1,0,0.0,0
247,cold,positive,AdaptivePostFilter-IVF,15000,64,10,10,0.0006666666666666666,5,0.5,0,candidate_starvation,0,0,0,5,5,1.0,4.294672000014543,4800,5,4800,4800,0,20,0,1,0,0.0,0
247,cold,positive,ExactPrefix-PostFilter,15000,64,10,10,0.0006666666666666666,4,0.4,0,candidate_starvation,0,0,0,4,4,1.0,3.9633439998851827,2400,4,15000,2400,0,0,0,1,0,0.0,0
247,cold,positive,TenantPartition-IVF,15000,64,10,10,0.0006666666666666666,5,0.5,0,candidate_starvation,0,0,0,5,5,1.0,1.3392010000643495,2302,5,2302,2302,0,8,0,1,0,0.0,0
247,cold,positive,PreFilter-IVF,15000,64,10,10,0.0006666666666666666,10,1.0,1,none,0,0,0,10,10,1.0,1.479867000170998,1023,10,10,1023,64,5,0,1,0,0.0,0
247,cold,positive,PACER-A,15000,64,10,10,0.0006666666666666666,10,1.0,1,none,0,0,0,10,10,1.0,0.683024999943882,10,10,10,10,62,5,1,1,0,0.0,0
247,cold,positive,PACER-C,15000,64,10,10,0.0006666666666666666,10,1.0,1,none,0,0,0,10,10,1.0,0.5806480000956071,10,10,10,10,62,5,1,1,0,0.0,0
247,cold,positive,PACER-X,15000,64,10,10,0.0006666666666666666,10,1.0,1,none,0,0,0,10,10,1.0,0.6314240001756843,10,10,10,10,62,5,1,1,0,0.0,0
247,cold,positive,PACER-A-NoSlices,15000,64,10,10,0.0006666666666666666,5,0.5,0,candidate_starvation,0,0,0,5,5,1.0,2.165246999993542,2400,5,2400,2400,10,10,0,1,0,0.0,1
247,cold,positive,PACER-A-NoBounds,15000,64,10,10,0.0006666666666666666,10,1.0,1,none,0,0,0,10,10,1.0,0.5621660000088013,10,10,10,10,64,5,1,1,0,0.0,0
247,cold,positive,StaleNoRecheck,15000,64,10,10,0.0006666666666666666,5,0.5,0,candidate_starvation,0,0,0,5,5,1.0,1.9231470000704576,2302,5,2302,2302,0,8,0,1,0,0.0,0
247,cold,positive,NaiveNoPolicy,15000,64,10,10,0.0006666666666666666,10,0.1,0,ranking_truncation,8,2,9,1,10,0.1,0.826227999823459,2302,2302,2302,0,0,8,0,1,0,0.0,0
248,broad,positive,ExactSecure,15000,64,10,7043,0.46953333333333336,10,1.0,1,none,0,0,0,10,10,1.0,9.730349999927057,15000,7043,7043,15000,0,0,1,1,0,0.0,0
248,broad,positive,PreFilter-Exact,15000,64,10,7043,0.46953333333333336,10,1.0,1,none,0,0,0,10,10,1.0,10.08119500011162,15000,7043,7043,15000,0,0,1,1,0,0.0,0
248,broad,positive,BitmapSlice-Exact,15000,64,10,7043,0.46953333333333336,10,1.0,1,none,0,0,0,10,10,1.0,20.004235999977027,7743,7043,7043,7743,0,0,1,1,0,0.0,0
248,broad,positive,ScalarOnly,15000,64,10,7043,0.46953333333333336,10,0.0,0,ranking_truncation,0,0,0,10,10,1.0,8.92546099998981,15000,7043,0,15000,0,0,0,1,0,0.0,0
248,broad,positive,PostFilter-IVF,15000,64,10,7043,0.46953333333333336,10,0.9,0,ranking_truncation,0,0,0,10,10,1.0,1.9220789999963017,1847,974,1847,1847,0,8,0,1,0,0.0,0
248,broad,positive,AdaptivePostFilter-IVF,15000,64,10,7043,0.46953333333333336,10,1.0,1,none,0,0,0,10,10,1.0,5.147940999904677,4800,2281,4800,4800,0,19,0,1,0,0.0,0
248,broad,positive,ExactPrefix-PostFilter,15000,64,10,7043,0.46953333333333336,10,1.0,1,none,0,0,0,10,10,1.0,3.9838480001890275,2400,1214,15000,2400,0,0,0,1,0,0.0,0
248,broad,positive,TenantPartition-IVF,15000,64,10,7043,0.46953333333333336,10,0.9,0,ranking_truncation,0,0,0,10,10,1.0,1.8090549999669747,1847,974,1847,1847,0,8,0,1,0,0.0,0
248,broad,positive,PreFilter-IVF,15000,64,10,7043,0.46953333333333336,10,0.9,0,ranking_truncation,0,0,0,10,10,1.0,1.936603000103787,1847,974,974,1847,8,8,0,1,0,0.0,0
248,broad,positive,PACER-A,15000,64,10,7043,0.46953333333333336,10,1.0,1,none,0,0,0,10,10,1.0,8.640170000035141,2400,2192,2400,2400,19,19,0,1,0,0.5717533826828003,1
248,broad,positive,PACER-C,15000,64,10,7043,0.46953333333333336,10,1.0,1,none,0,0,0,10,10,1.0,24.87562600003912,7743,7043,7743,7743,64,64,1,1,0,0.0,0
248,broad,positive,PACER-X,15000,64,10,7043,0.46953333333333336,10,1.0,1,none,0,0,0,10,10,1.0,42.886913999836906,7743,7043,7743,7743,64,64,1,1,0,0.0,0
248,broad,positive,PACER-A-NoSlices,15000,64,10,7043,0.46953333333333336,10,0.9,0,ranking_truncation,0,0,0,10,10,1.0,4.618278000179998,2400,1226,2400,2400,11,11,0,1,0,0.5773058533668518,1
248,broad,positive,PACER-A-NoBounds,15000,64,10,7043,0.46953333333333336,10,1.0,1,none,0,0,0,10,10,1.0,14.107454000168218,2400,2187,2400,2400,19,19,0,1,0,0.0,1
248,broad,positive,StaleNoRecheck,15000,64,10,7043,0.46953333333333336,10,0.9,0,ranking_truncation,0,1,0,9,10,0.9,2.9075769998598844,1847,1061,1847,1847,0,8,0,1,0,0.0,0
248,broad,positive,NaiveNoPolicy,15000,64,10,7043,0.46953333333333336,10,0.6,0,ranking_truncation,0,1,4,6,10,0.6,0.9353709999686544,1847,1847,1847,0,0,8,0,1,0,0.0,0
249,medium,positive,ExactSecure,15000,64,10,361,0.024066666666666667,10,1.0,1,none,0,0,0,10,10,1.0,8.562951000158137,15000,361,361,15000,0,0,1,1,0,0.0,0
249,medium,positive,PreFilter-Exact,15000,64,10,361,0.024066666666666667,10,1.0,1,none,0,0,0,10,10,1.0,8.083393000106298,15000,361,361,15000,0,0,1,1,0,0.0,0
249,medium,positive,BitmapSlice-Exact,15000,64,10,361,0.024066666666666667,10,1.0,1,none,0,0,0,10,10,1.0,1.2321780000092986,409,361,361,409,0,0,1,1,0,0.0,0
249,medium,positive,ScalarOnly,15000,64,10,361,0.024066666666666667,10,0.0,0,ranking_truncation,0,0,0,10,10,1.0,7.8071780001209845,15000,361,0,15000,0,0,0,1,0,0.0,0
249,medium,positive,PostFilter-IVF,15000,64,10,361,0.024066666666666667,10,0.8,0,ranking_truncation,0,0,0,10,10,1.0,2.0388010000260692,2067,52,2067,2067,0,8,0,1,0,0.0,0
249,medium,positive,AdaptivePostFilter-IVF,15000,64,10,361,0.024066666666666667,10,0.9,0,ranking_truncation,0,0,0,10,10,1.0,5.050415000141584,4800,121,4800,4800,0,22,0,1,0,0.0,0
249,medium,positive,ExactPrefix-PostFilter,15000,64,10,361,0.024066666666666667,10,1.0,1,none,0,0,0,10,10,1.0,4.303139000057854,2400,75,15000,2400,0,0,0,1,0,0.0,0
249,medium,positive,TenantPartition-IVF,15000,64,10,361,0.024066666666666667,10,0.8,0,ranking_truncation,0,0,0,10,10,1.0,1.5787160000400036,2067,52,2067,2067,0,8,0,1,0,0.0,0
249,medium,positive,PreFilter-IVF,15000,64,10,361,0.024066666666666667,10,0.8,0,ranking_truncation,0,0,0,10,10,1.0,1.91436000000067,2157,69,69,2157,10,8,0,1,0,0.0,0
249,medium,positive,PACER-A,15000,64,10,361,0.024066666666666667,10,1.0,1,none,0,0,0,10,10,1.0,5.594927999936772,409,361,409,409,64,57,1,1,0,0.0,0
249,medium,positive,PACER-C,15000,64,10,361,0.024066666666666667,10,1.0,1,none,0,0,0,10,10,1.0,5.805639999834966,409,361,409,409,64,57,1,1,0,0.0,0
249,medium,positive,PACER-X,15000,64,10,361,0.024066666666666667,10,1.0,1,none,0,0,0,10,10,1.0,5.186689000083788,409,361,409,409,64,57,1,1,0,0.0,0
249,medium,positive,PACER-A-NoSlices,15000,64,10,361,0.024066666666666667,10,0.8,0,ranking_truncation,0,0,0,10,10,1.0,2.0388980001371237,2400,69,2400,2400,11,11,0,1,0,0.7435601949691772,1
249,medium,positive,PACER-A-NoBounds,15000,64,10,361,0.024066666666666667,10,1.0,1,none,0,0,0,10,10,1.0,4.885331999957998,409,361,409,409,64,57,1,1,0,0.0,0
249,medium,positive,StaleNoRecheck,15000,64,10,361,0.024066666666666667,10,0.8,0,ranking_truncation,0,0,0,10,10,1.0,1.540043999966656,2067,57,2067,2067,0,8,0,1,0,0.0,0
249,medium,positive,NaiveNoPolicy,15000,64,10,361,0.024066666666666667,10,0.1,0,ranking_truncation,7,2,7,1,10,0.1,0.6100640000568092,2067,2067,2067,0,0,8,0,1,0,0.0,0
250,narrow,positive,ExactSecure,15000,64,10,7,0.00046666666666666666,7,1.0,1,none,0,0,0,7,7,1.0,9.526889999960986,15000,7,7,15000,0,0,1,1,0,0.0,0
250,narrow,positive,PreFilter-Exact,15000,64,10,7,0.00046666666666666666,7,1.0,1,none,0,0,0,7,7,1.0,12.112113000057434,15000,7,7,15000,0,0,1,1,0,0.0,0
250,narrow,positive,BitmapSlice-Exact,15000,64,10,7,0.00046666666666666666,7,1.0,1,none,0,0,0,7,7,1.0,0.12313100000937993,9,7,7,9,0,0,1,1,0,0.0,0
250,narrow,positive,ScalarOnly,15000,64,10,7,0.00046666666666666666,7,1.0,0,ranking_truncation,0,0,0,7,7,1.0,9.730870999874242,15000,7,0,15000,0,0,0,1,0,0.0,0
250,narrow,positive,PostFilter-IVF,15000,64,10,7,0.00046666666666666666,3,0.42857142857142855,0,candidate_starvation,0,0,0,3,3,1.0,1.289301000042542,1566,3,1566,1566,0,8,0,1,0,0.0,0
250,narrow,positive,AdaptivePostFilter-IVF,15000,64,10,7,0.00046666666666666666,3,0.42857142857142855,0,candidate_starvation,0,0,0,3,3,1.0,3.986142000030668,4800,3,4800,4800,0,20,0,1,0,0.0,0
250,narrow,positive,ExactPrefix-PostFilter,15000,64,10,7,0.00046666666666666666,3,0.42857142857142855,0,candidate_starvation,0,0,0,3,3,1.0,3.0447609999555425,2400,3,15000,2400,0,0,0,1,0,0.0,0
250,narrow,positive,TenantPartition-IVF,15000,64,10,7,0.00046666666666666666,3,0.42857142857142855,0,candidate_starvation,0,0,0,3,3,1.0,0.673540999969191,1566,3,1566,1566,0,8,0,1,0,0.0,0
250,narrow,positive,PreFilter-IVF,15000,64,10,7,0.00046666666666666666,7,1.0,1,none,0,0,0,7,7,1.0,1.3489420000496466,877,7,7,877,64,3,0,1,0,0.0,0
250,narrow,positive,PACER-A,15000,64,10,7,0.00046666666666666666,7,1.0,1,none,0,0,0,7,7,1.0,0.42639599996618927,9,7,9,9,41,3,1,1,0,0.0,0
250,narrow,positive,PACER-C,15000,64,10,7,0.00046666666666666666,7,1.0,1,none,0,0,0,7,7,1.0,0.32090100012283074,9,7,9,9,41,3,1,1,0,0.0,0
250,narrow,positive,PACER-X,15000,64,10,7,0.00046666666666666666,7,1.0,1,none,0,0,0,7,7,1.0,0.30823499992038705,9,7,9,9,41,3,1,1,0,0.0,0
250,narrow,positive,PACER-A-NoSlices,15000,64,10,7,0.00046666666666666666,3,0.42857142857142855,0,candidate_starvation,0,0,0,3,3,1.0,2.104654000049777,2400,3,2400,2400,11,11,0,1,0,0.0,1
250,narrow,positive,PACER-A-NoBounds,15000,64,10,7,0.00046666666666666666,7,1.0,1,none,0,0,0,7,7,1.0,0.33932799988178886,9,7,9,9,28,3,1,1,0,0.0,0
250,narrow,positive,StaleNoRecheck,15000,64,10,7,0.00046666666666666666,3,0.42857142857142855,0,candidate_starvation,0,0,0,3,3,1.0,2.1131630001036683,1566,3,1566,1566,0,8,0,1,0,0.0,0
250,narrow,positive,NaiveNoPolicy,15000,64,10,7,0.00046666666666666666,10,0.14285714285714285,0,ranking_truncation,8,0,5,1,10,0.1,0.7785549998970964,1566,1566,1566,0,0,8,0,1,0,0.0,0
251,cold,positive,ExactSecure,15000,64,10,2,0.00013333333333333334,2,1.0,1,none,0,0,0,2,2,1.0,9.3489870000667,15000,2,2,15000,0,0,1,1,0,0.0,0
251,cold,positive,PreFilter-Exact,15000,64,10,2,0.00013333333333333334,2,1.0,1,none,0,0,0,2,2,1.0,7.124265000129526,15000,2,2,15000,0,0,1,1,0,0.0,0
251,cold,positive,BitmapSlice-Exact,15000,64,10,2,0.00013333333333333334,2,1.0,1,none,0,0,0,2,2,1.0,0.0814320001154556,2,2,2,2,0,0,1,1,0,0.0,0
251,cold,positive,ScalarOnly,15000,64,10,2,0.00013333333333333334,2,1.0,0,ranking_truncation,0,0,0,2,2,1.0,7.389776000081838,15000,2,0,15000,0,0,0,1,0,0.0,0
251,cold,positive,PostFilter-IVF,15000,64,10,2,0.00013333333333333334,2,1.0,1,none,0,0,0,2,2,1.0,1.8137040001420246,2348,2,2348,2348,0,8,0,1,0,0.0,0
251,cold,positive,AdaptivePostFilter-IVF,15000,64,10,2,0.00013333333333333334,2,1.0,1,none,0,0,0,2,2,1.0,3.798863999918467,4800,2,4800,4800,0,19,0,1,0,0.0,0
251,cold,positive,ExactPrefix-PostFilter,15000,64,10,2,0.00013333333333333334,2,1.0,1,none,0,0,0,2,2,1.0,3.4531880000940873,2400,2,15000,2400,0,0,0,1,0,0.0,0
251,cold,positive,TenantPartition-IVF,15000,64,10,2,0.00013333333333333334,2,1.0,1,none,0,0,0,2,2,1.0,1.0581010001260438,2348,2,2348,2348,0,8,0,1,0,0.0,0
251,cold,positive,PreFilter-IVF,15000,64,10,2,0.00013333333333333334,2,1.0,1,none,0,0,0,2,2,1.0,0.8161179998751322,381,2,2,381,64,1,0,1,0,0.0,0
251,cold,positive,PACER-A,15000,64,10,2,0.00013333333333333334,2,1.0,1,none,0,0,0,2,2,1.0,0.26282999988325173,2,2,2,2,4,1,1,1,0,0.0,0
251,cold,positive,PACER-C,15000,64,10,2,0.00013333333333333334,2,1.0,1,none,0,0,0,2,2,1.0,0.18106799984707322,2,2,2,2,4,1,1,1,0,0.0,0
251,cold,positive,PACER-X,15000,64,10,2,0.00013333333333333334,2,1.0,1,none,0,0,0,2,2,1.0,0.1609359999292792,2,2,2,2,4,1,1,1,0,0.0,0
251,cold,positive,PACER-A-NoSlices,15000,64,10,2,0.00013333333333333334,2,1.0,1,none,0,0,0,2,2,1.0,1.7309679999470973,2400,2,2400,2400,10,10,0,1,0,0.0,1
251,cold,positive,PACER-A-NoBounds,15000,64,10,2,0.00013333333333333334,2,1.0,1,none,0,0,0,2,2,1.0,0.17022199995153642,2,2,2,2,2,1,1,1,0,0.0,0
251,cold,positive,StaleNoRecheck,15000,64,10,2,0.00013333333333333334,2,1.0,1,none,0,0,0,2,2,1.0,1.6990300000543357,2348,2,2348,2348,0,8,0,1,0,0.0,0
251,cold,positive,NaiveNoPolicy,15000,64,10,2,0.00013333333333333334,10,0.5,0,ranking_truncation,9,1,8,1,10,0.1,0.6206099999417347,2348,2348,2348,0,0,8,0,1,0,0.0,0
252,broad,positive,ExactSecure,15000,64,10,7160,0.47733333333333333,10,1.0,1,none,0,0,0,10,10,1.0,9.174634999908449,15000,7160,7160,15000,0,0,1,1,0,0.0,0
252,broad,positive,PreFilter-Exact,15000,64,10,7160,0.47733333333333333,10,1.0,1,none,0,0,0,10,10,1.0,10.280811000029644,15000,7160,7160,15000,0,0,1,1,0,0.0,0
252,broad,positive,BitmapSlice-Exact,15000,64,10,7160,0.47733333333333333,10,1.0,1,none,0,0,0,10,10,1.0,20.712921000040296,7632,7160,7160,7632,0,0,1,1,0,0.0,0
252,broad,positive,ScalarOnly,15000,64,10,7160,0.47733333333333333,10,0.0,0,ranking_truncation,0,0,0,10,10,1.0,10.25848200015389,15000,7160,0,15000,0,0,0,1,0,0.0,0
252,broad,positive,PostFilter-IVF,15000,64,10,7160,0.47733333333333333,10,1.0,1,none,0,0,0,10,10,1.0,1.9344939998973132,2246,1115,2246,2246,0,8,0,1,0,0.0,0
252,broad,positive,AdaptivePostFilter-IVF,15000,64,10,7160,0.47733333333333333,10,1.0,1,none,0,0,0,10,10,1.0,5.391420000023572,4800,2389,4800,4800,0,24,0,1,0,0.0,0
252,broad,positive,ExactPrefix-PostFilter,15000,64,10,7160,0.47733333333333333,10,1.0,1,none,0,0,0,10,10,1.0,3.999363000048106,2400,1271,15000,2400,0,0,0,1,0,0.0,0
252,broad,positive,TenantPartition-IVF,15000,64,10,7160,0.47733333333333333,10,1.0,1,none,0,0,0,10,10,1.0,2.249917999961326,2246,1115,2246,2246,0,8,0,1,0,0.0,0
252,broad,positive,PreFilter-IVF,15000,64,10,7160,0.47733333333333333,10,1.0,1,none,0,0,0,10,10,1.0,2.360830000043279,2239,1049,1049,2239,8,8,0,1,0,0.0,0
252,broad,positive,PACER-A,15000,64,10,7160,0.47733333333333333,10,1.0,1,none,0,0,0,10,10,1.0,11.93873099987286,2400,2260,2400,2400,21,21,0,1,0,0.5008412897586823,1
252,broad,positive,PACER-C,15000,64,10,7160,0.47733333333333333,10,1.0,1,none,0,0,0,10,10,1.0,21.985796999842933,7632,7160,7632,7632,64,64,1,1,0,0.0,0
252,broad,positive,PACER-X,15000,64,10,7160,0.47733333333333333,10,1.0,1,none,0,0,0,10,10,1.0,30.782922000071267,7632,7160,7632,7632,64,64,1,1,0,0.0,0
252,broad,positive,PACER-A-NoSlices,15000,64,10,7160,0.47733333333333333,10,1.0,1,none,0,0,0,10,10,1.0,2.0022009998683643,2400,1134,2400,2400,9,9,0,1,0,0.5083931982517242,1
252,broad,positive,PACER-A-NoBounds,15000,64,10,7160,0.47733333333333333,10,1.0,1,none,0,0,0,10,10,1.0,7.287099999985003,2400,2258,2400,2400,22,22,0,1,0,0.0,1
252,broad,positive,StaleNoRecheck,15000,64,10,7160,0.47733333333333333,10,1.0,1,none,0,0,0,10,10,1.0,1.839030999917668,2246,1192,2246,2246,0,8,0,1,0,0.0,0
252,broad,positive,NaiveNoPolicy,15000,64,10,7160,0.47733333333333333,10,0.9,0,ranking_truncation,0,1,1,9,10,0.9,0.6279100000483595,2246,2246,2246,0,0,8,0,1,0,0.0,0
253,medium,positive,ExactSecure,15000,64,10,343,0.022866666666666667,10,1.0,1,none,0,0,0,10,10,1.0,7.393834999902538,15000,343,343,15000,0,0,1,1,0,0.0,0
253,medium,positive,PreFilter-Exact,15000,64,10,343,0.022866666666666667,10,1.0,1,none,0,0,0,10,10,1.0,8.208232000015414,15000,343,343,15000,0,0,1,1,0,0.0,0
253,medium,positive,BitmapSlice-Exact,15000,64,10,343,0.022866666666666667,10,1.0,1,none,0,0,0,10,10,1.0,0.9629389999190607,379,343,343,379,0,0,1,1,0,0.0,0
253,medium,positive,ScalarOnly,15000,64,10,343,0.022866666666666667,10,0.0,0,ranking_truncation,0,0,0,10,10,1.0,7.46055200011142,15000,343,0,15000,0,0,0,1,0,0.0,0
253,medium,positive,PostFilter-IVF,15000,64,10,343,0.022866666666666667,10,0.4,0,ranking_truncation,0,0,0,10,10,1.0,1.623298000140494,1885,50,1885,1885,0,8,0,1,0,0.0,0
253,medium,positive,AdaptivePostFilter-IVF,15000,64,10,343,0.022866666666666667,10,0.8,0,ranking_truncation,0,0,0,10,10,1.0,4.285396000113906,4800,122,4800,4800,0,25,0,1,0,0.0,0
253,medium,positive,ExactPrefix-PostFilter,15000,64,10,343,0.022866666666666667,10,1.0,1,none,0,0,0,10,10,1.0,3.6196710000240273,2400,56,15000,2400,0,0,0,1,0,0.0,0
253,medium,positive,TenantPartition-IVF,15000,64,10,343,0.022866666666666667,10,0.4,0,ranking_truncation,0,0,0,10,10,1.0,1.0019500000453263,1885,50,1885,1885,0,8,0,1,0,0.0,0
253,medium,positive,PreFilter-IVF,15000,64,10,343,0.022866666666666667,10,0.3,0,ranking_truncation,0,0,0,10,10,1.0,1.4803449998908036,1655,33,33,1655,8,8,0,1,0,0.0,0
253,medium,positive,PACER-A,15000,64,10,343,0.022866666666666667,10,1.0,1,none,0,0,0,10,10,1.0,4.963049000025421,379,343,379,379,64,54,1,1,0,0.0,0
253,medium,positive,PACER-C,15000,64,10,343,0.022866666666666667,10,1.0,1,none,0,0,0,10,10,1.0,5.008870999972714,379,343,379,379,64,54,1,1,0,0.0,0
253,medium,positive,PACER-X,15000,64,10,343,0.022866666666666667,10,1.0,1,none,0,0,0,10,10,1.0,4.8852700001589255,379,343,379,379,64,54,1,1,0,0.0,0
253,medium,positive,PACER-A-NoSlices,15000,64,10,343,0.022866666666666667,10,0.6,0,ranking_truncation,0,0,0,10,10,1.0,2.2608869999203307,2400,46,2400,2400,11,11,0,1,0,0.7760306894779205,1
253,medium,positive,PACER-A-NoBounds,15000,64,10,343,0.022866666666666667,10,1.0,1,none,0,0,0,10,10,1.0,4.848171000048751,379,343,379,379,64,54,1,1,0,0.0,0
253,medium,positive,StaleNoRecheck,15000,64,10,343,0.022866666666666667,10,0.4,0,ranking_truncation,0,3,0,7,10,0.7,1.5100819998679071,1885,62,1885,1885,0,8,0,1,0,0.0,0
253,medium,positive,NaiveNoPolicy,15000,64,10,343,0.022866666666666667,10,0.1,0,ranking_truncation,8,0,8,1,10,0.1,0.5793750001430453,1885,1885,1885,0,0,8,0,1,0,0.0,0
254,narrow,positive,ExactSecure,15000,64,10,11,0.0007333333333333333,10,1.0,1,none,0,0,0,10,10,1.0,7.336702999964473,15000,11,11,15000,0,0,1,1,0,0.0,0
254,narrow,positive,PreFilter-Exact,15000,64,10,11,0.0007333333333333333,10,1.0,1,none,0,0,0,10,10,1.0,7.505606999984593,15000,11,11,15000,0,0,1,1,0,0.0,0
254,narrow,positive,BitmapSlice-Exact,15000,64,10,11,0.0007333333333333333,10,1.0,1,none,0,0,0,10,10,1.0,0.14404400008061202,11,11,11,11,0,0,1,1,0,0.0,0
254,narrow,positive,ScalarOnly,15000,64,10,11,0.0007333333333333333,10,0.9,0,ranking_truncation,0,0,0,10,10,1.0,7.395455000050788,15000,11,0,15000,0,0,0,1,0,0.0,0
254,narrow,positive,PostFilter-IVF,15000,64,10,11,0.0007333333333333333,7,0.7,0,candidate_starvation,0,0,0,7,7,1.0,1.4175469998463086,1839,7,1839,1839,0,8,0,1,0,0.0,0
254,narrow,positive,AdaptivePostFilter-IVF,15000,64,10,11,0.0007333333333333333,7,0.7,0,candidate_starvation,0,0,0,7,7,1.0,4.111163999823475,4800,7,4800,4800,0,24,0,1,0,0.0,0
254,narrow,positive,ExactPrefix-PostFilter,15000,64,10,11,0.0007333333333333333,6,0.6,0,candidate_starvation,0,0,0,6,6,1.0,3.235618999951839,2400,6,15000,2400,0,0,0,1,0,0.0,0
254,narrow,positive,TenantPartition-IVF,15000,64,10,11,0.0007333333333333333,7,0.7,0,candidate_starvation,0,0,0,7,7,1.0,0.8184299999811628,1839,7,1839,1839,0,8,0,1,0,0.0,0
254,narrow,positive,PreFilter-IVF,15000,64,10,11,0.0007333333333333333,10,1.0,1,none,0,0,0,10,10,1.0,1.0787609999169945,819,11,11,819,64,4,0,1,0,0.0,0
254,narrow,positive,PACER-A,15000,64,10,11,0.0007333333333333333,10,1.0,1,none,0,0,0,10,10,1.0,0.5036479999489529,11,11,11,11,58,4,1,1,0,0.0,0
254,narrow,positive,PACER-C,15000,64,10,11,0.0007333333333333333,10,1.0,1,none,0,0,0,10,10,1.0,0.44709200005854655,11,11,11,11,58,4,1,1,0,0.0,0
254,narrow,positive,PACER-X,15000,64,10,11,0.0007333333333333333,10,1.0,1,none,0,0,0,10,10,1.0,0.4235500000504544,11,11,11,11,58,4,1,1,0,0.0,0
254,narrow,positive,PACER-A-NoSlices,15000,64,10,11,0.0007333333333333333,7,0.7,0,candidate_starvation,0,0,0,7,7,1.0,1.7926509999597329,2400,7,2400,2400,13,13,0,1,0,0.0,1
254,narrow,positive,PACER-A-NoBounds,15000,64,10,11,0.0007333333333333333,10,1.0,1,none,0,0,0,10,10,1.0,0.46069900008660625,11,11,11,11,64,4,1,1,0,0.0,0
254,narrow,positive,StaleNoRecheck,15000,64,10,11,0.0007333333333333333,7,0.7,0,candidate_starvation,0,0,0,7,7,1.0,1.4578410000467557,1839,7,1839,1839,0,8,0,1,0,0.0,0
254,narrow,positive,NaiveNoPolicy,15000,64,10,11,0.0007333333333333333,10,0.1,0,ranking_truncation,8,0,7,1,10,0.1,0.47603300004084304,1839,1839,1839,0,0,8,0,1,0,0.0,0
255,cold,positive,ExactSecure,15000,64,10,11,0.0007333333333333333,10,1.0,1,none,0,0,0,10,10,1.0,9.706810999887239,15000,11,11,15000,0,0,1,1,0,0.0,0
255,cold,positive,PreFilter-Exact,15000,64,10,11,0.0007333333333333333,10,1.0,1,none,0,0,0,10,10,1.0,7.7400820000548265,15000,11,11,15000,0,0,1,1,0,0.0,0
255,cold,positive,BitmapSlice-Exact,15000,64,10,11,0.0007333333333333333,10,1.0,1,none,0,0,0,10,10,1.0,0.1390399997944769,11,11,11,11,0,0,1,1,0,0.0,0
255,cold,positive,ScalarOnly,15000,64,10,11,0.0007333333333333333,10,0.9,0,ranking_truncation,0,0,0,10,10,1.0,7.1971810000377445,15000,11,0,15000,0,0,0,1,0,0.0,0
255,cold,positive,PostFilter-IVF,15000,64,10,11,0.0007333333333333333,3,0.3,0,candidate_starvation,0,0,0,3,3,1.0,1.3355379999211436,1666,3,1666,1666,0,8,0,1,0,0.0,0
255,cold,positive,AdaptivePostFilter-IVF,15000,64,10,11,0.0007333333333333333,6,0.6,0,candidate_starvation,0,0,0,6,6,1.0,5.7395699998323835,4800,6,4800,4800,0,22,0,1,0,0.0,0
255,cold,positive,ExactPrefix-PostFilter,15000,64,10,11,0.0007333333333333333,3,0.3,0,candidate_starvation,0,0,0,3,3,1.0,3.2579439998698945,2400,3,15000,2400,0,0,0,1,0,0.0,0
255,cold,positive,TenantPartition-IVF,15000,64,10,11,0.0007333333333333333,3,0.3,0,candidate_starvation,0,0,0,3,3,1.0,0.7243890001973341,1666,3,1666,1666,0,8,0,1,0,0.0,0
255,cold,positive,PreFilter-IVF,15000,64,10,11,0.0007333333333333333,10,1.0,1,none,0,0,0,10,10,1.0,1.3614649999453832,1346,11,11,1346,64,5,0,1,0,0.0,0
255,cold,positive,PACER-A,15000,64,10,11,0.0007333333333333333,10,1.0,1,none,0,0,0,10,10,1.0,0.6119919999036938,11,11,11,11,55,5,1,1,0,0.0,0
255,cold,positive,PACER-C,15000,64,10,11,0.0007333333333333333,10,1.0,1,none,0,0,0,10,10,1.0,0.5216459999246581,11,11,11,11,55,5,1,1,0,0.0,0
255,cold,positive,PACER-X,15000,64,10,11,0.0007333333333333333,10,1.0,1,none,0,0,0,10,10,1.0,0.4534750000857457,11,11,11,11,55,5,1,1,0,0.0,0
255,cold,positive,PACER-A-NoSlices,15000,64,10,11,0.0007333333333333333,3,0.3,0,candidate_starvation,0,0,0,3,3,1.0,2.2498230000564945,2400,3,2400,2400,11,11,0,1,0,0.0,1
255,cold,positive,PACER-A-NoBounds,15000,64,10,11,0.0007333333333333333,10,1.0,1,none,0,0,0,10,10,1.0,0.7233679998535081,11,11,11,11,64,5,1,1,0,0.0,0
255,cold,positive,StaleNoRecheck,15000,64,10,11,0.0007333333333333333,3,0.3,0,candidate_starvation,0,0,0,3,3,1.0,1.442964000034408,1666,3,1666,1666,0,8,0,1,0,0.0,0
255,cold,positive,NaiveNoPolicy,15000,64,10,11,0.0007333333333333333,10,0.1,0,ranking_truncation,9,1,9,1,10,0.1,0.7788959999288636,1666,1666,1666,0,0,8,0,1,0,0.0,0
256,broad,positive,ExactSecure,15000,64,10,6778,0.4518666666666667,10,1.0,1,none,0,0,0,10,10,1.0,8.358571000144366,15000,6778,6778,15000,0,0,1,1,0,0.0,0
256,broad,positive,PreFilter-Exact,15000,64,10,6778,0.4518666666666667,10,1.0,1,none,0,0,0,10,10,1.0,9.16281800004981,15000,6778,6778,15000,0,0,1,1,0,0.0,0
256,broad,positive,BitmapSlice-Exact,15000,64,10,6778,0.4518666666666667,10,1.0,1,none,0,0,0,10,10,1.0,21.199311999907877,7219,6778,6778,7219,0,0,1,1,0,0.0,0
256,broad,positive,ScalarOnly,15000,64,10,6778,0.4518666666666667,10,0.0,0,ranking_truncation,0,0,0,10,10,1.0,8.525716999884025,15000,6778,0,15000,0,0,0,1,0,0.0,0
256,broad,positive,PostFilter-IVF,15000,64,10,6778,0.4518666666666667,10,1.0,1,none,0,0,0,10,10,1.0,1.7375679999531712,1245,690,1245,1245,0,8,0,1,0,0.0,0
256,broad,positive,AdaptivePostFilter-IVF,15000,64,10,6778,0.4518666666666667,10,1.0,1,none,0,0,0,10,10,1.0,6.126691999952527,4800,2276,4800,4800,0,23,0,1,0,0.0,0
256,broad,positive,ExactPrefix-PostFilter,15000,64,10,6778,0.4518666666666667,10,1.0,1,none,0,0,0,10,10,1.0,3.77068199986752,2400,1121,15000,2400,0,0,0,1,0,0.0,0
256,broad,positive,TenantPartition-IVF,15000,64,10,6778,0.4518666666666667,10,1.0,1,none,0,0,0,10,10,1.0,1.177806999976383,1245,690,1245,1245,0,8,0,1,0,0.0,0
256,broad,positive,PreFilter-IVF,15000,64,10,6778,0.4518666666666667,10,1.0,1,none,0,0,0,10,10,1.0,1.9388389998766797,1407,761,761,1407,8,8,0,1,0,0.0,0
256,broad,positive,PACER-A,15000,64,10,6778,0.4518666666666667,10,1.0,1,none,0,0,0,10,10,1.0,11.558448999949178,2400,2247,2400,2400,23,23,0,1,0,0.5392725467681885,1
256,broad,positive,PACER-C,15000,64,10,6778,0.4518666666666667,10,1.0,1,none,0,0,0,10,10,1.0,26.611282999965624,7219,6778,7219,7219,64,64,1,1,0,0.0,0
256,broad,positive,PACER-X,15000,64,10,6778,0.4518666666666667,10,1.0,1,none,0,0,0,10,10,1.0,30.195746999879702,7219,6778,7219,7219,64,64,1,1,0,0.0,0
256,broad,positive,PACER-A-NoSlices,15000,64,10,6778,0.4518666666666667,10,1.0,1,none,0,0,0,10,10,1.0,2.426692999961233,2400,1285,2400,2400,13,13,0,1,0,0.5471437573432922,1
256,broad,positive,PACER-A-NoBounds,15000,64,10,6778,0.4518666666666667,10,1.0,1,none,0,0,0,10,10,1.0,11.745341999812808,2400,2248,2400,2400,23,23,0,1,0,0.0,1
256,broad,positive,StaleNoRecheck,15000,64,10,6778,0.4518666666666667,10,1.0,1,none,0,0,0,10,10,1.0,1.8398299998807488,1245,732,1245,1245,0,8,0,1,0,0.0,0
256,broad,positive,NaiveNoPolicy,15000,64,10,6778,0.4518666666666667,10,0.7,0,ranking_truncation,0,0,3,7,10,0.7,0.626114999931815,1245,1245,1245,0,0,8,0,1,0,0.0,0
257,medium,positive,ExactSecure,15000,64,10,322,0.021466666666666665,10,1.0,1,none,0,0,0,10,10,1.0,9.623073999819098,15000,322,322,15000,0,0,1,1,0,0.0,0
257,medium,positive,PreFilter-Exact,15000,64,10,322,0.021466666666666665,10,1.0,1,none,0,0,0,10,10,1.0,9.56345899999178,15000,322,322,15000,0,0,1,1,0,0.0,0
257,medium,positive,BitmapSlice-Exact,15000,64,10,322,0.021466666666666665,10,1.0,1,none,0,0,0,10,10,1.0,0.980183000137913,367,322,322,367,0,0,1,1,0,0.0,0
257,medium,positive,ScalarOnly,15000,64,10,322,0.021466666666666665,10,0.1,0,ranking_truncation,0,0,0,10,10,1.0,8.16668200013737,15000,322,0,15000,0,0,0,1,0,0.0,0
257,medium,positive,PostFilter-IVF,15000,64,10,322,0.021466666666666665,10,0.9,0,ranking_truncation,0,0,0,10,10,1.0,2.356289000090328,2346,70,2346,2346,0,8,0,1,0,0.0,0
257,medium,positive,AdaptivePostFilter-IVF,15000,64,10,322,0.021466666666666665,10,1.0,1,none,0,0,0,10,10,1.0,3.8523190000887553,4800,114,4800,4800,0,21,0,1,0,0.0,0
257,medium,positive,ExactPrefix-PostFilter,15000,64,10,322,0.021466666666666665,10,1.0,1,none,0,0,0,10,10,1.0,3.30212400012897,2400,60,15000,2400,0,0,0,1,0,0.0,0
257,medium,positive,TenantPartition-IVF,15000,64,10,322,0.021466666666666665,10,0.9,0,ranking_truncation,0,0,0,10,10,1.0,1.3749930001267785,2346,70,2346,2346,0,8,0,1,0,0.0,0
257,medium,positive,PreFilter-IVF,15000,64,10,322,0.021466666666666665,10,0.9,0,ranking_truncation,0,0,0,10,10,1.0,1.6862949998994736,1910,76,76,1910,9,8,0,1,0,0.0,0
257,medium,positive,PACER-A,15000,64,10,322,0.021466666666666665,10,1.0,1,none,0,0,0,10,10,1.0,5.145130999835601,367,322,367,367,64,52,1,1,0,0.0,0
257,medium,positive,PACER-C,15000,64,10,322,0.021466666666666665,10,1.0,1,none,0,0,0,10,10,1.0,4.515147000120123,367,322,367,367,64,52,1,1,0,0.0,0
257,medium,positive,PACER-X,15000,64,10,322,0.021466666666666665,10,1.0,1,none,0,0,0,10,10,1.0,4.854128000033597,367,322,367,367,64,52,1,1,0,0.0,0
257,medium,positive,PACER-A-NoSlices,15000,64,10,322,0.021466666666666665,10,0.9,0,ranking_truncation,0,0,0,10,10,1.0,2.6268350000009377,2400,77,2400,2400,10,10,0,1,0,0.734647661447525,1
257,medium,positive,PACER-A-NoBounds,15000,64,10,322,0.021466666666666665,10,1.0,1,none,0,0,0,10,10,1.0,5.103092999888759,367,322,367,367,64,52,1,1,0,0.0,0
257,medium,positive,StaleNoRecheck,15000,64,10,322,0.021466666666666665,10,0.8,0,ranking_truncation,0,2,0,8,10,0.8,3.0919880000510602,2346,79,2346,2346,0,8,0,1,0,0.0,0
257,medium,positive,NaiveNoPolicy,15000,64,10,322,0.021466666666666665,10,0.2,0,ranking_truncation,3,4,7,2,10,0.2,0.8555169999908685,2346,2346,2346,0,0,8,0,1,0,0.0,0
258,narrow,positive,ExactSecure,15000,64,10,8,0.0005333333333333334,8,1.0,1,none,0,0,0,8,8,1.0,10.648725999999442,15000,8,8,15000,0,0,1,1,0,0.0,0
258,narrow,positive,PreFilter-Exact,15000,64,10,8,0.0005333333333333334,8,1.0,1,none,0,0,0,8,8,1.0,7.6196719999188645,15000,8,8,15000,0,0,1,1,0,0.0,0
258,narrow,positive,BitmapSlice-Exact,15000,64,10,8,0.0005333333333333334,8,1.0,1,none,0,0,0,8,8,1.0,0.11569200000849378,8,8,8,8,0,0,1,1,0,0.0,0
258,narrow,positive,ScalarOnly,15000,64,10,8,0.0005333333333333334,8,1.0,0,ranking_truncation,0,0,0,8,8,1.0,10.390210999958072,15000,8,0,15000,0,0,0,1,0,0.0,0
258,narrow,positive,PostFilter-IVF,15000,64,10,8,0.0005333333333333334,2,0.25,0,candidate_starvation,0,0,0,2,2,1.0,2.133110000158922,2070,2,2070,2070,0,8,0,1,0,0.0,0
258,narrow,positive,AdaptivePostFilter-IVF,15000,64,10,8,0.0005333333333333334,2,0.25,0,candidate_starvation,0,0,0,2,2,1.0,4.901167999832978,4800,2,4800,4800,0,20,0,1,0,0.0,0
258,narrow,positive,ExactPrefix-PostFilter,15000,64,10,8,0.0005333333333333334,2,0.25,0,candidate_starvation,0,0,0,2,2,1.0,4.125731000158339,2400,2,15000,2400,0,0,0,1,0,0.0,0
258,narrow,positive,TenantPartition-IVF,15000,64,10,8,0.0005333333333333334,2,0.25,0,candidate_starvation,0,0,0,2,2,1.0,1.2876150001375208,2070,2,2070,2070,0,8,0,1,0,0.0,0
258,narrow,positive,PreFilter-IVF,15000,64,10,8,0.0005333333333333334,8,1.0,1,none,0,0,0,8,8,1.0,1.5857559999403747,1550,8,8,1550,64,6,0,1,0,0.0,0
258,narrow,positive,PACER-A,15000,64,10,8,0.0005333333333333334,8,1.0,1,none,0,0,0,8,8,1.0,0.5894129999433062,8,8,8,8,64,6,1,1,0,0.0,0
258,narrow,positive,PACER-C,15000,64,10,8,0.0005333333333333334,8,1.0,1,none,0,0,0,8,8,1.0,0.5777610001587163,8,8,8,8,64,6,1,1,0,0.0,0
258,narrow,positive,PACER-X,15000,64,10,8,0.0005333333333333334,8,1.0,1,none,0,0,0,8,8,1.0,0.4741720001675276,8,8,8,8,64,6,1,1,0,0.0,0
258,narrow,positive,PACER-A-NoSlices,15000,64,10,8,0.0005333333333333334,2,0.25,0,candidate_starvation,0,0,0,2,2,1.0,2.4835739998252393,2400,2,2400,2400,12,12,0,1,0,0.0,1
258,narrow,positive,PACER-A-NoBounds,15000,64,10,8,0.0005333333333333334,8,1.0,1,none,0,0,0,8,8,1.0,0.8894300001429656,8,8,8,8,64,6,1,1,0,0.0,0
258,narrow,positive,StaleNoRecheck,15000,64,10,8,0.0005333333333333334,2,0.25,0,candidate_starvation,0,0,0,2,2,1.0,2.4181260000659677,2070,2,2070,2070,0,8,0,1,0,0.0,0
258,narrow,positive,NaiveNoPolicy,15000,64,10,8,0.0005333333333333334,10,0.125,0,ranking_truncation,9,0,8,1,10,0.1,0.9573779998390819,2070,2070,2070,0,0,8,0,1,0,0.0,0
259,cold,positive,ExactSecure,15000,64,10,1,6.666666666666667e-05,1,1.0,1,none,0,0,0,1,1,1.0,8.984100999896327,15000,1,1,15000,0,0,1,1,0,0.0,0
259,cold,positive,PreFilter-Exact,15000,64,10,1,6.666666666666667e-05,1,1.0,1,none,0,0,0,1,1,1.0,8.68569700014632,15000,1,1,15000,0,0,1,1,0,0.0,0
259,cold,positive,BitmapSlice-Exact,15000,64,10,1,6.666666666666667e-05,1,1.0,1,none,0,0,0,1,1,1.0,0.12544300011541054,1,1,1,1,0,0,1,1,0,0.0,0
259,cold,positive,ScalarOnly,15000,64,10,1,6.666666666666667e-05,1,1.0,1,none,0,0,0,1,1,1.0,8.28277599998728,15000,1,0,15000,0,0,0,1,0,0.0,0
259,cold,positive,PostFilter-IVF,15000,64,10,1,6.666666666666667e-05,0,0.0,0,candidate_starvation,0,0,0,0,0,1.0,1.6186880000077508,1887,0,1887,1887,0,8,0,1,0,0.0,0
259,cold,positive,AdaptivePostFilter-IVF,15000,64,10,1,6.666666666666667e-05,1,1.0,1,none,0,0,0,1,1,1.0,5.649837999953888,4800,1,4800,4800,0,20,0,1,0,0.0,0
259,cold,positive,ExactPrefix-PostFilter,15000,64,10,1,6.666666666666667e-05,1,1.0,1,none,0,0,0,1,1,1.0,3.650297999911345,2400,1,15000,2400,0,0,0,1,0,0.0,0
259,cold,positive,TenantPartition-IVF,15000,64,10,1,6.666666666666667e-05,0,0.0,0,candidate_starvation,0,0,0,0,0,1.0,1.0650039998836291,1887,0,1887,1887,0,8,0,1,0,0.0,0
259,cold,positive,PreFilter-IVF,15000,64,10,1,6.666666666666667e-05,1,1.0,1,none,0,0,0,1,1,1.0,0.6725219998315879,343,1,1,343,64,1,0,1,0,0.0,0
259,cold,positive,PACER-A,15000,64,10,1,6.666666666666667e-05,1,1.0,1,none,0,0,0,1,1,1.0,0.2598430000944063,1,1,1,1,9,1,1,1,0,0.0,0
259,cold,positive,PACER-C,15000,64,10,1,6.666666666666667e-05,1,1.0,1,none,0,0,0,1,1,1.0,0.2847099999598868,1,1,1,1,9,1,1,1,0,0.0,0
259,cold,positive,PACER-X,15000,64,10,1,6.666666666666667e-05,1,1.0,1,none,0,0,0,1,1,1.0,0.15615999996043683,1,1,1,1,9,1,1,1,0,0.0,0
259,cold,positive,PACER-A-NoSlices,15000,64,10,1,6.666666666666667e-05,1,1.0,1,none,0,0,0,1,1,1.0,2.2465740000825463,2400,1,2400,2400,11,11,0,1,0,0.0,1
259,cold,positive,PACER-A-NoBounds,15000,64,10,1,6.666666666666667e-05,1,1.0,1,none,0,0,0,1,1,1.0,0.23595700008627318,1,1,1,1,9,1,1,1,0,0.0,0
259,cold,positive,StaleNoRecheck,15000,64,10,1,6.666666666666667e-05,0,0.0,0,candidate_starvation,0,0,0,0,0,1.0,1.6086820000964508,1887,0,1887,1887,0,8,0,1,0,0.0,0
259,cold,positive,NaiveNoPolicy,15000,64,10,1,6.666666666666667e-05,10,0.0,0,ranking_truncation,10,0,10,0,10,0.0,0.790211000094132,1887,1887,1887,0,0,8,0,1,0,0.0,0
260,broad,positive,ExactSecure,15000,64,10,6762,0.4508,10,1.0,1,none,0,0,0,10,10,1.0,8.349948999921253,15000,6762,6762,15000,0,0,1,1,0,0.0,0
260,broad,positive,PreFilter-Exact,15000,64,10,6762,0.4508,10,1.0,1,none,0,0,0,10,10,1.0,8.241060000045763,15000,6762,6762,15000,0,0,1,1,0,0.0,0
260,broad,positive,BitmapSlice-Exact,15000,64,10,6762,0.4508,10,1.0,1,none,0,0,0,10,10,1.0,16.83349400013867,7472,6762,6762,7472,0,0,1,1,0,0.0,0
260,broad,positive,ScalarOnly,15000,64,10,6762,0.4508,10,0.0,0,ranking_truncation,0,0,0,10,10,1.0,7.613757999934023,15000,6762,0,15000,0,0,0,1,0,0.0,0
260,broad,positive,PostFilter-IVF,15000,64,10,6762,0.4508,10,0.9,0,ranking_truncation,0,0,0,10,10,1.0,1.1601070000324398,1248,721,1248,1248,0,8,0,1,0,0.0,0
260,broad,positive,AdaptivePostFilter-IVF,15000,64,10,6762,0.4508,10,1.0,1,none,0,0,0,10,10,1.0,4.188278000128776,4800,2611,4800,4800,0,21,0,1,0,0.0,0
260,broad,positive,ExactPrefix-PostFilter,15000,64,10,6762,0.4508,10,1.0,1,none,0,0,0,10,10,1.0,3.5863099999460246,2400,1203,15000,2400,0,0,0,1,0,0.0,0
260,broad,positive,TenantPartition-IVF,15000,64,10,6762,0.4508,10,0.9,0,ranking_truncation,0,0,0,10,10,1.0,1.008394000109547,1248,721,1248,1248,0,8,0,1,0,0.0,0
260,broad,positive,PreFilter-IVF,15000,64,10,6762,0.4508,10,0.9,0,ranking_truncation,0,0,0,10,10,1.0,1.5348780000294937,1248,721,721,1248,8,8,0,1,0,0.0,0
260,broad,positive,PACER-A,15000,64,10,6762,0.4508,10,1.0,1,none,0,0,0,10,10,1.0,7.655106000129308,2400,2180,2400,2400,19,19,0,1,0,0.5976154506206512,1
260,broad,positive,PACER-C,15000,64,10,6762,0.4508,10,1.0,1,none,0,0,0,10,10,1.0,23.105692000171985,7472,6762,7472,7472,64,64,1,1,0,0.0,0
260,broad,positive,PACER-X,15000,64,10,6762,0.4508,10,1.0,1,none,0,0,0,10,10,1.0,22.46433900018019,7472,6762,7472,7472,64,64,1,1,0,0.0,0
260,broad,positive,PACER-A-NoSlices,15000,64,10,6762,0.4508,10,0.9,0,ranking_truncation,0,0,0,10,10,1.0,2.836038999930679,2400,1207,2400,2400,13,13,0,1,0,0.6113885045051575,1
260,broad,positive,PACER-A-NoBounds,15000,64,10,6762,0.4508,10,0.9,0,ranking_truncation,0,0,0,10,10,1.0,8.192277000034665,2400,2177,2400,2400,19,19,0,1,0,0.0,1
260,broad,positive,StaleNoRecheck,15000,64,10,6762,0.4508,10,0.9,0,ranking_truncation,0,0,0,10,10,1.0,1.1417979999350791,1248,795,1248,1248,0,8,0,1,0,0.0,0
260,broad,positive,NaiveNoPolicy,15000,64,10,6762,0.4508,10,0.6,0,ranking_truncation,0,0,4,6,10,0.6,0.3255879998960154,1248,1248,1248,0,0,8,0,1,0,0.0,0
261,medium,positive,ExactSecure,15000,64,10,430,0.028666666666666667,10,1.0,1,none,0,0,0,10,10,1.0,7.788159000028827,15000,430,430,15000,0,0,1,1,0,0.0,0
261,medium,positive,PreFilter-Exact,15000,64,10,430,0.028666666666666667,10,1.0,1,none,0,0,0,10,10,1.0,7.8200719999586,15000,430,430,15000,0,0,1,1,0,0.0,0
261,medium,positive,BitmapSlice-Exact,15000,64,10,430,0.028666666666666667,10,1.0,1,none,0,0,0,10,10,1.0,1.221605999944586,466,430,430,466,0,0,1,1,0,0.0,0
261,medium,positive,ScalarOnly,15000,64,10,430,0.028666666666666667,10,0.0,0,ranking_truncation,0,0,0,10,10,1.0,7.973561999961021,15000,430,0,15000,0,0,0,1,0,0.0,0
261,medium,positive,PostFilter-IVF,15000,64,10,430,0.028666666666666667,10,0.3,0,ranking_truncation,0,0,0,10,10,1.0,1.3062130001344485,1438,47,1438,1438,0,8,0,1,0,0.0,0
261,medium,positive,AdaptivePostFilter-IVF,15000,64,10,430,0.028666666666666667,10,0.8,0,ranking_truncation,0,0,0,10,10,1.0,4.269604999990406,4800,159,4800,4800,0,23,0,1,0,0.0,0
261,medium,positive,ExactPrefix-PostFilter,15000,64,10,430,0.028666666666666667,10,1.0,1,none,0,0,0,10,10,1.0,3.5591139999269217,2400,80,15000,2400,0,0,0,1,0,0.0,0
261,medium,positive,TenantPartition-IVF,15000,64,10,430,0.028666666666666667,10,0.3,0,ranking_truncation,0,0,0,10,10,1.0,0.8171870001660864,1438,47,1438,1438,0,8,0,1,0,0.0,0
261,medium,positive,PreFilter-IVF,15000,64,10,430,0.028666666666666667,10,0.3,0,ranking_truncation,0,0,0,10,10,1.0,1.3736880000578822,1539,42,42,1539,8,8,0,1,0,0.0,0
261,medium,positive,PACER-A,15000,64,10,430,0.028666666666666667,10,1.0,1,none,0,0,0,10,10,1.0,5.478918999870075,466,430,466,466,64,60,1,1,0,0.0,0
261,medium,positive,PACER-C,15000,64,10,430,0.028666666666666667,10,1.0,1,none,0,0,0,10,10,1.0,5.40475000002516,466,430,466,466,64,60,1,1,0,0.0,0
261,medium,positive,PACER-X,15000,64,10,430,0.028666666666666667,10,1.0,1,none,0,0,0,10,10,1.0,5.319030000009661,466,430,466,466,64,60,1,1,0,0.0,0
261,medium,positive,PACER-A-NoSlices,15000,64,10,430,0.028666666666666667,10,0.5,0,ranking_truncation,0,0,0,10,10,1.0,2.186854999990828,2400,57,2400,2400,12,12,0,1,0,0.7534380406141281,1
261,medium,positive,PACER-A-NoBounds,15000,64,10,430,0.028666666666666667,10,1.0,1,none,0,0,0,10,10,1.0,5.352319999929023,466,430,466,466,64,60,1,1,0,0.0,0
261,medium,positive,StaleNoRecheck,15000,64,10,430,0.028666666666666667,10,0.3,0,ranking_truncation,0,1,0,9,10,0.9,1.0558459998719627,1438,53,1438,1438,0,8,0,1,0,0.0,0
261,medium,positive,NaiveNoPolicy,15000,64,10,430,0.028666666666666667,10,0.0,0,ranking_truncation,8,0,9,0,10,0.0,0.35547500010579824,1438,1438,1438,0,0,8,0,1,0,0.0,0
262,narrow,positive,ExactSecure,15000,64,10,4,0.0002666666666666667,4,1.0,1,none,0,0,0,4,4,1.0,7.180412000025171,15000,4,4,15000,0,0,1,1,0,0.0,0
262,narrow,positive,PreFilter-Exact,15000,64,10,4,0.0002666666666666667,4,1.0,1,none,0,0,0,4,4,1.0,7.102627999984179,15000,4,4,15000,0,0,1,1,0,0.0,0
262,narrow,positive,BitmapSlice-Exact,15000,64,10,4,0.0002666666666666667,4,1.0,1,none,0,0,0,4,4,1.0,0.08352200006811472,4,4,4,4,0,0,1,1,0,0.0,0
262,narrow,positive,ScalarOnly,15000,64,10,4,0.0002666666666666667,4,1.0,0,ranking_truncation,0,0,0,4,4,1.0,6.966566000073726,15000,4,0,15000,0,0,0,1,0,0.0,0
262,narrow,positive,PostFilter-IVF,15000,64,10,4,0.0002666666666666667,4,1.0,1,none,0,0,0,4,4,1.0,1.6129980001551303,2147,4,2147,2147,0,8,0,1,0,0.0,0
262,narrow,positive,AdaptivePostFilter-IVF,15000,64,10,4,0.0002666666666666667,4,1.0,1,none,0,0,0,4,4,1.0,3.817477999973562,4800,4,4800,4800,0,18,0,1,0,0.0,0
262,narrow,positive,ExactPrefix-PostFilter,15000,64,10,4,0.0002666666666666667,3,0.75,0,candidate_starvation,0,0,0,3,3,1.0,3.0818689999705384,2400,3,15000,2400,0,0,0,1,0,0.0,0
262,narrow,positive,TenantPartition-IVF,15000,64,10,4,0.0002666666666666667,4,1.0,1,none,0,0,0,4,4,1.0,0.8524200000010751,2147,4,2147,2147,0,8,0,1,0,0.0,0
262,narrow,positive,PreFilter-IVF,15000,64,10,4,0.0002666666666666667,4,1.0,1,none,0,0,0,4,4,1.0,0.8424850000210427,705,4,4,705,64,2,0,1,0,0.0,0
262,narrow,positive,PACER-A,15000,64,10,4,0.0002666666666666667,4,1.0,1,none,0,0,0,4,4,1.0,0.27642700001706544,4,4,4,4,5,2,1,1,0,0.0,0
262,narrow,positive,PACER-C,15000,64,10,4,0.0002666666666666667,4,1.0,1,none,0,0,0,4,4,1.0,0.2249539998047112,4,4,4,4,5,2,1,1,0,0.0,0
262,narrow,positive,PACER-X,15000,64,10,4,0.0002666666666666667,4,1.0,1,none,0,0,0,4,4,1.0,0.2170919999571197,4,4,4,4,5,2,1,1,0,0.0,0
262,narrow,positive,PACER-A-NoSlices,15000,64,10,4,0.0002666666666666667,4,1.0,1,none,0,0,0,4,4,1.0,1.622071000156211,2400,4,2400,2400,9,9,0,1,0,0.0,1
262,narrow,positive,PACER-A-NoBounds,15000,64,10,4,0.0002666666666666667,4,1.0,1,none,0,0,0,4,4,1.0,0.23012099995867175,4,4,4,4,5,2,1,1,0,0.0,0
262,narrow,positive,StaleNoRecheck,15000,64,10,4,0.0002666666666666667,4,1.0,1,none,0,0,0,4,4,1.0,1.4802629998484917,2147,4,2147,2147,0,8,0,1,0,0.0,0
262,narrow,positive,NaiveNoPolicy,15000,64,10,4,0.0002666666666666667,10,0.25,0,ranking_truncation,9,0,6,1,10,0.1,0.7238549999328825,2147,2147,2147,0,0,8,0,1,0,0.0,0
263,cold,positive,ExactSecure,15000,64,10,2,0.00013333333333333334,2,1.0,1,none,0,0,0,2,2,1.0,7.043199999998251,15000,2,2,15000,0,0,1,1,0,0.0,0
263,cold,positive,PreFilter-Exact,15000,64,10,2,0.00013333333333333334,2,1.0,1,none,0,0,0,2,2,1.0,7.31680600006257,15000,2,2,15000,0,0,1,1,0,0.0,0
263,cold,positive,BitmapSlice-Exact,15000,64,10,2,0.00013333333333333334,2,1.0,1,none,0,0,0,2,2,1.0,0.09053100006894965,2,2,2,2,0,0,1,1,0,0.0,0
263,cold,positive,ScalarOnly,15000,64,10,2,0.00013333333333333334,2,1.0,1,none,0,0,0,2,2,1.0,7.373866000079943,15000,2,0,15000,0,0,0,1,0,0.0,0
263,cold,positive,PostFilter-IVF,15000,64,10,2,0.00013333333333333334,1,0.5,0,candidate_starvation,0,0,0,1,1,1.0,1.2719300000298972,1688,1,1688,1688,0,8,0,1,0,0.0,0
263,cold,positive,AdaptivePostFilter-IVF,15000,64,10,2,0.00013333333333333334,1,0.5,0,candidate_starvation,0,0,0,1,1,1.0,3.78661399986413,4800,1,4800,4800,0,22,0,1,0,0.0,0
263,cold,positive,ExactPrefix-PostFilter,15000,64,10,2,0.00013333333333333334,1,0.5,0,candidate_starvation,0,0,0,1,1,1.0,3.3719440000368195,2400,1,15000,2400,0,0,0,1,0,0.0,0
263,cold,positive,TenantPartition-IVF,15000,64,10,2,0.00013333333333333334,1,0.5,0,candidate_starvation,0,0,0,1,1,1.0,0.7447130001310143,1688,1,1688,1688,0,8,0,1,0,0.0,0
263,cold,positive,PreFilter-IVF,15000,64,10,2,0.00013333333333333334,2,1.0,1,none,0,0,0,2,2,1.0,0.8936389999689709,589,2,2,589,64,2,0,1,0,0.0,0
263,cold,positive,PACER-A,15000,64,10,2,0.00013333333333333334,2,1.0,1,none,0,0,0,2,2,1.0,0.2985199998875032,2,2,2,2,32,2,1,1,0,0.0,0
263,cold,positive,PACER-C,15000,64,10,2,0.00013333333333333334,2,1.0,1,none,0,0,0,2,2,1.0,0.21244800018394017,2,2,2,2,32,2,1,1,0,0.0,0
263,cold,positive,PACER-X,15000,64,10,2,0.00013333333333333334,2,1.0,1,none,0,0,0,2,2,1.0,0.18570599991107883,2,2,2,2,32,2,1,1,0,0.0,0
263,cold,positive,PACER-A-NoSlices,15000,64,10,2,0.00013333333333333334,1,0.5,0,candidate_starvation,0,0,0,1,1,1.0,1.7747609999787528,2400,1,2400,2400,13,13,0,1,0,0.0,1
263,cold,positive,PACER-A-NoBounds,15000,64,10,2,0.00013333333333333334,2,1.0,1,none,0,0,0,2,2,1.0,0.19669700009217195,2,2,2,2,39,2,1,1,0,0.0,0
263,cold,positive,StaleNoRecheck,15000,64,10,2,0.00013333333333333334,1,0.5,0,candidate_starvation,0,0,0,1,1,1.0,1.1969219999627967,1688,1,1688,1688,0,8,0,1,0,0.0,0
263,cold,positive,NaiveNoPolicy,15000,64,10,2,0.00013333333333333334,10,0.5,0,ranking_truncation,9,1,8,1,10,0.1,0.4327389999616571,1688,1688,1688,0,0,8,0,1,0,0.0,0
264,broad,positive,ExactSecure,15000,64,10,6710,0.44733333333333336,10,1.0,1,none,0,0,0,10,10,1.0,7.995781000090574,15000,6710,6710,15000,0,0,1,1,0,0.0,0
264,broad,positive,PreFilter-Exact,15000,64,10,6710,0.44733333333333336,10,1.0,1,none,0,0,0,10,10,1.0,7.767707000084556,15000,6710,6710,15000,0,0,1,1,0,0.0,0
264,broad,positive,BitmapSlice-Exact,15000,64,10,6710,0.44733333333333336,10,1.0,1,none,0,0,0,10,10,1.0,15.844023999989076,7287,6710,6710,7287,0,0,1,1,0,0.0,0
264,broad,positive,ScalarOnly,15000,64,10,6710,0.44733333333333336,10,0.0,0,ranking_truncation,0,0,0,10,10,1.0,7.388730000002397,15000,6710,0,15000,0,0,0,1,0,0.0,0
264,broad,positive,PostFilter-IVF,15000,64,10,6710,0.44733333333333336,10,1.0,1,none,0,0,0,10,10,1.0,1.4320039999802248,1744,709,1744,1744,0,8,0,1,0,0.0,0
264,broad,positive,AdaptivePostFilter-IVF,15000,64,10,6710,0.44733333333333336,10,1.0,1,none,0,0,0,10,10,1.0,4.330688999971244,4800,2036,4800,4800,0,24,0,1,0,0.0,0
264,broad,positive,ExactPrefix-PostFilter,15000,64,10,6710,0.44733333333333336,10,1.0,1,none,0,0,0,10,10,1.0,3.4895169999344944,2400,1007,15000,2400,0,0,0,1,0,0.0,0
264,broad,positive,TenantPartition-IVF,15000,64,10,6710,0.44733333333333336,10,1.0,1,none,0,0,0,10,10,1.0,1.337107000153992,1744,709,1744,1744,0,8,0,1,0,0.0,0
264,broad,positive,PreFilter-IVF,15000,64,10,6710,0.44733333333333336,10,1.0,1,none,0,0,0,10,10,1.0,1.928678000012951,1813,670,670,1813,8,8,0,1,0,0.0,0
264,broad,positive,PACER-A,15000,64,10,6710,0.44733333333333336,10,1.0,1,none,0,0,0,10,10,1.0,7.962216999885641,2400,2227,2400,2400,24,24,0,1,0,0.6135022342205048,1
264,broad,positive,PACER-C,15000,64,10,6710,0.44733333333333336,10,1.0,1,none,0,0,0,10,10,1.0,22.227306000104363,7287,6710,7287,7287,64,64,1,1,0,0.0,0
264,broad,positive,PACER-X,15000,64,10,6710,0.44733333333333336,10,1.0,1,none,0,0,0,10,10,1.0,21.370514000182084,7287,6710,7287,7287,64,64,1,1,0,0.0,0
264,broad,positive,PACER-A-NoSlices,15000,64,10,6710,0.44733333333333336,10,1.0,1,none,0,0,0,10,10,1.0,2.3341169999184785,2400,944,2400,2400,13,13,0,1,0,0.6288992464542389,1
264,broad,positive,PACER-A-NoBounds,15000,64,10,6710,0.44733333333333336,10,1.0,1,none,0,0,0,10,10,1.0,7.732533999842417,2400,2226,2400,2400,25,25,0,1,0,0.0,1
264,broad,positive,StaleNoRecheck,15000,64,10,6710,0.44733333333333336,10,1.0,1,none,0,0,0,10,10,1.0,1.3819250000324246,1744,771,1744,1744,0,8,0,1,0,0.0,0
264,broad,positive,NaiveNoPolicy,15000,64,10,6710,0.44733333333333336,10,0.2,0,ranking_truncation,0,0,8,2,10,0.2,0.4796430000624241,1744,1744,1744,0,0,8,0,1,0,0.0,0
265,medium,positive,ExactSecure,15000,64,10,496,0.03306666666666667,10,1.0,1,none,0,0,0,10,10,1.0,7.737982999969972,15000,496,496,15000,0,0,1,1,0,0.0,0
265,medium,positive,PreFilter-Exact,15000,64,10,496,0.03306666666666667,10,1.0,1,none,0,0,0,10,10,1.0,7.869391999975051,15000,496,496,15000,0,0,1,1,0,0.0,0
265,medium,positive,BitmapSlice-Exact,15000,64,10,496,0.03306666666666667,10,1.0,1,none,0,0,0,10,10,1.0,1.3892950000808924,553,496,496,553,0,0,1,1,0,0.0,0
265,medium,positive,ScalarOnly,15000,64,10,496,0.03306666666666667,10,0.0,0,ranking_truncation,0,0,0,10,10,1.0,7.156333000011728,15000,496,0,15000,0,0,0,1,0,0.0,0
265,medium,positive,PostFilter-IVF,15000,64,10,496,0.03306666666666667,10,0.3,0,ranking_truncation,0,0,0,10,10,1.0,2.104286999838223,2400,88,2400,2400,0,8,0,1,0,0.0,0
265,medium,positive,AdaptivePostFilter-IVF,15000,64,10,496,0.03306666666666667,10,0.9,0,ranking_truncation,0,0,0,10,10,1.0,3.566965999880267,4800,214,4800,4800,0,18,0,1,0,0.0,0
265,medium,positive,ExactPrefix-PostFilter,15000,64,10,496,0.03306666666666667,10,1.0,1,none,0,0,0,10,10,1.0,3.2919239999955607,2400,103,15000,2400,0,0,0,1,0,0.0,0
265,medium,positive,TenantPartition-IVF,15000,64,10,496,0.03306666666666667,10,0.3,0,ranking_truncation,0,0,0,10,10,1.0,1.3181380002151855,2400,88,2400,2400,0,8,0,1,0,0.0,0
265,medium,positive,PreFilter-IVF,15000,64,10,496,0.03306666666666667,10,0.5,0,ranking_truncation,0,0,0,10,10,1.0,2.11113899990778,2713,111,111,2713,8,8,0,1,0,0.0,0
265,medium,positive,PACER-A,15000,64,10,496,0.03306666666666667,10,1.0,1,none,0,0,0,10,10,1.0,5.247349999990547,553,496,553,553,64,56,1,1,0,0.0,0
265,medium,positive,PACER-C,15000,64,10,496,0.03306666666666667,10,1.0,1,none,0,0,0,10,10,1.0,5.4030960000091,553,496,553,553,64,56,1,1,0,0.0,0
265,medium,positive,PACER-X,15000,64,10,496,0.03306666666666667,10,1.0,1,none,0,0,0,10,10,1.0,5.164805000049455,553,496,553,553,64,56,1,1,0,0.0,0
265,medium,positive,PACER-A-NoSlices,15000,64,10,496,0.03306666666666667,10,0.5,0,ranking_truncation,0,0,0,10,10,1.0,1.949579999973139,2400,86,2400,2400,8,8,0,1,0,0.8011268079280853,1
265,medium,positive,PACER-A-NoBounds,15000,64,10,496,0.03306666666666667,10,1.0,1,none,0,0,0,10,10,1.0,5.21982600002957,553,496,553,553,64,56,1,1,0,0.0,0
265,medium,positive,StaleNoRecheck,15000,64,10,496,0.03306666666666667,10,0.3,0,ranking_truncation,0,1,0,9,10,0.9,1.99028800011547,2400,92,2400,2400,0,8,0,1,0,0.0,0
265,medium,positive,NaiveNoPolicy,15000,64,10,496,0.03306666666666667,10,0.0,0,ranking_truncation,10,1,10,0,10,0.0,0.9286659999361291,2400,2400,2400,0,0,8,0,1,0,0.0,0
266,narrow,positive,ExactSecure,15000,64,10,18,0.0012,10,1.0,1,none,0,0,0,10,10,1.0,7.066631000043344,15000,18,18,15000,0,0,1,1,0,0.0,0
266,narrow,positive,PreFilter-Exact,15000,64,10,18,0.0012,10,1.0,1,none,0,0,0,10,10,1.0,7.250350000049366,15000,18,18,15000,0,0,1,1,0,0.0,0
266,narrow,positive,BitmapSlice-Exact,15000,64,10,18,0.0012,10,1.0,1,none,0,0,0,10,10,1.0,0.12805000005755574,20,18,18,20,0,0,1,1,0,0.0,0
266,narrow,positive,ScalarOnly,15000,64,10,18,0.0012,10,0.7,0,ranking_truncation,0,0,0,10,10,1.0,7.12258299995483,15000,18,0,15000,0,0,0,1,0,0.0,0
266,narrow,positive,PostFilter-IVF,15000,64,10,18,0.0012,6,0.6,0,candidate_starvation,0,0,0,6,6,1.0,1.6594610001448018,2270,6,2270,2270,0,8,0,1,0,0.0,0
266,narrow,positive,AdaptivePostFilter-IVF,15000,64,10,18,0.0012,8,0.8,0,candidate_starvation,0,0,0,8,8,1.0,3.7027710000074876,4800,8,4800,4800,0,20,0,1,0,0.0,0
266,narrow,positive,ExactPrefix-PostFilter,15000,64,10,18,0.0012,6,0.6,0,candidate_starvation,0,0,0,6,6,1.0,3.062616999841339,2400,6,15000,2400,0,0,0,1,0,0.0,0
266,narrow,positive,TenantPartition-IVF,15000,64,10,18,0.0012,6,0.6,0,candidate_starvation,0,0,0,6,6,1.0,1.0733250001067063,2270,6,2270,2270,0,8,0,1,0,0.0,0
266,narrow,positive,PreFilter-IVF,15000,64,10,18,0.0012,10,1.0,1,none,0,0,0,10,10,1.0,1.2856819998887659,1102,18,18,1102,64,6,0,1,0,0.0,0
266,narrow,positive,PACER-A,15000,64,10,18,0.0012,10,1.0,1,none,0,0,0,10,10,1.0,0.6595460001790343,20,18,20,20,63,6,1,1,0,0.0,0
266,narrow,positive,PACER-C,15000,64,10,18,0.0012,10,1.0,1,none,0,0,0,10,10,1.0,0.5750880000050529,20,18,20,20,63,6,1,1,0,0.0,0
266,narrow,positive,PACER-X,15000,64,10,18,0.0012,10,1.0,1,none,0,0,0,10,10,1.0,0.5693279999832157,20,18,20,20,63,6,1,1,0,0.0,0
266,narrow,positive,PACER-A-NoSlices,15000,64,10,18,0.0012,6,0.6,0,candidate_starvation,0,0,0,6,6,1.0,1.573267000139822,2400,6,2400,2400,9,9,0,1,0,0.0,1
266,narrow,positive,PACER-A-NoBounds,15000,64,10,18,0.0012,10,1.0,1,none,0,0,0,10,10,1.0,0.5971800001134397,20,18,20,20,64,6,1,1,0,0.0,0
266,narrow,positive,StaleNoRecheck,15000,64,10,18,0.0012,7,0.6,0,candidate_starvation,0,1,0,6,7,0.8571428571428571,1.4834760002031544,2270,7,2270,2270,0,8,0,1,0,0.0,0
266,narrow,positive,NaiveNoPolicy,15000,64,10,18,0.0012,10,0.1,0,ranking_truncation,9,0,8,1,10,0.1,0.5762840000897995,2270,2270,2270,0,0,8,0,1,0,0.0,0
267,cold,positive,ExactSecure,15000,64,10,1,6.666666666666667e-05,1,1.0,1,none,0,0,0,1,1,1.0,7.296757999938563,15000,1,1,15000,0,0,1,1,0,0.0,0
267,cold,positive,PreFilter-Exact,15000,64,10,1,6.666666666666667e-05,1,1.0,1,none,0,0,0,1,1,1.0,7.103805000042485,15000,1,1,15000,0,0,1,1,0,0.0,0
267,cold,positive,BitmapSlice-Exact,15000,64,10,1,6.666666666666667e-05,1,1.0,1,none,0,0,0,1,1,1.0,0.07102499989741773,1,1,1,1,0,0,1,1,0,0.0,0
267,cold,positive,ScalarOnly,15000,64,10,1,6.666666666666667e-05,1,1.0,1,none,0,0,0,1,1,1.0,7.1135879998109885,15000,1,0,15000,0,0,0,1,0,0.0,0
267,cold,positive,PostFilter-IVF,15000,64,10,1,6.666666666666667e-05,1,1.0,1,none,0,0,0,1,1,1.0,1.982711999971798,2344,1,2344,2344,0,8,0,1,0,0.0,0
267,cold,positive,AdaptivePostFilter-IVF,15000,64,10,1,6.666666666666667e-05,1,1.0,1,none,0,0,0,1,1,1.0,4.077721999919959,4800,1,4800,4800,0,19,0,1,0,0.0,0
267,cold,positive,ExactPrefix-PostFilter,15000,64,10,1,6.666666666666667e-05,1,1.0,1,none,0,0,0,1,1,1.0,3.3495949999178265,2400,1,15000,2400,0,0,0,1,0,0.0,0
267,cold,positive,TenantPartition-IVF,15000,64,10,1,6.666666666666667e-05,1,1.0,1,none,0,0,0,1,1,1.0,0.9860659999958443,2344,1,2344,2344,0,8,0,1,0,0.0,0
267,cold,positive,PreFilter-IVF,15000,64,10,1,6.666666666666667e-05,1,1.0,1,none,0,0,0,1,1,1.0,0.7745790001081332,405,1,1,405,64,1,0,1,0,0.0,0
267,cold,positive,PACER-A,15000,64,10,1,6.666666666666667e-05,1,1.0,1,none,0,0,0,1,1,1.0,0.33595400009289733,1,1,1,1,4,1,1,1,0,0.0,0
267,cold,positive,PACER-C,15000,64,10,1,6.666666666666667e-05,1,1.0,1,none,0,0,0,1,1,1.0,0.286963000007745,1,1,1,1,4,1,1,1,0,0.0,0
267,cold,positive,PACER-X,15000,64,10,1,6.666666666666667e-05,1,1.0,1,none,0,0,0,1,1,1.0,0.1782079998520203,1,1,1,1,4,1,1,1,0,0.0,0
267,cold,positive,PACER-A-NoSlices,15000,64,10,1,6.666666666666667e-05,1,1.0,1,none,0,0,0,1,1,1.0,1.9040279998989718,2400,1,2400,2400,11,11,0,1,0,0.0,1
267,cold,positive,PACER-A-NoBounds,15000,64,10,1,6.666666666666667e-05,1,1.0,1,none,0,0,0,1,1,1.0,0.16864100007296656,1,1,1,1,1,1,1,1,0,0.0,0
267,cold,positive,StaleNoRecheck,15000,64,10,1,6.666666666666667e-05,1,1.0,1,none,0,0,0,1,1,1.0,1.7611480000141455,2344,1,2344,2344,0,8,0,1,0,0.0,0
267,cold,positive,NaiveNoPolicy,15000,64,10,1,6.666666666666667e-05,10,1.0,0,ranking_truncation,9,2,9,1,10,0.1,0.7243519999065029,2344,2344,2344,0,0,8,0,1,0,0.0,0
268,broad,positive,ExactSecure,15000,64,10,7320,0.488,10,1.0,1,none,0,0,0,10,10,1.0,8.700060000137455,15000,7320,7320,15000,0,0,1,1,0,0.0,0
268,broad,positive,PreFilter-Exact,15000,64,10,7320,0.488,10,1.0,1,none,0,0,0,10,10,1.0,8.843116999969425,15000,7320,7320,15000,0,0,1,1,0,0.0,0
268,broad,positive,BitmapSlice-Exact,15000,64,10,7320,0.488,10,1.0,1,none,0,0,0,10,10,1.0,17.645817000129682,7808,7320,7320,7808,0,0,1,1,0,0.0,0
268,broad,positive,ScalarOnly,15000,64,10,7320,0.488,10,0.0,0,ranking_truncation,0,0,0,10,10,1.0,7.695406000038929,15000,7320,0,15000,0,0,0,1,0,0.0,0
268,broad,positive,PostFilter-IVF,15000,64,10,7320,0.488,10,0.6,0,ranking_truncation,0,0,0,10,10,1.0,1.5978090000317025,1757,790,1757,1757,0,8,0,1,0,0.0,0
268,broad,positive,AdaptivePostFilter-IVF,15000,64,10,7320,0.488,10,1.0,1,none,0,0,0,10,10,1.0,4.874094000115292,4800,2393,4800,4800,0,20,0,1,0,0.0,0
268,broad,positive,ExactPrefix-PostFilter,15000,64,10,7320,0.488,10,1.0,1,none,0,0,0,10,10,1.0,3.601362999916091,2400,1181,15000,2400,0,0,0,1,0,0.0,0
268,broad,positive,TenantPartition-IVF,15000,64,10,7320,0.488,10,0.6,0,ranking_truncation,0,0,0,10,10,1.0,1.3530549999813957,1757,790,1757,1757,0,8,0,1,0,0.0,0
268,broad,positive,PreFilter-IVF,15000,64,10,7320,0.488,10,0.6,0,ranking_truncation,0,0,0,10,10,1.0,2.025712999966345,1745,870,870,1745,8,8,0,1,0,0.0,0
268,broad,positive,PACER-A,15000,64,10,7320,0.488,10,0.9,0,ranking_truncation,0,0,0,10,10,1.0,8.109697000008964,2400,2263,2400,2400,18,18,0,1,0,0.6398341655731201,1
268,broad,positive,PACER-C,15000,64,10,7320,0.488,10,1.0,1,none,0,0,0,10,10,1.0,23.621691000016654,7808,7320,7808,7808,64,64,1,1,0,0.0,0
268,broad,positive,PACER-X,15000,64,10,7320,0.488,10,1.0,1,none,0,0,0,10,10,1.0,24.214795000034428,7808,7320,7808,7808,64,64,1,1,0,0.0,0
268,broad,positive,PACER-A-NoSlices,15000,64,10,7320,0.488,10,0.7,0,ranking_truncation,0,0,0,10,10,1.0,2.262995999899431,2400,1180,2400,2400,11,11,0,1,0,0.6565076112747192,1
268,broad,positive,PACER-A-NoBounds,15000,64,10,7320,0.488,10,1.0,1,none,0,0,0,10,10,1.0,7.65779600010319,2400,2264,2400,2400,20,20,0,1,0,0.0,1
268,broad,positive,StaleNoRecheck,15000,64,10,7320,0.488,10,0.6,0,ranking_truncation,0,1,0,9,10,0.9,1.4831959999810351,1757,832,1757,1757,0,8,0,1,0,0.0,0
268,broad,positive,NaiveNoPolicy,15000,64,10,7320,0.488,10,0.3,0,ranking_truncation,0,1,6,3,10,0.3,0.6078829999296431,1757,1757,1757,0,0,8,0,1,0,0.0,0
269,medium,positive,ExactSecure,15000,64,10,394,0.026266666666666667,10,1.0,1,none,0,0,0,10,10,1.0,7.919209999954546,15000,394,394,15000,0,0,1,1,0,0.0,0
269,medium,positive,PreFilter-Exact,15000,64,10,394,0.026266666666666667,10,1.0,1,none,0,0,0,10,10,1.0,7.817028000090431,15000,394,394,15000,0,0,1,1,0,0.0,0
269,medium,positive,BitmapSlice-Exact,15000,64,10,394,0.026266666666666667,10,1.0,1,none,0,0,0,10,10,1.0,1.1714439999650494,430,394,394,430,0,0,1,1,0,0.0,0
269,medium,positive,ScalarOnly,15000,64,10,394,0.026266666666666667,10,0.0,0,ranking_truncation,0,0,0,10,10,1.0,9.189476000074137,15000,394,0,15000,0,0,0,1,0,0.0,0
269,medium,positive,PostFilter-IVF,15000,64,10,394,0.026266666666666667,10,0.9,0,ranking_truncation,0,0,0,10,10,1.0,2.0462949999000557,2400,49,2400,2400,0,8,0,1,0,0.0,0
269,medium,positive,AdaptivePostFilter-IVF,15000,64,10,394,0.026266666666666667,10,1.0,1,none,0,0,0,10,10,1.0,4.045543999836809,4800,123,4800,4800,0,18,0,1,0,0.0,0
269,medium,positive,ExactPrefix-PostFilter,15000,64,10,394,0.026266666666666667,10,1.0,1,none,0,0,0,10,10,1.0,3.352534999976342,2400,64,15000,2400,0,0,0,1,0,0.0,0
269,medium,positive,TenantPartition-IVF,15000,64,10,394,0.026266666666666667,10,0.9,0,ranking_truncation,0,0,0,10,10,1.0,1.4364189999014343,2400,49,2400,2400,0,8,0,1,0,0.0,0
269,medium,positive,PreFilter-IVF,15000,64,10,394,0.026266666666666667,10,0.9,0,ranking_truncation,0,0,0,10,10,1.0,1.8101739999565325,2424,49,49,2424,8,8,0,1,0,0.0,0
269,medium,positive,PACER-A,15000,64,10,394,0.026266666666666667,10,1.0,1,none,0,0,0,10,10,1.0,7.353976000104012,430,394,430,430,64,58,1,1,0,0.0,0
269,medium,positive,PACER-C,15000,64,10,394,0.026266666666666667,10,1.0,1,none,0,0,0,10,10,1.0,7.653629000060391,430,394,430,430,64,58,1,1,0,0.0,0
269,medium,positive,PACER-X,15000,64,10,394,0.026266666666666667,10,1.0,1,none,0,0,0,10,10,1.0,7.5445270001637255,430,394,430,430,64,58,1,1,0,0.0,0
269,medium,positive,PACER-A-NoSlices,15000,64,10,394,0.026266666666666667,10,0.9,0,ranking_truncation,0,0,0,10,10,1.0,2.7130200001010962,2400,48,2400,2400,8,8,0,1,0,0.7597830593585968,1
269,medium,positive,PACER-A-NoBounds,15000,64,10,394,0.026266666666666667,10,1.0,1,none,0,0,0,10,10,1.0,5.317431999856126,430,394,430,430,64,58,1,1,0,0.0,0
269,medium,positive,StaleNoRecheck,15000,64,10,394,0.026266666666666667,10,0.9,0,ranking_truncation,0,1,0,9,10,0.9,1.9976749999841559,2400,53,2400,2400,0,8,0,1,0,0.0,0
269,medium,positive,NaiveNoPolicy,15000,64,10,394,0.026266666666666667,10,0.1,0,ranking_truncation,9,4,4,1,10,0.1,1.0576300001048367,2400,2400,2400,0,0,8,0,1,0,0.0,0
270,narrow,positive,ExactSecure,15000,64,10,14,0.0009333333333333333,10,1.0,1,none,0,0,0,10,10,1.0,7.019150000132868,15000,14,14,15000,0,0,1,1,0,0.0,0
270,narrow,positive,PreFilter-Exact,15000,64,10,14,0.0009333333333333333,10,1.0,1,none,0,0,0,10,10,1.0,7.270161000178632,15000,14,14,15000,0,0,1,1,0,0.0,0
270,narrow,positive,BitmapSlice-Exact,15000,64,10,14,0.0009333333333333333,10,1.0,1,none,0,0,0,10,10,1.0,0.13344500007406168,15,14,14,15,0,0,1,1,0,0.0,0
270,narrow,positive,ScalarOnly,15000,64,10,14,0.0009333333333333333,10,0.8,0,ranking_truncation,0,0,0,10,10,1.0,7.426376000012169,15000,14,0,15000,0,0,0,1,0,0.0,0
270,narrow,positive,PostFilter-IVF,15000,64,10,14,0.0009333333333333333,8,0.6,0,candidate_starvation,0,0,0,8,8,1.0,1.464021999936449,1808,8,1808,1808,0,8,0,1,0,0.0,0
270,narrow,positive,AdaptivePostFilter-IVF,15000,64,10,14,0.0009333333333333333,10,1.0,1,none,0,0,0,10,10,1.0,3.7891699998908734,4800,13,4800,4800,0,21,0,1,0,0.0,0
270,narrow,positive,ExactPrefix-PostFilter,15000,64,10,14,0.0009333333333333333,3,0.3,0,candidate_starvation,0,0,0,3,3,1.0,3.5053119997883186,2400,3,15000,2400,0,0,0,1,0,0.0,0
270,narrow,positive,TenantPartition-IVF,15000,64,10,14,0.0009333333333333333,8,0.6,0,candidate_starvation,0,0,0,8,8,1.0,0.8451230000900978,1808,8,1808,1808,0,8,0,1,0,0.0,0
270,narrow,positive,PreFilter-IVF,15000,64,10,14,0.0009333333333333333,10,1.0,1,none,0,0,0,10,10,1.0,1.2335159999565803,916,14,14,916,64,4,0,1,0,0.0,0
270,narrow,positive,PACER-A,15000,64,10,14,0.0009333333333333333,10,1.0,1,none,0,0,0,10,10,1.0,0.6099130000620789,15,14,15,15,28,4,1,1,0,0.0,0
270,narrow,positive,PACER-C,15000,64,10,14,0.0009333333333333333,10,1.0,1,none,0,0,0,10,10,1.0,0.4243250000399712,15,14,15,15,28,4,1,1,0,0.0,0
270,narrow,positive,PACER-X,15000,64,10,14,0.0009333333333333333,10,1.0,1,none,0,0,0,10,10,1.0,0.44056000001546636,15,14,15,15,28,4,1,1,0,0.0,0
270,narrow,positive,PACER-A-NoSlices,15000,64,10,14,0.0009333333333333333,10,1.0,1,none,0,0,0,10,10,1.0,2.985586000022522,2400,13,2400,2400,10,10,0,1,0,0.0,1
270,narrow,positive,PACER-A-NoBounds,15000,64,10,14,0.0009333333333333333,10,1.0,1,none,0,0,0,10,10,1.0,0.5824160000429401,15,14,15,15,64,4,1,1,0,0.0,0
270,narrow,positive,StaleNoRecheck,15000,64,10,14,0.0009333333333333333,8,0.6,0,candidate_starvation,0,0,0,8,8,1.0,1.4417760000924318,1808,8,1808,1808,0,8,0,1,0,0.0,0
270,narrow,positive,NaiveNoPolicy,15000,64,10,14,0.0009333333333333333,10,0.0,0,ranking_truncation,10,0,10,0,10,0.0,0.9781109999948967,1808,1808,1808,0,0,8,0,1,0,0.0,0
271,cold,positive,ExactSecure,15000,64,10,3,0.0002,3,1.0,1,none,0,0,0,3,3,1.0,7.761197999798242,15000,3,3,15000,0,0,1,1,0,0.0,0
271,cold,positive,PreFilter-Exact,15000,64,10,3,0.0002,3,1.0,1,none,0,0,0,3,3,1.0,8.810839999796372,15000,3,3,15000,0,0,1,1,0,0.0,0
271,cold,positive,BitmapSlice-Exact,15000,64,10,3,0.0002,3,1.0,1,none,0,0,0,3,3,1.0,0.09413200018570933,5,3,3,5,0,0,1,1,0,0.0,0
271,cold,positive,ScalarOnly,15000,64,10,3,0.0002,3,1.0,0,ranking_truncation,0,0,0,3,3,1.0,8.60961600005794,15000,3,0,15000,0,0,0,1,0,0.0,0
271,cold,positive,PostFilter-IVF,15000,64,10,3,0.0002,0,0.0,0,candidate_starvation,0,0,0,0,0,1.0,1.348205000113012,1591,0,1591,1591,0,8,0,1,0,0.0,0
271,cold,positive,AdaptivePostFilter-IVF,15000,64,10,3,0.0002,1,0.3333333333333333,0,candidate_starvation,0,0,0,1,1,1.0,5.952517999958218,4800,1,4800,4800,0,21,0,1,0,0.0,0
271,cold,positive,ExactPrefix-PostFilter,15000,64,10,3,0.0002,1,0.3333333333333333,0,candidate_starvation,0,0,0,1,1,1.0,4.196342999875924,2400,1,15000,2400,0,0,0,1,0,0.0,0
271,cold,positive,TenantPartition-IVF,15000,64,10,3,0.0002,0,0.0,0,candidate_starvation,0,0,0,0,0,1.0,1.1822000001302513,1591,0,1591,1591,0,8,0,1,0,0.0,0
271,cold,positive,PreFilter-IVF,15000,64,10,3,0.0002,3,1.0,1,none,0,0,0,3,3,1.0,1.8774140000914485,1075,3,3,1075,64,4,0,1,0,0.0,0
271,cold,positive,PACER-A,15000,64,10,3,0.0002,3,1.0,1,none,0,0,0,3,3,1.0,0.3841610000563378,5,3,5,5,32,4,1,1,0,0.0,0
271,cold,positive,PACER-C,15000,64,10,3,0.0002,3,1.0,1,none,0,0,0,3,3,1.0,0.3639190001649695,5,3,5,5,32,4,1,1,0,0.0,0
271,cold,positive,PACER-X,15000,64,10,3,0.0002,3,1.0,1,none,0,0,0,3,3,1.0,0.3051720000257774,5,3,5,5,32,4,1,1,0,0.0,0
271,cold,positive,PACER-A-NoSlices,15000,64,10,3,0.0002,0,0.0,0,candidate_starvation,0,0,0,0,0,1.0,1.7302219998782675,2400,0,2400,2400,11,11,0,1,0,0.0,1
271,cold,positive,PACER-A-NoBounds,15000,64,10,3,0.0002,3,1.0,1,none,0,0,0,3,3,1.0,0.3464989999883983,5,3,5,5,36,4,1,1,0,0.0,0
271,cold,positive,StaleNoRecheck,15000,64,10,3,0.0002,1,0.0,0,candidate_starvation,0,1,0,0,1,0.0,1.1682749998271902,1591,1,1591,1591,0,8,0,1,0,0.0,0
271,cold,positive,NaiveNoPolicy,15000,64,10,3,0.0002,10,0.0,0,ranking_truncation,9,2,9,0,10,0.0,0.4396890001316933,1591,1591,1591,0,0,8,0,1,0,0.0,0
272,broad,positive,ExactSecure,15000,64,10,6827,0.45513333333333333,10,1.0,1,none,0,0,0,10,10,1.0,9.007306000057724,15000,6827,6827,15000,0,0,1,1,0,0.0,0
272,broad,positive,PreFilter-Exact,15000,64,10,6827,0.45513333333333333,10,1.0,1,none,0,0,0,10,10,1.0,8.425451999983125,15000,6827,6827,15000,0,0,1,1,0,0.0,0
272,broad,positive,BitmapSlice-Exact,15000,64,10,6827,0.45513333333333333,10,1.0,1,none,0,0,0,10,10,1.0,17.083398000067973,7631,6827,6827,7631,0,0,1,1,0,0.0,0
272,broad,positive,ScalarOnly,15000,64,10,6827,0.45513333333333333,10,0.0,0,ranking_truncation,0,0,0,10,10,1.0,7.5563759999113245,15000,6827,0,15000,0,0,0,1,0,0.0,0
272,broad,positive,PostFilter-IVF,15000,64,10,6827,0.45513333333333333,10,0.7,0,ranking_truncation,0,0,0,10,10,1.0,1.5103289999842673,1794,819,1794,1794,0,8,0,1,0,0.0,0
272,broad,positive,AdaptivePostFilter-IVF,15000,64,10,6827,0.45513333333333333,10,0.8,0,ranking_truncation,0,0,0,10,10,1.0,4.260864999878322,4800,2080,4800,4800,0,22,0,1,0,0.0,0
272,broad,positive,ExactPrefix-PostFilter,15000,64,10,6827,0.45513333333333333,10,1.0,1,none,0,0,0,10,10,1.0,3.227732000141259,2400,1036,15000,2400,0,0,0,1,0,0.0,0
272,broad,positive,TenantPartition-IVF,15000,64,10,6827,0.45513333333333333,10,0.7,0,ranking_truncation,0,0,0,10,10,1.0,1.6128209999806131,1794,819,1794,1794,0,8,0,1,0,0.0,0
272,broad,positive,PreFilter-IVF,15000,64,10,6827,0.45513333333333333,10,0.7,0,ranking_truncation,0,0,0,10,10,1.0,2.0648730001084914,1794,819,819,1794,8,8,0,1,0,0.0,0
272,broad,positive,PACER-A,15000,64,10,6827,0.45513333333333333,10,0.8,0,ranking_truncation,0,0,0,10,10,1.0,7.959850000133883,2400,2134,2400,2400,23,23,0,1,0,0.5852639675140381,1
272,broad,positive,PACER-C,15000,64,10,6827,0.45513333333333333,10,1.0,1,none,0,0,0,10,10,1.0,24.53943699993033,7631,6827,7631,7631,64,64,1,1,0,0.0,0
272,broad,positive,PACER-X,15000,64,10,6827,0.45513333333333333,10,1.0,1,none,0,0,0,10,10,1.0,23.714948000133518,7631,6827,7631,7631,64,64,1,1,0,0.0,0
272,broad,positive,PACER-A-NoSlices,15000,64,10,6827,0.45513333333333333,10,0.7,0,ranking_truncation,0,0,0,10,10,1.0,2.278694000096948,2400,1123,2400,2400,11,11,0,1,0,0.606135755777359,1
272,broad,positive,PACER-A-NoBounds,15000,64,10,6827,0.45513333333333333,10,0.8,0,ranking_truncation,0,0,0,10,10,1.0,8.38931299995238,2400,2141,2400,2400,23,23,0,1,0,0.0,1
272,broad,positive,StaleNoRecheck,15000,64,10,6827,0.45513333333333333,10,0.7,0,ranking_truncation,0,2,0,8,10,0.8,1.4511070000935433,1794,922,1794,1794,0,8,0,1,0,0.0,0
272,broad,positive,NaiveNoPolicy,15000,64,10,6827,0.45513333333333333,10,0.5,0,ranking_truncation,0,2,3,5,10,0.5,0.4859330001636408,1794,1794,1794,0,0,8,0,1,0,0.0,0
273,medium,positive,ExactSecure,15000,64,10,339,0.0226,10,1.0,1,none,0,0,0,10,10,1.0,8.100762999902145,15000,339,339,15000,0,0,1,1,0,0.0,0
273,medium,positive,PreFilter-Exact,15000,64,10,339,0.0226,10,1.0,1,none,0,0,0,10,10,1.0,7.694839000123466,15000,339,339,15000,0,0,1,1,0,0.0,0
273,medium,positive,BitmapSlice-Exact,15000,64,10,339,0.0226,10,1.0,1,none,0,0,0,10,10,1.0,1.0155059999306104,373,339,339,373,0,0,1,1,0,0.0,0
273,medium,positive,ScalarOnly,15000,64,10,339,0.0226,10,0.0,0,ranking_truncation,0,0,0,10,10,1.0,7.636523999963174,15000,339,0,15000,0,0,0,1,0,0.0,0
273,medium,positive,PostFilter-IVF,15000,64,10,339,0.0226,10,0.5,0,ranking_truncation,0,0,0,10,10,1.0,0.9662780000780913,1112,25,1112,1112,0,8,0,1,0,0.0,0
273,medium,positive,AdaptivePostFilter-IVF,15000,64,10,339,0.0226,10,1.0,1,none,0,0,0,10,10,1.0,4.31038300007458,4800,99,4800,4800,0,23,0,1,0,0.0,0
273,medium,positive,ExactPrefix-PostFilter,15000,64,10,339,0.0226,10,1.0,1,none,0,0,0,10,10,1.0,3.6572950000390847,2400,56,15000,2400,0,0,0,1,0,0.0,0
273,medium,positive,TenantPartition-IVF,15000,64,10,339,0.0226,10,0.5,0,ranking_truncation,0,0,0,10,10,1.0,0.6697659998735617,1112,25,1112,1112,0,8,0,1,0,0.0,0
273,medium,positive,PreFilter-IVF,15000,64,10,339,0.0226,10,0.7,0,ranking_truncation,0,0,0,10,10,1.0,1.3295979999838892,1164,38,38,1164,10,8,0,1,0,0.0,0
273,medium,positive,PACER-A,15000,64,10,339,0.0226,10,1.0,1,none,0,0,0,10,10,1.0,5.306677000135096,373,339,373,373,64,57,1,1,0,0.0,0
273,medium,positive,PACER-C,15000,64,10,339,0.0226,10,1.0,1,none,0,0,0,10,10,1.0,4.772455000193077,373,339,373,373,64,57,1,1,0,0.0,0
273,medium,positive,PACER-X,15000,64,10,339,0.0226,10,1.0,1,none,0,0,0,10,10,1.0,5.003602999977375,373,339,373,373,64,57,1,1,0,0.0,0
273,medium,positive,PACER-A-NoSlices,15000,64,10,339,0.0226,10,0.9,0,ranking_truncation,0,0,0,10,10,1.0,2.189725000107501,2400,69,2400,2400,14,14,0,1,0,0.7510605901479721,1
273,medium,positive,PACER-A-NoBounds,15000,64,10,339,0.0226,10,1.0,1,none,0,0,0,10,10,1.0,5.716470999914236,373,339,373,373,64,57,1,1,0,0.0,0
273,medium,positive,StaleNoRecheck,15000,64,10,339,0.0226,10,0.5,0,ranking_truncation,0,1,0,9,10,0.9,0.8947700000589975,1112,27,1112,1112,0,8,0,1,0,0.0,0
273,medium,positive,NaiveNoPolicy,15000,64,10,339,0.0226,10,0.1,0,ranking_truncation,7,0,7,1,10,0.1,0.4145469999912166,1112,1112,1112,0,0,8,0,1,0,0.0,0
274,narrow,positive,ExactSecure,15000,64,10,7,0.00046666666666666666,7,1.0,1,none,0,0,0,7,7,1.0,7.11690399998588,15000,7,7,15000,0,0,1,1,0,0.0,0
274,narrow,positive,PreFilter-Exact,15000,64,10,7,0.00046666666666666666,7,1.0,1,none,0,0,0,7,7,1.0,7.6274309999462275,15000,7,7,15000,0,0,1,1,0,0.0,0
274,narrow,positive,BitmapSlice-Exact,15000,64,10,7,0.00046666666666666666,7,1.0,1,none,0,0,0,7,7,1.0,0.09753599988471251,8,7,7,8,0,0,1,1,0,0.0,0
274,narrow,positive,ScalarOnly,15000,64,10,7,0.00046666666666666666,7,1.0,0,ranking_truncation,0,0,0,7,7,1.0,8.14608199993927,15000,7,0,15000,0,0,0,1,0,0.0,0
274,narrow,positive,PostFilter-IVF,15000,64,10,7,0.00046666666666666666,0,0.0,0,candidate_starvation,0,0,0,0,0,1.0,1.6561689999434748,1590,0,1590,1590,0,8,0,1,0,0.0,0
274,narrow,positive,AdaptivePostFilter-IVF,15000,64,10,7,0.00046666666666666666,0,0.0,0,candidate_starvation,0,0,0,0,0,1.0,3.734023999868441,4800,0,4800,4800,0,20,0,1,0,0.0,0
274,narrow,positive,ExactPrefix-PostFilter,15000,64,10,7,0.00046666666666666666,1,0.14285714285714285,0,candidate_starvation,0,0,0,1,1,1.0,4.145448000144825,2400,1,15000,2400,0,0,0,1,0,0.0,0
274,narrow,positive,TenantPartition-IVF,15000,64,10,7,0.00046666666666666666,0,0.0,0,candidate_starvation,0,0,0,0,0,1.0,0.604857000098491,1590,0,1590,1590,0,8,0,1,0,0.0,0
274,narrow,positive,PreFilter-IVF,15000,64,10,7,0.00046666666666666666,7,1.0,1,none,0,0,0,7,7,1.0,1.0910170001352526,871,7,7,871,64,4,0,1,0,0.0,0
274,narrow,positive,PACER-A,15000,64,10,7,0.00046666666666666666,7,1.0,1,none,0,0,0,7,7,1.0,0.5057020000549528,8,7,8,8,61,4,1,1,0,0.0,0
274,narrow,positive,PACER-C,15000,64,10,7,0.00046666666666666666,7,1.0,1,none,0,0,0,7,7,1.0,0.4189629999018507,8,7,8,8,61,4,1,1,0,0.0,0
274,narrow,positive,PACER-X,15000,64,10,7,0.00046666666666666666,7,1.0,1,none,0,0,0,7,7,1.0,0.3783649999604677,8,7,8,8,61,4,1,1,0,0.0,0
274,narrow,positive,PACER-A-NoSlices,15000,64,10,7,0.00046666666666666666,0,0.0,0,candidate_starvation,0,0,0,0,0,1.0,1.7492780000338826,2400,0,2400,2400,12,12,0,1,0,0.0,1
274,narrow,positive,PACER-A-NoBounds,15000,64,10,7,0.00046666666666666666,7,1.0,1,none,0,0,0,7,7,1.0,0.3376800000296498,8,7,8,8,59,4,1,1,0,0.0,0
274,narrow,positive,StaleNoRecheck,15000,64,10,7,0.00046666666666666666,0,0.0,0,candidate_starvation,0,0,0,0,0,1.0,1.6088959998796781,1590,0,1590,1590,0,8,0,1,0,0.0,0
274,narrow,positive,NaiveNoPolicy,15000,64,10,7,0.00046666666666666666,10,0.0,0,ranking_truncation,10,0,10,0,10,0.0,0.5968990001292696,1590,1590,1590,0,0,8,0,1,0,0.0,0
275,cold,positive,ExactSecure,15000,64,10,1,6.666666666666667e-05,1,1.0,1,none,0,0,0,1,1,1.0,8.631101999981183,15000,1,1,15000,0,0,1,1,0,0.0,0
275,cold,positive,PreFilter-Exact,15000,64,10,1,6.666666666666667e-05,1,1.0,1,none,0,0,0,1,1,1.0,7.513084000038361,15000,1,1,15000,0,0,1,1,0,0.0,0
275,cold,positive,BitmapSlice-Exact,15000,64,10,1,6.666666666666667e-05,1,1.0,1,none,0,0,0,1,1,1.0,0.06914900018273329,1,1,1,1,0,0,1,1,0,0.0,0
275,cold,positive,ScalarOnly,15000,64,10,1,6.666666666666667e-05,1,1.0,1,none,0,0,0,1,1,1.0,7.960187999970003,15000,1,0,15000,0,0,0,1,0,0.0,0
275,cold,positive,PostFilter-IVF,15000,64,10,1,6.666666666666667e-05,1,1.0,1,none,0,0,0,1,1,1.0,1.2119389998588304,1631,1,1631,1631,0,8,0,1,0,0.0,0
275,cold,positive,AdaptivePostFilter-IVF,15000,64,10,1,6.666666666666667e-05,1,1.0,1,none,0,0,0,1,1,1.0,5.829668000160382,4800,1,4800,4800,0,22,0,1,0,0.0,0
275,cold,positive,ExactPrefix-PostFilter,15000,64,10,1,6.666666666666667e-05,1,1.0,1,none,0,0,0,1,1,1.0,3.825797999979841,2400,1,15000,2400,0,0,0,1,0,0.0,0
275,cold,positive,TenantPartition-IVF,15000,64,10,1,6.666666666666667e-05,1,1.0,1,none,0,0,0,1,1,1.0,0.7192929999746411,1631,1,1631,1631,0,8,0,1,0,0.0,0
275,cold,positive,PreFilter-IVF,15000,64,10,1,6.666666666666667e-05,1,1.0,1,none,0,0,0,1,1,1.0,0.6191689999468508,397,1,1,397,64,1,0,1,0,0.0,0
275,cold,positive,PACER-A,15000,64,10,1,6.666666666666667e-05,1,1.0,1,none,0,0,0,1,1,1.0,0.16583899991928774,1,1,1,1,3,1,1,1,0,0.0,0
275,cold,positive,PACER-C,15000,64,10,1,6.666666666666667e-05,1,1.0,1,none,0,0,0,1,1,1.0,0.11838799991892301,1,1,1,1,3,1,1,1,0,0.0,0
275,cold,positive,PACER-X,15000,64,10,1,6.666666666666667e-05,1,1.0,1,none,0,0,0,1,1,1.0,0.17015799994624103,1,1,1,1,3,1,1,1,0,0.0,0
275,cold,positive,PACER-A-NoSlices,15000,64,10,1,6.666666666666667e-05,1,1.0,1,none,0,0,0,1,1,1.0,1.6360459999305021,2400,1,2400,2400,12,12,0,1,0,0.0,1
275,cold,positive,PACER-A-NoBounds,15000,64,10,1,6.666666666666667e-05,1,1.0,1,none,0,0,0,1,1,1.0,0.1420090000010532,1,1,1,1,1,1,1,1,0,0.0,0
275,cold,positive,StaleNoRecheck,15000,64,10,1,6.666666666666667e-05,1,1.0,1,none,0,0,0,1,1,1.0,1.1382950001461722,1631,1,1631,1631,0,8,0,1,0,0.0,0
275,cold,positive,NaiveNoPolicy,15000,64,10,1,6.666666666666667e-05,10,1.0,0,ranking_truncation,9,0,7,1,10,0.1,0.3727669998170313,1631,1631,1631,0,0,8,0,1,0,0.0,0
276,broad,positive,ExactSecure,15000,64,10,6831,0.4554,10,1.0,1,none,0,0,0,10,10,1.0,8.305527999937112,15000,6831,6831,15000,0,0,1,1,0,0.0,0
276,broad,positive,PreFilter-Exact,15000,64,10,6831,0.4554,10,1.0,1,none,0,0,0,10,10,1.0,9.061447000021872,15000,6831,6831,15000,0,0,1,1,0,0.0,0
276,broad,positive,BitmapSlice-Exact,15000,64,10,6831,0.4554,10,1.0,1,none,0,0,0,10,10,1.0,17.96524499991392,7269,6831,6831,7269,0,0,1,1,0,0.0,0
276,broad,positive,ScalarOnly,15000,64,10,6831,0.4554,10,0.0,0,ranking_truncation,0,0,0,10,10,1.0,8.483058999900095,15000,6831,0,15000,0,0,0,1,0,0.0,0
276,broad,positive,PostFilter-IVF,15000,64,10,6831,0.4554,10,0.8,0,ranking_truncation,0,0,0,10,10,1.0,2.231756999890422,2209,1024,2209,2209,0,8,0,1,0,0.0,0
276,broad,positive,AdaptivePostFilter-IVF,15000,64,10,6831,0.4554,10,0.9,0,ranking_truncation,0,0,0,10,10,1.0,4.450437000059537,4800,2148,4800,4800,0,20,0,1,0,0.0,0
276,broad,positive,ExactPrefix-PostFilter,15000,64,10,6831,0.4554,10,1.0,1,none,0,0,0,10,10,1.0,3.4669210001538886,2400,1076,15000,2400,0,0,0,1,0,0.0,0
276,broad,positive,TenantPartition-IVF,15000,64,10,6831,0.4554,10,0.8,0,ranking_truncation,0,0,0,10,10,1.0,1.6710400000192749,2209,1024,2209,2209,0,8,0,1,0,0.0,0
276,broad,positive,PreFilter-IVF,15000,64,10,6831,0.4554,10,0.8,0,ranking_truncation,0,0,0,10,10,1.0,2.3536370001693285,2032,926,926,2032,8,8,0,1,0,0.0,0
276,broad,positive,PACER-A,15000,64,10,6831,0.4554,10,0.8,0,ranking_truncation,0,0,0,10,10,1.0,8.211271999925884,2400,2250,2400,2400,19,19,0,1,0,0.6253682672977448,1
276,broad,positive,PACER-C,15000,64,10,6831,0.4554,10,1.0,1,none,0,0,0,10,10,1.0,24.632419999988997,7269,6831,7269,7269,64,64,1,1,0,0.0,0
276,broad,positive,PACER-X,15000,64,10,6831,0.4554,10,1.0,1,none,0,0,0,10,10,1.0,23.199341000008644,7269,6831,7269,7269,64,64,1,1,0,0.0,0
276,broad,positive,PACER-A-NoSlices,15000,64,10,6831,0.4554,10,0.8,0,ranking_truncation,0,0,0,10,10,1.0,2.091507000159254,2400,1109,2400,2400,10,10,0,1,0,0.6300460398197174,1
276,broad,positive,PACER-A-NoBounds,15000,64,10,6831,0.4554,10,0.9,0,ranking_truncation,0,0,0,10,10,1.0,7.885869999881834,2400,2248,2400,2400,21,21,0,1,0,0.0,1
276,broad,positive,StaleNoRecheck,15000,64,10,6831,0.4554,10,0.8,0,ranking_truncation,0,1,0,9,10,0.9,2.044630000000325,2209,1096,2209,2209,0,8,0,1,0,0.0,0
276,broad,positive,NaiveNoPolicy,15000,64,10,6831,0.4554,10,0.7,0,ranking_truncation,0,0,3,7,10,0.7,0.7788539999182831,2209,2209,2209,0,0,8,0,1,0,0.0,0
277,medium,positive,ExactSecure,15000,64,10,375,0.025,10,1.0,1,none,0,0,0,10,10,1.0,8.479829000179961,15000,375,375,15000,0,0,1,1,0,0.0,0
277,medium,positive,PreFilter-Exact,15000,64,10,375,0.025,10,1.0,1,none,0,0,0,10,10,1.0,7.489947000067332,15000,375,375,15000,0,0,1,1,0,0.0,0
277,medium,positive,BitmapSlice-Exact,15000,64,10,375,0.025,10,1.0,1,none,0,0,0,10,10,1.0,1.0502160000669392,402,375,375,402,0,0,1,1,0,0.0,0
277,medium,positive,ScalarOnly,15000,64,10,375,0.025,10,0.1,0,ranking_truncation,0,0,0,10,10,1.0,7.871608999948876,15000,375,0,15000,0,0,0,1,0,0.0,0
277,medium,positive,PostFilter-IVF,15000,64,10,375,0.025,10,0.2,0,ranking_truncation,0,0,0,10,10,1.0,1.3592339998922398,1656,32,1656,1656,0,8,0,1,0,0.0,0
277,medium,positive,AdaptivePostFilter-IVF,15000,64,10,375,0.025,10,0.8,0,ranking_truncation,0,0,0,10,10,1.0,3.8708929998847452,4800,115,4800,4800,0,22,0,1,0,0.0,0
277,medium,positive,ExactPrefix-PostFilter,15000,64,10,375,0.025,10,1.0,1,none,0,0,0,10,10,1.0,3.2964469999114954,2400,61,15000,2400,0,0,0,1,0,0.0,0
277,medium,positive,TenantPartition-IVF,15000,64,10,375,0.025,10,0.2,0,ranking_truncation,0,0,0,10,10,1.0,0.8066479999797593,1656,32,1656,1656,0,8,0,1,0,0.0,0
277,medium,positive,PreFilter-IVF,15000,64,10,375,0.025,10,0.2,0,ranking_truncation,0,0,0,10,10,1.0,1.7095059999974183,1841,42,42,1841,8,8,0,1,0,0.0,0
277,medium,positive,PACER-A,15000,64,10,375,0.025,10,1.0,1,none,0,0,0,10,10,1.0,5.191032999846357,402,375,402,402,64,58,1,1,0,0.0,0
277,medium,positive,PACER-C,15000,64,10,375,0.025,10,1.0,1,none,0,0,0,10,10,1.0,5.210960000113118,402,375,402,402,64,58,1,1,0,0.0,0
277,medium,positive,PACER-X,15000,64,10,375,0.025,10,1.0,1,none,0,0,0,10,10,1.0,5.301956000039354,402,375,402,402,64,58,1,1,0,0.0,0
277,medium,positive,PACER-A-NoSlices,15000,64,10,375,0.025,10,0.3,0,ranking_truncation,0,0,0,10,10,1.0,2.3313439999128605,2400,50,2400,2400,11,11,0,1,0,0.7825798541307449,1
277,medium,positive,PACER-A-NoBounds,15000,64,10,375,0.025,10,1.0,1,none,0,0,0,10,10,1.0,5.16854800002875,402,375,402,402,64,58,1,1,0,0.0,0
277,medium,positive,StaleNoRecheck,15000,64,10,375,0.025,10,0.2,0,ranking_truncation,0,0,0,10,10,1.0,1.2640039999496366,1656,33,1656,1656,0,8,0,1,0,0.0,0
277,medium,positive,NaiveNoPolicy,15000,64,10,375,0.025,10,0.1,0,ranking_truncation,9,0,8,1,10,0.1,0.4639539999971021,1656,1656,1656,0,0,8,0,1,0,0.0,0
278,narrow,positive,ExactSecure,15000,64,10,8,0.0005333333333333334,8,1.0,1,none,0,0,0,8,8,1.0,7.839610000019093,15000,8,8,15000,0,0,1,1,0,0.0,0
278,narrow,positive,PreFilter-Exact,15000,64,10,8,0.0005333333333333334,8,1.0,1,none,0,0,0,8,8,1.0,7.558736999953908,15000,8,8,15000,0,0,1,1,0,0.0,0
278,narrow,positive,BitmapSlice-Exact,15000,64,10,8,0.0005333333333333334,8,1.0,1,none,0,0,0,8,8,1.0,0.11558400001376867,9,8,8,9,0,0,1,1,0,0.0,0
278,narrow,positive,ScalarOnly,15000,64,10,8,0.0005333333333333334,8,1.0,0,ranking_truncation,0,0,0,8,8,1.0,7.493215000067721,15000,8,0,15000,0,0,0,1,0,0.0,0
278,narrow,positive,PostFilter-IVF,15000,64,10,8,0.0005333333333333334,5,0.625,0,candidate_starvation,0,0,0,5,5,1.0,1.5476190001209034,1832,5,1832,1832,0,8,0,1,0,0.0,0
278,narrow,positive,AdaptivePostFilter-IVF,15000,64,10,8,0.0005333333333333334,7,0.875,0,candidate_starvation,0,0,0,7,7,1.0,4.394077999904766,4800,7,4800,4800,0,21,0,1,0,0.0,0
278,narrow,positive,ExactPrefix-PostFilter,15000,64,10,8,0.0005333333333333334,1,0.125,0,candidate_starvation,0,0,0,1,1,1.0,3.144309000163048,2400,1,15000,2400,0,0,0,1,0,0.0,0
278,narrow,positive,TenantPartition-IVF,15000,64,10,8,0.0005333333333333334,5,0.625,0,candidate_starvation,0,0,0,5,5,1.0,0.7418919999508944,1832,5,1832,1832,0,8,0,1,0,0.0,0
278,narrow,positive,PreFilter-IVF,15000,64,10,8,0.0005333333333333334,8,1.0,1,none,0,0,0,8,8,1.0,1.2675839998337324,1225,8,8,1225,64,5,0,1,0,0.0,0
278,narrow,positive,PACER-A,15000,64,10,8,0.0005333333333333334,8,1.0,1,none,0,0,0,8,8,1.0,0.5491970000548463,9,8,9,9,45,5,1,1,0,0.0,0
278,narrow,positive,PACER-C,15000,64,10,8,0.0005333333333333334,8,1.0,1,none,0,0,0,8,8,1.0,0.4235979999975825,9,8,9,9,45,5,1,1,0,0.0,0
278,narrow,positive,PACER-X,15000,64,10,8,0.0005333333333333334,8,1.0,1,none,0,0,0,8,8,1.0,0.3799450000769866,9,8,9,9,45,5,1,1,0,0.0,0
278,narrow,positive,PACER-A-NoSlices,15000,64,10,8,0.0005333333333333334,5,0.625,0,candidate_starvation,0,0,0,5,5,1.0,1.6639840000607364,2400,5,2400,2400,11,11,0,1,0,0.0,1
278,narrow,positive,PACER-A-NoBounds,15000,64,10,8,0.0005333333333333334,8,1.0,1,none,0,0,0,8,8,1.0,0.39244100003088533,9,8,9,9,42,5,1,1,0,0.0,0
278,narrow,positive,StaleNoRecheck,15000,64,10,8,0.0005333333333333334,6,0.625,0,candidate_starvation,0,1,0,5,6,0.8333333333333334,1.5840560001834092,1832,6,1832,1832,0,8,0,1,0,0.0,0
278,narrow,positive,NaiveNoPolicy,15000,64,10,8,0.0005333333333333334,10,0.0,0,ranking_truncation,9,3,7,0,10,0.0,0.42326099992351374,1832,1832,1832,0,0,8,0,1,0,0.0,0
279,cold,positive,ExactSecure,15000,64,10,4,0.0002666666666666667,4,1.0,1,none,0,0,0,4,4,1.0,7.226169999967169,15000,4,4,15000,0,0,1,1,0,0.0,0
279,cold,positive,PreFilter-Exact,15000,64,10,4,0.0002666666666666667,4,1.0,1,none,0,0,0,4,4,1.0,7.774900999947931,15000,4,4,15000,0,0,1,1,0,0.0,0
279,cold,positive,BitmapSlice-Exact,15000,64,10,4,0.0002666666666666667,4,1.0,1,none,0,0,0,4,4,1.0,0.11136900002384209,4,4,4,4,0,0,1,1,0,0.0,0
279,cold,positive,ScalarOnly,15000,64,10,4,0.0002666666666666667,4,1.0,0,ranking_truncation,0,0,0,4,4,1.0,7.720177000010153,15000,4,0,15000,0,0,0,1,0,0.0,0
279,cold,positive,PostFilter-IVF,15000,64,10,4,0.0002666666666666667,2,0.5,0,candidate_starvation,0,0,0,2,2,1.0,1.5730350000922044,1924,2,1924,1924,0,8,0,1,0,0.0,0
279,cold,positive,AdaptivePostFilter-IVF,15000,64,10,4,0.0002666666666666667,2,0.5,0,candidate_starvation,0,0,0,2,2,1.0,3.96650899983797,4800,2,4800,4800,0,19,0,1,0,0.0,0
279,cold,positive,ExactPrefix-PostFilter,15000,64,10,4,0.0002666666666666667,3,0.75,0,candidate_starvation,0,0,0,3,3,1.0,3.110867000032158,2400,3,15000,2400,0,0,0,1,0,0.0,0
279,cold,positive,TenantPartition-IVF,15000,64,10,4,0.0002666666666666667,2,0.5,0,candidate_starvation,0,0,0,2,2,1.0,0.8282579999558948,1924,2,1924,1924,0,8,0,1,0,0.0,0
279,cold,positive,PreFilter-IVF,15000,64,10,4,0.0002666666666666667,4,1.0,1,none,0,0,0,4,4,1.0,0.9522909999759577,741,4,4,741,64,3,0,1,0,0.0,0
279,cold,positive,PACER-A,15000,64,10,4,0.0002666666666666667,4,1.0,1,none,0,0,0,4,4,1.0,0.34674199991968635,4,4,4,4,42,3,1,1,0,0.0,0
279,cold,positive,PACER-C,15000,64,10,4,0.0002666666666666667,4,1.0,1,none,0,0,0,4,4,1.0,0.3532850000738108,4,4,4,4,42,3,1,1,0,0.0,0
279,cold,positive,PACER-X,15000,64,10,4,0.0002666666666666667,4,1.0,1,none,0,0,0,4,4,1.0,0.2943150000191963,4,4,4,4,42,3,1,1,0,0.0,0
279,cold,positive,PACER-A-NoSlices,15000,64,10,4,0.0002666666666666667,2,0.5,0,candidate_starvation,0,0,0,2,2,1.0,1.909996999984287,2400,2,2400,2400,10,10,0,1,0,0.0,1
279,cold,positive,PACER-A-NoBounds,15000,64,10,4,0.0002666666666666667,4,1.0,1,none,0,0,0,4,4,1.0,0.29789699988214124,4,4,4,4,39,3,1,1,0,0.0,0
279,cold,positive,StaleNoRecheck,15000,64,10,4,0.0002666666666666667,2,0.5,0,candidate_starvation,0,0,0,2,2,1.0,1.4022870000189869,1924,2,1924,1924,0,8,0,1,0,0.0,0
279,cold,positive,NaiveNoPolicy,15000,64,10,4,0.0002666666666666667,10,0.25,0,ranking_truncation,9,1,9,1,10,0.1,0.44797500004278845,1924,1924,1924,0,0,8,0,1,0,0.0,0
280,broad,positive,ExactSecure,15000,64,10,7095,0.473,10,1.0,1,none,0,0,0,10,10,1.0,9.639425999921514,15000,7095,7095,15000,0,0,1,1,0,0.0,0
280,broad,positive,PreFilter-Exact,15000,64,10,7095,0.473,10,1.0,1,none,0,0,0,10,10,1.0,8.637322999902608,15000,7095,7095,15000,0,0,1,1,0,0.0,0
280,broad,positive,BitmapSlice-Exact,15000,64,10,7095,0.473,10,1.0,1,none,0,0,0,10,10,1.0,25.68861800000377,7662,7095,7095,7662,0,0,1,1,0,0.0,0
280,broad,positive,ScalarOnly,15000,64,10,7095,0.473,10,0.0,0,ranking_truncation,0,0,0,10,10,1.0,9.380625999938275,15000,7095,0,15000,0,0,0,1,0,0.0,0
280,broad,positive,PostFilter-IVF,15000,64,10,7095,0.473,10,0.7,0,ranking_truncation,0,0,0,10,10,1.0,2.1241379999992205,2114,886,2114,2114,0,8,0,1,0,0.0,0
280,broad,positive,AdaptivePostFilter-IVF,15000,64,10,7095,0.473,10,1.0,1,none,0,0,0,10,10,1.0,5.137450999882276,4800,2184,4800,4800,0,20,0,1,0,0.0,0
280,broad,positive,ExactPrefix-PostFilter,15000,64,10,7095,0.473,10,1.0,1,none,0,0,0,10,10,1.0,3.5401830000409973,2400,1081,15000,2400,0,0,0,1,0,0.0,0
280,broad,positive,TenantPartition-IVF,15000,64,10,7095,0.473,10,0.7,0,ranking_truncation,0,0,0,10,10,1.0,1.616549000118539,2114,886,2114,2114,0,8,0,1,0,0.0,0
280,broad,positive,PreFilter-IVF,15000,64,10,7095,0.473,10,0.7,0,ranking_truncation,0,0,0,10,10,1.0,2.636580999933358,2156,937,937,2156,8,8,0,1,0,0.0,0
280,broad,positive,PACER-A,15000,64,10,7095,0.473,10,0.9,0,ranking_truncation,0,0,0,10,10,1.0,10.59000800000831,2400,2239,2400,2400,19,19,0,1,0,0.6132377982139587,1
280,broad,positive,PACER-C,15000,64,10,7095,0.473,10,1.0,1,none,0,0,0,10,10,1.0,47.564370999907624,7662,7095,7662,7662,64,64,1,1,0,0.0,0
280,broad,positive,PACER-X,15000,64,10,7095,0.473,10,1.0,1,none,0,0,0,10,10,1.0,29.45366400012972,7662,7095,7662,7662,64,64,1,1,0,0.0,0
280,broad,positive,PACER-A-NoSlices,15000,64,10,7095,0.473,10,0.7,0,ranking_truncation,0,0,0,10,10,1.0,3.3614020001095923,2400,1029,2400,2400,10,10,0,1,0,0.6240473985671997,1
280,broad,positive,PACER-A-NoBounds,15000,64,10,7095,0.473,10,1.0,1,none,0,0,0,10,10,1.0,23.109801000146035,2400,2241,2400,2400,20,20,0,1,0,0.0,1
280,broad,positive,StaleNoRecheck,15000,64,10,7095,0.473,10,0.7,0,ranking_truncation,0,0,0,10,10,1.0,2.1032890001606575,2114,953,2114,2114,0,8,0,1,0,0.0,0
280,broad,positive,NaiveNoPolicy,15000,64,10,7095,0.473,10,0.4,0,ranking_truncation,0,0,6,4,10,0.4,0.7748479999918345,2114,2114,2114,0,0,8,0,1,0,0.0,0
281,medium,positive,ExactSecure,15000,64,10,322,0.021466666666666665,10,1.0,1,none,0,0,0,10,10,1.0,8.960893999983455,15000,322,322,15000,0,0,1,1,0,0.0,0
281,medium,positive,PreFilter-Exact,15000,64,10,322,0.021466666666666665,10,1.0,1,none,0,0,0,10,10,1.0,12.511721000009857,15000,322,322,15000,0,0,1,1,0,0.0,0
281,medium,positive,BitmapSlice-Exact,15000,64,10,322,0.021466666666666665,10,1.0,1,none,0,0,0,10,10,1.0,0.9552710000662046,356,322,322,356,0,0,1,1,0,0.0,0
281,medium,positive,ScalarOnly,15000,64,10,322,0.021466666666666665,10,0.0,0,ranking_truncation,0,0,0,10,10,1.0,8.048207999991064,15000,322,0,15000,0,0,0,1,0,0.0,0
281,medium,positive,PostFilter-IVF,15000,64,10,322,0.021466666666666665,10,0.9,0,ranking_truncation,0,0,0,10,10,1.0,1.5152710000165825,1936,35,1936,1936,0,8,0,1,0,0.0,0
281,medium,positive,AdaptivePostFilter-IVF,15000,64,10,322,0.021466666666666665,10,1.0,1,none,0,0,0,10,10,1.0,4.266500999847267,4800,90,4800,4800,0,20,0,1,0,0.0,0
281,medium,positive,ExactPrefix-PostFilter,15000,64,10,322,0.021466666666666665,10,1.0,1,none,0,0,0,10,10,1.0,3.7803180000537395,2400,45,15000,2400,0,0,0,1,0,0.0,0
281,medium,positive,TenantPartition-IVF,15000,64,10,322,0.021466666666666665,10,0.9,0,ranking_truncation,0,0,0,10,10,1.0,1.2634459999389946,1936,35,1936,1936,0,8,0,1,0,0.0,0
281,medium,positive,PreFilter-IVF,15000,64,10,322,0.021466666666666665,10,0.9,0,ranking_truncation,0,0,0,10,10,1.0,1.6462470000533358,1948,52,52,1948,9,8,0,1,0,0.0,0
281,medium,positive,PACER-A,15000,64,10,322,0.021466666666666665,10,1.0,1,none,0,0,0,10,10,1.0,5.510457999889695,356,322,356,356,64,54,1,1,0,0.0,0
281,medium,positive,PACER-C,15000,64,10,322,0.021466666666666665,10,1.0,1,none,0,0,0,10,10,1.0,5.84711999999854,356,322,356,356,64,54,1,1,0,0.0,0
281,medium,positive,PACER-X,15000,64,10,322,0.021466666666666665,10,1.0,1,none,0,0,0,10,10,1.0,4.883436999989499,356,322,356,356,64,54,1,1,0,0.0,0
281,medium,positive,PACER-A-NoSlices,15000,64,10,322,0.021466666666666665,10,0.9,0,ranking_truncation,0,0,0,10,10,1.0,2.703291999978319,2400,52,2400,2400,10,10,0,1,0,0.7203521728515625,1
281,medium,positive,PACER-A-NoBounds,15000,64,10,322,0.021466666666666665,10,1.0,1,none,0,0,0,10,10,1.0,6.02935299980345,356,322,356,356,64,54,1,1,0,0.0,0
281,medium,positive,StaleNoRecheck,15000,64,10,322,0.021466666666666665,10,0.9,0,ranking_truncation,0,0,0,10,10,1.0,2.309784000090076,1936,36,1936,1936,0,8,0,1,0,0.0,0
281,medium,positive,NaiveNoPolicy,15000,64,10,322,0.021466666666666665,10,0.1,0,ranking_truncation,8,1,7,1,10,0.1,0.8045070001116983,1936,1936,1936,0,0,8,0,1,0,0.0,0
282,narrow,positive,ExactSecure,15000,64,10,3,0.0002,3,1.0,1,none,0,0,0,3,3,1.0,7.447857999977714,15000,3,3,15000,0,0,1,1,0,0.0,0
282,narrow,positive,PreFilter-Exact,15000,64,10,3,0.0002,3,1.0,1,none,0,0,0,3,3,1.0,11.152140999911353,15000,3,3,15000,0,0,1,1,0,0.0,0
282,narrow,positive,BitmapSlice-Exact,15000,64,10,3,0.0002,3,1.0,1,none,0,0,0,3,3,1.0,0.11128000005555805,3,3,3,3,0,0,1,1,0,0.0,0
282,narrow,positive,ScalarOnly,15000,64,10,3,0.0002,3,1.0,1,none,0,0,0,3,3,1.0,9.44113900004595,15000,3,0,15000,0,0,0,1,0,0.0,0
282,narrow,positive,PostFilter-IVF,15000,64,10,3,0.0002,1,0.3333333333333333,0,candidate_starvation,0,0,0,1,1,1.0,1.6510010000274633,2115,1,2115,2115,0,8,0,1,0,0.0,0
282,narrow,positive,AdaptivePostFilter-IVF,15000,64,10,3,0.0002,1,0.3333333333333333,0,candidate_starvation,0,0,0,1,1,1.0,5.386019000070519,4800,1,4800,4800,0,18,0,1,0,0.0,0
282,narrow,positive,ExactPrefix-PostFilter,15000,64,10,3,0.0002,1,0.3333333333333333,0,candidate_starvation,0,0,0,1,1,1.0,3.3764279999104474,2400,1,15000,2400,0,0,0,1,0,0.0,0
282,narrow,positive,TenantPartition-IVF,15000,64,10,3,0.0002,1,0.3333333333333333,0,candidate_starvation,0,0,0,1,1,1.0,0.9162219998870569,2115,1,2115,2115,0,8,0,1,0,0.0,0
282,narrow,positive,PreFilter-IVF,15000,64,10,3,0.0002,3,1.0,1,none,0,0,0,3,3,1.0,1.0274619999108836,646,3,3,646,64,3,0,1,0,0.0,0
282,narrow,positive,PACER-A,15000,64,10,3,0.0002,3,1.0,1,none,0,0,0,3,3,1.0,0.39914399985718774,3,3,3,3,25,3,1,1,0,0.0,0
282,narrow,positive,PACER-C,15000,64,10,3,0.0002,3,1.0,1,none,0,0,0,3,3,1.0,0.4067339998528041,3,3,3,3,25,3,1,1,0,0.0,0
282,narrow,positive,PACER-X,15000,64,10,3,0.0002,3,1.0,1,none,0,0,0,3,3,1.0,0.3593779999846447,3,3,3,3,25,3,1,1,0,0.0,0
282,narrow,positive,PACER-A-NoSlices,15000,64,10,3,0.0002,1,0.3333333333333333,0,candidate_starvation,0,0,0,1,1,1.0,1.973494999901959,2400,1,2400,2400,9,9,0,1,0,0.0,1
282,narrow,positive,PACER-A-NoBounds,15000,64,10,3,0.0002,3,1.0,1,none,0,0,0,3,3,1.0,0.36776399997506815,3,3,3,3,24,3,1,1,0,0.0,0
282,narrow,positive,StaleNoRecheck,15000,64,10,3,0.0002,1,0.3333333333333333,0,candidate_starvation,0,0,0,1,1,1.0,1.659561999986181,2115,1,2115,2115,0,8,0,1,0,0.0,0
282,narrow,positive,NaiveNoPolicy,15000,64,10,3,0.0002,10,0.3333333333333333,0,ranking_truncation,8,1,8,1,10,0.1,0.7303419999971084,2115,2115,2115,0,0,8,0,1,0,0.0,0
283,cold,positive,ExactSecure,15000,64,10,7,0.00046666666666666666,7,1.0,1,none,0,0,0,7,7,1.0,8.209886000031474,15000,7,7,15000,0,0,1,1,0,0.0,0
283,cold,positive,PreFilter-Exact,15000,64,10,7,0.00046666666666666666,7,1.0,1,none,0,0,0,7,7,1.0,7.4109070001213695,15000,7,7,15000,0,0,1,1,0,0.0,0
283,cold,positive,BitmapSlice-Exact,15000,64,10,7,0.00046666666666666666,7,1.0,1,none,0,0,0,7,7,1.0,0.09910100015986245,7,7,7,7,0,0,1,1,0,0.0,0
283,cold,positive,ScalarOnly,15000,64,10,7,0.00046666666666666666,7,1.0,0,ranking_truncation,0,0,0,7,7,1.0,9.754921999956423,15000,7,0,15000,0,0,0,1,0,0.0,0
283,cold,positive,PostFilter-IVF,15000,64,10,7,0.00046666666666666666,5,0.7142857142857143,0,candidate_starvation,0,0,0,5,5,1.0,1.6712629999346973,1889,5,1889,1889,0,8,0,1,0,0.0,0
283,cold,positive,AdaptivePostFilter-IVF,15000,64,10,7,0.00046666666666666666,6,0.8571428571428571,0,candidate_starvation,0,0,0,6,6,1.0,5.268161000003602,4800,6,4800,4800,0,24,0,1,0,0.0,0
283,cold,positive,ExactPrefix-PostFilter,15000,64,10,7,0.00046666666666666666,3,0.42857142857142855,0,candidate_starvation,0,0,0,3,3,1.0,3.7526619998971,2400,3,15000,2400,0,0,0,1,0,0.0,0
283,cold,positive,TenantPartition-IVF,15000,64,10,7,0.00046666666666666666,5,0.7142857142857143,0,candidate_starvation,0,0,0,5,5,1.0,1.3276509998831898,1889,5,1889,1889,0,8,0,1,0,0.0,0
283,cold,positive,PreFilter-IVF,15000,64,10,7,0.00046666666666666666,7,1.0,1,none,0,0,0,7,7,1.0,1.7869480000172189,1098,7,7,1098,64,4,0,1,0,0.0,0
283,cold,positive,PACER-A,15000,64,10,7,0.00046666666666666666,7,1.0,1,none,0,0,0,7,7,1.0,0.604015000135405,7,7,7,7,23,4,1,1,0,0.0,0
283,cold,positive,PACER-C,15000,64,10,7,0.00046666666666666666,7,1.0,1,none,0,0,0,7,7,1.0,0.5145860000084213,7,7,7,7,23,4,1,1,0,0.0,0
283,cold,positive,PACER-X,15000,64,10,7,0.00046666666666666666,7,1.0,1,none,0,0,0,7,7,1.0,0.4951900000378373,7,7,7,7,23,4,1,1,0,0.0,0
283,cold,positive,PACER-A-NoSlices,15000,64,10,7,0.00046666666666666666,5,0.7142857142857143,0,candidate_starvation,0,0,0,5,5,1.0,2.3528700000952085,2400,5,2400,2400,11,11,0,1,0,0.0,1
283,cold,positive,PACER-A-NoBounds,15000,64,10,7,0.00046666666666666666,7,1.0,1,none,0,0,0,7,7,1.0,0.39635699999962526,7,7,7,7,28,4,1,1,0,0.0,0
283,cold,positive,StaleNoRecheck,15000,64,10,7,0.00046666666666666666,5,0.7142857142857143,0,candidate_starvation,0,0,0,5,5,1.0,1.402710000093066,1889,5,1889,1889,0,8,0,1,0,0.0,0
283,cold,positive,NaiveNoPolicy,15000,64,10,7,0.00046666666666666666,10,0.14285714285714285,0,ranking_truncation,9,1,9,1,10,0.1,0.5970009999600734,1889,1889,1889,0,0,8,0,1,0,0.0,0
284,broad,positive,ExactSecure,15000,64,10,6761,0.4507333333333333,10,1.0,1,none,0,0,0,10,10,1.0,7.974335999961113,15000,6761,6761,15000,0,0,1,1,0,0.0,0
284,broad,positive,PreFilter-Exact,15000,64,10,6761,0.4507333333333333,10,1.0,1,none,0,0,0,10,10,1.0,7.977728000014395,15000,6761,6761,15000,0,0,1,1,0,0.0,0
284,broad,positive,BitmapSlice-Exact,15000,64,10,6761,0.4507333333333333,10,1.0,1,none,0,0,0,10,10,1.0,16.349579999996422,7183,6761,6761,7183,0,0,1,1,0,0.0,0
284,broad,positive,ScalarOnly,15000,64,10,6761,0.4507333333333333,10,0.0,0,ranking_truncation,0,0,0,10,10,1.0,7.368052999936481,15000,6761,0,15000,0,0,0,1,0,0.0,0
284,broad,positive,PostFilter-IVF,15000,64,10,6761,0.4507333333333333,10,0.9,0,ranking_truncation,0,0,0,10,10,1.0,1.7071510001187562,2050,1268,2050,2050,0,8,0,1,0,0.0,0
284,broad,positive,AdaptivePostFilter-IVF,15000,64,10,6761,0.4507333333333333,10,1.0,1,none,0,0,0,10,10,1.0,4.213184000036563,4800,2598,4800,4800,0,19,0,1,0,0.0,0
284,broad,positive,ExactPrefix-PostFilter,15000,64,10,6761,0.4507333333333333,10,1.0,1,none,0,0,0,10,10,1.0,4.162358000030508,2400,1206,15000,2400,0,0,0,1,0,0.0,0
284,broad,positive,TenantPartition-IVF,15000,64,10,6761,0.4507333333333333,10,0.9,0,ranking_truncation,0,0,0,10,10,1.0,1.9044729999677656,2050,1268,2050,2050,0,8,0,1,0,0.0,0
284,broad,positive,PreFilter-IVF,15000,64,10,6761,0.4507333333333333,10,0.9,0,ranking_truncation,0,0,0,10,10,1.0,2.144852999890645,2050,1268,1268,2050,8,8,0,1,0,0.0,0
284,broad,positive,PACER-A,15000,64,10,6761,0.4507333333333333,10,1.0,1,none,0,0,0,10,10,1.0,9.826513000007253,2400,2265,2400,2400,17,17,0,1,0,0.6111229658126831,1
284,broad,positive,PACER-C,15000,64,10,6761,0.4507333333333333,10,1.0,1,none,0,0,0,10,10,1.0,25.438731999884112,7183,6761,7183,7183,64,64,1,1,0,0.0,0
284,broad,positive,PACER-X,15000,64,10,6761,0.4507333333333333,10,1.0,1,none,0,0,0,10,10,1.0,23.130762999926446,7183,6761,7183,7183,64,64,1,1,0,0.0,0
284,broad,positive,PACER-A-NoSlices,15000,64,10,6761,0.4507333333333333,10,0.9,0,ranking_truncation,0,0,0,10,10,1.0,2.373508999880869,2400,1385,2400,2400,10,10,0,1,0,0.6269305944442749,1
284,broad,positive,PACER-A-NoBounds,15000,64,10,6761,0.4507333333333333,10,1.0,1,none,0,0,0,10,10,1.0,7.672397999840541,2400,2256,2400,2400,16,16,0,1,0,0.0,1
284,broad,positive,StaleNoRecheck,15000,64,10,6761,0.4507333333333333,10,0.9,0,ranking_truncation,0,1,0,9,10,0.9,1.8976779999775317,2050,1339,2050,2050,0,8,0,1,0,0.0,0
284,broad,positive,NaiveNoPolicy,15000,64,10,6761,0.4507333333333333,10,0.6,0,ranking_truncation,0,1,3,6,10,0.6,0.8585000000493892,2050,2050,2050,0,0,8,0,1,0,0.0,0
285,medium,positive,ExactSecure,15000,64,10,342,0.0228,10,1.0,1,none,0,0,0,10,10,1.0,9.208188999991762,15000,342,342,15000,0,0,1,1,0,0.0,0
285,medium,positive,PreFilter-Exact,15000,64,10,342,0.0228,10,1.0,1,none,0,0,0,10,10,1.0,8.477436000021044,15000,342,342,15000,0,0,1,1,0,0.0,0
285,medium,positive,BitmapSlice-Exact,15000,64,10,342,0.0228,10,1.0,1,none,0,0,0,10,10,1.0,1.104132000136815,359,342,342,359,0,0,1,1,0,0.0,0
285,medium,positive,ScalarOnly,15000,64,10,342,0.0228,10,0.1,0,ranking_truncation,0,0,0,10,10,1.0,8.82739999997284,15000,342,0,15000,0,0,0,1,0,0.0,0
285,medium,positive,PostFilter-IVF,15000,64,10,342,0.0228,10,0.7,0,ranking_truncation,0,0,0,10,10,1.0,2.3219770000650897,2217,73,2217,2217,0,8,0,1,0,0.0,0
285,medium,positive,AdaptivePostFilter-IVF,15000,64,10,342,0.0228,10,0.9,0,ranking_truncation,0,0,0,10,10,1.0,4.489029000069422,4800,126,4800,4800,0,20,0,1,0,0.0,0
285,medium,positive,ExactPrefix-PostFilter,15000,64,10,342,0.0228,10,1.0,1,none,0,0,0,10,10,1.0,3.591636999999537,2400,72,15000,2400,0,0,0,1,0,0.0,0
285,medium,positive,TenantPartition-IVF,15000,64,10,342,0.0228,10,0.7,0,ranking_truncation,0,0,0,10,10,1.0,1.1814189999768132,2217,73,2217,2217,0,8,0,1,0,0.0,0
285,medium,positive,PreFilter-IVF,15000,64,10,342,0.0228,10,0.7,0,ranking_truncation,0,0,0,10,10,1.0,2.099723999890557,2386,79,79,2386,9,8,0,1,0,0.0,0
285,medium,positive,PACER-A,15000,64,10,342,0.0228,10,1.0,1,none,0,0,0,10,10,1.0,6.223238000075071,359,342,359,359,64,56,1,1,0,0.0,0
285,medium,positive,PACER-C,15000,64,10,342,0.0228,10,1.0,1,none,0,0,0,10,10,1.0,6.616727999926297,359,342,359,359,64,56,1,1,0,0.0,0
285,medium,positive,PACER-X,15000,64,10,342,0.0228,10,1.0,1,none,0,0,0,10,10,1.0,6.552843000008579,359,342,359,359,64,56,1,1,0,0.0,0
285,medium,positive,PACER-A-NoSlices,15000,64,10,342,0.0228,10,0.7,0,ranking_truncation,0,0,0,10,10,1.0,1.9002770000042801,2400,76,2400,2400,9,9,0,1,0,0.7513633072376251,1
285,medium,positive,PACER-A-NoBounds,15000,64,10,342,0.0228,10,1.0,1,none,0,0,0,10,10,1.0,4.979393999974491,359,342,359,359,64,56,1,1,0,0.0,0
285,medium,positive,StaleNoRecheck,15000,64,10,342,0.0228,10,0.7,0,ranking_truncation,0,0,0,10,10,1.0,1.6453959999580547,2217,74,2217,2217,0,8,0,1,0,0.0,0
285,medium,positive,NaiveNoPolicy,15000,64,10,342,0.0228,10,0.1,0,ranking_truncation,9,1,9,1,10,0.1,0.9359850000691949,2217,2217,2217,0,0,8,0,1,0,0.0,0
286,narrow,positive,ExactSecure,15000,64,10,11,0.0007333333333333333,10,1.0,1,none,0,0,0,10,10,1.0,10.075992000111,15000,11,11,15000,0,0,1,1,0,0.0,0
286,narrow,positive,PreFilter-Exact,15000,64,10,11,0.0007333333333333333,10,1.0,1,none,0,0,0,10,10,1.0,10.664717999816276,15000,11,11,15000,0,0,1,1,0,0.0,0
286,narrow,positive,BitmapSlice-Exact,15000,64,10,11,0.0007333333333333333,10,1.0,1,none,0,0,0,10,10,1.0,0.18786500004353002,12,11,11,12,0,0,1,1,0,0.0,0
286,narrow,positive,ScalarOnly,15000,64,10,11,0.0007333333333333333,10,0.9,0,ranking_truncation,0,0,0,10,10,1.0,10.439962999953423,15000,11,0,15000,0,0,0,1,0,0.0,0
286,narrow,positive,PostFilter-IVF,15000,64,10,11,0.0007333333333333333,5,0.5,0,candidate_starvation,0,0,0,5,5,1.0,2.0334610001100373,2204,5,2204,2204,0,8,0,1,0,0.0,0
286,narrow,positive,AdaptivePostFilter-IVF,15000,64,10,11,0.0007333333333333333,8,0.8,0,candidate_starvation,0,0,0,8,8,1.0,5.394248000129664,4800,8,4800,4800,0,19,0,1,0,0.0,0
286,narrow,positive,ExactPrefix-PostFilter,15000,64,10,11,0.0007333333333333333,3,0.3,0,candidate_starvation,0,0,0,3,3,1.0,3.6362610001106077,2400,3,15000,2400,0,0,0,1,0,0.0,0
286,narrow,positive,TenantPartition-IVF,15000,64,10,11,0.0007333333333333333,5,0.5,0,candidate_starvation,0,0,0,5,5,1.0,1.2476090000745899,2204,5,2204,2204,0,8,0,1,0,0.0,0
286,narrow,positive,PreFilter-IVF,15000,64,10,11,0.0007333333333333333,10,1.0,1,none,0,0,0,10,10,1.0,1.5144419999160164,947,11,11,947,64,5,0,1,0,0.0,0
286,narrow,positive,PACER-A,15000,64,10,11,0.0007333333333333333,10,1.0,1,none,0,0,0,10,10,1.0,0.7057630000417703,12,11,12,12,42,5,1,1,0,0.0,0
286,narrow,positive,PACER-C,15000,64,10,11,0.0007333333333333333,10,1.0,1,none,0,0,0,10,10,1.0,0.5700209999304207,12,11,12,12,42,5,1,1,0,0.0,0
286,narrow,positive,PACER-X,15000,64,10,11,0.0007333333333333333,10,1.0,1,none,0,0,0,10,10,1.0,0.46275199997580785,12,11,12,12,42,5,1,1,0,0.0,0
286,narrow,positive,PACER-A-NoSlices,15000,64,10,11,0.0007333333333333333,5,0.5,0,candidate_starvation,0,0,0,5,5,1.0,2.3815690001356415,2400,5,2400,2400,10,10,0,1,0,0.0,1
286,narrow,positive,PACER-A-NoBounds,15000,64,10,11,0.0007333333333333333,10,1.0,1,none,0,0,0,10,10,1.0,0.8127780001814244,12,11,12,12,64,5,1,1,0,0.0,0
286,narrow,positive,StaleNoRecheck,15000,64,10,11,0.0007333333333333333,5,0.5,0,candidate_starvation,0,0,0,5,5,1.0,2.8761300000041956,2204,5,2204,2204,0,8,0,1,0,0.0,0
286,narrow,positive,NaiveNoPolicy,15000,64,10,11,0.0007333333333333333,10,0.1,0,ranking_truncation,9,0,9,1,10,0.1,1.174742000102924,2204,2204,2204,0,0,8,0,1,0,0.0,0
287,cold,positive,ExactSecure,15000,64,10,5,0.0003333333333333333,5,1.0,1,none,0,0,0,5,5,1.0,7.402990000173304,15000,5,5,15000,0,0,1,1,0,0.0,0
287,cold,positive,PreFilter-Exact,15000,64,10,5,0.0003333333333333333,5,1.0,1,none,0,0,0,5,5,1.0,7.27056799996717,15000,5,5,15000,0,0,1,1,0,0.0,0
287,cold,positive,BitmapSlice-Exact,15000,64,10,5,0.0003333333333333333,5,1.0,1,none,0,0,0,5,5,1.0,0.10478500007593539,5,5,5,5,0,0,1,1,0,0.0,0
287,cold,positive,ScalarOnly,15000,64,10,5,0.0003333333333333333,5,1.0,0,ranking_truncation,0,0,0,5,5,1.0,7.302456000161328,15000,5,0,15000,0,0,0,1,0,0.0,0
287,cold,positive,PostFilter-IVF,15000,64,10,5,0.0003333333333333333,2,0.4,0,candidate_starvation,0,0,0,2,2,1.0,1.615791999938665,2139,2,2139,2139,0,8,0,1,0,0.0,0
287,cold,positive,AdaptivePostFilter-IVF,15000,64,10,5,0.0003333333333333333,2,0.4,0,candidate_starvation,0,0,0,2,2,1.0,4.085131000010733,4800,2,4800,4800,0,20,0,1,0,0.0,0
287,cold,positive,ExactPrefix-PostFilter,15000,64,10,5,0.0003333333333333333,2,0.4,0,candidate_starvation,0,0,0,2,2,1.0,3.4139419999519305,2400,2,15000,2400,0,0,0,1,0,0.0,0
287,cold,positive,TenantPartition-IVF,15000,64,10,5,0.0003333333333333333,2,0.4,0,candidate_starvation,0,0,0,2,2,1.0,0.908086999970692,2139,2,2139,2139,0,8,0,1,0,0.0,0
287,cold,positive,PreFilter-IVF,15000,64,10,5,0.0003333333333333333,5,1.0,1,none,0,0,0,5,5,1.0,0.9322399998836772,705,5,5,705,64,2,0,1,0,0.0,0
287,cold,positive,PACER-A,15000,64,10,5,0.0003333333333333333,5,1.0,1,none,0,0,0,5,5,1.0,0.322923999874547,5,5,5,5,41,2,1,1,0,0.0,0
287,cold,positive,PACER-C,15000,64,10,5,0.0003333333333333333,5,1.0,1,none,0,0,0,5,5,1.0,0.2742829999533569,5,5,5,5,41,2,1,1,0,0.0,0
287,cold,positive,PACER-X,15000,64,10,5,0.0003333333333333333,5,1.0,1,none,0,0,0,5,5,1.0,0.26269099998899037,5,5,5,5,41,2,1,1,0,0.0,0
287,cold,positive,PACER-A-NoSlices,15000,64,10,5,0.0003333333333333333,2,0.4,0,candidate_starvation,0,0,0,2,2,1.0,2.4075260000699927,2400,2,2400,2400,11,11,0,1,0,0.0,1
287,cold,positive,PACER-A-NoBounds,15000,64,10,5,0.0003333333333333333,5,1.0,1,none,0,0,0,5,5,1.0,0.4534269999112439,5,5,5,5,36,2,1,1,0,0.0,0
287,cold,positive,StaleNoRecheck,15000,64,10,5,0.0003333333333333333,2,0.4,0,candidate_starvation,0,0,0,2,2,1.0,2.1004559998800687,2139,2,2139,2139,0,8,0,1,0,0.0,0
287,cold,positive,NaiveNoPolicy,15000,64,10,5,0.0003333333333333333,10,0.2,0,ranking_truncation,9,1,9,1,10,0.1,0.813332999996419,2139,2139,2139,0,0,8,0,1,0,0.0,0
288,broad,positive,ExactSecure,15000,64,10,6375,0.425,10,1.0,1,none,0,0,0,10,10,1.0,12.54013900006612,15000,6375,6375,15000,0,0,1,1,0,0.0,0
288,broad,positive,PreFilter-Exact,15000,64,10,6375,0.425,10,1.0,1,none,0,0,0,10,10,1.0,10.80805199990209,15000,6375,6375,15000,0,0,1,1,0,0.0,0
288,broad,positive,BitmapSlice-Exact,15000,64,10,6375,0.425,10,1.0,1,none,0,0,0,10,10,1.0,18.401487999881283,6783,6375,6375,6783,0,0,1,1,0,0.0,0
288,broad,positive,ScalarOnly,15000,64,10,6375,0.425,10,0.0,0,ranking_truncation,0,0,0,10,10,1.0,8.502399000008154,15000,6375,0,15000,0,0,0,1,0,0.0,0
288,broad,positive,PostFilter-IVF,15000,64,10,6375,0.425,10,0.9,0,ranking_truncation,0,0,0,10,10,1.0,2.141565999863815,2400,1118,2400,2400,0,8,0,1,0,0.0,0
288,broad,positive,AdaptivePostFilter-IVF,15000,64,10,6375,0.425,10,1.0,1,none,0,0,0,10,10,1.0,4.233781000039016,4800,2045,4800,4800,0,18,0,1,0,0.0,0
288,broad,positive,ExactPrefix-PostFilter,15000,64,10,6375,0.425,10,1.0,1,none,0,0,0,10,10,1.0,3.76398599996719,2400,1030,15000,2400,0,0,0,1,0,0.0,0
288,broad,positive,TenantPartition-IVF,15000,64,10,6375,0.425,10,0.9,0,ranking_truncation,0,0,0,10,10,1.0,2.0728969998344837,2400,1118,2400,2400,0,8,0,1,0,0.0,0
288,broad,positive,PreFilter-IVF,15000,64,10,6375,0.425,10,1.0,1,none,0,0,0,10,10,1.0,2.1948270000393677,2253,1056,1056,2253,8,8,0,1,0,0.0,0
288,broad,positive,PACER-A,15000,64,10,6375,0.425,10,1.0,1,none,0,0,0,10,10,1.0,7.700680999960241,2400,2249,2400,2400,21,21,0,1,0,0.5850236117839813,1
288,broad,positive,PACER-C,15000,64,10,6375,0.425,10,1.0,1,none,0,0,0,10,10,1.0,30.37159299992709,6783,6375,6783,6783,64,64,1,1,0,0.0,0
288,broad,positive,PACER-X,15000,64,10,6375,0.425,10,1.0,1,none,0,0,0,10,10,1.0,32.113119000086954,6783,6375,6783,6783,64,64,1,1,0,0.0,0
288,broad,positive,PACER-A-NoSlices,15000,64,10,6375,0.425,10,1.0,1,none,0,0,0,10,10,1.0,2.3330050000822666,2400,1160,2400,2400,10,10,0,1,0,0.5945475399494171,1
288,broad,positive,PACER-A-NoBounds,15000,64,10,6375,0.425,10,1.0,1,none,0,0,0,10,10,1.0,12.261282999816103,2400,2248,2400,2400,21,21,0,1,0,0.0,1
288,broad,positive,StaleNoRecheck,15000,64,10,6375,0.425,10,0.9,0,ranking_truncation,0,0,0,10,10,1.0,3.596504000142886,2400,1192,2400,2400,0,8,0,1,0,0.0,0
288,broad,positive,NaiveNoPolicy,15000,64,10,6375,0.425,10,0.9,0,ranking_truncation,0,0,1,9,10,0.9,1.3368270001592464,2400,2400,2400,0,0,8,0,1,0,0.0,0
289,medium,positive,ExactSecure,15000,64,10,442,0.029466666666666665,10,1.0,1,none,0,0,0,10,10,1.0,16.82259399990471,15000,442,442,15000,0,0,1,1,0,0.0,0
289,medium,positive,PreFilter-Exact,15000,64,10,442,0.029466666666666665,10,1.0,1,none,0,0,0,10,10,1.0,10.2014080000572,15000,442,442,15000,0,0,1,1,0,0.0,0
289,medium,positive,BitmapSlice-Exact,15000,64,10,442,0.029466666666666665,10,1.0,1,none,0,0,0,10,10,1.0,1.43634000005477,488,442,442,488,0,0,1,1,0,0.0,0
289,medium,positive,ScalarOnly,15000,64,10,442,0.029466666666666665,10,0.0,0,ranking_truncation,0,0,0,10,10,1.0,8.645464999972319,15000,442,0,15000,0,0,0,1,0,0.0,0
289,medium,positive,PostFilter-IVF,15000,64,10,442,0.029466666666666665,10,0.9,0,ranking_truncation,0,0,0,10,10,1.0,1.6359659998670395,1885,97,1885,1885,0,8,0,1,0,0.0,0
289,medium,positive,AdaptivePostFilter-IVF,15000,64,10,442,0.029466666666666665,10,1.0,1,none,0,0,0,10,10,1.0,4.891088000022137,4800,159,4800,4800,0,22,0,1,0,0.0,0
289,medium,positive,ExactPrefix-PostFilter,15000,64,10,442,0.029466666666666665,10,1.0,1,none,0,0,0,10,10,1.0,3.4762290001708607,2400,94,15000,2400,0,0,0,1,0,0.0,0
289,medium,positive,TenantPartition-IVF,15000,64,10,442,0.029466666666666665,10,0.9,0,ranking_truncation,0,0,0,10,10,1.0,1.2385449999783305,1885,97,1885,1885,0,8,0,1,0,0.0,0
289,medium,positive,PreFilter-IVF,15000,64,10,442,0.029466666666666665,10,1.0,1,none,0,0,0,10,10,1.0,1.8837929999335756,2053,119,119,2053,8,8,0,1,0,0.0,0
289,medium,positive,PACER-A,15000,64,10,442,0.029466666666666665,10,1.0,1,none,0,0,0,10,10,1.0,6.314973999906215,488,442,488,488,64,62,1,1,0,0.0,0
289,medium,positive,PACER-C,15000,64,10,442,0.029466666666666665,10,1.0,1,none,0,0,0,10,10,1.0,7.918645000017932,488,442,488,488,64,62,1,1,0,0.0,0
289,medium,positive,PACER-X,15000,64,10,442,0.029466666666666665,10,1.0,1,none,0,0,0,10,10,1.0,7.4967350001315936,488,442,488,488,64,62,1,1,0,0.0,0
289,medium,positive,PACER-A-NoSlices,15000,64,10,442,0.029466666666666665,10,1.0,1,none,0,0,0,10,10,1.0,3.1100749999950494,2400,123,2400,2400,10,10,0,1,0,0.7212743163108826,1
289,medium,positive,PACER-A-NoBounds,15000,64,10,442,0.029466666666666665,10,1.0,1,none,0,0,0,10,10,1.0,7.184138999946299,488,442,488,488,64,62,1,1,0,0.0,0
289,medium,positive,StaleNoRecheck,15000,64,10,442,0.029466666666666665,10,0.9,0,ranking_truncation,0,0,0,10,10,1.0,1.569454999980735,1885,113,1885,1885,0,8,0,1,0,0.0,0
289,medium,positive,NaiveNoPolicy,15000,64,10,442,0.029466666666666665,10,0.2,0,ranking_truncation,7,2,6,2,10,0.2,0.6988600000568113,1885,1885,1885,0,0,8,0,1,0,0.0,0
290,narrow,positive,ExactSecure,15000,64,10,5,0.0003333333333333333,5,1.0,1,none,0,0,0,5,5,1.0,7.576950000157012,15000,5,5,15000,0,0,1,1,0,0.0,0
290,narrow,positive,PreFilter-Exact,15000,64,10,5,0.0003333333333333333,5,1.0,1,none,0,0,0,5,5,1.0,7.984287999988737,15000,5,5,15000,0,0,1,1,0,0.0,0
290,narrow,positive,BitmapSlice-Exact,15000,64,10,5,0.0003333333333333333,5,1.0,1,none,0,0,0,5,5,1.0,0.1364800000374089,6,5,5,6,0,0,1,1,0,0.0,0
290,narrow,positive,ScalarOnly,15000,64,10,5,0.0003333333333333333,5,1.0,0,ranking_truncation,0,0,0,5,5,1.0,7.583351999983279,15000,5,0,15000,0,0,0,1,0,0.0,0
290,narrow,positive,PostFilter-IVF,15000,64,10,5,0.0003333333333333333,1,0.2,0,candidate_starvation,0,0,0,1,1,1.0,1.3677269998879638,1608,1,1608,1608,0,8,0,1,0,0.0,0
290,narrow,positive,AdaptivePostFilter-IVF,15000,64,10,5,0.0003333333333333333,1,0.2,0,candidate_starvation,0,0,0,1,1,1.0,4.1512869997859525,4800,1,4800,4800,0,24,0,1,0,0.0,0
290,narrow,positive,ExactPrefix-PostFilter,15000,64,10,5,0.0003333333333333333,1,0.2,0,candidate_starvation,0,0,0,1,1,1.0,3.9269000001240784,2400,1,15000,2400,0,0,0,1,0,0.0,0
290,narrow,positive,TenantPartition-IVF,15000,64,10,5,0.0003333333333333333,1,0.2,0,candidate_starvation,0,0,0,1,1,1.0,0.6864599999971688,1608,1,1608,1608,0,8,0,1,0,0.0,0
290,narrow,positive,PreFilter-IVF,15000,64,10,5,0.0003333333333333333,5,1.0,1,none,0,0,0,5,5,1.0,1.5277810000497993,1473,5,5,1473,64,5,0,1,0,0.0,0
290,narrow,positive,PACER-A,15000,64,10,5,0.0003333333333333333,5,1.0,1,none,0,0,0,5,5,1.0,0.6321880000541569,6,5,6,6,41,5,1,1,0,0.0,0
290,narrow,positive,PACER-C,15000,64,10,5,0.0003333333333333333,5,1.0,1,none,0,0,0,5,5,1.0,0.4822559999411169,6,5,6,6,41,5,1,1,0,0.0,0
290,narrow,positive,PACER-X,15000,64,10,5,0.0003333333333333333,5,1.0,1,none,0,0,0,5,5,1.0,0.48289500000464614,6,5,6,6,41,5,1,1,0,0.0,0
290,narrow,positive,PACER-A-NoSlices,15000,64,10,5,0.0003333333333333333,1,0.2,0,candidate_starvation,0,0,0,1,1,1.0,2.0925979999901756,2400,1,2400,2400,12,12,0,1,0,0.0,1
290,narrow,positive,PACER-A-NoBounds,15000,64,10,5,0.0003333333333333333,5,1.0,1,none,0,0,0,5,5,1.0,0.44840900000053807,6,5,6,6,36,5,1,1,0,0.0,0
290,narrow,positive,StaleNoRecheck,15000,64,10,5,0.0003333333333333333,2,0.2,0,candidate_starvation,0,1,0,1,2,0.5,1.6061569999692438,1608,2,1608,1608,0,8,0,1,0,0.0,0
290,narrow,positive,NaiveNoPolicy,15000,64,10,5,0.0003333333333333333,10,0.2,0,ranking_truncation,9,1,9,1,10,0.1,0.6420899999284302,1608,1608,1608,0,0,8,0,1,0,0.0,0
291,cold,positive,ExactSecure,15000,64,10,6,0.0004,6,1.0,1,none,0,0,0,6,6,1.0,8.533933000080651,15000,6,6,15000,0,0,1,1,0,0.0,0
291,cold,positive,PreFilter-Exact,15000,64,10,6,0.0004,6,1.0,1,none,0,0,0,6,6,1.0,7.492226999829654,15000,6,6,15000,0,0,1,1,0,0.0,0
291,cold,positive,BitmapSlice-Exact,15000,64,10,6,0.0004,6,1.0,1,none,0,0,0,6,6,1.0,0.10404499994365324,7,6,6,7,0,0,1,1,0,0.0,0
291,cold,positive,ScalarOnly,15000,64,10,6,0.0004,6,1.0,0,ranking_truncation,0,0,0,6,6,1.0,7.716709999840532,15000,6,0,15000,0,0,0,1,0,0.0,0
291,cold,positive,PostFilter-IVF,15000,64,10,6,0.0004,1,0.16666666666666666,0,candidate_starvation,0,0,0,1,1,1.0,1.3146500000402739,1496,1,1496,1496,0,8,0,1,0,0.0,0
291,cold,positive,AdaptivePostFilter-IVF,15000,64,10,6,0.0004,2,0.3333333333333333,0,candidate_starvation,0,0,0,2,2,1.0,4.336530000045968,4800,2,4800,4800,0,23,0,1,0,0.0,0
291,cold,positive,ExactPrefix-PostFilter,15000,64,10,6,0.0004,1,0.16666666666666666,0,candidate_starvation,0,0,0,1,1,1.0,3.4614400001373724,2400,1,15000,2400,0,0,0,1,0,0.0,0
291,cold,positive,TenantPartition-IVF,15000,64,10,6,0.0004,1,0.16666666666666666,0,candidate_starvation,0,0,0,1,1,1.0,0.8319000000938104,1496,1,1496,1496,0,8,0,1,0,0.0,0
291,cold,positive,PreFilter-IVF,15000,64,10,6,0.0004,6,1.0,1,none,0,0,0,6,6,1.0,2.0789630000308534,1832,6,6,1832,64,7,0,1,0,0.0,0
291,cold,positive,PACER-A,15000,64,10,6,0.0004,6,1.0,1,none,0,0,0,6,6,1.0,1.0015830000611459,7,6,7,7,57,7,1,1,0,0.0,0
291,cold,positive,PACER-C,15000,64,10,6,0.0004,6,1.0,1,none,0,0,0,6,6,1.0,0.9148530000402388,7,6,7,7,57,7,1,1,0,0.0,0
291,cold,positive,PACER-X,15000,64,10,6,0.0004,6,1.0,1,none,0,0,0,6,6,1.0,0.9371199998895463,7,6,7,7,57,7,1,1,0,0.0,0
291,cold,positive,PACER-A-NoSlices,15000,64,10,6,0.0004,1,0.16666666666666666,0,candidate_starvation,0,0,0,1,1,1.0,3.4955539999828034,2400,1,2400,2400,13,13,0,1,0,0.0,1
291,cold,positive,PACER-A-NoBounds,15000,64,10,6,0.0004,6,1.0,1,none,0,0,0,6,6,1.0,0.8927080000376009,7,6,7,7,60,7,1,1,0,0.0,0
291,cold,positive,StaleNoRecheck,15000,64,10,6,0.0004,2,0.16666666666666666,0,candidate_starvation,0,1,0,1,2,0.5,1.6067030001067906,1496,2,1496,1496,0,8,0,1,0,0.0,0
291,cold,positive,NaiveNoPolicy,15000,64,10,6,0.0004,10,0.16666666666666666,0,ranking_truncation,9,0,9,1,10,0.1,0.39159600009952555,1496,1496,1496,0,0,8,0,1,0,0.0,0
292,broad,positive,ExactSecure,15000,64,10,6740,0.4493333333333333,10,1.0,1,none,0,0,0,10,10,1.0,8.369940999955361,15000,6740,6740,15000,0,0,1,1,0,0.0,0
292,broad,positive,PreFilter-Exact,15000,64,10,6740,0.4493333333333333,10,1.0,1,none,0,0,0,10,10,1.0,8.144336999976076,15000,6740,6740,15000,0,0,1,1,0,0.0,0
292,broad,positive,BitmapSlice-Exact,15000,64,10,6740,0.4493333333333333,10,1.0,1,none,0,0,0,10,10,1.0,18.50857299996278,7455,6740,6740,7455,0,0,1,1,0,0.0,0
292,broad,positive,ScalarOnly,15000,64,10,6740,0.4493333333333333,10,0.0,0,ranking_truncation,0,0,0,10,10,1.0,8.450605000007272,15000,6740,0,15000,0,0,0,1,0,0.0,0
292,broad,positive,PostFilter-IVF,15000,64,10,6740,0.4493333333333333,10,0.7,0,ranking_truncation,0,0,0,10,10,1.0,2.0475100000112434,2231,839,2231,2231,0,8,0,1,0,0.0,0
292,broad,positive,AdaptivePostFilter-IVF,15000,64,10,6740,0.4493333333333333,10,1.0,1,none,0,0,0,10,10,1.0,4.465192999987266,4800,2012,4800,4800,0,21,0,1,0,0.0,0
292,broad,positive,ExactPrefix-PostFilter,15000,64,10,6740,0.4493333333333333,10,1.0,1,none,0,0,0,10,10,1.0,4.998900999908074,2400,992,15000,2400,0,0,0,1,0,0.0,0
292,broad,positive,TenantPartition-IVF,15000,64,10,6740,0.4493333333333333,10,0.7,0,ranking_truncation,0,0,0,10,10,1.0,2.5495290001344983,2231,839,2231,2231,0,8,0,1,0,0.0,0
292,broad,positive,PreFilter-IVF,15000,64,10,6740,0.4493333333333333,10,0.7,0,ranking_truncation,0,0,0,10,10,1.0,2.3270910000974254,2575,948,948,2575,8,8,0,1,0,0.0,0
292,broad,positive,PACER-A,15000,64,10,6740,0.4493333333333333,10,1.0,1,none,0,0,0,10,10,1.0,9.894594999877881,2400,2176,2400,2400,25,25,0,1,0,0.6082441508769989,1
292,broad,positive,PACER-C,15000,64,10,6740,0.4493333333333333,10,1.0,1,none,0,0,0,10,10,1.0,23.113996999882147,7455,6740,7455,7455,64,64,1,1,0,0.0,0
292,broad,positive,PACER-X,15000,64,10,6740,0.4493333333333333,10,1.0,1,none,0,0,0,10,10,1.0,26.11209399992731,7455,6740,7455,7455,64,64,1,1,0,0.0,0
292,broad,positive,PACER-A-NoSlices,15000,64,10,6740,0.4493333333333333,10,0.7,0,ranking_truncation,0,0,0,10,10,1.0,2.217851000068549,2400,912,2400,2400,8,8,0,1,0,0.6392287611961365,1
292,broad,positive,PACER-A-NoBounds,15000,64,10,6740,0.4493333333333333,10,1.0,1,none,0,0,0,10,10,1.0,7.795808000082616,2400,2177,2400,2400,25,25,0,1,0,0.0,1
292,broad,positive,StaleNoRecheck,15000,64,10,6740,0.4493333333333333,10,0.7,0,ranking_truncation,0,0,0,10,10,1.0,1.8181109999204637,2231,930,2231,2231,0,8,0,1,0,0.0,0
292,broad,positive,NaiveNoPolicy,15000,64,10,6740,0.4493333333333333,10,0.3,0,ranking_truncation,0,0,7,3,10,0.3,0.5981510000765411,2231,2231,2231,0,0,8,0,1,0,0.0,0
293,medium,positive,ExactSecure,15000,64,10,443,0.029533333333333335,10,1.0,1,none,0,0,0,10,10,1.0,7.367294999994556,15000,443,443,15000,0,0,1,1,0,0.0,0
293,medium,positive,PreFilter-Exact,15000,64,10,443,0.029533333333333335,10,1.0,1,none,0,0,0,10,10,1.0,7.661227999960829,15000,443,443,15000,0,0,1,1,0,0.0,0
293,medium,positive,BitmapSlice-Exact,15000,64,10,443,0.029533333333333335,10,1.0,1,none,0,0,0,10,10,1.0,1.2943320000431413,491,443,443,491,0,0,1,1,0,0.0,0
293,medium,positive,ScalarOnly,15000,64,10,443,0.029533333333333335,10,0.1,0,ranking_truncation,0,0,0,10,10,1.0,9.106483000095977,15000,443,0,15000,0,0,0,1,0,0.0,0
293,medium,positive,PostFilter-IVF,15000,64,10,443,0.029533333333333335,10,0.5,0,ranking_truncation,0,0,0,10,10,1.0,1.8648300001586904,2226,29,2226,2226,0,8,0,1,0,0.0,0
293,medium,positive,AdaptivePostFilter-IVF,15000,64,10,443,0.029533333333333335,10,0.9,0,ranking_truncation,0,0,0,10,10,1.0,4.654610999978104,4800,133,4800,4800,0,19,0,1,0,0.0,0
293,medium,positive,ExactPrefix-PostFilter,15000,64,10,443,0.029533333333333335,10,1.0,1,none,0,0,0,10,10,1.0,3.3848969999326073,2400,65,15000,2400,0,0,0,1,0,0.0,0
293,medium,positive,TenantPartition-IVF,15000,64,10,443,0.029533333333333335,10,0.5,0,ranking_truncation,0,0,0,10,10,1.0,1.4026960000137478,2226,29,2226,2226,0,8,0,1,0,0.0,0
293,medium,positive,PreFilter-IVF,15000,64,10,443,0.029533333333333335,10,0.7,0,ranking_truncation,0,0,0,10,10,1.0,2.6378009999916685,2334,70,70,2334,10,8,0,1,0,0.0,0
293,medium,positive,PACER-A,15000,64,10,443,0.029533333333333335,10,1.0,1,none,0,0,0,10,10,1.0,7.214709999971092,491,443,491,491,64,58,1,1,0,0.0,0
293,medium,positive,PACER-C,15000,64,10,443,0.029533333333333335,10,1.0,1,none,0,0,0,10,10,1.0,7.677571999920474,491,443,491,491,64,58,1,1,0,0.0,0
293,medium,positive,PACER-X,15000,64,10,443,0.029533333333333335,10,1.0,1,none,0,0,0,10,10,1.0,6.4617990001352155,491,443,491,491,64,58,1,1,0,0.0,0
293,medium,positive,PACER-A-NoSlices,15000,64,10,443,0.029533333333333335,10,0.6,0,ranking_truncation,0,0,0,10,10,1.0,1.8022829999608803,2400,37,2400,2400,8,8,0,1,0,0.7643159776926041,1
293,medium,positive,PACER-A-NoBounds,15000,64,10,443,0.029533333333333335,10,1.0,1,none,0,0,0,10,10,1.0,5.96445499991205,491,443,491,491,64,58,1,1,0,0.0,0
293,medium,positive,StaleNoRecheck,15000,64,10,443,0.029533333333333335,10,0.5,0,ranking_truncation,0,1,0,9,10,0.9,1.7164220000722707,2226,33,2226,2226,0,8,0,1,0,0.0,0
293,medium,positive,NaiveNoPolicy,15000,64,10,443,0.029533333333333335,10,0.1,0,ranking_truncation,8,0,9,1,10,0.1,0.58489399998507,2226,2226,2226,0,0,8,0,1,0,0.0,0
294,narrow,positive,ExactSecure,15000,64,10,8,0.0005333333333333334,8,1.0,1,none,0,0,0,8,8,1.0,6.783250000125918,15000,8,8,15000,0,0,1,1,0,0.0,0
294,narrow,positive,PreFilter-Exact,15000,64,10,8,0.0005333333333333334,8,1.0,1,none,0,0,0,8,8,1.0,7.020475999979681,15000,8,8,15000,0,0,1,1,0,0.0,0
294,narrow,positive,BitmapSlice-Exact,15000,64,10,8,0.0005333333333333334,8,1.0,1,none,0,0,0,8,8,1.0,0.1045709998379607,10,8,8,10,0,0,1,1,0,0.0,0
294,narrow,positive,ScalarOnly,15000,64,10,8,0.0005333333333333334,8,1.0,0,ranking_truncation,0,0,0,8,8,1.0,7.347163999838813,15000,8,0,15000,0,0,0,1,0,0.0,0
294,narrow,positive,PostFilter-IVF,15000,64,10,8,0.0005333333333333334,1,0.125,0,candidate_starvation,0,0,0,1,1,1.0,1.5543039999101893,1890,1,1890,1890,0,8,0,1,0,0.0,0
294,narrow,positive,AdaptivePostFilter-IVF,15000,64,10,8,0.0005333333333333334,2,0.25,0,candidate_starvation,0,0,0,2,2,1.0,3.6610770000606863,4800,2,4800,4800,0,24,0,1,0,0.0,0
294,narrow,positive,ExactPrefix-PostFilter,15000,64,10,8,0.0005333333333333334,1,0.125,0,candidate_starvation,0,0,0,1,1,1.0,3.0165860000579414,2400,1,15000,2400,0,0,0,1,0,0.0,0
294,narrow,positive,TenantPartition-IVF,15000,64,10,8,0.0005333333333333334,1,0.125,0,candidate_starvation,0,0,0,1,1,1.0,0.7191270001385419,1890,1,1890,1890,0,8,0,1,0,0.0,0
294,narrow,positive,PreFilter-IVF,15000,64,10,8,0.0005333333333333334,8,1.0,1,none,0,0,0,8,8,1.0,1.4245510001273942,1574,8,8,1574,64,6,0,1,0,0.0,0
294,narrow,positive,PACER-A,15000,64,10,8,0.0005333333333333334,8,1.0,1,none,0,0,0,8,8,1.0,0.5355810001219652,10,8,10,10,61,6,1,1,0,0.0,0
294,narrow,positive,PACER-C,15000,64,10,8,0.0005333333333333334,8,1.0,1,none,0,0,0,8,8,1.0,0.47261199983950064,10,8,10,10,61,6,1,1,0,0.0,0
294,narrow,positive,PACER-X,15000,64,10,8,0.0005333333333333334,8,1.0,1,none,0,0,0,8,8,1.0,0.48575200003142527,10,8,10,10,61,6,1,1,0,0.0,0
294,narrow,positive,PACER-A-NoSlices,15000,64,10,8,0.0005333333333333334,1,0.125,0,candidate_starvation,0,0,0,1,1,1.0,1.6089460000330291,2400,1,2400,2400,10,10,0,1,0,0.0,1
294,narrow,positive,PACER-A-NoBounds,15000,64,10,8,0.0005333333333333334,8,1.0,1,none,0,0,0,8,8,1.0,0.4768379999404715,10,8,10,10,63,6,1,1,0,0.0,0
294,narrow,positive,StaleNoRecheck,15000,64,10,8,0.0005333333333333334,1,0.125,0,candidate_starvation,0,0,0,1,1,1.0,1.2681879998126533,1890,1,1890,1890,0,8,0,1,0,0.0,0
294,narrow,positive,NaiveNoPolicy,15000,64,10,8,0.0005333333333333334,10,0.125,0,ranking_truncation,9,1,8,1,10,0.1,0.4441250000581931,1890,1890,1890,0,0,8,0,1,0,0.0,0
295,cold,positive,ExactSecure,15000,64,10,5,0.0003333333333333333,5,1.0,1,none,0,0,0,5,5,1.0,6.996797000056176,15000,5,5,15000,0,0,1,1,0,0.0,0
295,cold,positive,PreFilter-Exact,15000,64,10,5,0.0003333333333333333,5,1.0,1,none,0,0,0,5,5,1.0,7.052260999898863,15000,5,5,15000,0,0,1,1,0,0.0,0
295,cold,positive,BitmapSlice-Exact,15000,64,10,5,0.0003333333333333333,5,1.0,1,none,0,0,0,5,5,1.0,0.08112099999380007,5,5,5,5,0,0,1,1,0,0.0,0
295,cold,positive,ScalarOnly,15000,64,10,5,0.0003333333333333333,5,1.0,0,ranking_truncation,0,0,0,5,5,1.0,7.074058000171135,15000,5,0,15000,0,0,0,1,0,0.0,0
295,cold,positive,PostFilter-IVF,15000,64,10,5,0.0003333333333333333,3,0.6,0,candidate_starvation,0,0,0,3,3,1.0,1.5669839999645774,2226,3,2226,2226,0,8,0,1,0,0.0,0
295,cold,positive,AdaptivePostFilter-IVF,15000,64,10,5,0.0003333333333333333,3,0.6,0,candidate_starvation,0,0,0,3,3,1.0,3.9188160001231154,4800,3,4800,4800,0,19,0,1,0,0.0,0
295,cold,positive,ExactPrefix-PostFilter,15000,64,10,5,0.0003333333333333333,2,0.4,0,candidate_starvation,0,0,0,2,2,1.0,3.3372170000802726,2400,2,15000,2400,0,0,0,1,0,0.0,0
295,cold,positive,TenantPartition-IVF,15000,64,10,5,0.0003333333333333333,3,0.6,0,candidate_starvation,0,0,0,3,3,1.0,0.9713560000363941,2226,3,2226,2226,0,8,0,1,0,0.0,0
295,cold,positive,PreFilter-IVF,15000,64,10,5,0.0003333333333333333,5,1.0,1,none,0,0,0,5,5,1.0,0.9838570001647895,729,5,5,729,64,3,0,1,0,0.0,0
295,cold,positive,PACER-A,15000,64,10,5,0.0003333333333333333,5,1.0,1,none,0,0,0,5,5,1.0,0.3648110000540328,5,5,5,5,63,3,1,1,0,0.0,0
295,cold,positive,PACER-C,15000,64,10,5,0.0003333333333333333,5,1.0,1,none,0,0,0,5,5,1.0,0.2974899998662295,5,5,5,5,63,3,1,1,0,0.0,0
295,cold,positive,PACER-X,15000,64,10,5,0.0003333333333333333,5,1.0,1,none,0,0,0,5,5,1.0,0.2915699999448407,5,5,5,5,63,3,1,1,0,0.0,0
295,cold,positive,PACER-A-NoSlices,15000,64,10,5,0.0003333333333333333,3,0.6,0,candidate_starvation,0,0,0,3,3,1.0,1.69491199994809,2400,3,2400,2400,9,9,0,1,0,0.0,1
295,cold,positive,PACER-A-NoBounds,15000,64,10,5,0.0003333333333333333,5,1.0,1,none,0,0,0,5,5,1.0,0.310871000010593,5,5,5,5,63,3,1,1,0,0.0,0
295,cold,positive,StaleNoRecheck,15000,64,10,5,0.0003333333333333333,3,0.6,0,candidate_starvation,0,0,0,3,3,1.0,1.5760689998387534,2226,3,2226,2226,0,8,0,1,0,0.0,0
295,cold,positive,NaiveNoPolicy,15000,64,10,5,0.0003333333333333333,10,0.2,0,ranking_truncation,9,1,8,1,10,0.1,0.5218880000938952,2226,2226,2226,0,0,8,0,1,0,0.0,0
296,broad,positive,ExactSecure,15000,64,10,6742,0.4494666666666667,10,1.0,1,none,0,0,0,10,10,1.0,7.741167999938625,15000,6742,6742,15000,0,0,1,1,0,0.0,0
296,broad,positive,PreFilter-Exact,15000,64,10,6742,0.4494666666666667,10,1.0,1,none,0,0,0,10,10,1.0,7.88081499990767,15000,6742,6742,15000,0,0,1,1,0,0.0,0
296,broad,positive,BitmapSlice-Exact,15000,64,10,6742,0.4494666666666667,10,1.0,1,none,0,0,0,10,10,1.0,23.589326999854165,7464,6742,6742,7464,0,0,1,1,0,0.0,0
296,broad,positive,ScalarOnly,15000,64,10,6742,0.4494666666666667,10,0.0,0,ranking_truncation,0,0,0,10,10,1.0,9.254363000081867,15000,6742,0,15000,0,0,0,1,0,0.0,0
296,broad,positive,PostFilter-IVF,15000,64,10,6742,0.4494666666666667,10,0.7,0,ranking_truncation,0,0,0,10,10,1.0,1.510550999910265,1563,746,1563,1563,0,8,0,1,0,0.0,0
296,broad,positive,AdaptivePostFilter-IVF,15000,64,10,6742,0.4494666666666667,10,0.8,0,ranking_truncation,0,0,0,10,10,1.0,5.724295000163693,4800,2147,4800,4800,0,21,0,1,0,0.0,0
296,broad,positive,ExactPrefix-PostFilter,15000,64,10,6742,0.4494666666666667,10,1.0,1,none,0,0,0,10,10,1.0,3.08504500003437,2400,1094,15000,2400,0,0,0,1,0,0.0,0
296,broad,positive,TenantPartition-IVF,15000,64,10,6742,0.4494666666666667,10,0.7,0,ranking_truncation,0,0,0,10,10,1.0,1.0219460000371328,1563,746,1563,1563,0,8,0,1,0,0.0,0
296,broad,positive,PreFilter-IVF,15000,64,10,6742,0.4494666666666667,10,0.7,0,ranking_truncation,0,0,0,10,10,1.0,1.5967419999469712,1563,746,746,1563,8,8,0,1,0,0.0,0
296,broad,positive,PACER-A,15000,64,10,6742,0.4494666666666667,10,0.9,0,ranking_truncation,0,0,0,10,10,1.0,6.946579999976166,2400,2171,2400,2400,22,22,0,1,0,0.6286071538925171,1
296,broad,positive,PACER-C,15000,64,10,6742,0.4494666666666667,10,1.0,1,none,0,0,0,10,10,1.0,21.979010999984894,7464,6742,7464,7464,64,64,1,1,0,0.0,0
296,broad,positive,PACER-X,15000,64,10,6742,0.4494666666666667,10,1.0,1,none,0,0,0,10,10,1.0,21.26078400010556,7464,6742,7464,7464,64,64,1,1,0,0.0,0
296,broad,positive,PACER-A-NoSlices,15000,64,10,6742,0.4494666666666667,10,0.7,0,ranking_truncation,0,0,0,10,10,1.0,2.2160319999784406,2400,1118,2400,2400,12,12,0,1,0,0.6423304975032806,1
296,broad,positive,PACER-A-NoBounds,15000,64,10,6742,0.4494666666666667,10,0.8,0,ranking_truncation,0,0,0,10,10,1.0,7.163298000023133,2400,2176,2400,2400,22,22,0,1,0,0.0,1
296,broad,positive,StaleNoRecheck,15000,64,10,6742,0.4494666666666667,10,0.7,0,ranking_truncation,0,2,0,8,10,0.8,1.2325939999300317,1563,824,1563,1563,0,8,0,1,0,0.0,0
296,broad,positive,NaiveNoPolicy,15000,64,10,6742,0.4494666666666667,10,0.4,0,ranking_truncation,0,2,4,4,10,0.4,0.35271000001557695,1563,1563,1563,0,0,8,0,1,0,0.0,0
297,medium,positive,ExactSecure,15000,64,10,507,0.0338,10,1.0,1,none,0,0,0,10,10,1.0,8.030523000115863,15000,507,507,15000,0,0,1,1,0,0.0,0
297,medium,positive,PreFilter-Exact,15000,64,10,507,0.0338,10,1.0,1,none,0,0,0,10,10,1.0,7.808060000115802,15000,507,507,15000,0,0,1,1,0,0.0,0
297,medium,positive,BitmapSlice-Exact,15000,64,10,507,0.0338,10,1.0,1,none,0,0,0,10,10,1.0,1.460207000036462,553,507,507,553,0,0,1,1,0,0.0,0
297,medium,positive,ScalarOnly,15000,64,10,507,0.0338,10,0.0,0,ranking_truncation,0,0,0,10,10,1.0,7.467067999868959,15000,507,0,15000,0,0,0,1,0,0.0,0
297,medium,positive,PostFilter-IVF,15000,64,10,507,0.0338,10,0.7,0,ranking_truncation,0,0,0,10,10,1.0,1.5316170001824503,1885,58,1885,1885,0,8,0,1,0,0.0,0
297,medium,positive,AdaptivePostFilter-IVF,15000,64,10,507,0.0338,10,0.9,0,ranking_truncation,0,0,0,10,10,1.0,4.199529999823426,4800,147,4800,4800,0,22,0,1,0,0.0,0
297,medium,positive,ExactPrefix-PostFilter,15000,64,10,507,0.0338,10,1.0,1,none,0,0,0,10,10,1.0,3.237947999878088,2400,89,15000,2400,0,0,0,1,0,0.0,0
297,medium,positive,TenantPartition-IVF,15000,64,10,507,0.0338,10,0.7,0,ranking_truncation,0,0,0,10,10,1.0,1.0424600000078499,1885,58,1885,1885,0,8,0,1,0,0.0,0
297,medium,positive,PreFilter-IVF,15000,64,10,507,0.0338,10,0.6,0,ranking_truncation,0,0,0,10,10,1.0,1.4157089999571326,1787,57,57,1787,8,8,0,1,0,0.0,0
297,medium,positive,PACER-A,15000,64,10,507,0.0338,10,1.0,1,none,0,0,0,10,10,1.0,6.342141999994055,553,507,553,553,62,58,1,1,0,0.0,0
297,medium,positive,PACER-C,15000,64,10,507,0.0338,10,1.0,1,none,0,0,0,10,10,1.0,5.454998000004707,553,507,553,553,62,58,1,1,0,0.0,0
297,medium,positive,PACER-X,15000,64,10,507,0.0338,10,1.0,1,none,0,0,0,10,10,1.0,5.926319000082003,553,507,553,553,62,58,1,1,0,0.0,0
297,medium,positive,PACER-A-NoSlices,15000,64,10,507,0.0338,10,0.7,0,ranking_truncation,0,0,0,10,10,1.0,2.2292050000487507,2400,71,2400,2400,12,12,0,1,0,0.7649330049753189,1
297,medium,positive,PACER-A-NoBounds,15000,64,10,507,0.0338,10,1.0,1,none,0,0,0,10,10,1.0,5.388987000060297,553,507,553,553,64,58,1,1,0,0.0,0
297,medium,positive,StaleNoRecheck,15000,64,10,507,0.0338,10,0.7,0,ranking_truncation,0,0,0,10,10,1.0,1.390842999853703,1885,59,1885,1885,0,8,0,1,0,0.0,0
297,medium,positive,NaiveNoPolicy,15000,64,10,507,0.0338,10,0.0,0,ranking_truncation,9,0,8,0,10,0.0,0.4550290000224777,1885,1885,1885,0,0,8,0,1,0,0.0,0
298,narrow,positive,ExactSecure,15000,64,10,7,0.00046666666666666666,7,1.0,1,none,0,0,0,7,7,1.0,7.396089999929245,15000,7,7,15000,0,0,1,1,0,0.0,0
298,narrow,positive,PreFilter-Exact,15000,64,10,7,0.00046666666666666666,7,1.0,1,none,0,0,0,7,7,1.0,7.610506999981226,15000,7,7,15000,0,0,1,1,0,0.0,0
298,narrow,positive,BitmapSlice-Exact,15000,64,10,7,0.00046666666666666666,7,1.0,1,none,0,0,0,7,7,1.0,0.08721699987290776,7,7,7,7,0,0,1,1,0,0.0,0
298,narrow,positive,ScalarOnly,15000,64,10,7,0.00046666666666666666,7,1.0,0,ranking_truncation,0,0,0,7,7,1.0,7.246589000033055,15000,7,0,15000,0,0,0,1,0,0.0,0
298,narrow,positive,PostFilter-IVF,15000,64,10,7,0.00046666666666666666,3,0.42857142857142855,0,candidate_starvation,0,0,0,3,3,1.0,1.298222000059468,1697,3,1697,1697,0,8,0,1,0,0.0,0
298,narrow,positive,AdaptivePostFilter-IVF,15000,64,10,7,0.00046666666666666666,4,0.5714285714285714,0,candidate_starvation,0,0,0,4,4,1.0,4.075039999861474,4800,4,4800,4800,0,23,0,1,0,0.0,0
298,narrow,positive,ExactPrefix-PostFilter,15000,64,10,7,0.00046666666666666666,4,0.5714285714285714,0,candidate_starvation,0,0,0,4,4,1.0,3.200974000037604,2400,4,15000,2400,0,0,0,1,0,0.0,0
298,narrow,positive,TenantPartition-IVF,15000,64,10,7,0.00046666666666666666,3,0.42857142857142855,0,candidate_starvation,0,0,0,3,3,1.0,0.8773879999353085,1697,3,1697,1697,0,8,0,1,0,0.0,0
298,narrow,positive,PreFilter-IVF,15000,64,10,7,0.00046666666666666666,7,1.0,1,none,0,0,0,7,7,1.0,1.7741059998570563,1881,7,7,1881,64,7,0,1,0,0.0,0
298,narrow,positive,PACER-A,15000,64,10,7,0.00046666666666666666,7,1.0,1,none,0,0,0,7,7,1.0,0.568033000035939,7,7,7,7,51,7,1,1,0,0.0,0
298,narrow,positive,PACER-C,15000,64,10,7,0.00046666666666666666,7,1.0,1,none,0,0,0,7,7,1.0,0.5814209998789011,7,7,7,7,51,7,1,1,0,0.0,0
298,narrow,positive,PACER-X,15000,64,10,7,0.00046666666666666666,7,1.0,1,none,0,0,0,7,7,1.0,0.5063440000867558,7,7,7,7,51,7,1,1,0,0.0,0
298,narrow,positive,PACER-A-NoSlices,15000,64,10,7,0.00046666666666666666,3,0.42857142857142855,0,candidate_starvation,0,0,0,3,3,1.0,1.71510300015143,2400,3,2400,2400,12,12,0,1,0,0.0,1
298,narrow,positive,PACER-A-NoBounds,15000,64,10,7,0.00046666666666666666,7,1.0,1,none,0,0,0,7,7,1.0,0.5514560000392521,7,7,7,7,52,7,1,1,0,0.0,0
298,narrow,positive,StaleNoRecheck,15000,64,10,7,0.00046666666666666666,3,0.42857142857142855,0,candidate_starvation,0,0,0,3,3,1.0,1.199235000058252,1697,3,1697,1697,0,8,0,1,0,0.0,0
298,narrow,positive,NaiveNoPolicy,15000,64,10,7,0.00046666666666666666,10,0.14285714285714285,0,ranking_truncation,8,1,8,1,10,0.1,0.608741999940321,1697,1697,1697,0,0,8,0,1,0,0.0,0
299,cold,positive,ExactSecure,15000,64,10,2,0.00013333333333333334,2,1.0,1,none,0,0,0,2,2,1.0,7.395475000066654,15000,2,2,15000,0,0,1,1,0,0.0,0
299,cold,positive,PreFilter-Exact,15000,64,10,2,0.00013333333333333334,2,1.0,1,none,0,0,0,2,2,1.0,7.426832999954058,15000,2,2,15000,0,0,1,1,0,0.0,0
299,cold,positive,BitmapSlice-Exact,15000,64,10,2,0.00013333333333333334,2,1.0,1,none,0,0,0,2,2,1.0,0.07615099980284867,2,2,2,2,0,0,1,1,0,0.0,0
299,cold,positive,ScalarOnly,15000,64,10,2,0.00013333333333333334,2,1.0,0,ranking_truncation,0,0,0,2,2,1.0,7.665318999897863,15000,2,0,15000,0,0,0,1,0,0.0,0
299,cold,positive,PostFilter-IVF,15000,64,10,2,0.00013333333333333334,1,0.5,0,candidate_starvation,0,0,0,1,1,1.0,1.6414659999099968,2005,1,2005,2005,0,8,0,1,0,0.0,0
299,cold,positive,AdaptivePostFilter-IVF,15000,64,10,2,0.00013333333333333334,1,0.5,0,candidate_starvation,0,0,0,1,1,1.0,3.768040999830191,4800,1,4800,4800,0,21,0,1,0,0.0,0
299,cold,positive,ExactPrefix-PostFilter,15000,64,10,2,0.00013333333333333334,2,1.0,1,none,0,0,0,2,2,1.0,3.0757790000279783,2400,2,15000,2400,0,0,0,1,0,0.0,0
299,cold,positive,TenantPartition-IVF,15000,64,10,2,0.00013333333333333334,1,0.5,0,candidate_starvation,0,0,0,1,1,1.0,1.0168379999413446,2005,1,2005,2005,0,8,0,1,0,0.0,0
299,cold,positive,PreFilter-IVF,15000,64,10,2,0.00013333333333333334,2,1.0,1,none,0,0,0,2,2,1.0,0.9342450000531244,423,2,2,423,64,2,0,1,0,0.0,0
299,cold,positive,PACER-A,15000,64,10,2,0.00013333333333333334,2,1.0,1,none,0,0,0,2,2,1.0,0.2859639998860075,2,2,2,2,48,2,1,1,0,0.0,0
299,cold,positive,PACER-C,15000,64,10,2,0.00013333333333333334,2,1.0,1,none,0,0,0,2,2,1.0,0.27048800006923557,2,2,2,2,48,2,1,1,0,0.0,0
299,cold,positive,PACER-X,15000,64,10,2,0.00013333333333333334,2,1.0,1,none,0,0,0,2,2,1.0,0.2199769999151613,2,2,2,2,48,2,1,1,0,0.0,0
299,cold,positive,PACER-A-NoSlices,15000,64,10,2,0.00013333333333333334,1,0.5,0,candidate_starvation,0,0,0,1,1,1.0,2.389085000004343,2400,1,2400,2400,12,12,0,1,0,0.0,1
299,cold,positive,PACER-A-NoBounds,15000,64,10,2,0.00013333333333333334,2,1.0,1,none,0,0,0,2,2,1.0,0.39408899988302437,2,2,2,2,52,2,1,1,0,0.0,0
299,cold,positive,StaleNoRecheck,15000,64,10,2,0.00013333333333333334,1,0.5,0,candidate_starvation,0,0,0,1,1,1.0,1.901610000004439,2005,1,2005,2005,0,8,0,1,0,0.0,0
299,cold,positive,NaiveNoPolicy,15000,64,10,2,0.00013333333333333334,10,0.5,0,ranking_truncation,9,2,9,1,10,0.1,0.6967330000406946,2005,2005,2005,0,0,8,0,1,0,0.0,0
300,broad,positive,ExactSecure,15000,64,10,7270,0.4846666666666667,10,1.0,1,none,0,0,0,10,10,1.0,8.433462999846597,15000,7270,7270,15000,0,0,1,1,0,0.0,0
300,broad,positive,PreFilter-Exact,15000,64,10,7270,0.4846666666666667,10,1.0,1,none,0,0,0,10,10,1.0,8.121532000131992,15000,7270,7270,15000,0,0,1,1,0,0.0,0
300,broad,positive,BitmapSlice-Exact,15000,64,10,7270,0.4846666666666667,10,1.0,1,none,0,0,0,10,10,1.0,17.853350999985196,8029,7270,7270,8029,0,0,1,1,0,0.0,0
300,broad,positive,ScalarOnly,15000,64,10,7270,0.4846666666666667,10,0.0,0,ranking_truncation,0,0,0,10,10,1.0,7.336191000149483,15000,7270,0,15000,0,0,0,1,0,0.0,0
300,broad,positive,PostFilter-IVF,15000,64,10,7270,0.4846666666666667,10,1.0,1,none,0,0,0,10,10,1.0,2.135489000011148,2042,842,2042,2042,0,8,0,1,0,0.0,0
300,broad,positive,AdaptivePostFilter-IVF,15000,64,10,7270,0.4846666666666667,10,1.0,1,none,0,0,0,10,10,1.0,4.155210999897463,4800,2221,4800,4800,0,19,0,1,0,0.0,0
300,broad,positive,ExactPrefix-PostFilter,15000,64,10,7270,0.4846666666666667,10,1.0,1,none,0,0,0,10,10,1.0,3.4085209999830113,2400,1108,15000,2400,0,0,0,1,0,0.0,0
300,broad,positive,TenantPartition-IVF,15000,64,10,7270,0.4846666666666667,10,1.0,1,none,0,0,0,10,10,1.0,1.2931740000112768,2042,842,2042,2042,0,8,0,1,0,0.0,0
300,broad,positive,PreFilter-IVF,15000,64,10,7270,0.4846666666666667,10,1.0,1,none,0,0,0,10,10,1.0,2.110256999912963,2059,941,941,2059,8,8,0,1,0,0.0,0
300,broad,positive,PACER-A,15000,64,10,7270,0.4846666666666667,10,1.0,1,none,0,0,0,10,10,1.0,7.515844999943511,2400,2168,2400,2400,19,19,0,1,0,0.5428056120872498,1
300,broad,positive,PACER-C,15000,64,10,7270,0.4846666666666667,10,1.0,1,none,0,0,0,10,10,1.0,24.17929000012009,8029,7270,8029,8029,64,64,1,1,0,0.0,0
300,broad,positive,PACER-X,15000,64,10,7270,0.4846666666666667,10,1.0,1,none,0,0,0,10,10,1.0,22.249737000038294,8029,7270,8029,8029,64,64,1,1,0,0.0,0
300,broad,positive,PACER-A-NoSlices,15000,64,10,7270,0.4846666666666667,10,1.0,1,none,0,0,0,10,10,1.0,2.9273189998093585,2400,1047,2400,2400,11,11,0,1,0,0.553596019744873,1
300,broad,positive,PACER-A-NoBounds,15000,64,10,7270,0.4846666666666667,10,1.0,1,none,0,0,0,10,10,1.0,8.790495000084775,2400,2175,2400,2400,18,18,0,1,0,0.0,1
300,broad,positive,StaleNoRecheck,15000,64,10,7270,0.4846666666666667,10,0.8,0,ranking_truncation,0,2,0,8,10,0.8,1.5782830000716785,2042,931,2042,2042,0,8,0,1,0,0.0,0
300,broad,positive,NaiveNoPolicy,15000,64,10,7270,0.4846666666666667,10,0.3,0,ranking_truncation,0,3,6,3,10,0.3,0.5184970000300382,2042,2042,2042,0,0,8,0,1,0,0.0,0
301,medium,positive,ExactSecure,15000,64,10,369,0.0246,10,1.0,1,none,0,0,0,10,10,1.0,8.374082000045746,15000,369,369,15000,0,0,1,1,0,0.0,0
301,medium,positive,PreFilter-Exact,15000,64,10,369,0.0246,10,1.0,1,none,0,0,0,10,10,1.0,10.4166990001886,15000,369,369,15000,0,0,1,1,0,0.0,0
301,medium,positive,BitmapSlice-Exact,15000,64,10,369,0.0246,10,1.0,1,none,0,0,0,10,10,1.0,1.235313000051974,402,369,369,402,0,0,1,1,0,0.0,0
301,medium,positive,ScalarOnly,15000,64,10,369,0.0246,10,0.0,0,ranking_truncation,0,0,0,10,10,1.0,7.872365999901376,15000,369,0,15000,0,0,0,1,0,0.0,0
301,medium,positive,PostFilter-IVF,15000,64,10,369,0.0246,10,0.5,0,ranking_truncation,0,0,0,10,10,1.0,1.8778889998429804,2290,64,2290,2290,0,8,0,1,0,0.0,0
301,medium,positive,AdaptivePostFilter-IVF,15000,64,10,369,0.0246,10,0.9,0,ranking_truncation,0,0,0,10,10,1.0,4.321080999943661,4800,118,4800,4800,0,21,0,1,0,0.0,0
301,medium,positive,ExactPrefix-PostFilter,15000,64,10,369,0.0246,10,1.0,1,none,0,0,0,10,10,1.0,3.067566000027,2400,59,15000,2400,0,0,0,1,0,0.0,0
301,medium,positive,TenantPartition-IVF,15000,64,10,369,0.0246,10,0.5,0,ranking_truncation,0,0,0,10,10,1.0,1.5326660000027914,2290,64,2290,2290,0,8,0,1,0,0.0,0
301,medium,positive,PreFilter-IVF,15000,64,10,369,0.0246,10,0.5,0,ranking_truncation,0,0,0,10,10,1.0,1.959575999990193,2451,62,62,2451,9,8,0,1,0,0.0,0
301,medium,positive,PACER-A,15000,64,10,369,0.0246,10,1.0,1,none,0,0,0,10,10,1.0,6.973779999952967,402,369,402,402,64,58,1,1,0,0.0,0
301,medium,positive,PACER-C,15000,64,10,369,0.0246,10,1.0,1,none,0,0,0,10,10,1.0,5.556590999958644,402,369,402,402,64,58,1,1,0,0.0,0
301,medium,positive,PACER-X,15000,64,10,369,0.0246,10,1.0,1,none,0,0,0,10,10,1.0,5.518598999969981,402,369,402,402,64,58,1,1,0,0.0,0
301,medium,positive,PACER-A-NoSlices,15000,64,10,369,0.0246,10,0.5,0,ranking_truncation,0,0,0,10,10,1.0,1.927259000012782,2400,51,2400,2400,8,8,0,1,0,0.7321963906288147,1
301,medium,positive,PACER-A-NoBounds,15000,64,10,369,0.0246,10,1.0,1,none,0,0,0,10,10,1.0,5.330759000116814,402,369,402,402,64,58,1,1,0,0.0,0
301,medium,positive,StaleNoRecheck,15000,64,10,369,0.0246,10,0.5,0,ranking_truncation,0,0,0,10,10,1.0,1.6273430001092493,2290,69,2290,2290,0,8,0,1,0,0.0,0
301,medium,positive,NaiveNoPolicy,15000,64,10,369,0.0246,10,0.0,0,ranking_truncation,10,2,10,0,10,0.0,0.5872950000593846,2290,2290,2290,0,0,8,0,1,0,0.0,0
302,narrow,positive,ExactSecure,15000,64,10,10,0.0006666666666666666,10,1.0,1,none,0,0,0,10,10,1.0,7.856163000042216,15000,10,10,15000,0,0,1,1,0,0.0,0
302,narrow,positive,PreFilter-Exact,15000,64,10,10,0.0006666666666666666,10,1.0,1,none,0,0,0,10,10,1.0,7.664494999971794,15000,10,10,15000,0,0,1,1,0,0.0,0
302,narrow,positive,BitmapSlice-Exact,15000,64,10,10,0.0006666666666666666,10,1.0,1,none,0,0,0,10,10,1.0,0.10964199987029133,11,10,10,11,0,0,1,1,0,0.0,0
302,narrow,positive,ScalarOnly,15000,64,10,10,0.0006666666666666666,10,1.0,0,ranking_truncation,0,0,0,10,10,1.0,8.175726999979815,15000,10,0,15000,0,0,0,1,0,0.0,0
302,narrow,positive,PostFilter-IVF,15000,64,10,10,0.0006666666666666666,4,0.4,0,candidate_starvation,0,0,0,4,4,1.0,1.2182709999706276,1648,4,1648,1648,0,8,0,1,0,0.0,0
302,narrow,positive,AdaptivePostFilter-IVF,15000,64,10,10,0.0006666666666666666,6,0.6,0,candidate_starvation,0,0,0,6,6,1.0,4.108100999928865,4800,6,4800,4800,0,20,0,1,0,0.0,0
302,narrow,positive,ExactPrefix-PostFilter,15000,64,10,10,0.0006666666666666666,2,0.2,0,candidate_starvation,0,0,0,2,2,1.0,3.398621000087587,2400,2,15000,2400,0,0,0,1,0,0.0,0
302,narrow,positive,TenantPartition-IVF,15000,64,10,10,0.0006666666666666666,4,0.4,0,candidate_starvation,0,0,0,4,4,1.0,0.6620669998937956,1648,4,1648,1648,0,8,0,1,0,0.0,0
302,narrow,positive,PreFilter-IVF,15000,64,10,10,0.0006666666666666666,10,1.0,1,none,0,0,0,10,10,1.0,1.7844720000539382,1467,10,10,1467,64,7,0,1,0,0.0,0
302,narrow,positive,PACER-A,15000,64,10,10,0.0006666666666666666,10,1.0,1,none,0,0,0,10,10,1.0,0.7113340000159951,11,10,11,11,48,7,1,1,0,0.0,0
302,narrow,positive,PACER-C,15000,64,10,10,0.0006666666666666666,10,1.0,1,none,0,0,0,10,10,1.0,0.5527810001240141,11,10,11,11,48,7,1,1,0,0.0,0
302,narrow,positive,PACER-X,15000,64,10,10,0.0006666666666666666,10,1.0,1,none,0,0,0,10,10,1.0,0.6342449999010569,11,10,11,11,48,7,1,1,0,0.0,0
302,narrow,positive,PACER-A-NoSlices,15000,64,10,10,0.0006666666666666666,4,0.4,0,candidate_starvation,0,0,0,4,4,1.0,1.7956879999019293,2400,4,2400,2400,12,12,0,1,0,0.0,1
302,narrow,positive,PACER-A-NoBounds,15000,64,10,10,0.0006666666666666666,10,1.0,1,none,0,0,0,10,10,1.0,0.5817270000534336,11,10,11,11,64,7,1,1,0,0.0,0
302,narrow,positive,StaleNoRecheck,15000,64,10,10,0.0006666666666666666,5,0.4,0,candidate_starvation,0,1,0,4,5,0.8,1.2348820000624983,1648,5,1648,1648,0,8,0,1,0,0.0,0
302,narrow,positive,NaiveNoPolicy,15000,64,10,10,0.0006666666666666666,10,0.1,0,ranking_truncation,8,3,9,1,10,0.1,0.44300900003690913,1648,1648,1648,0,0,8,0,1,0,0.0,0
303,cold,positive,ExactSecure,15000,64,10,4,0.0002666666666666667,4,1.0,1,none,0,0,0,4,4,1.0,7.873557999801051,15000,4,4,15000,0,0,1,1,0,0.0,0
303,cold,positive,PreFilter-Exact,15000,64,10,4,0.0002666666666666667,4,1.0,1,none,0,0,0,4,4,1.0,7.27437699993061,15000,4,4,15000,0,0,1,1,0,0.0,0
303,cold,positive,BitmapSlice-Exact,15000,64,10,4,0.0002666666666666667,4,1.0,1,none,0,0,0,4,4,1.0,0.11577499981285655,4,4,4,4,0,0,1,1,0,0.0,0
303,cold,positive,ScalarOnly,15000,64,10,4,0.0002666666666666667,4,1.0,0,ranking_truncation,0,0,0,4,4,1.0,8.21701299992128,15000,4,0,15000,0,0,0,1,0,0.0,0
303,cold,positive,PostFilter-IVF,15000,64,10,4,0.0002666666666666667,1,0.25,0,candidate_starvation,0,0,0,1,1,1.0,1.2914529997942736,1650,1,1650,1650,0,8,0,1,0,0.0,0
303,cold,positive,AdaptivePostFilter-IVF,15000,64,10,4,0.0002666666666666667,1,0.25,0,candidate_starvation,0,0,0,1,1,1.0,3.9343619998817303,4800,1,4800,4800,0,22,0,1,0,0.0,0
303,cold,positive,ExactPrefix-PostFilter,15000,64,10,4,0.0002666666666666667,1,0.25,0,candidate_starvation,0,0,0,1,1,1.0,3.0170859999998356,2400,1,15000,2400,0,0,0,1,0,0.0,0
303,cold,positive,TenantPartition-IVF,15000,64,10,4,0.0002666666666666667,1,0.25,0,candidate_starvation,0,0,0,1,1,1.0,0.7552440001745708,1650,1,1650,1650,0,8,0,1,0,0.0,0
303,cold,positive,PreFilter-IVF,15000,64,10,4,0.0002666666666666667,4,1.0,1,none,0,0,0,4,4,1.0,0.919501999987915,748,4,4,748,64,3,0,1,0,0.0,0
303,cold,positive,PACER-A,15000,64,10,4,0.0002666666666666667,4,1.0,1,none,0,0,0,4,4,1.0,0.3593949998048629,4,4,4,4,41,3,1,1,0,0.0,0
303,cold,positive,PACER-C,15000,64,10,4,0.0002666666666666667,4,1.0,1,none,0,0,0,4,4,1.0,0.45449599997482437,4,4,4,4,41,3,1,1,0,0.0,0
303,cold,positive,PACER-X,15000,64,10,4,0.0002666666666666667,4,1.0,1,none,0,0,0,4,4,1.0,0.31420400000570226,4,4,4,4,41,3,1,1,0,0.0,0
303,cold,positive,PACER-A-NoSlices,15000,64,10,4,0.0002666666666666667,1,0.25,0,candidate_starvation,0,0,0,1,1,1.0,1.6784030001417705,2400,1,2400,2400,13,13,0,1,0,0.0,1
303,cold,positive,PACER-A-NoBounds,15000,64,10,4,0.0002666666666666667,4,1.0,1,none,0,0,0,4,4,1.0,0.3647559999535588,4,4,4,4,37,3,1,1,0,0.0,0
303,cold,positive,StaleNoRecheck,15000,64,10,4,0.0002666666666666667,1,0.25,0,candidate_starvation,0,0,0,1,1,1.0,1.4068349998979102,1650,1,1650,1650,0,8,0,1,0,0.0,0
303,cold,positive,NaiveNoPolicy,15000,64,10,4,0.0002666666666666667,10,0.25,0,ranking_truncation,9,1,8,1,10,0.1,0.4349989999354875,1650,1650,1650,0,0,8,0,1,0,0.0,0
304,broad,positive,ExactSecure,15000,64,10,6566,0.4377333333333333,10,1.0,1,none,0,0,0,10,10,1.0,8.104476999960752,15000,6566,6566,15000,0,0,1,1,0,0.0,0
304,broad,positive,PreFilter-Exact,15000,64,10,6566,0.4377333333333333,10,1.0,1,none,0,0,0,10,10,1.0,8.346328000016001,15000,6566,6566,15000,0,0,1,1,0,0.0,0
304,broad,positive,BitmapSlice-Exact,15000,64,10,6566,0.4377333333333333,10,1.0,1,none,0,0,0,10,10,1.0,18.79809600018234,7330,6566,6566,7330,0,0,1,1,0,0.0,0
304,broad,positive,ScalarOnly,15000,64,10,6566,0.4377333333333333,10,0.0,0,ranking_truncation,0,0,0,10,10,1.0,8.188147000055324,15000,6566,0,15000,0,0,0,1,0,0.0,0
304,broad,positive,PostFilter-IVF,15000,64,10,6566,0.4377333333333333,10,0.6,0,ranking_truncation,0,0,0,10,10,1.0,1.3172060000670172,1413,641,1413,1413,0,8,0,1,0,0.0,0
304,broad,positive,AdaptivePostFilter-IVF,15000,64,10,6566,0.4377333333333333,10,0.6,0,ranking_truncation,0,0,0,10,10,1.0,4.804939999985436,4800,2001,4800,4800,0,25,0,1,0,0.0,0
304,broad,positive,ExactPrefix-PostFilter,15000,64,10,6566,0.4377333333333333,10,1.0,1,none,0,0,0,10,10,1.0,3.698623999980555,2400,979,15000,2400,0,0,0,1,0,0.0,0
304,broad,positive,TenantPartition-IVF,15000,64,10,6566,0.4377333333333333,10,0.6,0,ranking_truncation,0,0,0,10,10,1.0,1.1011739998139092,1413,641,1413,1413,0,8,0,1,0,0.0,0
304,broad,positive,PreFilter-IVF,15000,64,10,6566,0.4377333333333333,10,0.6,0,ranking_truncation,0,0,0,10,10,1.0,2.172167000026093,1413,641,641,1413,8,8,0,1,0,0.0,0
304,broad,positive,PACER-A,15000,64,10,6566,0.4377333333333333,10,0.6,0,ranking_truncation,0,0,0,10,10,1.0,8.570043999952759,2400,2149,2400,2400,26,26,0,1,0,0.64615398645401,1
304,broad,positive,PACER-C,15000,64,10,6566,0.4377333333333333,10,1.0,1,none,0,0,0,10,10,1.0,23.257685999851674,7330,6566,7330,7330,64,64,1,1,0,0.0,0
304,broad,positive,PACER-X,15000,64,10,6566,0.4377333333333333,10,1.0,1,none,0,0,0,10,10,1.0,21.86261899987585,7330,6566,7330,7330,64,64,1,1,0,0.0,0
304,broad,positive,PACER-A-NoSlices,15000,64,10,6566,0.4377333333333333,10,0.6,0,ranking_truncation,0,0,0,10,10,1.0,2.6475719998870773,2400,1038,2400,2400,13,13,0,1,0,0.6663857102394104,1
304,broad,positive,PACER-A-NoBounds,15000,64,10,6566,0.4377333333333333,10,0.6,0,ranking_truncation,0,0,0,10,10,1.0,8.192851999865525,2400,2149,2400,2400,26,26,0,1,0,0.0,1
304,broad,positive,StaleNoRecheck,15000,64,10,6566,0.4377333333333333,10,0.6,0,ranking_truncation,0,4,0,6,10,0.6,1.3231299999461044,1413,715,1413,1413,0,8,0,1,0,0.0,0
304,broad,positive,NaiveNoPolicy,15000,64,10,6566,0.4377333333333333,10,0.3,0,ranking_truncation,0,2,5,3,10,0.3,0.4774960000304418,1413,1413,1413,0,0,8,0,1,0,0.0,0
305,medium,positive,ExactSecure,15000,64,10,399,0.0266,10,1.0,1,none,0,0,0,10,10,1.0,7.5598170001285325,15000,399,399,15000,0,0,1,1,0,0.0,0
305,medium,positive,PreFilter-Exact,15000,64,10,399,0.0266,10,1.0,1,none,0,0,0,10,10,1.0,7.978927000067415,15000,399,399,15000,0,0,1,1,0,0.0,0
305,medium,positive,BitmapSlice-Exact,15000,64,10,399,0.0266,10,1.0,1,none,0,0,0,10,10,1.0,1.08904400008214,424,399,399,424,0,0,1,1,0,0.0,0
305,medium,positive,ScalarOnly,15000,64,10,399,0.0266,10,0.0,0,ranking_truncation,0,0,0,10,10,1.0,7.4816040000769135,15000,399,0,15000,0,0,0,1,0,0.0,0
305,medium,positive,PostFilter-IVF,15000,64,10,399,0.0266,10,0.9,0,ranking_truncation,0,0,0,10,10,1.0,1.620116000140115,1776,45,1776,1776,0,8,0,1,0,0.0,0
305,medium,positive,AdaptivePostFilter-IVF,15000,64,10,399,0.0266,10,0.9,0,ranking_truncation,0,0,0,10,10,1.0,4.948067000213996,4800,145,4800,4800,0,19,0,1,0,0.0,0
305,medium,positive,ExactPrefix-PostFilter,15000,64,10,399,0.0266,10,1.0,1,none,0,0,0,10,10,1.0,3.3105429999977787,2400,62,15000,2400,0,0,0,1,0,0.0,0
305,medium,positive,TenantPartition-IVF,15000,64,10,399,0.0266,10,0.9,0,ranking_truncation,0,0,0,10,10,1.0,0.9701950000362558,1776,45,1776,1776,0,8,0,1,0,0.0,0
305,medium,positive,PreFilter-IVF,15000,64,10,399,0.0266,10,0.9,0,ranking_truncation,0,0,0,10,10,1.0,1.5690010000071197,1983,49,49,1983,9,8,0,1,0,0.0,0
305,medium,positive,PACER-A,15000,64,10,399,0.0266,10,1.0,1,none,0,0,0,10,10,1.0,5.163504999927682,424,399,424,424,64,58,1,1,0,0.0,0
305,medium,positive,PACER-C,15000,64,10,399,0.0266,10,1.0,1,none,0,0,0,10,10,1.0,5.1152440000805655,424,399,424,424,64,58,1,1,0,0.0,0
305,medium,positive,PACER-X,15000,64,10,399,0.0266,10,1.0,1,none,0,0,0,10,10,1.0,5.109676000074614,424,399,424,424,64,58,1,1,0,0.0,0
305,medium,positive,PACER-A-NoSlices,15000,64,10,399,0.0266,10,0.9,0,ranking_truncation,0,0,0,10,10,1.0,2.165107999871907,2400,53,2400,2400,11,11,0,1,0,0.6919823884963989,1
305,medium,positive,PACER-A-NoBounds,15000,64,10,399,0.0266,10,1.0,1,none,0,0,0,10,10,1.0,5.146672000137187,424,399,424,424,64,58,1,1,0,0.0,0
305,medium,positive,StaleNoRecheck,15000,64,10,399,0.0266,10,0.9,0,ranking_truncation,0,1,0,9,10,0.9,1.4118199999302306,1776,49,1776,1776,0,8,0,1,0,0.0,0
305,medium,positive,NaiveNoPolicy,15000,64,10,399,0.0266,10,0.1,0,ranking_truncation,8,1,8,1,10,0.1,0.48227100000985956,1776,1776,1776,0,0,8,0,1,0,0.0,0
306,narrow,positive,ExactSecure,15000,64,10,9,0.0006,9,1.0,1,none,0,0,0,9,9,1.0,9.82579799983796,15000,9,9,15000,0,0,1,1,0,0.0,0
306,narrow,positive,PreFilter-Exact,15000,64,10,9,0.0006,9,1.0,1,none,0,0,0,9,9,1.0,8.113954999998896,15000,9,9,15000,0,0,1,1,0,0.0,0
306,narrow,positive,BitmapSlice-Exact,15000,64,10,9,0.0006,9,1.0,1,none,0,0,0,9,9,1.0,0.10243600013382093,12,9,9,12,0,0,1,1,0,0.0,0
306,narrow,positive,ScalarOnly,15000,64,10,9,0.0006,9,1.0,0,ranking_truncation,0,0,0,9,9,1.0,7.157963000054224,15000,9,0,15000,0,0,0,1,0,0.0,0
306,narrow,positive,PostFilter-IVF,15000,64,10,9,0.0006,4,0.4444444444444444,0,candidate_starvation,0,0,0,4,4,1.0,1.520400999879712,1891,4,1891,1891,0,8,0,1,0,0.0,0
306,narrow,positive,AdaptivePostFilter-IVF,15000,64,10,9,0.0006,7,0.7777777777777778,0,candidate_starvation,0,0,0,7,7,1.0,3.5861209998984123,4800,7,4800,4800,0,20,0,1,0,0.0,0
306,narrow,positive,ExactPrefix-PostFilter,15000,64,10,9,0.0006,2,0.2222222222222222,0,candidate_starvation,0,0,0,2,2,1.0,3.0559070000890642,2400,2,15000,2400,0,0,0,1,0,0.0,0
306,narrow,positive,TenantPartition-IVF,15000,64,10,9,0.0006,4,0.4444444444444444,0,candidate_starvation,0,0,0,4,4,1.0,1.0747689998424903,1891,4,1891,1891,0,8,0,1,0,0.0,0
306,narrow,positive,PreFilter-IVF,15000,64,10,9,0.0006,8,0.8888888888888888,0,candidate_starvation,0,0,0,8,8,1.0,1.489115999902424,1866,8,8,1866,44,8,0,1,0,0.0,0
306,narrow,positive,PACER-A,15000,64,10,9,0.0006,9,1.0,1,none,0,0,0,9,9,1.0,0.7107419999101694,12,9,12,12,63,9,1,1,0,0.0,0
306,narrow,positive,PACER-C,15000,64,10,9,0.0006,9,1.0,1,none,0,0,0,9,9,1.0,0.6330480000542593,12,9,12,12,63,9,1,1,0,0.0,0
306,narrow,positive,PACER-X,15000,64,10,9,0.0006,9,1.0,1,none,0,0,0,9,9,1.0,0.6711589999213174,12,9,12,12,63,9,1,1,0,0.0,0
306,narrow,positive,PACER-A-NoSlices,15000,64,10,9,0.0006,5,0.5555555555555556,0,candidate_starvation,0,0,0,5,5,1.0,1.6584429999966233,2400,5,2400,2400,10,10,0,1,0,0.0,1
306,narrow,positive,PACER-A-NoBounds,15000,64,10,9,0.0006,9,1.0,1,none,0,0,0,9,9,1.0,0.8555800000067393,12,9,12,12,64,9,1,1,0,0.0,0
306,narrow,positive,StaleNoRecheck,15000,64,10,9,0.0006,5,0.4444444444444444,0,candidate_starvation,0,1,0,4,5,0.8,1.2557760001072893,1891,5,1891,1891,0,8,0,1,0,0.0,0
306,narrow,positive,NaiveNoPolicy,15000,64,10,9,0.0006,10,0.1111111111111111,0,ranking_truncation,9,0,9,1,10,0.1,0.4148680000071181,1891,1891,1891,0,0,8,0,1,0,0.0,0
307,cold,positive,ExactSecure,15000,64,10,5,0.0003333333333333333,5,1.0,1,none,0,0,0,5,5,1.0,7.706748999908086,15000,5,5,15000,0,0,1,1,0,0.0,0
307,cold,positive,PreFilter-Exact,15000,64,10,5,0.0003333333333333333,5,1.0,1,none,0,0,0,5,5,1.0,7.736662000070282,15000,5,5,15000,0,0,1,1,0,0.0,0
307,cold,positive,BitmapSlice-Exact,15000,64,10,5,0.0003333333333333333,5,1.0,1,none,0,0,0,5,5,1.0,0.08466200006296276,5,5,5,5,0,0,1,1,0,0.0,0
307,cold,positive,ScalarOnly,15000,64,10,5,0.0003333333333333333,5,1.0,0,ranking_truncation,0,0,0,5,5,1.0,7.414362999952573,15000,5,0,15000,0,0,0,1,0,0.0,0
307,cold,positive,PostFilter-IVF,15000,64,10,5,0.0003333333333333333,2,0.4,0,candidate_starvation,0,0,0,2,2,1.0,1.734922999958144,1940,2,1940,1940,0,8,0,1,0,0.0,0
307,cold,positive,AdaptivePostFilter-IVF,15000,64,10,5,0.0003333333333333333,4,0.8,0,candidate_starvation,0,0,0,4,4,1.0,6.905254999992394,4800,4,4800,4800,0,19,0,1,0,0.0,0
307,cold,positive,ExactPrefix-PostFilter,15000,64,10,5,0.0003333333333333333,2,0.4,0,candidate_starvation,0,0,0,2,2,1.0,4.790001000174016,2400,2,15000,2400,0,0,0,1,0,0.0,0
307,cold,positive,TenantPartition-IVF,15000,64,10,5,0.0003333333333333333,2,0.4,0,candidate_starvation,0,0,0,2,2,1.0,1.464839999925971,1940,2,1940,1940,0,8,0,1,0,0.0,0
307,cold,positive,PreFilter-IVF,15000,64,10,5,0.0003333333333333333,5,1.0,1,none,0,0,0,5,5,1.0,1.744733999885284,749,5,5,749,64,3,0,1,0,0.0,0
307,cold,positive,PACER-A,15000,64,10,5,0.0003333333333333333,5,1.0,1,none,0,0,0,5,5,1.0,0.47762899998815556,5,5,5,5,31,3,1,1,0,0.0,0
307,cold,positive,PACER-C,15000,64,10,5,0.0003333333333333333,5,1.0,1,none,0,0,0,5,5,1.0,0.41816499992819445,5,5,5,5,31,3,1,1,0,0.0,0
307,cold,positive,PACER-X,15000,64,10,5,0.0003333333333333333,5,1.0,1,none,0,0,0,5,5,1.0,0.40719900016483734,5,5,5,5,31,3,1,1,0,0.0,0
307,cold,positive,PACER-A-NoSlices,15000,64,10,5,0.0003333333333333333,2,0.4,0,candidate_starvation,0,0,0,2,2,1.0,2.496788000144079,2400,2,2400,2400,10,10,0,1,0,0.0,1
307,cold,positive,PACER-A-NoBounds,15000,64,10,5,0.0003333333333333333,5,1.0,1,none,0,0,0,5,5,1.0,0.28332000010777847,5,5,5,5,32,3,1,1,0,0.0,0
307,cold,positive,StaleNoRecheck,15000,64,10,5,0.0003333333333333333,2,0.4,0,candidate_starvation,0,0,0,2,2,1.0,1.3459100000545732,1940,2,1940,1940,0,8,0,1,0,0.0,0
307,cold,positive,NaiveNoPolicy,15000,64,10,5,0.0003333333333333333,10,0.2,0,ranking_truncation,9,0,8,1,10,0.1,0.6617369999730727,1940,1940,1940,0,0,8,0,1,0,0.0,0
308,broad,positive,ExactSecure,15000,64,10,7086,0.4724,10,1.0,1,none,0,0,0,10,10,1.0,8.446542999990925,15000,7086,7086,15000,0,0,1,1,0,0.0,0
308,broad,positive,PreFilter-Exact,15000,64,10,7086,0.4724,10,1.0,1,none,0,0,0,10,10,1.0,8.442489999879399,15000,7086,7086,15000,0,0,1,1,0,0.0,0
308,broad,positive,BitmapSlice-Exact,15000,64,10,7086,0.4724,10,1.0,1,none,0,0,0,10,10,1.0,17.453525000064474,7546,7086,7086,7546,0,0,1,1,0,0.0,0
308,broad,positive,ScalarOnly,15000,64,10,7086,0.4724,10,0.0,0,ranking_truncation,0,0,0,10,10,1.0,8.834221999904912,15000,7086,0,15000,0,0,0,1,0,0.0,0
308,broad,positive,PostFilter-IVF,15000,64,10,7086,0.4724,10,0.7,0,ranking_truncation,0,0,0,10,10,1.0,2.685194000150659,1753,735,1753,1753,0,8,0,1,0,0.0,0
308,broad,positive,AdaptivePostFilter-IVF,15000,64,10,7086,0.4724,10,0.9,0,ranking_truncation,0,0,0,10,10,1.0,7.412141000031625,4800,2198,4800,4800,0,24,0,1,0,0.0,0
308,broad,positive,ExactPrefix-PostFilter,15000,64,10,7086,0.4724,10,1.0,1,none,0,0,0,10,10,1.0,3.3199020001575263,2400,1119,15000,2400,0,0,0,1,0,0.0,0
308,broad,positive,TenantPartition-IVF,15000,64,10,7086,0.4724,10,0.7,0,ranking_truncation,0,0,0,10,10,1.0,1.1777779998283222,1753,735,1753,1753,0,8,0,1,0,0.0,0
308,broad,positive,PreFilter-IVF,15000,64,10,7086,0.4724,10,0.6,0,ranking_truncation,0,0,0,10,10,1.0,1.9875980001415883,1872,782,782,1872,8,8,0,1,0,0.0,0
308,broad,positive,PACER-A,15000,64,10,7086,0.4724,10,0.9,0,ranking_truncation,0,0,0,10,10,1.0,7.977711999956227,2400,2264,2400,2400,23,23,0,1,0,0.6069181263446808,1
308,broad,positive,PACER-C,15000,64,10,7086,0.4724,10,1.0,1,none,0,0,0,10,10,1.0,22.562485999969795,7546,7086,7546,7546,64,64,1,1,0,0.0,0
308,broad,positive,PACER-X,15000,64,10,7086,0.4724,10,1.0,1,none,0,0,0,10,10,1.0,23.757663999958822,7546,7086,7546,7546,64,64,1,1,0,0.0,0
308,broad,positive,PACER-A-NoSlices,15000,64,10,7086,0.4724,10,0.7,0,ranking_truncation,0,0,0,10,10,1.0,2.7844910000567324,2400,1092,2400,2400,12,12,0,1,0,0.6324387192726135,1
308,broad,positive,PACER-A-NoBounds,15000,64,10,7086,0.4724,10,0.9,0,ranking_truncation,0,0,0,10,10,1.0,7.6678749999246065,2400,2276,2400,2400,24,24,0,1,0,0.0,1
308,broad,positive,StaleNoRecheck,15000,64,10,7086,0.4724,10,0.7,0,ranking_truncation,0,0,0,10,10,1.0,1.429586000085692,1753,775,1753,1753,0,8,0,1,0,0.0,0
308,broad,positive,NaiveNoPolicy,15000,64,10,7086,0.4724,10,0.6,0,ranking_truncation,0,0,4,6,10,0.6,0.4814779999833263,1753,1753,1753,0,0,8,0,1,0,0.0,0
309,medium,positive,ExactSecure,15000,64,10,398,0.026533333333333332,10,1.0,1,none,0,0,0,10,10,1.0,7.643416000064462,15000,398,398,15000,0,0,1,1,0,0.0,0
309,medium,positive,PreFilter-Exact,15000,64,10,398,0.026533333333333332,10,1.0,1,none,0,0,0,10,10,1.0,7.500703999994585,15000,398,398,15000,0,0,1,1,0,0.0,0
309,medium,positive,BitmapSlice-Exact,15000,64,10,398,0.026533333333333332,10,1.0,1,none,0,0,0,10,10,1.0,1.1042000000998087,424,398,398,424,0,0,1,1,0,0.0,0
309,medium,positive,ScalarOnly,15000,64,10,398,0.026533333333333332,10,0.0,0,ranking_truncation,0,0,0,10,10,1.0,7.445554000014454,15000,398,0,15000,0,0,0,1,0,0.0,0
309,medium,positive,PostFilter-IVF,15000,64,10,398,0.026533333333333332,10,0.7,0,ranking_truncation,0,0,0,10,10,1.0,1.5282839999599673,2035,57,2035,2035,0,8,0,1,0,0.0,0
309,medium,positive,AdaptivePostFilter-IVF,15000,64,10,398,0.026533333333333332,10,0.8,0,ranking_truncation,0,0,0,10,10,1.0,3.870753999990484,4800,109,4800,4800,0,21,0,1,0,0.0,0
309,medium,positive,ExactPrefix-PostFilter,15000,64,10,398,0.026533333333333332,10,1.0,1,none,0,0,0,10,10,1.0,3.303872999822488,2400,73,15000,2400,0,0,0,1,0,0.0,0
309,medium,positive,TenantPartition-IVF,15000,64,10,398,0.026533333333333332,10,0.7,0,ranking_truncation,0,0,0,10,10,1.0,1.0430280001401115,2035,57,2035,2035,0,8,0,1,0,0.0,0
309,medium,positive,PreFilter-IVF,15000,64,10,398,0.026533333333333332,10,0.7,0,ranking_truncation,0,0,0,10,10,1.0,1.8372439999438939,2213,60,60,2213,8,8,0,1,0,0.0,0
309,medium,positive,PACER-A,15000,64,10,398,0.026533333333333332,10,1.0,1,none,0,0,0,10,10,1.0,4.989212000054977,424,398,424,424,64,58,1,1,0,0.0,0
309,medium,positive,PACER-C,15000,64,10,398,0.026533333333333332,10,1.0,1,none,0,0,0,10,10,1.0,5.417303000058382,424,398,424,424,64,58,1,1,0,0.0,0
309,medium,positive,PACER-X,15000,64,10,398,0.026533333333333332,10,1.0,1,none,0,0,0,10,10,1.0,5.181880000009187,424,398,424,424,64,58,1,1,0,0.0,0
309,medium,positive,PACER-A-NoSlices,15000,64,10,398,0.026533333333333332,10,0.7,0,ranking_truncation,0,0,0,10,10,1.0,2.056186000118032,2400,65,2400,2400,10,10,0,1,0,0.7525291293859482,1
309,medium,positive,PACER-A-NoBounds,15000,64,10,398,0.026533333333333332,10,1.0,1,none,0,0,0,10,10,1.0,4.797766000137926,424,398,424,424,64,58,1,1,0,0.0,0
309,medium,positive,StaleNoRecheck,15000,64,10,398,0.026533333333333332,10,0.7,0,ranking_truncation,0,0,0,10,10,1.0,1.5432010000040464,2035,61,2035,2035,0,8,0,1,0,0.0,0
309,medium,positive,NaiveNoPolicy,15000,64,10,398,0.026533333333333332,10,0.1,0,ranking_truncation,7,0,9,1,10,0.1,0.5357570000796841,2035,2035,2035,0,0,8,0,1,0,0.0,0
310,narrow,positive,ExactSecure,15000,64,10,5,0.0003333333333333333,5,1.0,1,none,0,0,0,5,5,1.0,11.613643999908163,15000,5,5,15000,0,0,1,1,0,0.0,0
310,narrow,positive,PreFilter-Exact,15000,64,10,5,0.0003333333333333333,5,1.0,1,none,0,0,0,5,5,1.0,6.844111999953384,15000,5,5,15000,0,0,1,1,0,0.0,0
310,narrow,positive,BitmapSlice-Exact,15000,64,10,5,0.0003333333333333333,5,1.0,1,none,0,0,0,5,5,1.0,0.09945200008587562,5,5,5,5,0,0,1,1,0,0.0,0
310,narrow,positive,ScalarOnly,15000,64,10,5,0.0003333333333333333,5,1.0,0,ranking_truncation,0,0,0,5,5,1.0,6.917625000141925,15000,5,0,15000,0,0,0,1,0,0.0,0
310,narrow,positive,PostFilter-IVF,15000,64,10,5,0.0003333333333333333,1,0.2,0,candidate_starvation,0,0,0,1,1,1.0,1.7066539999177621,2169,1,2169,2169,0,8,0,1,0,0.0,0
310,narrow,positive,AdaptivePostFilter-IVF,15000,64,10,5,0.0003333333333333333,2,0.4,0,candidate_starvation,0,0,0,2,2,1.0,4.028712000035739,4800,2,4800,4800,0,22,0,1,0,0.0,0
310,narrow,positive,ExactPrefix-PostFilter,15000,64,10,5,0.0003333333333333333,2,0.4,0,candidate_starvation,0,0,0,2,2,1.0,3.0823380000128964,2400,2,15000,2400,0,0,0,1,0,0.0,0
310,narrow,positive,TenantPartition-IVF,15000,64,10,5,0.0003333333333333333,1,0.2,0,candidate_starvation,0,0,0,1,1,1.0,0.8767500000885775,2169,1,2169,2169,0,8,0,1,0,0.0,0
310,narrow,positive,PreFilter-IVF,15000,64,10,5,0.0003333333333333333,5,1.0,1,none,0,0,0,5,5,1.0,1.3678889999937383,1187,5,5,1187,64,5,0,1,0,0.0,0
310,narrow,positive,PACER-A,15000,64,10,5,0.0003333333333333333,5,1.0,1,none,0,0,0,5,5,1.0,0.5570069999976113,5,5,5,5,62,5,1,1,0,0.0,0
310,narrow,positive,PACER-C,15000,64,10,5,0.0003333333333333333,5,1.0,1,none,0,0,0,5,5,1.0,0.4804280001735606,5,5,5,5,62,5,1,1,0,0.0,0
310,narrow,positive,PACER-X,15000,64,10,5,0.0003333333333333333,5,1.0,1,none,0,0,0,5,5,1.0,0.42884399999820744,5,5,5,5,62,5,1,1,0,0.0,0
310,narrow,positive,PACER-A-NoSlices,15000,64,10,5,0.0003333333333333333,1,0.2,0,candidate_starvation,0,0,0,1,1,1.0,2.2752459999537678,2400,1,2400,2400,10,10,0,1,0,0.0,1
310,narrow,positive,PACER-A-NoBounds,15000,64,10,5,0.0003333333333333333,5,1.0,1,none,0,0,0,5,5,1.0,0.6316110000170738,5,5,5,5,62,5,1,1,0,0.0,0
310,narrow,positive,StaleNoRecheck,15000,64,10,5,0.0003333333333333333,1,0.2,0,candidate_starvation,0,0,0,1,1,1.0,1.7586530000244238,2169,1,2169,2169,0,8,0,1,0,0.0,0
310,narrow,positive,NaiveNoPolicy,15000,64,10,5,0.0003333333333333333,10,0.2,0,ranking_truncation,9,2,9,1,10,0.1,0.9075109999230335,2169,2169,2169,0,0,8,0,1,0,0.0,0
311,cold,positive,ExactSecure,15000,64,10,1,6.666666666666667e-05,1,1.0,1,none,0,0,0,1,1,1.0,7.831794999901831,15000,1,1,15000,0,0,1,1,0,0.0,0
311,cold,positive,PreFilter-Exact,15000,64,10,1,6.666666666666667e-05,1,1.0,1,none,0,0,0,1,1,1.0,7.416641999952844,15000,1,1,15000,0,0,1,1,0,0.0,0
311,cold,positive,BitmapSlice-Exact,15000,64,10,1,6.666666666666667e-05,1,1.0,1,none,0,0,0,1,1,1.0,0.0952630000483623,1,1,1,1,0,0,1,1,0,0.0,0
311,cold,positive,ScalarOnly,15000,64,10,1,6.666666666666667e-05,1,1.0,1,none,0,0,0,1,1,1.0,7.441749999998137,15000,1,0,15000,0,0,0,1,0,0.0,0
311,cold,positive,PostFilter-IVF,15000,64,10,1,6.666666666666667e-05,1,1.0,1,none,0,0,0,1,1,1.0,2.0974110000224755,1932,1,1932,1932,0,8,0,1,0,0.0,0
311,cold,positive,AdaptivePostFilter-IVF,15000,64,10,1,6.666666666666667e-05,1,1.0,1,none,0,0,0,1,1,1.0,4.214039000089542,4800,1,4800,4800,0,21,0,1,0,0.0,0
311,cold,positive,ExactPrefix-PostFilter,15000,64,10,1,6.666666666666667e-05,1,1.0,1,none,0,0,0,1,1,1.0,3.251481999996031,2400,1,15000,2400,0,0,0,1,0,0.0,0
311,cold,positive,TenantPartition-IVF,15000,64,10,1,6.666666666666667e-05,1,1.0,1,none,0,0,0,1,1,1.0,0.886309999941659,1932,1,1932,1932,0,8,0,1,0,0.0,0
311,cold,positive,PreFilter-IVF,15000,64,10,1,6.666666666666667e-05,1,1.0,1,none,0,0,0,1,1,1.0,0.656605999893145,239,1,1,239,64,1,0,1,0,0.0,0
311,cold,positive,PACER-A,15000,64,10,1,6.666666666666667e-05,1,1.0,1,none,0,0,0,1,1,1.0,0.19475999988571857,1,1,1,1,5,1,1,1,0,0.0,0
311,cold,positive,PACER-C,15000,64,10,1,6.666666666666667e-05,1,1.0,1,none,0,0,0,1,1,1.0,0.15260400004990515,1,1,1,1,5,1,1,1,0,0.0,0
311,cold,positive,PACER-X,15000,64,10,1,6.666666666666667e-05,1,1.0,1,none,0,0,0,1,1,1.0,0.15506599993386772,1,1,1,1,5,1,1,1,0,0.0,0
311,cold,positive,PACER-A-NoSlices,15000,64,10,1,6.666666666666667e-05,1,1.0,1,none,0,0,0,1,1,1.0,1.7845070001385466,2400,1,2400,2400,12,12,0,1,0,0.0,1
311,cold,positive,PACER-A-NoBounds,15000,64,10,1,6.666666666666667e-05,1,1.0,1,none,0,0,0,1,1,1.0,0.18163400000048568,1,1,1,1,5,1,1,1,0,0.0,0
311,cold,positive,StaleNoRecheck,15000,64,10,1,6.666666666666667e-05,1,1.0,1,none,0,0,0,1,1,1.0,1.395273000071029,1932,1,1932,1932,0,8,0,1,0,0.0,0
311,cold,positive,NaiveNoPolicy,15000,64,10,1,6.666666666666667e-05,10,1.0,0,ranking_truncation,9,0,8,1,10,0.1,0.5569330000980699,1932,1932,1932,0,0,8,0,1,0,0.0,0
312,broad,positive,ExactSecure,15000,64,10,6949,0.46326666666666666,10,1.0,1,none,0,0,0,10,10,1.0,9.256160999939311,15000,6949,6949,15000,0,0,1,1,0,0.0,0
312,broad,positive,PreFilter-Exact,15000,64,10,6949,0.46326666666666666,10,1.0,1,none,0,0,0,10,10,1.0,9.054110000079163,15000,6949,6949,15000,0,0,1,1,0,0.0,0
312,broad,positive,BitmapSlice-Exact,15000,64,10,6949,0.46326666666666666,10,1.0,1,none,0,0,0,10,10,1.0,20.55592900001102,7715,6949,6949,7715,0,0,1,1,0,0.0,0
312,broad,positive,ScalarOnly,15000,64,10,6949,0.46326666666666666,10,0.0,0,ranking_truncation,0,0,0,10,10,1.0,7.599709000032817,15000,6949,0,15000,0,0,0,1,0,0.0,0
312,broad,positive,PostFilter-IVF,15000,64,10,6949,0.46326666666666666,10,0.7,0,ranking_truncation,0,0,0,10,10,1.0,1.7441530001178762,2103,1063,2103,2103,0,8,0,1,0,0.0,0
312,broad,positive,AdaptivePostFilter-IVF,15000,64,10,6949,0.46326666666666666,10,0.9,0,ranking_truncation,0,0,0,10,10,1.0,4.526232000216623,4800,2424,4800,4800,0,21,0,1,0,0.0,0
312,broad,positive,ExactPrefix-PostFilter,15000,64,10,6949,0.46326666666666666,10,1.0,1,none,0,0,0,10,10,1.0,3.8145660000736825,2400,1128,15000,2400,0,0,0,1,0,0.0,0
312,broad,positive,TenantPartition-IVF,15000,64,10,6949,0.46326666666666666,10,0.7,0,ranking_truncation,0,0,0,10,10,1.0,1.629159999993135,2103,1063,2103,2103,0,8,0,1,0,0.0,0
312,broad,positive,PreFilter-IVF,15000,64,10,6949,0.46326666666666666,10,0.6,0,ranking_truncation,0,0,0,10,10,1.0,2.087305000031847,1837,925,925,1837,8,8,0,1,0,0.0,0
312,broad,positive,PACER-A,15000,64,10,6949,0.46326666666666666,10,0.9,0,ranking_truncation,0,0,0,10,10,1.0,7.840371000156665,2400,2159,2400,2400,17,17,0,1,0,0.6004499793052673,1
312,broad,positive,PACER-C,15000,64,10,6949,0.46326666666666666,10,1.0,1,none,0,0,0,10,10,1.0,23.001531999852887,7715,6949,7715,7715,64,64,1,1,0,0.0,0
312,broad,positive,PACER-X,15000,64,10,6949,0.46326666666666666,10,1.0,1,none,0,0,0,10,10,1.0,24.533840999993117,7715,6949,7715,7715,64,64,1,1,0,0.0,0
312,broad,positive,PACER-A-NoSlices,15000,64,10,6949,0.46326666666666666,10,0.8,0,ranking_truncation,0,0,0,10,10,1.0,2.1996330001456954,2400,1223,2400,2400,11,11,0,1,0,0.605511873960495,1
312,broad,positive,PACER-A-NoBounds,15000,64,10,6949,0.46326666666666666,10,0.8,0,ranking_truncation,0,0,0,10,10,1.0,7.0029660000727745,2400,2156,2400,2400,17,17,0,1,0,0.0,1
312,broad,positive,StaleNoRecheck,15000,64,10,6949,0.46326666666666666,10,0.7,0,ranking_truncation,0,0,0,10,10,1.0,1.7997359998389584,2103,1184,2103,2103,0,8,0,1,0,0.0,0
312,broad,positive,NaiveNoPolicy,15000,64,10,6949,0.46326666666666666,10,0.7,0,ranking_truncation,0,0,3,7,10,0.7,0.5544269999973039,2103,2103,2103,0,0,8,0,1,0,0.0,0
313,medium,positive,ExactSecure,15000,64,10,342,0.0228,10,1.0,1,none,0,0,0,10,10,1.0,7.778052000048774,15000,342,342,15000,0,0,1,1,0,0.0,0
313,medium,positive,PreFilter-Exact,15000,64,10,342,0.0228,10,1.0,1,none,0,0,0,10,10,1.0,7.969753999987006,15000,342,342,15000,0,0,1,1,0,0.0,0
313,medium,positive,BitmapSlice-Exact,15000,64,10,342,0.0228,10,1.0,1,none,0,0,0,10,10,1.0,0.9771530001216888,378,342,342,378,0,0,1,1,0,0.0,0
313,medium,positive,ScalarOnly,15000,64,10,342,0.0228,10,0.1,0,ranking_truncation,0,0,0,10,10,1.0,7.641309000064211,15000,342,0,15000,0,0,0,1,0,0.0,0
313,medium,positive,PostFilter-IVF,15000,64,10,342,0.0228,10,0.5,0,ranking_truncation,0,0,0,10,10,1.0,1.6023460000269552,2041,38,2041,2041,0,8,0,1,0,0.0,0
313,medium,positive,AdaptivePostFilter-IVF,15000,64,10,342,0.0228,10,0.9,0,ranking_truncation,0,0,0,10,10,1.0,3.987298999845734,4800,102,4800,4800,0,19,0,1,0,0.0,0
313,medium,positive,ExactPrefix-PostFilter,15000,64,10,342,0.0228,10,1.0,1,none,0,0,0,10,10,1.0,3.433201999996527,2400,59,15000,2400,0,0,0,1,0,0.0,0
313,medium,positive,TenantPartition-IVF,15000,64,10,342,0.0228,10,0.5,0,ranking_truncation,0,0,0,10,10,1.0,0.9871729998849332,2041,38,2041,2041,0,8,0,1,0,0.0,0
313,medium,positive,PreFilter-IVF,15000,64,10,342,0.0228,10,0.6,0,ranking_truncation,0,0,0,10,10,1.0,1.6830690001370385,2076,43,43,2076,9,8,0,1,0,0.0,0
313,medium,positive,PACER-A,15000,64,10,342,0.0228,10,1.0,1,none,0,0,0,10,10,1.0,4.467452999961097,378,342,378,378,64,54,1,1,0,0.0,0
313,medium,positive,PACER-C,15000,64,10,342,0.0228,10,1.0,1,none,0,0,0,10,10,1.0,4.730345000098168,378,342,378,378,64,54,1,1,0,0.0,0
313,medium,positive,PACER-X,15000,64,10,342,0.0228,10,1.0,1,none,0,0,0,10,10,1.0,4.438462000052823,378,342,378,378,64,54,1,1,0,0.0,0
313,medium,positive,PACER-A-NoSlices,15000,64,10,342,0.0228,10,0.7,0,ranking_truncation,0,0,0,10,10,1.0,2.278253999975277,2400,52,2400,2400,10,10,0,1,0,0.8426607549190521,1
313,medium,positive,PACER-A-NoBounds,15000,64,10,342,0.0228,10,1.0,1,none,0,0,0,10,10,1.0,4.601624000088123,378,342,378,378,64,54,1,1,0,0.0,0
313,medium,positive,StaleNoRecheck,15000,64,10,342,0.0228,10,0.5,0,ranking_truncation,0,2,0,8,10,0.8,1.8536299999141193,2041,44,2041,2041,0,8,0,1,0,0.0,0
313,medium,positive,NaiveNoPolicy,15000,64,10,342,0.0228,10,0.1,0,ranking_truncation,8,0,6,1,10,0.1,0.7945160000417673,2041,2041,2041,0,0,8,0,1,0,0.0,0
314,narrow,positive,ExactSecure,15000,64,10,5,0.0003333333333333333,5,1.0,1,none,0,0,0,5,5,1.0,7.660080000050584,15000,5,5,15000,0,0,1,1,0,0.0,0
314,narrow,positive,PreFilter-Exact,15000,64,10,5,0.0003333333333333333,5,1.0,1,none,0,0,0,5,5,1.0,7.574153999939881,15000,5,5,15000,0,0,1,1,0,0.0,0
314,narrow,positive,BitmapSlice-Exact,15000,64,10,5,0.0003333333333333333,5,1.0,1,none,0,0,0,5,5,1.0,0.08483199985676038,5,5,5,5,0,0,1,1,0,0.0,0
314,narrow,positive,ScalarOnly,15000,64,10,5,0.0003333333333333333,5,1.0,0,ranking_truncation,0,0,0,5,5,1.0,7.778940999969564,15000,5,0,15000,0,0,0,1,0,0.0,0
314,narrow,positive,PostFilter-IVF,15000,64,10,5,0.0003333333333333333,2,0.4,0,candidate_starvation,0,0,0,2,2,1.0,1.5591060000588186,1954,2,1954,1954,0,8,0,1,0,0.0,0
314,narrow,positive,AdaptivePostFilter-IVF,15000,64,10,5,0.0003333333333333333,3,0.6,0,candidate_starvation,0,0,0,3,3,1.0,4.101287999901615,4800,3,4800,4800,0,23,0,1,0,0.0,0
314,narrow,positive,ExactPrefix-PostFilter,15000,64,10,5,0.0003333333333333333,3,0.6,0,candidate_starvation,0,0,0,3,3,1.0,3.0510649999087036,2400,3,15000,2400,0,0,0,1,0,0.0,0
314,narrow,positive,TenantPartition-IVF,15000,64,10,5,0.0003333333333333333,2,0.4,0,candidate_starvation,0,0,0,2,2,1.0,0.8781460001046071,1954,2,1954,1954,0,8,0,1,0,0.0,0
314,narrow,positive,PreFilter-IVF,15000,64,10,5,0.0003333333333333333,5,1.0,1,none,0,0,0,5,5,1.0,1.0982789999616216,967,5,5,967,64,4,0,1,0,0.0,0
314,narrow,positive,PACER-A,15000,64,10,5,0.0003333333333333333,5,1.0,1,none,0,0,0,5,5,1.0,0.4389270000046963,5,5,5,5,45,4,1,1,0,0.0,0
314,narrow,positive,PACER-C,15000,64,10,5,0.0003333333333333333,5,1.0,1,none,0,0,0,5,5,1.0,0.3554620000159048,5,5,5,5,45,4,1,1,0,0.0,0
314,narrow,positive,PACER-X,15000,64,10,5,0.0003333333333333333,5,1.0,1,none,0,0,0,5,5,1.0,0.3924620000361756,5,5,5,5,45,4,1,1,0,0.0,0
314,narrow,positive,PACER-A-NoSlices,15000,64,10,5,0.0003333333333333333,2,0.4,0,candidate_starvation,0,0,0,2,2,1.0,1.7615009999190079,2400,2,2400,2400,10,10,0,1,0,0.0,1
314,narrow,positive,PACER-A-NoBounds,15000,64,10,5,0.0003333333333333333,5,1.0,1,none,0,0,0,5,5,1.0,0.3713610001341294,5,5,5,5,45,4,1,1,0,0.0,0
314,narrow,positive,StaleNoRecheck,15000,64,10,5,0.0003333333333333333,2,0.4,0,candidate_starvation,0,0,0,2,2,1.0,2.5999359997967986,1954,2,1954,1954,0,8,0,1,0,0.0,0
314,narrow,positive,NaiveNoPolicy,15000,64,10,5,0.0003333333333333333,10,0.2,0,ranking_truncation,9,0,7,1,10,0.1,0.7848590000776312,1954,1954,1954,0,0,8,0,1,0,0.0,0
315,cold,positive,ExactSecure,15000,64,10,5,0.0003333333333333333,5,1.0,1,none,0,0,0,5,5,1.0,7.474046999959683,15000,5,5,15000,0,0,1,1,0,0.0,0
315,cold,positive,PreFilter-Exact,15000,64,10,5,0.0003333333333333333,5,1.0,1,none,0,0,0,5,5,1.0,7.187520999877961,15000,5,5,15000,0,0,1,1,0,0.0,0
315,cold,positive,BitmapSlice-Exact,15000,64,10,5,0.0003333333333333333,5,1.0,1,none,0,0,0,5,5,1.0,0.08766099995227705,7,5,5,7,0,0,1,1,0,0.0,0
315,cold,positive,ScalarOnly,15000,64,10,5,0.0003333333333333333,5,1.0,0,ranking_truncation,0,0,0,5,5,1.0,7.096311999930549,15000,5,0,15000,0,0,0,1,0,0.0,0
315,cold,positive,PostFilter-IVF,15000,64,10,5,0.0003333333333333333,2,0.4,0,candidate_starvation,0,0,0,2,2,1.0,1.593302000173935,2008,2,2008,2008,0,8,0,1,0,0.0,0
315,cold,positive,AdaptivePostFilter-IVF,15000,64,10,5,0.0003333333333333333,2,0.4,0,candidate_starvation,0,0,0,2,2,1.0,4.028751000078046,4800,2,4800,4800,0,20,0,1,0,0.0,0
315,cold,positive,ExactPrefix-PostFilter,15000,64,10,5,0.0003333333333333333,1,0.2,0,candidate_starvation,0,0,0,1,1,1.0,3.1155950000538724,2400,1,15000,2400,0,0,0,1,0,0.0,0
315,cold,positive,TenantPartition-IVF,15000,64,10,5,0.0003333333333333333,2,0.4,0,candidate_starvation,0,0,0,2,2,1.0,0.74191199996676,2008,2,2008,2008,0,8,0,1,0,0.0,0
315,cold,positive,PreFilter-IVF,15000,64,10,5,0.0003333333333333333,5,1.0,1,none,0,0,0,5,5,1.0,1.1420559999351099,1061,5,5,1061,64,5,0,1,0,0.0,0
315,cold,positive,PACER-A,15000,64,10,5,0.0003333333333333333,5,1.0,1,none,0,0,0,5,5,1.0,0.451608000048509,7,5,7,7,52,5,1,1,0,0.0,0
315,cold,positive,PACER-C,15000,64,10,5,0.0003333333333333333,5,1.0,1,none,0,0,0,5,5,1.0,0.38513000004058995,7,5,7,7,52,5,1,1,0,0.0,0
315,cold,positive,PACER-X,15000,64,10,5,0.0003333333333333333,5,1.0,1,none,0,0,0,5,5,1.0,0.3856699997868418,7,5,7,7,52,5,1,1,0,0.0,0
315,cold,positive,PACER-A-NoSlices,15000,64,10,5,0.0003333333333333333,2,0.4,0,candidate_starvation,0,0,0,2,2,1.0,1.6206770001190307,2400,2,2400,2400,10,10,0,1,0,0.0,1
315,cold,positive,PACER-A-NoBounds,15000,64,10,5,0.0003333333333333333,5,1.0,1,none,0,0,0,5,5,1.0,0.43729399999392626,7,5,7,7,51,5,1,1,0,0.0,0
315,cold,positive,StaleNoRecheck,15000,64,10,5,0.0003333333333333333,2,0.4,0,candidate_starvation,0,0,0,2,2,1.0,1.3597110000773682,2008,2,2008,2008,0,8,0,1,0,0.0,0
315,cold,positive,NaiveNoPolicy,15000,64,10,5,0.0003333333333333333,10,0.2,0,ranking_truncation,9,2,9,1,10,0.1,0.47009700006128696,2008,2008,2008,0,0,8,0,1,0,0.0,0
316,broad,positive,ExactSecure,15000,64,10,7293,0.4862,10,1.0,1,none,0,0,0,10,10,1.0,8.58359000017117,15000,7293,7293,15000,0,0,1,1,0,0.0,0
316,broad,positive,PreFilter-Exact,15000,64,10,7293,0.4862,10,1.0,1,none,0,0,0,10,10,1.0,8.878317999915453,15000,7293,7293,15000,0,0,1,1,0,0.0,0
316,broad,positive,BitmapSlice-Exact,15000,64,10,7293,0.4862,10,1.0,1,none,0,0,0,10,10,1.0,17.266982000137432,8026,7293,7293,8026,0,0,1,1,0,0.0,0
316,broad,positive,ScalarOnly,15000,64,10,7293,0.4862,10,0.0,0,ranking_truncation,0,0,0,10,10,1.0,7.028040000022884,15000,7293,0,15000,0,0,0,1,0,0.0,0
316,broad,positive,PostFilter-IVF,15000,64,10,7293,0.4862,10,0.7,0,ranking_truncation,0,0,0,10,10,1.0,1.473519999990458,1531,923,1531,1531,0,8,0,1,0,0.0,0
316,broad,positive,AdaptivePostFilter-IVF,15000,64,10,7293,0.4862,10,0.9,0,ranking_truncation,0,0,0,10,10,1.0,3.988941999978124,4800,2590,4800,4800,0,22,0,1,0,0.0,0
316,broad,positive,ExactPrefix-PostFilter,15000,64,10,7293,0.4862,10,1.0,1,none,0,0,0,10,10,1.0,3.460347000100228,2400,1272,15000,2400,0,0,0,1,0,0.0,0
316,broad,positive,TenantPartition-IVF,15000,64,10,7293,0.4862,10,0.7,0,ranking_truncation,0,0,0,10,10,1.0,1.2853099999574624,1531,923,1531,1531,0,8,0,1,0,0.0,0
316,broad,positive,PreFilter-IVF,15000,64,10,7293,0.4862,10,0.7,0,ranking_truncation,0,0,0,10,10,1.0,1.9143770000482618,1564,865,865,1564,8,8,0,1,0,0.0,0
316,broad,positive,PACER-A,15000,64,10,7293,0.4862,10,0.9,0,ranking_truncation,0,0,0,10,10,1.0,8.251856000015323,2400,2184,2400,2400,18,18,0,1,0,0.628447026014328,1
316,broad,positive,PACER-C,15000,64,10,7293,0.4862,10,1.0,1,none,0,0,0,10,10,1.0,23.518758999898637,8026,7293,8026,8026,64,64,1,1,0,0.0,0
316,broad,positive,PACER-X,15000,64,10,7293,0.4862,10,1.0,1,none,0,0,0,10,10,1.0,23.02306100000351,8026,7293,8026,8026,64,64,1,1,0,0.0,0
316,broad,positive,PACER-A-NoSlices,15000,64,10,7293,0.4862,10,0.8,0,ranking_truncation,0,0,0,10,10,1.0,2.1722159999626456,2400,1312,2400,2400,12,12,0,1,0,0.6369394958019257,1
316,broad,positive,PACER-A-NoBounds,15000,64,10,7293,0.4862,10,0.9,0,ranking_truncation,0,0,0,10,10,1.0,7.152800000085335,2400,2178,2400,2400,17,17,0,1,0,0.0,1
316,broad,positive,StaleNoRecheck,15000,64,10,7293,0.4862,10,0.7,0,ranking_truncation,0,1,0,9,10,0.9,1.3005609998799628,1531,1009,1531,1531,0,8,0,1,0,0.0,0
316,broad,positive,NaiveNoPolicy,15000,64,10,7293,0.4862,10,0.5,0,ranking_truncation,0,1,4,5,10,0.5,0.4702479998286435,1531,1531,1531,0,0,8,0,1,0,0.0,0
317,medium,positive,ExactSecure,15000,64,10,381,0.0254,10,1.0,1,none,0,0,0,10,10,1.0,7.7795689999220485,15000,381,381,15000,0,0,1,1,0,0.0,0
317,medium,positive,PreFilter-Exact,15000,64,10,381,0.0254,10,1.0,1,none,0,0,0,10,10,1.0,7.733316999974704,15000,381,381,15000,0,0,1,1,0,0.0,0
317,medium,positive,BitmapSlice-Exact,15000,64,10,381,0.0254,10,1.0,1,none,0,0,0,10,10,1.0,1.1454909999883967,406,381,381,406,0,0,1,1,0,0.0,0
317,medium,positive,ScalarOnly,15000,64,10,381,0.0254,10,0.0,0,ranking_truncation,0,0,0,10,10,1.0,8.112524000125632,15000,381,0,15000,0,0,0,1,0,0.0,0
317,medium,positive,PostFilter-IVF,15000,64,10,381,0.0254,10,0.4,0,ranking_truncation,0,0,0,10,10,1.0,1.8058120001569478,1876,37,1876,1876,0,8,0,1,0,0.0,0
317,medium,positive,AdaptivePostFilter-IVF,15000,64,10,381,0.0254,10,0.8,0,ranking_truncation,0,0,0,10,10,1.0,4.963443000178813,4800,104,4800,4800,0,22,0,1,0,0.0,0
317,medium,positive,ExactPrefix-PostFilter,15000,64,10,381,0.0254,10,1.0,1,none,0,0,0,10,10,1.0,3.7169889999404404,2400,58,15000,2400,0,0,0,1,0,0.0,0
317,medium,positive,TenantPartition-IVF,15000,64,10,381,0.0254,10,0.4,0,ranking_truncation,0,0,0,10,10,1.0,1.011627000025328,1876,37,1876,1876,0,8,0,1,0,0.0,0
317,medium,positive,PreFilter-IVF,15000,64,10,381,0.0254,10,0.4,0,ranking_truncation,0,0,0,10,10,1.0,1.5185909999217984,1876,37,37,1876,8,8,0,1,0,0.0,0
317,medium,positive,PACER-A,15000,64,10,381,0.0254,10,1.0,1,none,0,0,0,10,10,1.0,7.070343000123103,406,381,406,406,64,62,1,1,0,0.0,0
317,medium,positive,PACER-C,15000,64,10,381,0.0254,10,1.0,1,none,0,0,0,10,10,1.0,8.221041999831868,406,381,406,406,64,62,1,1,0,0.0,0
317,medium,positive,PACER-X,15000,64,10,381,0.0254,10,1.0,1,none,0,0,0,10,10,1.0,7.798290999971869,406,381,406,406,64,62,1,1,0,0.0,0
317,medium,positive,PACER-A-NoSlices,15000,64,10,381,0.0254,10,0.5,0,ranking_truncation,0,0,0,10,10,1.0,3.0282949999218545,2400,45,2400,2400,10,10,0,1,0,0.8504469245672226,1
317,medium,positive,PACER-A-NoBounds,15000,64,10,381,0.0254,10,1.0,1,none,0,0,0,10,10,1.0,7.224770999982866,406,381,406,406,64,62,1,1,0,0.0,0
317,medium,positive,StaleNoRecheck,15000,64,10,381,0.0254,10,0.4,0,ranking_truncation,0,2,0,8,10,0.8,2.460319999954663,1876,41,1876,1876,0,8,0,1,0,0.0,0
317,medium,positive,NaiveNoPolicy,15000,64,10,381,0.0254,10,0.1,0,ranking_truncation,6,2,5,1,10,0.1,1.0025589999713702,1876,1876,1876,0,0,8,0,1,0,0.0,0
318,narrow,positive,ExactSecure,15000,64,10,6,0.0004,6,1.0,1,none,0,0,0,6,6,1.0,7.742923000023438,15000,6,6,15000,0,0,1,1,0,0.0,0
318,narrow,positive,PreFilter-Exact,15000,64,10,6,0.0004,6,1.0,1,none,0,0,0,6,6,1.0,7.080760000008013,15000,6,6,15000,0,0,1,1,0,0.0,0
318,narrow,positive,BitmapSlice-Exact,15000,64,10,6,0.0004,6,1.0,1,none,0,0,0,6,6,1.0,0.12409900000420748,6,6,6,6,0,0,1,1,0,0.0,0
318,narrow,positive,ScalarOnly,15000,64,10,6,0.0004,6,1.0,0,ranking_truncation,0,0,0,6,6,1.0,6.795596000074511,15000,6,0,15000,0,0,0,1,0,0.0,0
318,narrow,positive,PostFilter-IVF,15000,64,10,6,0.0004,6,1.0,1,none,0,0,0,6,6,1.0,1.4276640001753549,1930,6,1930,1930,0,8,0,1,0,0.0,0
318,narrow,positive,AdaptivePostFilter-IVF,15000,64,10,6,0.0004,6,1.0,1,none,0,0,0,6,6,1.0,3.6976500000491797,4800,6,4800,4800,0,23,0,1,0,0.0,0
318,narrow,positive,ExactPrefix-PostFilter,15000,64,10,6,0.0004,4,0.6666666666666666,0,candidate_starvation,0,0,0,4,4,1.0,3.2187360000079934,2400,4,15000,2400,0,0,0,1,0,0.0,0
318,narrow,positive,TenantPartition-IVF,15000,64,10,6,0.0004,6,1.0,1,none,0,0,0,6,6,1.0,0.7872999999563035,1930,6,1930,1930,0,8,0,1,0,0.0,0
318,narrow,positive,PreFilter-IVF,15000,64,10,6,0.0004,6,1.0,1,none,0,0,0,6,6,1.0,0.6467059999977209,193,6,6,193,64,1,0,1,0,0.0,0
318,narrow,positive,PACER-A,15000,64,10,6,0.0004,6,1.0,1,none,0,0,0,6,6,1.0,0.20968900003026647,6,6,6,6,5,1,1,1,0,0.0,0
318,narrow,positive,PACER-C,15000,64,10,6,0.0004,6,1.0,1,none,0,0,0,6,6,1.0,0.16356399987671466,6,6,6,6,5,1,1,1,0,0.0,0
318,narrow,positive,PACER-X,15000,64,10,6,0.0004,6,1.0,1,none,0,0,0,6,6,1.0,0.15184300013970642,6,6,6,6,5,1,1,1,0,0.0,0
318,narrow,positive,PACER-A-NoSlices,15000,64,10,6,0.0004,6,1.0,1,none,0,0,0,6,6,1.0,1.6602719999809779,2400,6,2400,2400,11,11,0,1,0,0.0,1
318,narrow,positive,PACER-A-NoBounds,15000,64,10,6,0.0004,6,1.0,1,none,0,0,0,6,6,1.0,0.17033899985108292,6,6,6,6,1,1,1,1,0,0.0,0
318,narrow,positive,StaleNoRecheck,15000,64,10,6,0.0004,6,1.0,1,none,0,0,0,6,6,1.0,1.2829170000259182,1930,6,1930,1930,0,8,0,1,0,0.0,0
318,narrow,positive,NaiveNoPolicy,15000,64,10,6,0.0004,10,0.16666666666666666,0,ranking_truncation,8,1,9,1,10,0.1,0.4656060000343132,1930,1930,1930,0,0,8,0,1,0,0.0,0
319,cold,positive,ExactSecure,15000,64,10,5,0.0003333333333333333,5,1.0,1,none,0,0,0,5,5,1.0,7.51756599993314,15000,5,5,15000,0,0,1,1,0,0.0,0
319,cold,positive,PreFilter-Exact,15000,64,10,5,0.0003333333333333333,5,1.0,1,none,0,0,0,5,5,1.0,7.69172500008608,15000,5,5,15000,0,0,1,1,0,0.0,0
319,cold,positive,BitmapSlice-Exact,15000,64,10,5,0.0003333333333333333,5,1.0,1,none,0,0,0,5,5,1.0,0.11359799987076258,5,5,5,5,0,0,1,1,0,0.0,0
319,cold,positive,ScalarOnly,15000,64,10,5,0.0003333333333333333,5,1.0,1,none,0,0,0,5,5,1.0,7.351059000029636,15000,5,0,15000,0,0,0,1,0,0.0,0
319,cold,positive,PostFilter-IVF,15000,64,10,5,0.0003333333333333333,1,0.2,0,candidate_starvation,0,0,0,1,1,1.0,1.5708569999333122,2012,1,2012,2012,0,8,0,1,0,0.0,0
319,cold,positive,AdaptivePostFilter-IVF,15000,64,10,5,0.0003333333333333333,1,0.2,0,candidate_starvation,0,0,0,1,1,1.0,4.169098999909693,4800,1,4800,4800,0,21,0,1,0,0.0,0
319,cold,positive,ExactPrefix-PostFilter,15000,64,10,5,0.0003333333333333333,2,0.4,0,candidate_starvation,0,0,0,2,2,1.0,3.296587000022555,2400,2,15000,2400,0,0,0,1,0,0.0,0
319,cold,positive,TenantPartition-IVF,15000,64,10,5,0.0003333333333333333,1,0.2,0,candidate_starvation,0,0,0,1,1,1.0,0.9206120000726514,2012,1,2012,2012,0,8,0,1,0,0.0,0
319,cold,positive,PreFilter-IVF,15000,64,10,5,0.0003333333333333333,5,1.0,1,none,0,0,0,5,5,1.0,1.1084779998782324,909,5,5,909,64,4,0,1,0,0.0,0
319,cold,positive,PACER-A,15000,64,10,5,0.0003333333333333333,5,1.0,1,none,0,0,0,5,5,1.0,0.47336400007225166,5,5,5,5,49,4,1,1,0,0.0,0
319,cold,positive,PACER-C,15000,64,10,5,0.0003333333333333333,5,1.0,1,none,0,0,0,5,5,1.0,0.38219399993977277,5,5,5,5,49,4,1,1,0,0.0,0
319,cold,positive,PACER-X,15000,64,10,5,0.0003333333333333333,5,1.0,1,none,0,0,0,5,5,1.0,0.38868499996169703,5,5,5,5,49,4,1,1,0,0.0,0
319,cold,positive,PACER-A-NoSlices,15000,64,10,5,0.0003333333333333333,1,0.2,0,candidate_starvation,0,0,0,1,1,1.0,1.719950999813591,2400,1,2400,2400,11,11,0,1,0,0.0,1
319,cold,positive,PACER-A-NoBounds,15000,64,10,5,0.0003333333333333333,5,1.0,1,none,0,0,0,5,5,1.0,0.3911180001523462,5,5,5,5,51,4,1,1,0,0.0,0
319,cold,positive,StaleNoRecheck,15000,64,10,5,0.0003333333333333333,1,0.2,0,candidate_starvation,0,0,0,1,1,1.0,1.5538330001163558,2012,1,2012,2012,0,8,0,1,0,0.0,0
319,cold,positive,NaiveNoPolicy,15000,64,10,5,0.0003333333333333333,10,0.2,0,ranking_truncation,9,1,9,1,10,0.1,0.6419090000235883,2012,2012,2012,0,0,8,0,1,0,0.0,0
