seed,correlation,delete_rate,query_id,method,recall_at_k,secure_topk_exact,raw_candidates,latency_ms,violations,certified
11,positive,0.0,0,PostFilter-IVF,0.800000,0.000000,656.000,0.598178,0,0
11,positive,0.0,0,PreFilter-IVF,0.800000,0.000000,624.000,2.445402,0,0
11,positive,0.0,0,BitmapSlice-Exact,1.000000,1.000000,1741.000,2.113294,0,1
11,positive,0.0,0,PACER-A,1.000000,1.000000,700.000,2.501022,0,0
11,positive,0.0,0,PACER-C,1.000000,1.000000,1741.000,5.373851,0,1
11,positive,0.0,0,PACER-X,1.000000,1.000000,1741.000,5.462037,0,1
11,positive,0.0,1,PostFilter-IVF,0.600000,0.000000,526.000,0.470325,0,0
11,positive,0.0,1,PreFilter-IVF,0.800000,0.000000,579.000,1.374405,0,0
11,positive,0.0,1,BitmapSlice-Exact,1.000000,1.000000,108.000,0.193821,0,1
11,positive,0.0,1,PACER-A,1.000000,1.000000,108.000,2.377034,0,1
11,positive,0.0,1,PACER-C,1.000000,1.000000,108.000,2.304662,0,1
11,positive,0.0,1,PACER-X,1.000000,1.000000,108.000,2.486439,0,1
11,positive,0.0,2,PostFilter-IVF,0.000000,0.000000,639.000,0.477144,0,0
11,positive,0.0,2,PreFilter-IVF,1.000000,1.000000,294.000,0.486470,0,0
11,positive,0.0,2,BitmapSlice-Exact,1.000000,1.000000,3.000,0.059108,0,1
11,positive,0.0,2,PACER-A,1.000000,1.000000,3.000,0.255930,0,1
11,positive,0.0,2,PACER-C,1.000000,1.000000,3.000,0.253376,0,1
11,positive,0.0,2,PACER-X,1.000000,1.000000,3.000,0.302815,0,1
11,positive,0.0,3,PostFilter-IVF,0.750000,0.000000,660.000,0.492204,0,0
11,positive,0.0,3,PreFilter-IVF,1.000000,1.000000,201.000,0.441384,0,0
11,positive,0.0,3,BitmapSlice-Exact,1.000000,1.000000,4.000,0.061043,0,1
11,positive,0.0,3,PACER-A,1.000000,1.000000,4.000,0.188694,0,1
11,positive,0.0,3,PACER-C,1.000000,1.000000,4.000,0.169271,0,1
11,positive,0.0,3,PACER-X,1.000000,1.000000,4.000,0.191499,0,1
11,positive,0.0,4,PostFilter-IVF,0.500000,0.000000,446.000,0.409327,0,0
11,positive,0.0,4,PreFilter-IVF,0.700000,0.000000,498.000,1.181299,0,0
11,positive,0.0,4,BitmapSlice-Exact,1.000000,1.000000,1796.000,2.092641,0,1
11,positive,0.0,4,PACER-A,0.900000,0.000000,700.000,2.315791,0,0
11,positive,0.0,4,PACER-C,1.000000,1.000000,1796.000,5.482367,0,1
11,positive,0.0,4,PACER-X,1.000000,1.000000,1796.000,5.505613,0,1
11,positive,0.0,5,PostFilter-IVF,0.200000,0.000000,516.000,0.437639,0,0
11,positive,0.0,5,PreFilter-IVF,0.600000,0.000000,707.000,1.173313,0,0
11,positive,0.0,5,BitmapSlice-Exact,1.000000,1.000000,107.000,0.191635,0,1
11,positive,0.0,5,PACER-A,1.000000,1.000000,107.000,2.532382,0,1
11,positive,0.0,5,PACER-C,1.000000,1.000000,107.000,2.475632,0,1
11,positive,0.0,5,PACER-X,1.000000,1.000000,107.000,2.490602,0,1
11,positive,0.0,6,PostFilter-IVF,0.500000,0.000000,582.000,0.516235,0,0
11,positive,0.0,6,PreFilter-IVF,1.000000,1.000000,289.000,0.734505,0,0
11,positive,0.0,6,BitmapSlice-Exact,1.000000,1.000000,4.000,0.132638,0,1
11,positive,0.0,6,PACER-A,1.000000,1.000000,4.000,0.536108,0,1
11,positive,0.0,6,PACER-C,1.000000,1.000000,4.000,0.357941,0,1
11,positive,0.0,6,PACER-X,1.000000,1.000000,4.000,0.294981,0,1
11,positive,0.0,7,PostFilter-IVF,1.000000,1.000000,590.000,16.977734,0,0
11,positive,0.0,7,PreFilter-IVF,1.000000,1.000000,81.000,0.515045,0,0
11,positive,0.0,7,BitmapSlice-Exact,1.000000,1.000000,1.000,0.100021,0,1
11,positive,0.0,7,PACER-A,1.000000,1.000000,1.000,0.280177,0,1
11,positive,0.0,7,PACER-C,1.000000,1.000000,1.000,0.126688,0,1
11,positive,0.0,7,PACER-X,1.000000,1.000000,1.000,0.136698,0,1
11,positive,0.0,8,PostFilter-IVF,1.000000,1.000000,544.000,0.495716,0,0
11,positive,0.0,8,PreFilter-IVF,0.900000,0.000000,747.000,1.546403,0,0
11,positive,0.0,8,BitmapSlice-Exact,1.000000,1.000000,1706.000,2.114876,0,1
11,positive,0.0,8,PACER-A,1.000000,1.000000,700.000,2.239248,0,0
11,positive,0.0,8,PACER-C,1.000000,1.000000,1706.000,5.515481,0,1
11,positive,0.0,8,PACER-X,1.000000,1.000000,1706.000,6.482485,0,1
11,positive,0.0,9,PostFilter-IVF,0.500000,0.000000,550.000,0.780146,0,0
11,positive,0.0,9,PreFilter-IVF,0.600000,0.000000,613.000,66.649374,0,0
11,positive,0.0,9,BitmapSlice-Exact,1.000000,1.000000,135.000,0.417737,0,1
11,positive,0.0,9,PACER-A,1.000000,1.000000,135.000,4.488540,0,1
11,positive,0.0,9,PACER-C,1.000000,1.000000,135.000,3.443863,0,1
11,positive,0.0,9,PACER-X,1.000000,1.000000,135.000,3.379623,0,1
11,positive,0.0,10,PostFilter-IVF,1.000000,1.000000,485.000,0.564056,0,0
11,positive,0.0,10,PreFilter-IVF,1.000000,1.000000,114.000,0.461958,0,0
11,positive,0.0,10,BitmapSlice-Exact,1.000000,1.000000,3.000,0.106253,0,1
11,positive,0.0,10,PACER-A,1.000000,1.000000,3.000,0.185091,0,1
11,positive,0.0,10,PACER-C,1.000000,1.000000,3.000,0.179420,0,1
11,positive,0.0,10,PACER-X,1.000000,1.000000,3.000,0.178842,0,1
11,positive,0.0,11,PostFilter-IVF,0.500000,0.000000,571.000,0.574480,0,0
11,positive,0.0,11,PreFilter-IVF,1.000000,1.000000,316.000,0.631672,0,0
11,positive,0.0,11,BitmapSlice-Exact,1.000000,1.000000,4.000,0.095264,0,1
11,positive,0.0,11,PACER-A,1.000000,1.000000,4.000,0.364363,0,1
11,positive,0.0,11,PACER-C,1.000000,1.000000,4.000,0.297676,0,1
11,positive,0.0,11,PACER-X,1.000000,1.000000,4.000,0.283939,0,1
11,positive,0.0,12,PostFilter-IVF,0.800000,0.000000,620.000,0.678247,0,0
11,positive,0.0,12,PreFilter-IVF,0.800000,0.000000,658.000,1.798598,0,0
11,positive,0.0,12,BitmapSlice-Exact,1.000000,1.000000,1681.000,2.224476,0,1
11,positive,0.0,12,PACER-A,0.900000,0.000000,700.000,2.343702,0,0
11,positive,0.0,12,PACER-C,1.000000,1.000000,1681.000,5.421549,0,1
11,positive,0.0,12,PACER-X,1.000000,1.000000,1681.000,5.624843,0,1
11,positive,0.0,13,PostFilter-IVF,0.600000,0.000000,640.000,0.515818,0,0
11,positive,0.0,13,PreFilter-IVF,0.700000,0.000000,595.000,0.979251,0,0
11,positive,0.0,13,BitmapSlice-Exact,1.000000,1.000000,108.000,0.192745,0,1
11,positive,0.0,13,PACER-A,1.000000,1.000000,108.000,3.259269,0,1
11,positive,0.0,13,PACER-C,1.000000,1.000000,108.000,2.641834,0,1
11,positive,0.0,13,PACER-X,1.000000,1.000000,108.000,2.645470,0,1
11,positive,0.0,14,PostFilter-IVF,0.333333,0.000000,600.000,0.584160,0,0
11,positive,0.0,14,PreFilter-IVF,1.000000,1.000000,208.000,0.535026,0,0
11,positive,0.0,14,BitmapSlice-Exact,1.000000,1.000000,3.000,0.060692,0,1
11,positive,0.0,14,PACER-A,1.000000,1.000000,3.000,0.253467,0,1
11,positive,0.0,14,PACER-C,1.000000,1.000000,3.000,0.264037,0,1
11,positive,0.0,14,PACER-X,1.000000,1.000000,3.000,0.228569,0,1
11,positive,0.0,15,PostFilter-IVF,1.000000,1.000000,664.000,0.570980,0,0
11,positive,0.0,15,PreFilter-IVF,1.000000,1.000000,114.000,0.307891,0,0
11,positive,0.0,15,BitmapSlice-Exact,1.000000,1.000000,1.000,0.053460,0,1
11,positive,0.0,15,PACER-A,1.000000,1.000000,1.000,0.115944,0,1
11,positive,0.0,15,PACER-C,1.000000,1.000000,1.000,0.097896,0,1
11,positive,0.0,15,PACER-X,1.000000,1.000000,1.000,0.118390,0,1
11,positive,0.12,0,PostFilter-IVF,0.800000,0.000000,656.000,0.857608,0,0
11,positive,0.12,0,PreFilter-IVF,0.800000,0.000000,624.000,2.312186,0,0
11,positive,0.12,0,BitmapSlice-Exact,1.000000,1.000000,1741.000,2.054386,0,1
11,positive,0.12,0,PACER-A,1.000000,1.000000,700.000,2.651016,0,0
11,positive,0.12,0,PACER-C,1.000000,1.000000,1741.000,7.117049,0,1
11,positive,0.12,0,PACER-X,1.000000,1.000000,1741.000,7.068540,0,1
11,positive,0.12,1,PostFilter-IVF,0.600000,0.000000,526.000,0.667587,0,0
11,positive,0.12,1,PreFilter-IVF,0.800000,0.000000,579.000,1.317338,0,0
11,positive,0.12,1,BitmapSlice-Exact,1.000000,1.000000,108.000,0.235986,0,1
11,positive,0.12,1,PACER-A,1.000000,1.000000,108.000,2.771418,0,1
11,positive,0.12,1,PACER-C,1.000000,1.000000,108.000,2.477323,0,1
11,positive,0.12,1,PACER-X,1.000000,1.000000,108.000,2.453599,0,1
11,positive,0.12,2,PostFilter-IVF,0.000000,0.000000,639.000,0.581105,0,0
11,positive,0.12,2,PreFilter-IVF,1.000000,1.000000,294.000,0.508545,0,0
11,positive,0.12,2,BitmapSlice-Exact,1.000000,1.000000,3.000,0.060416,0,1
11,positive,0.12,2,PACER-A,1.000000,1.000000,3.000,0.276791,0,1
11,positive,0.12,2,PACER-C,1.000000,1.000000,3.000,0.269191,0,1
11,positive,0.12,2,PACER-X,1.000000,1.000000,3.000,0.232284,0,1
11,positive,0.12,3,PostFilter-IVF,0.750000,0.000000,660.000,0.531628,0,0
11,positive,0.12,3,PreFilter-IVF,1.000000,1.000000,201.000,0.474657,0,0
11,positive,0.12,3,BitmapSlice-Exact,1.000000,1.000000,4.000,0.060994,0,1
11,positive,0.12,3,PACER-A,1.000000,1.000000,4.000,0.192711,0,1
11,positive,0.12,3,PACER-C,1.000000,1.000000,4.000,0.172309,0,1
11,positive,0.12,3,PACER-X,1.000000,1.000000,4.000,0.168685,0,1
11,positive,0.12,4,PostFilter-IVF,0.500000,0.000000,446.000,0.503725,0,0
11,positive,0.12,4,PreFilter-IVF,0.700000,0.000000,498.000,1.163628,0,0
11,positive,0.12,4,BitmapSlice-Exact,1.000000,1.000000,1796.000,2.462020,0,1
11,positive,0.12,4,PACER-A,0.900000,0.000000,700.000,2.946913,0,0
11,positive,0.12,4,PACER-C,1.000000,1.000000,1796.000,5.629233,0,1
11,positive,0.12,4,PACER-X,1.000000,1.000000,1796.000,5.654602,0,1
11,positive,0.12,5,PostFilter-IVF,0.200000,0.000000,516.000,0.484589,0,0
11,positive,0.12,5,PreFilter-IVF,0.600000,0.000000,707.000,1.353803,0,0
11,positive,0.12,5,BitmapSlice-Exact,1.000000,1.000000,107.000,0.187149,0,1
11,positive,0.12,5,PACER-A,1.000000,1.000000,107.000,2.636928,0,1
11,positive,0.12,5,PACER-C,1.000000,1.000000,107.000,2.559705,0,1
11,positive,0.12,5,PACER-X,1.000000,1.000000,107.000,2.695683,0,1
11,positive,0.12,6,PostFilter-IVF,1.000000,1.000000,624.000,0.531578,0,0
11,positive,0.12,6,PreFilter-IVF,1.000000,1.000000,275.000,0.532276,0,0
11,positive,0.12,6,BitmapSlice-Exact,1.000000,1.000000,4.000,0.060521,0,1
11,positive,0.12,6,PACER-A,1.000000,1.000000,4.000,0.294000,0,1
11,positive,0.12,6,PACER-C,1.000000,1.000000,4.000,0.286769,0,1
11,positive,0.12,6,PACER-X,1.000000,1.000000,4.000,0.276906,0,1
11,positive,0.12,7,PostFilter-IVF,1.000000,1.000000,590.000,0.480183,0,0
11,positive,0.12,7,PreFilter-IVF,1.000000,1.000000,81.000,0.309059,0,0
11,positive,0.12,7,BitmapSlice-Exact,1.000000,1.000000,1.000,0.050754,0,1
11,positive,0.12,7,PACER-A,1.000000,1.000000,1.000,0.129463,0,1
11,positive,0.12,7,PACER-C,1.000000,1.000000,1.000,0.103759,0,1
11,positive,0.12,7,PACER-X,1.000000,1.000000,1.000,0.100952,0,1
11,positive,0.12,8,PostFilter-IVF,1.000000,1.000000,544.000,0.655402,0,0
11,positive,0.12,8,PreFilter-IVF,0.900000,0.000000,747.000,1.880904,0,0
11,positive,0.12,8,BitmapSlice-Exact,1.000000,1.000000,1706.000,2.473400,0,1
11,positive,0.12,8,PACER-A,1.000000,1.000000,700.000,2.498379,0,0
11,positive,0.12,8,PACER-C,1.000000,1.000000,1706.000,5.786534,0,1
11,positive,0.12,8,PACER-X,1.000000,1.000000,1706.000,6.482656,0,1
11,positive,0.12,9,PostFilter-IVF,0.600000,0.000000,550.000,0.574613,0,0
11,positive,0.12,9,PreFilter-IVF,0.700000,0.000000,613.000,1.205527,0,0
11,positive,0.12,9,BitmapSlice-Exact,1.000000,1.000000,135.000,0.296802,0,1
11,positive,0.12,9,PACER-A,1.000000,1.000000,135.000,2.790760,0,1
11,positive,0.12,9,PACER-C,1.000000,1.000000,135.000,2.638993,0,1
11,positive,0.12,9,PACER-X,1.000000,1.000000,135.000,2.841356,0,1
11,positive,0.12,10,PostFilter-IVF,0.400000,0.000000,593.000,0.922237,0,0
11,positive,0.12,10,PreFilter-IVF,1.000000,1.000000,323.000,0.785705,0,0
11,positive,0.12,10,BitmapSlice-Exact,1.000000,1.000000,6.000,0.093630,0,1
11,positive,0.12,10,PACER-A,1.000000,1.000000,6.000,0.392916,0,1
11,positive,0.12,10,PACER-C,1.000000,1.000000,6.000,0.310420,0,1
11,positive,0.12,10,PACER-X,1.000000,1.000000,6.000,0.297512,0,1
11,positive,0.12,11,PostFilter-IVF,0.500000,0.000000,571.000,0.535481,0,0
11,positive,0.12,11,PreFilter-IVF,1.000000,1.000000,316.000,0.477396,0,0
11,positive,0.12,11,BitmapSlice-Exact,1.000000,1.000000,4.000,0.069399,0,1
11,positive,0.12,11,PACER-A,1.000000,1.000000,4.000,0.337693,0,1
11,positive,0.12,11,PACER-C,1.000000,1.000000,4.000,0.247792,0,1
11,positive,0.12,11,PACER-X,1.000000,1.000000,4.000,0.232003,0,1
11,positive,0.12,12,PostFilter-IVF,0.800000,0.000000,620.000,0.601881,0,0
11,positive,0.12,12,PreFilter-IVF,0.800000,0.000000,658.000,1.776002,0,0
11,positive,0.12,12,BitmapSlice-Exact,1.000000,1.000000,1681.000,2.328317,0,1
11,positive,0.12,12,PACER-A,0.900000,0.000000,700.000,2.181717,0,0
11,positive,0.12,12,PACER-C,1.000000,1.000000,1681.000,5.272979,0,1
11,positive,0.12,12,PACER-X,1.000000,1.000000,1681.000,5.314414,0,1
11,positive,0.12,13,PostFilter-IVF,0.600000,0.000000,640.000,0.504766,0,0
11,positive,0.12,13,PreFilter-IVF,0.700000,0.000000,595.000,0.820865,0,0
11,positive,0.12,13,BitmapSlice-Exact,1.000000,1.000000,108.000,0.185126,0,1
11,positive,0.12,13,PACER-A,1.000000,1.000000,108.000,3.047211,0,1
11,positive,0.12,13,PACER-C,1.000000,1.000000,108.000,2.419962,0,1
11,positive,0.12,13,PACER-X,1.000000,1.000000,108.000,2.437091,0,1
11,positive,0.12,14,PostFilter-IVF,0.666667,0.000000,516.000,0.464740,0,0
11,positive,0.12,14,PreFilter-IVF,1.000000,1.000000,184.000,0.406814,0,0
11,positive,0.12,14,BitmapSlice-Exact,1.000000,1.000000,3.000,0.059545,0,1
11,positive,0.12,14,PACER-A,1.000000,1.000000,3.000,0.196107,0,1
11,positive,0.12,14,PACER-C,1.000000,1.000000,3.000,0.265191,0,1
11,positive,0.12,14,PACER-X,1.000000,1.000000,3.000,0.201614,0,1
11,positive,0.12,15,PostFilter-IVF,1.000000,1.000000,502.000,0.553513,0,0
11,positive,0.12,15,PreFilter-IVF,1.000000,1.000000,59.000,0.428418,0,0
11,positive,0.12,15,BitmapSlice-Exact,1.000000,1.000000,1.000,0.076844,0,1
11,positive,0.12,15,PACER-A,1.000000,1.000000,1.000,0.111842,0,1
11,positive,0.12,15,PACER-C,1.000000,1.000000,1.000,0.098247,0,1
11,positive,0.12,15,PACER-X,1.000000,1.000000,1.000,0.095241,0,1
11,positive,0.24,0,PostFilter-IVF,0.800000,0.000000,656.000,0.814264,0,0
11,positive,0.24,0,PreFilter-IVF,0.800000,0.000000,624.000,3.995331,0,0
11,positive,0.24,0,BitmapSlice-Exact,1.000000,1.000000,1741.000,2.446830,0,1
11,positive,0.24,0,PACER-A,1.000000,1.000000,700.000,2.738931,0,0
11,positive,0.24,0,PACER-C,1.000000,1.000000,1741.000,5.786111,0,1
11,positive,0.24,0,PACER-X,1.000000,1.000000,1741.000,62.266571,0,1
11,positive,0.24,1,PostFilter-IVF,0.500000,0.000000,526.000,0.475677,0,0
11,positive,0.24,1,PreFilter-IVF,0.800000,0.000000,579.000,1.653580,0,0
11,positive,0.24,1,BitmapSlice-Exact,1.000000,1.000000,108.000,0.267141,0,1
11,positive,0.24,1,PACER-A,1.000000,1.000000,108.000,2.701467,0,1
11,positive,0.24,1,PACER-C,1.000000,1.000000,108.000,2.440984,0,1
11,positive,0.24,1,PACER-X,1.000000,1.000000,108.000,2.423407,0,1
11,positive,0.24,2,PostFilter-IVF,0.000000,0.000000,639.000,0.538205,0,0
11,positive,0.24,2,PreFilter-IVF,1.000000,1.000000,294.000,0.507735,0,0
11,positive,0.24,2,BitmapSlice-Exact,1.000000,1.000000,3.000,0.059129,0,1
11,positive,0.24,2,PACER-A,1.000000,1.000000,3.000,0.293241,0,1
11,positive,0.24,2,PACER-C,1.000000,1.000000,3.000,0.304964,0,1
11,positive,0.24,2,PACER-X,1.000000,1.000000,3.000,0.274313,0,1
11,positive,0.24,3,PostFilter-IVF,0.750000,0.000000,660.000,0.636791,0,0
11,positive,0.24,3,PreFilter-IVF,1.000000,1.000000,201.000,0.481459,0,0
11,positive,0.24,3,BitmapSlice-Exact,1.000000,1.000000,4.000,0.102295,0,1
11,positive,0.24,3,PACER-A,1.000000,1.000000,4.000,0.277385,0,1
11,positive,0.24,3,PACER-C,1.000000,1.000000,4.000,0.230399,0,1
11,positive,0.24,3,PACER-X,1.000000,1.000000,4.000,0.206389,0,1
11,positive,0.24,4,PostFilter-IVF,0.300000,0.000000,446.000,0.662345,0,0
11,positive,0.24,4,PreFilter-IVF,0.500000,0.000000,498.000,1.270285,0,0
11,positive,0.24,4,BitmapSlice-Exact,1.000000,1.000000,1796.000,2.279282,0,1
11,positive,0.24,4,PACER-A,0.700000,0.000000,700.000,2.607293,0,0
11,positive,0.24,4,PACER-C,1.000000,1.000000,1796.000,6.352874,0,1
11,positive,0.24,4,PACER-X,1.000000,1.000000,1796.000,55.748053,0,1
11,positive,0.24,5,PostFilter-IVF,0.200000,0.000000,516.000,0.723734,0,0
11,positive,0.24,5,PreFilter-IVF,0.700000,0.000000,707.000,2.014159,0,0
11,positive,0.24,5,BitmapSlice-Exact,1.000000,1.000000,107.000,0.209015,0,1
11,positive,0.24,5,PACER-A,1.000000,1.000000,107.000,3.020106,0,1
11,positive,0.24,5,PACER-C,1.000000,1.000000,107.000,2.455294,0,1
11,positive,0.24,5,PACER-X,1.000000,1.000000,107.000,2.961234,0,1
11,positive,0.24,6,PostFilter-IVF,0.333333,0.000000,582.000,0.593018,0,0
11,positive,0.24,6,PreFilter-IVF,1.000000,1.000000,289.000,0.590338,0,0
11,positive,0.24,6,BitmapSlice-Exact,1.000000,1.000000,4.000,0.084464,0,1
11,positive,0.24,6,PACER-A,1.000000,1.000000,4.000,0.301611,0,1
11,positive,0.24,6,PACER-C,1.000000,1.000000,4.000,0.270430,0,1
11,positive,0.24,6,PACER-X,1.000000,1.000000,4.000,0.270550,0,1
11,positive,0.24,7,PostFilter-IVF,1.000000,1.000000,590.000,0.513513,0,0
11,positive,0.24,7,PreFilter-IVF,1.000000,1.000000,81.000,0.311854,0,0
11,positive,0.24,7,BitmapSlice-Exact,1.000000,1.000000,1.000,0.052477,0,1
11,positive,0.24,7,PACER-A,1.000000,1.000000,1.000,0.111940,0,1
11,positive,0.24,7,PACER-C,1.000000,1.000000,1.000,0.112449,0,1
11,positive,0.24,7,PACER-X,1.000000,1.000000,1.000,0.100406,0,1
11,positive,0.24,8,PostFilter-IVF,0.900000,0.000000,544.000,0.457415,0,0
11,positive,0.24,8,PreFilter-IVF,0.800000,0.000000,747.000,1.966950,0,0
11,positive,0.24,8,BitmapSlice-Exact,1.000000,1.000000,1706.000,2.095929,0,1
11,positive,0.24,8,PACER-A,0.900000,0.000000,700.000,2.721285,0,0
11,positive,0.24,8,PACER-C,1.000000,1.000000,1706.000,54.796970,0,1
11,positive,0.24,8,PACER-X,1.000000,1.000000,1706.000,6.870427,0,1
11,positive,0.24,9,PostFilter-IVF,0.600000,0.000000,550.000,0.779345,0,0
11,positive,0.24,9,PreFilter-IVF,0.700000,0.000000,613.000,1.286844,0,0
11,positive,0.24,9,BitmapSlice-Exact,1.000000,1.000000,135.000,0.237664,0,1
11,positive,0.24,9,PACER-A,1.000000,1.000000,135.000,2.989187,0,1
11,positive,0.24,9,PACER-C,1.000000,1.000000,135.000,3.434310,0,1
11,positive,0.24,9,PACER-X,1.000000,1.000000,135.000,3.433701,0,1
11,positive,0.24,10,PostFilter-IVF,1.000000,1.000000,485.000,0.493550,0,0
11,positive,0.24,10,PreFilter-IVF,1.000000,1.000000,114.000,0.400912,0,0
11,positive,0.24,10,BitmapSlice-Exact,1.000000,1.000000,3.000,0.064304,0,1
11,positive,0.24,10,PACER-A,1.000000,1.000000,3.000,0.126804,0,1
11,positive,0.24,10,PACER-C,1.000000,1.000000,3.000,0.108234,0,1
11,positive,0.24,10,PACER-X,1.000000,1.000000,3.000,0.133044,0,1
11,positive,0.24,11,PostFilter-IVF,0.500000,0.000000,571.000,0.464066,0,0
11,positive,0.24,11,PreFilter-IVF,1.000000,1.000000,316.000,0.574630,0,0
11,positive,0.24,11,BitmapSlice-Exact,1.000000,1.000000,4.000,0.091223,0,1
11,positive,0.24,11,PACER-A,1.000000,1.000000,4.000,0.272088,0,1
11,positive,0.24,11,PACER-C,1.000000,1.000000,4.000,0.337139,0,1
11,positive,0.24,11,PACER-X,1.000000,1.000000,4.000,0.283932,0,1
11,positive,0.24,12,PostFilter-IVF,0.700000,0.000000,620.000,0.592065,0,0
11,positive,0.24,12,PreFilter-IVF,0.700000,0.000000,658.000,1.598260,0,0
11,positive,0.24,12,BitmapSlice-Exact,1.000000,1.000000,1681.000,2.645577,0,1
11,positive,0.24,12,PACER-A,0.800000,0.000000,700.000,2.666712,0,0
11,positive,0.24,12,PACER-C,1.000000,1.000000,1681.000,8.844174,0,1
11,positive,0.24,12,PACER-X,1.000000,1.000000,1681.000,7.134890,0,1
11,positive,0.24,13,PostFilter-IVF,0.600000,0.000000,640.000,0.549615,0,0
11,positive,0.24,13,PreFilter-IVF,0.700000,0.000000,595.000,0.897794,0,0
11,positive,0.24,13,BitmapSlice-Exact,1.000000,1.000000,108.000,0.197997,0,1
11,positive,0.24,13,PACER-A,1.000000,1.000000,108.000,2.692583,0,1
11,positive,0.24,13,PACER-C,1.000000,1.000000,108.000,2.997776,0,1
11,positive,0.24,13,PACER-X,1.000000,1.000000,108.000,3.506520,0,1
11,positive,0.24,14,PostFilter-IVF,0.333333,0.000000,600.000,0.532823,0,0
11,positive,0.24,14,PreFilter-IVF,1.000000,1.000000,208.000,0.573051,0,0
11,positive,0.24,14,BitmapSlice-Exact,1.000000,1.000000,3.000,0.111448,0,1
11,positive,0.24,14,PACER-A,1.000000,1.000000,3.000,0.438932,0,1
11,positive,0.24,14,PACER-C,1.000000,1.000000,3.000,0.337130,0,1
11,positive,0.24,14,PACER-X,1.000000,1.000000,3.000,0.231395,0,1
11,positive,0.24,15,PostFilter-IVF,1.000000,1.000000,664.000,0.573351,0,0
11,positive,0.24,15,PreFilter-IVF,1.000000,1.000000,114.000,0.457485,0,0
11,positive,0.24,15,BitmapSlice-Exact,1.000000,1.000000,1.000,0.052907,0,1
11,positive,0.24,15,PACER-A,1.000000,1.000000,1.000,0.145360,0,1
11,positive,0.24,15,PACER-C,1.000000,1.000000,1.000,0.143171,0,1
11,positive,0.24,15,PACER-X,1.000000,1.000000,1.000,0.105380,0,1
11,independent,0.0,0,PostFilter-IVF,0.800000,0.000000,536.000,0.651139,0,0
11,independent,0.0,0,PreFilter-IVF,0.900000,0.000000,541.000,1.582384,0,0
11,independent,0.0,0,BitmapSlice-Exact,1.000000,1.000000,1774.000,2.382099,0,1
11,independent,0.0,0,PACER-A,1.000000,1.000000,700.000,2.263964,0,0
11,independent,0.0,0,PACER-C,1.000000,1.000000,1774.000,7.402284,0,1
11,independent,0.0,0,PACER-X,1.000000,1.000000,1774.000,5.699467,0,1
11,independent,0.0,1,PostFilter-IVF,0.600000,0.000000,526.000,0.512915,0,0
11,independent,0.0,1,PreFilter-IVF,0.800000,0.000000,657.000,1.051065,0,0
11,independent,0.0,1,BitmapSlice-Exact,1.000000,1.000000,105.000,0.214125,0,1
11,independent,0.0,1,PACER-A,1.000000,1.000000,105.000,3.159003,0,1
11,independent,0.0,1,PACER-C,1.000000,1.000000,105.000,3.067276,0,1
11,independent,0.0,1,PACER-X,1.000000,1.000000,105.000,3.202417,0,1
11,independent,0.0,2,PostFilter-IVF,0.000000,0.000000,628.000,0.741934,0,0
11,independent,0.0,2,PreFilter-IVF,1.000000,1.000000,147.000,0.474210,0,0
11,independent,0.0,2,BitmapSlice-Exact,1.000000,1.000000,4.000,0.072932,0,1
11,independent,0.0,2,PACER-A,1.000000,1.000000,4.000,0.265011,0,1
11,independent,0.0,2,PACER-C,1.000000,1.000000,4.000,0.182974,0,1
11,independent,0.0,2,PACER-X,1.000000,1.000000,4.000,0.195427,0,1
11,independent,0.0,3,PostFilter-IVF,0.000000,0.000000,566.000,0.540131,0,0
11,independent,0.0,3,PreFilter-IVF,1.000000,1.000000,85.000,0.448392,0,0
11,independent,0.0,3,BitmapSlice-Exact,1.000000,1.000000,1.000,0.054254,0,1
11,independent,0.0,3,PACER-A,1.000000,1.000000,1.000,0.218317,0,1
11,independent,0.0,3,PACER-C,1.000000,1.000000,1.000,0.168938,0,1
11,independent,0.0,3,PACER-X,1.000000,1.000000,1.000,0.122429,0,1
11,independent,0.0,4,PostFilter-IVF,0.500000,0.000000,593.000,0.491667,0,0
11,independent,0.0,4,PreFilter-IVF,0.500000,0.000000,598.000,1.840711,0,0
11,independent,0.0,4,BitmapSlice-Exact,1.000000,1.000000,1768.000,1.954844,0,1
11,independent,0.0,4,PACER-A,0.600000,0.000000,700.000,2.340404,0,0
11,independent,0.0,4,PACER-C,1.000000,1.000000,1768.000,5.569167,0,1
11,independent,0.0,4,PACER-X,1.000000,1.000000,1768.000,6.514825,0,1
11,independent,0.0,5,PostFilter-IVF,0.600000,0.000000,533.000,0.588151,0,0
11,independent,0.0,5,PreFilter-IVF,0.700000,0.000000,651.000,1.107851,0,0
11,independent,0.0,5,BitmapSlice-Exact,1.000000,1.000000,83.000,0.301569,0,1
11,independent,0.0,5,PACER-A,1.000000,1.000000,83.000,3.101071,0,1
11,independent,0.0,5,PACER-C,1.000000,1.000000,83.000,2.878043,0,1
11,independent,0.0,5,PACER-X,1.000000,1.000000,83.000,2.978534,0,1
11,independent,0.0,6,PostFilter-IVF,0.000000,0.000000,476.000,0.410379,0,0
11,independent,0.0,6,PreFilter-IVF,1.000000,1.000000,238.000,0.440978,0,0
11,independent,0.0,6,BitmapSlice-Exact,1.000000,1.000000,6.000,0.063214,0,1
11,independent,0.0,6,PACER-A,1.000000,1.000000,6.000,0.330220,0,1
11,independent,0.0,6,PACER-C,1.000000,1.000000,6.000,0.252405,0,1
11,independent,0.0,6,PACER-X,1.000000,1.000000,6.000,0.298739,0,1
11,independent,0.0,7,PostFilter-IVF,1.000000,1.000000,477.000,0.494914,0,0
11,independent,0.0,7,PreFilter-IVF,1.000000,1.000000,48.000,0.395990,0,0
11,independent,0.0,7,BitmapSlice-Exact,1.000000,1.000000,1.000,0.055573,0,1
11,independent,0.0,7,PACER-A,1.000000,1.000000,1.000,0.200744,0,1
11,independent,0.0,7,PACER-C,1.000000,1.000000,1.000,0.113211,0,1
11,independent,0.0,7,PACER-X,1.000000,1.000000,1.000,0.104772,0,1
11,independent,0.0,8,PostFilter-IVF,0.400000,0.000000,638.000,0.626522,0,0
11,independent,0.0,8,PreFilter-IVF,0.400000,0.000000,654.000,1.461854,0,0
11,independent,0.0,8,BitmapSlice-Exact,1.000000,1.000000,1759.000,34.412562,0,1
11,independent,0.0,8,PACER-A,0.600000,0.000000,700.000,2.936329,0,0
11,independent,0.0,8,PACER-C,1.000000,1.000000,1759.000,5.719215,0,1
11,independent,0.0,8,PACER-X,1.000000,1.000000,1759.000,5.708336,0,1
11,independent,0.0,9,PostFilter-IVF,0.600000,0.000000,559.000,0.528067,0,0
11,independent,0.0,9,PreFilter-IVF,0.600000,0.000000,547.000,1.101463,0,0
11,independent,0.0,9,BitmapSlice-Exact,1.000000,1.000000,97.000,0.175195,0,1
11,independent,0.0,9,PACER-A,1.000000,1.000000,97.000,2.428088,0,1
11,independent,0.0,9,PACER-C,1.000000,1.000000,97.000,2.481629,0,1
11,independent,0.0,9,PACER-X,1.000000,1.000000,97.000,2.602122,0,1
11,independent,0.0,10,PostFilter-IVF,0.000000,0.000000,555.000,0.428088,0,0
11,independent,0.0,10,PreFilter-IVF,1.000000,1.000000,268.000,0.600621,0,0
11,independent,0.0,10,BitmapSlice-Exact,1.000000,1.000000,4.000,0.110526,0,1
11,independent,0.0,10,PACER-A,1.000000,1.000000,4.000,0.390281,0,1
11,independent,0.0,10,PACER-C,1.000000,1.000000,4.000,0.293666,0,1
11,independent,0.0,10,PACER-X,1.000000,1.000000,4.000,0.308389,0,1
11,independent,0.0,11,PostFilter-IVF,0.000000,0.000000,604.000,0.480381,0,0
11,independent,0.0,11,PreFilter-IVF,1.000000,1.000000,84.000,0.290946,0,0
11,independent,0.0,11,BitmapSlice-Exact,1.000000,1.000000,1.000,0.053380,0,1
11,independent,0.0,11,PACER-A,1.000000,1.000000,1.000,0.116974,0,1
11,independent,0.0,11,PACER-C,1.000000,1.000000,1.000,0.133125,0,1
11,independent,0.0,11,PACER-X,1.000000,1.000000,1.000,0.122967,0,1
11,independent,0.0,12,PostFilter-IVF,0.500000,0.000000,553.000,0.524691,0,0
11,independent,0.0,12,PreFilter-IVF,0.500000,0.000000,592.000,1.479956,0,0
11,independent,0.0,12,BitmapSlice-Exact,1.000000,1.000000,1767.000,2.052748,0,1
11,independent,0.0,12,PACER-A,0.600000,0.000000,700.000,2.404967,0,0
11,independent,0.0,12,PACER-C,1.000000,1.000000,1767.000,5.843957,0,1
11,independent,0.0,12,PACER-X,1.000000,1.000000,1767.000,5.848169,0,1
11,independent,0.0,13,PostFilter-IVF,0.600000,0.000000,542.000,0.564375,0,0
11,independent,0.0,13,PreFilter-IVF,0.600000,0.000000,542.000,0.859046,0,0
11,independent,0.0,13,BitmapSlice-Exact,1.000000,1.000000,76.000,0.155519,0,1
11,independent,0.0,13,PACER-A,1.000000,1.000000,76.000,2.940417,0,1
11,independent,0.0,13,PACER-C,1.000000,1.000000,76.000,18.786295,0,1
11,independent,0.0,13,PACER-X,1.000000,1.000000,76.000,2.908037,0,1
11,independent,0.0,14,PostFilter-IVF,0.000000,0.000000,549.000,0.489564,0,0
11,independent,0.0,14,PreFilter-IVF,1.000000,1.000000,214.000,0.456488,0,0
11,independent,0.0,14,BitmapSlice-Exact,1.000000,1.000000,4.000,0.061567,0,1
11,independent,0.0,14,PACER-A,1.000000,1.000000,4.000,0.265457,0,1
11,independent,0.0,14,PACER-C,1.000000,1.000000,4.000,0.188306,0,1
11,independent,0.0,14,PACER-X,1.000000,1.000000,4.000,0.178101,0,1
11,independent,0.0,15,PostFilter-IVF,0.500000,0.000000,685.000,0.580966,0,0
11,independent,0.0,15,PreFilter-IVF,1.000000,1.000000,138.000,0.401026,0,0
11,independent,0.0,15,BitmapSlice-Exact,1.000000,1.000000,2.000,0.084006,0,1
11,independent,0.0,15,PACER-A,1.000000,1.000000,2.000,0.196671,0,1
11,independent,0.0,15,PACER-C,1.000000,1.000000,2.000,0.174131,0,1
11,independent,0.0,15,PACER-X,1.000000,1.000000,2.000,0.169998,0,1
11,independent,0.12,0,PostFilter-IVF,0.800000,0.000000,536.000,0.820603,0,0
11,independent,0.12,0,PreFilter-IVF,0.900000,0.000000,541.000,1.736065,0,0
11,independent,0.12,0,BitmapSlice-Exact,1.000000,1.000000,1774.000,2.483206,0,1
11,independent,0.12,0,PACER-A,1.000000,1.000000,700.000,2.305050,0,0
11,independent,0.12,0,PACER-C,1.000000,1.000000,1774.000,59.630102,0,1
11,independent,0.12,0,PACER-X,1.000000,1.000000,1774.000,6.761031,0,1
11,independent,0.12,1,PostFilter-IVF,0.600000,0.000000,526.000,0.522493,0,0
11,independent,0.12,1,PreFilter-IVF,0.700000,0.000000,657.000,1.500231,0,0
11,independent,0.12,1,BitmapSlice-Exact,1.000000,1.000000,105.000,0.246166,0,1
11,independent,0.12,1,PACER-A,1.000000,1.000000,105.000,2.732608,0,1
11,independent,0.12,1,PACER-C,1.000000,1.000000,105.000,2.719836,0,1
11,independent,0.12,1,PACER-X,1.000000,1.000000,105.000,2.790610,0,1
11,independent,0.12,2,PostFilter-IVF,0.000000,0.000000,628.000,0.572015,0,0
11,independent,0.12,2,PreFilter-IVF,1.000000,1.000000,147.000,0.608264,0,0
11,independent,0.12,2,BitmapSlice-Exact,1.000000,1.000000,4.000,0.085794,0,1
11,independent,0.12,2,PACER-A,1.000000,1.000000,4.000,0.200976,0,1
11,independent,0.12,2,PACER-C,1.000000,1.000000,4.000,0.225654,0,1
11,independent,0.12,2,PACER-X,1.000000,1.000000,4.000,0.228968,0,1
11,independent,0.12,3,PostFilter-IVF,1.000000,1.000000,477.000,0.450171,0,0
11,independent,0.12,3,PreFilter-IVF,1.000000,1.000000,48.000,0.476243,0,0
11,independent,0.12,3,BitmapSlice-Exact,1.000000,1.000000,1.000,0.058350,0,1
11,independent,0.12,3,PACER-A,1.000000,1.000000,1.000,0.127132,0,1
11,independent,0.12,3,PACER-C,1.000000,1.000000,1.000,0.113455,0,1
11,independent,0.12,3,PACER-X,1.000000,1.000000,1.000,0.104717,0,1
11,independent,0.12,4,PostFilter-IVF,0.400000,0.000000,593.000,0.567803,0,0
11,independent,0.12,4,PreFilter-IVF,0.400000,0.000000,598.000,1.753719,0,0
11,independent,0.12,4,BitmapSlice-Exact,1.000000,1.000000,1768.000,2.189201,0,1
11,independent,0.12,4,PACER-A,0.700000,0.000000,700.000,4.038620,0,0
11,independent,0.12,4,PACER-C,1.000000,1.000000,1768.000,47.412584,0,1
11,independent,0.12,4,PACER-X,1.000000,1.000000,1768.000,7.075660,0,1
11,independent,0.12,5,PostFilter-IVF,0.500000,0.000000,533.000,0.565270,0,0
11,independent,0.12,5,PreFilter-IVF,0.600000,0.000000,651.000,1.189539,0,0
11,independent,0.12,5,BitmapSlice-Exact,1.000000,1.000000,83.000,0.175722,0,1
11,independent,0.12,5,PACER-A,1.000000,1.000000,83.000,2.890136,0,1
11,independent,0.12,5,PACER-C,1.000000,1.000000,83.000,2.804824,0,1
11,independent,0.12,5,PACER-X,1.000000,1.000000,83.000,2.559834,0,1
11,independent,0.12,6,PostFilter-IVF,0.000000,0.000000,648.000,0.551986,0,0
11,independent,0.12,6,PreFilter-IVF,1.000000,1.000000,203.000,0.594599,0,0
11,independent,0.12,6,BitmapSlice-Exact,1.000000,1.000000,4.000,0.087727,0,1
11,independent,0.12,6,PACER-A,1.000000,1.000000,4.000,0.343041,0,1
11,independent,0.12,6,PACER-C,1.000000,1.000000,4.000,0.300011,0,1
11,independent,0.12,6,PACER-X,1.000000,1.000000,4.000,0.300499,0,1
11,independent,0.12,7,PostFilter-IVF,0.000000,0.000000,604.000,0.569027,0,0
11,independent,0.12,7,PreFilter-IVF,1.000000,1.000000,84.000,0.334253,0,0
11,independent,0.12,7,BitmapSlice-Exact,1.000000,1.000000,1.000,0.054194,0,1
11,independent,0.12,7,PACER-A,1.000000,1.000000,1.000,0.122593,0,1
11,independent,0.12,7,PACER-C,1.000000,1.000000,1.000,0.108232,0,1
11,independent,0.12,7,PACER-X,1.000000,1.000000,1.000,0.134292,0,1
11,independent,0.12,8,PostFilter-IVF,0.300000,0.000000,638.000,0.515467,0,0
11,independent,0.12,8,PreFilter-IVF,0.300000,0.000000,654.000,1.195307,0,0
11,independent,0.12,8,BitmapSlice-Exact,1.000000,1.000000,1759.000,2.226729,0,1
11,independent,0.12,8,PACER-A,0.500000,0.000000,700.000,2.418083,0,0
11,independent,0.12,8,PACER-C,1.000000,1.000000,1759.000,6.473078,0,1
11,independent,0.12,8,PACER-X,1.000000,1.000000,1759.000,47.430577,0,1
11,independent,0.12,9,PostFilter-IVF,0.600000,0.000000,559.000,0.580981,0,0
11,independent,0.12,9,PreFilter-IVF,0.600000,0.000000,547.000,1.032714,0,0
11,independent,0.12,9,BitmapSlice-Exact,1.000000,1.000000,97.000,0.184846,0,1
11,independent,0.12,9,PACER-A,1.000000,1.000000,97.000,2.739203,0,1
11,independent,0.12,9,PACER-C,1.000000,1.000000,97.000,2.553174,0,1
11,independent,0.12,9,PACER-X,1.000000,1.000000,97.000,2.839769,0,1
11,independent,0.12,10,PostFilter-IVF,0.000000,0.000000,471.000,0.438260,0,0
11,independent,0.12,10,PreFilter-IVF,1.000000,1.000000,229.000,0.496231,0,0
11,independent,0.12,10,BitmapSlice-Exact,1.000000,1.000000,3.000,0.059711,0,1
11,independent,0.12,10,PACER-A,1.000000,1.000000,3.000,0.317968,0,1
11,independent,0.12,10,PACER-C,1.000000,1.000000,3.000,0.238621,0,1
11,independent,0.12,10,PACER-X,1.000000,1.000000,3.000,0.281348,0,1
11,independent,0.12,11,PostFilter-IVF,0.500000,0.000000,685.000,0.574809,0,0
11,independent,0.12,11,PreFilter-IVF,1.000000,1.000000,138.000,0.408756,0,0
11,independent,0.12,11,BitmapSlice-Exact,1.000000,1.000000,2.000,0.073042,0,1
11,independent,0.12,11,PACER-A,1.000000,1.000000,2.000,0.185617,0,1
11,independent,0.12,11,PACER-C,1.000000,1.000000,2.000,0.172902,0,1
11,independent,0.12,11,PACER-X,1.000000,1.000000,2.000,0.234661,0,1
11,independent,0.12,12,PostFilter-IVF,0.600000,0.000000,553.000,0.510103,0,0
11,independent,0.12,12,PreFilter-IVF,0.600000,0.000000,592.000,1.640799,0,0
11,independent,0.12,12,BitmapSlice-Exact,1.000000,1.000000,1767.000,2.392156,0,1
11,independent,0.12,12,PACER-A,0.700000,0.000000,700.000,2.450426,0,0
11,independent,0.12,12,PACER-C,1.000000,1.000000,1767.000,5.772653,0,1
11,independent,0.12,12,PACER-X,1.000000,1.000000,1767.000,7.211524,0,1
11,independent,0.12,13,PostFilter-IVF,0.600000,0.000000,542.000,0.539122,0,0
11,independent,0.12,13,PreFilter-IVF,0.600000,0.000000,542.000,0.836315,0,0
11,independent,0.12,13,BitmapSlice-Exact,1.000000,1.000000,76.000,0.161963,0,1
11,independent,0.12,13,PACER-A,1.000000,1.000000,76.000,2.669993,0,1
11,independent,0.12,13,PACER-C,1.000000,1.000000,76.000,2.644493,0,1
11,independent,0.12,13,PACER-X,1.000000,1.000000,76.000,35.297699,0,1
11,independent,0.12,14,PostFilter-IVF,0.000000,0.000000,613.000,0.559213,0,0
11,independent,0.12,14,PreFilter-IVF,1.000000,1.000000,196.000,0.624530,0,0
11,independent,0.12,14,BitmapSlice-Exact,1.000000,1.000000,3.000,0.091632,0,1
11,independent,0.12,14,PACER-A,1.000000,1.000000,3.000,0.370933,0,1
11,independent,0.12,14,PACER-C,1.000000,1.000000,3.000,0.243902,0,1
11,independent,0.12,14,PACER-X,1.000000,1.000000,3.000,0.185454,0,1
11,independent,0.12,15,PostFilter-IVF,0.000000,0.000000,476.000,0.505021,0,0
11,independent,0.12,15,PreFilter-IVF,1.000000,1.000000,238.000,0.552927,0,0
11,independent,0.12,15,BitmapSlice-Exact,1.000000,1.000000,6.000,0.066800,0,1
11,independent,0.12,15,PACER-A,1.000000,1.000000,6.000,0.310864,0,1
11,independent,0.12,15,PACER-C,1.000000,1.000000,6.000,0.394252,0,1
11,independent,0.12,15,PACER-X,1.000000,1.000000,6.000,0.249545,0,1
11,independent,0.24,0,PostFilter-IVF,0.800000,0.000000,536.000,0.623541,0,0
11,independent,0.24,0,PreFilter-IVF,0.900000,0.000000,541.000,1.411243,0,0
11,independent,0.24,0,BitmapSlice-Exact,1.000000,1.000000,1774.000,2.067321,0,1
11,independent,0.24,0,PACER-A,1.000000,1.000000,700.000,2.236214,0,0
11,independent,0.24,0,PACER-C,1.000000,1.000000,1774.000,5.655137,0,1
11,independent,0.24,0,PACER-X,1.000000,1.000000,1774.000,5.593471,0,1
11,independent,0.24,1,PostFilter-IVF,0.600000,0.000000,526.000,0.473897,0,0
11,independent,0.24,1,PreFilter-IVF,0.700000,0.000000,657.000,1.015204,0,0
11,independent,0.24,1,BitmapSlice-Exact,1.000000,1.000000,105.000,0.183380,0,1
11,independent,0.24,1,PACER-A,1.000000,1.000000,105.000,2.492282,0,1
11,independent,0.24,1,PACER-C,1.000000,1.000000,105.000,2.799534,0,1
11,independent,0.24,1,PACER-X,1.000000,1.000000,105.000,2.968530,0,1
11,independent,0.24,2,PostFilter-IVF,0.000000,0.000000,628.000,0.556893,0,0
11,independent,0.24,2,PreFilter-IVF,1.000000,1.000000,147.000,0.467250,0,0
11,independent,0.24,2,BitmapSlice-Exact,1.000000,1.000000,4.000,0.064875,0,1
11,independent,0.24,2,PACER-A,1.000000,1.000000,4.000,0.179173,0,1
11,independent,0.24,2,PACER-C,1.000000,1.000000,4.000,0.157467,0,1
11,independent,0.24,2,PACER-X,1.000000,1.000000,4.000,0.154166,0,1
11,independent,0.24,3,PostFilter-IVF,1.000000,1.000000,477.000,0.458810,0,0
11,independent,0.24,3,PreFilter-IVF,1.000000,1.000000,48.000,0.392849,0,0
11,independent,0.24,3,BitmapSlice-Exact,1.000000,1.000000,1.000,0.087502,0,1
11,independent,0.24,3,PACER-A,1.000000,1.000000,1.000,0.132988,0,1
11,independent,0.24,3,PACER-C,1.000000,1.000000,1.000,0.113261,0,1
11,independent,0.24,3,PACER-X,1.000000,1.000000,1.000,0.105376,0,1
11,independent,0.24,4,PostFilter-IVF,0.400000,0.000000,593.000,12.932961,0,0
11,independent,0.24,4,PreFilter-IVF,0.400000,0.000000,598.000,1.992715,0,0
11,independent,0.24,4,BitmapSlice-Exact,1.000000,1.000000,1768.000,2.299803,0,1
11,independent,0.24,4,PACER-A,0.700000,0.000000,700.000,2.509284,0,0
11,independent,0.24,4,PACER-C,1.000000,1.000000,1768.000,7.017815,0,1
11,independent,0.24,4,PACER-X,1.000000,1.000000,1768.000,8.499776,0,1
11,independent,0.24,5,PostFilter-IVF,0.600000,0.000000,533.000,0.519687,0,0
11,independent,0.24,5,PreFilter-IVF,0.700000,0.000000,651.000,0.939465,0,0
11,independent,0.24,5,BitmapSlice-Exact,1.000000,1.000000,83.000,0.170255,0,1
11,independent,0.24,5,PACER-A,1.000000,1.000000,83.000,2.497243,0,1
11,independent,0.24,5,PACER-C,1.000000,1.000000,83.000,2.339031,0,1
11,independent,0.24,5,PACER-X,1.000000,1.000000,83.000,3.493942,0,1
11,independent,0.24,6,PostFilter-IVF,0.000000,0.000000,648.000,0.570595,0,0
11,independent,0.24,6,PreFilter-IVF,1.000000,1.000000,203.000,0.663533,0,0
11,independent,0.24,6,BitmapSlice-Exact,1.000000,1.000000,4.000,0.087498,0,1
11,independent,0.24,6,PACER-A,1.000000,1.000000,4.000,0.296923,0,1
11,independent,0.24,6,PACER-C,1.000000,1.000000,4.000,0.373838,0,1
11,independent,0.24,6,PACER-X,1.000000,1.000000,4.000,0.273707,0,1
11,independent,0.24,7,PostFilter-IVF,0.000000,0.000000,604.000,0.471526,0,0
11,independent,0.24,7,PreFilter-IVF,1.000000,1.000000,84.000,0.333006,0,0
11,independent,0.24,7,BitmapSlice-Exact,1.000000,1.000000,1.000,0.056668,0,1
11,independent,0.24,7,PACER-A,1.000000,1.000000,1.000,0.145734,0,1
11,independent,0.24,7,PACER-C,1.000000,1.000000,1.000,0.153091,0,1
11,independent,0.24,7,PACER-X,1.000000,1.000000,1.000,0.163843,0,1
11,independent,0.24,8,PostFilter-IVF,0.300000,0.000000,638.000,0.583227,0,0
11,independent,0.24,8,PreFilter-IVF,0.400000,0.000000,654.000,1.407660,0,0
11,independent,0.24,8,BitmapSlice-Exact,1.000000,1.000000,1759.000,2.263589,0,1
11,independent,0.24,8,PACER-A,0.500000,0.000000,700.000,2.662715,0,0
11,independent,0.24,8,PACER-C,1.000000,1.000000,1759.000,5.764462,0,1
11,independent,0.24,8,PACER-X,1.000000,1.000000,1759.000,5.709163,0,1
11,independent,0.24,9,PostFilter-IVF,0.600000,0.000000,559.000,0.479416,0,0
11,independent,0.24,9,PreFilter-IVF,0.600000,0.000000,547.000,1.086001,0,0
11,independent,0.24,9,BitmapSlice-Exact,1.000000,1.000000,97.000,0.173285,0,1
11,independent,0.24,9,PACER-A,1.000000,1.000000,97.000,2.438912,0,1
11,independent,0.24,9,PACER-C,1.000000,1.000000,97.000,2.268125,0,1
11,independent,0.24,9,PACER-X,1.000000,1.000000,97.000,2.270339,0,1
11,independent,0.24,10,PostFilter-IVF,0.000000,0.000000,471.000,0.495901,0,0
11,independent,0.24,10,PreFilter-IVF,1.000000,1.000000,229.000,0.692015,0,0
11,independent,0.24,10,BitmapSlice-Exact,1.000000,1.000000,3.000,0.065073,0,1
11,independent,0.24,10,PACER-A,1.000000,1.000000,3.000,0.331696,0,1
11,independent,0.24,10,PACER-C,1.000000,1.000000,3.000,0.365361,0,1
11,independent,0.24,10,PACER-X,1.000000,1.000000,3.000,0.367333,0,1
11,independent,0.24,11,PostFilter-IVF,0.500000,0.000000,685.000,0.752176,0,0
11,independent,0.24,11,PreFilter-IVF,1.000000,1.000000,138.000,0.538666,0,0
11,independent,0.24,11,BitmapSlice-Exact,1.000000,1.000000,2.000,0.089191,0,1
11,independent,0.24,11,PACER-A,1.000000,1.000000,2.000,0.282259,0,1
11,independent,0.24,11,PACER-C,1.000000,1.000000,2.000,0.235384,0,1
11,independent,0.24,11,PACER-X,1.000000,1.000000,2.000,0.180292,0,1
11,independent,0.24,12,PostFilter-IVF,0.700000,0.000000,553.000,0.590294,0,0
11,independent,0.24,12,PreFilter-IVF,0.600000,0.000000,592.000,1.341935,0,0
11,independent,0.24,12,BitmapSlice-Exact,1.000000,1.000000,1767.000,2.017402,0,1
11,independent,0.24,12,PACER-A,0.800000,0.000000,700.000,2.242320,0,0
11,independent,0.24,12,PACER-C,1.000000,1.000000,1767.000,5.445793,0,1
11,independent,0.24,12,PACER-X,1.000000,1.000000,1767.000,5.614245,0,1
11,independent,0.24,13,PostFilter-IVF,0.600000,0.000000,542.000,0.437264,0,0
11,independent,0.24,13,PreFilter-IVF,0.600000,0.000000,542.000,0.781318,0,0
11,independent,0.24,13,BitmapSlice-Exact,1.000000,1.000000,76.000,0.150368,0,1
11,independent,0.24,13,PACER-A,1.000000,1.000000,76.000,2.400852,0,1
11,independent,0.24,13,PACER-C,1.000000,1.000000,76.000,2.411685,0,1
11,independent,0.24,13,PACER-X,1.000000,1.000000,76.000,2.478693,0,1
11,independent,0.24,14,PostFilter-IVF,0.000000,0.000000,613.000,0.494616,0,0
11,independent,0.24,14,PreFilter-IVF,1.000000,1.000000,196.000,0.435610,0,0
11,independent,0.24,14,BitmapSlice-Exact,1.000000,1.000000,3.000,0.059561,0,1
11,independent,0.24,14,PACER-A,1.000000,1.000000,3.000,0.193205,0,1
11,independent,0.24,14,PACER-C,1.000000,1.000000,3.000,0.175353,0,1
11,independent,0.24,14,PACER-X,1.000000,1.000000,3.000,0.169727,0,1
11,independent,0.24,15,PostFilter-IVF,0.000000,0.000000,476.000,0.366420,0,0
11,independent,0.24,15,PreFilter-IVF,1.000000,1.000000,238.000,0.440048,0,0
11,independent,0.24,15,BitmapSlice-Exact,1.000000,1.000000,6.000,0.062562,0,1
11,independent,0.24,15,PACER-A,1.000000,1.000000,6.000,0.278536,0,1
11,independent,0.24,15,PACER-C,1.000000,1.000000,6.000,0.254739,0,1
11,independent,0.24,15,PACER-X,1.000000,1.000000,6.000,0.260700,0,1
11,negative,0.0,0,PostFilter-IVF,0.500000,0.000000,561.000,0.524528,0,0
11,negative,0.0,0,PreFilter-IVF,0.500000,0.000000,526.000,1.105667,0,0
11,negative,0.0,0,BitmapSlice-Exact,1.000000,1.000000,1768.000,2.170562,0,1
11,negative,0.0,0,PACER-A,0.900000,0.000000,700.000,3.215735,0,0
11,negative,0.0,0,PACER-C,1.000000,1.000000,1768.000,6.984588,0,1
11,negative,0.0,0,PACER-X,1.000000,1.000000,1768.000,5.529452,0,1
11,negative,0.0,1,PostFilter-IVF,0.500000,0.000000,526.000,0.465114,0,0
11,negative,0.0,1,PreFilter-IVF,0.500000,0.000000,688.000,0.905199,0,0
11,negative,0.0,1,BitmapSlice-Exact,1.000000,1.000000,109.000,0.290939,0,1
11,negative,0.0,1,PACER-A,1.000000,1.000000,109.000,3.764164,0,1
11,negative,0.0,1,PACER-C,1.000000,1.000000,109.000,2.980019,0,1
11,negative,0.0,1,PACER-X,1.000000,1.000000,109.000,2.957442,0,1
11,negative,0.0,2,PostFilter-IVF,0.000000,0.000000,549.000,0.416633,0,0
11,negative,0.0,2,PreFilter-IVF,1.000000,1.000000,275.000,0.539495,0,0
11,negative,0.0,2,BitmapSlice-Exact,1.000000,1.000000,3.000,0.058373,0,1
11,negative,0.0,2,PACER-A,1.000000,1.000000,3.000,0.290256,0,1
11,negative,0.0,2,PACER-C,1.000000,1.000000,3.000,0.237175,0,1
11,negative,0.0,2,PACER-X,1.000000,1.000000,3.000,0.285326,0,1
11,negative,0.0,3,PostFilter-IVF,0.000000,0.000000,637.000,0.496833,0,0
11,negative,0.0,3,PreFilter-IVF,1.000000,1.000000,160.000,0.393203,0,0
11,negative,0.0,3,BitmapSlice-Exact,1.000000,1.000000,2.000,0.054430,0,1
11,negative,0.0,3,PACER-A,1.000000,1.000000,2.000,0.225250,0,1
11,negative,0.0,3,PACER-C,1.000000,1.000000,2.000,0.286537,0,1
11,negative,0.0,3,PACER-X,1.000000,1.000000,2.000,0.307917,0,1
11,negative,0.0,4,PostFilter-IVF,0.700000,0.000000,605.000,0.513025,0,0
11,negative,0.0,4,PreFilter-IVF,0.700000,0.000000,607.000,1.333580,0,0
11,negative,0.0,4,BitmapSlice-Exact,1.000000,1.000000,1698.000,2.306868,0,1
11,negative,0.0,4,PACER-A,1.000000,1.000000,700.000,3.481703,0,0
11,negative,0.0,4,PACER-C,1.000000,1.000000,1698.000,6.431210,0,1
11,negative,0.0,4,PACER-X,1.000000,1.000000,1698.000,5.389317,0,1
11,negative,0.0,5,PostFilter-IVF,0.400000,0.000000,700.000,0.579101,0,0
11,negative,0.0,5,PreFilter-IVF,0.400000,0.000000,728.000,0.971259,0,0
11,negative,0.0,5,BitmapSlice-Exact,1.000000,1.000000,110.000,0.193851,0,1
11,negative,0.0,5,PACER-A,1.000000,1.000000,110.000,2.939202,0,1
11,negative,0.0,5,PACER-C,1.000000,1.000000,110.000,2.664843,0,1
11,negative,0.0,5,PACER-X,1.000000,1.000000,110.000,3.027953,0,1
11,negative,0.0,6,PostFilter-IVF,0.000000,0.000000,627.000,0.495813,0,0
11,negative,0.0,6,PreFilter-IVF,1.000000,1.000000,147.000,0.404096,0,0
11,negative,0.0,6,BitmapSlice-Exact,1.000000,1.000000,4.000,0.059225,0,1
11,negative,0.0,6,PACER-A,1.000000,1.000000,4.000,0.191967,0,1
11,negative,0.0,6,PACER-C,1.000000,1.000000,4.000,0.179685,0,1
11,negative,0.0,6,PACER-X,1.000000,1.000000,4.000,0.189445,0,1
11,negative,0.0,7,PostFilter-IVF,0.000000,0.000000,533.000,0.393793,0,0
11,negative,0.0,7,PreFilter-IVF,1.000000,1.000000,174.000,0.359966,0,0
11,negative,0.0,7,BitmapSlice-Exact,1.000000,1.000000,2.000,0.056896,0,1
11,negative,0.0,7,PACER-A,1.000000,1.000000,2.000,0.193247,0,1
11,negative,0.0,7,PACER-C,1.000000,1.000000,2.000,0.177674,0,1
11,negative,0.0,7,PACER-X,1.000000,1.000000,2.000,0.171761,0,1
11,negative,0.0,8,PostFilter-IVF,0.700000,0.000000,573.000,0.723418,0,0
11,negative,0.0,8,PreFilter-IVF,0.200000,0.000000,517.000,1.533222,0,0
11,negative,0.0,8,BitmapSlice-Exact,1.000000,1.000000,1758.000,1.991677,0,1
11,negative,0.0,8,PACER-A,0.900000,0.000000,700.000,2.419140,0,0
11,negative,0.0,8,PACER-C,1.000000,1.000000,1758.000,5.729652,0,1
11,negative,0.0,8,PACER-X,1.000000,1.000000,1758.000,6.142369,0,1
11,negative,0.0,9,PostFilter-IVF,0.900000,0.000000,676.000,0.542871,0,0
11,negative,0.0,9,PreFilter-IVF,0.900000,0.000000,702.000,0.947752,0,0
11,negative,0.0,9,BitmapSlice-Exact,1.000000,1.000000,101.000,0.187479,0,1
11,negative,0.0,9,PACER-A,1.000000,1.000000,101.000,2.917080,0,1
11,negative,0.0,9,PACER-C,1.000000,1.000000,101.000,2.635843,0,1
11,negative,0.0,9,PACER-X,1.000000,1.000000,101.000,2.870296,0,1
11,negative,0.0,10,PostFilter-IVF,0.000000,0.000000,595.000,0.508057,0,0
11,negative,0.0,10,PreFilter-IVF,1.000000,1.000000,201.000,0.568942,0,0
11,negative,0.0,10,BitmapSlice-Exact,1.000000,1.000000,3.000,0.059497,0,1
11,negative,0.0,10,PACER-A,1.000000,1.000000,3.000,0.251931,0,1
11,negative,0.0,10,PACER-C,1.000000,1.000000,3.000,0.231048,0,1
11,negative,0.0,10,PACER-X,1.000000,1.000000,3.000,0.227466,0,1
11,negative,0.0,11,PostFilter-IVF,0.500000,0.000000,567.000,0.500321,0,0
11,negative,0.0,11,PreFilter-IVF,1.000000,1.000000,170.000,0.379790,0,0
11,negative,0.0,11,BitmapSlice-Exact,1.000000,1.000000,2.000,0.055207,0,1
11,negative,0.0,11,PACER-A,1.000000,1.000000,2.000,0.181929,0,1
11,negative,0.0,11,PACER-C,1.000000,1.000000,2.000,0.170242,0,1
11,negative,0.0,11,PACER-X,1.000000,1.000000,2.000,0.170267,0,1
11,negative,0.0,12,PostFilter-IVF,0.700000,0.000000,549.000,0.455288,0,0
11,negative,0.0,12,PreFilter-IVF,0.700000,0.000000,662.000,1.421817,0,0
11,negative,0.0,12,BitmapSlice-Exact,1.000000,1.000000,1746.000,2.067540,0,1
11,negative,0.0,12,PACER-A,1.000000,1.000000,700.000,2.581128,0,0
11,negative,0.0,12,PACER-C,1.000000,1.000000,1746.000,6.405552,0,1
11,negative,0.0,12,PACER-X,1.000000,1.000000,1746.000,5.657679,0,1
11,negative,0.0,13,PostFilter-IVF,1.000000,1.000000,557.000,0.487793,0,0
11,negative,0.0,13,PreFilter-IVF,1.000000,1.000000,605.000,0.890337,0,0
11,negative,0.0,13,BitmapSlice-Exact,1.000000,1.000000,91.000,0.195045,0,1
11,negative,0.0,13,PACER-A,1.000000,1.000000,91.000,2.398744,0,1
11,negative,0.0,13,PACER-C,1.000000,1.000000,91.000,2.749995,0,1
11,negative,0.0,13,PACER-X,1.000000,1.000000,91.000,2.294880,0,1
11,negative,0.0,14,PostFilter-IVF,0.333333,0.000000,453.000,0.460419,0,0
11,negative,0.0,14,PreFilter-IVF,1.000000,1.000000,250.000,0.579208,0,0
11,negative,0.0,14,BitmapSlice-Exact,1.000000,1.000000,3.000,0.058246,0,1
11,negative,0.0,14,PACER-A,1.000000,1.000000,3.000,0.261689,0,1
11,negative,0.0,14,PACER-C,1.000000,1.000000,3.000,0.304439,0,1
11,negative,0.0,14,PACER-X,1.000000,1.000000,3.000,0.277616,0,1
11,negative,0.0,15,PostFilter-IVF,0.000000,0.000000,504.000,0.405183,0,0
11,negative,0.0,15,PreFilter-IVF,1.000000,1.000000,34.000,0.323895,0,0
11,negative,0.0,15,BitmapSlice-Exact,1.000000,1.000000,1.000,0.084329,0,1
11,negative,0.0,15,PACER-A,1.000000,1.000000,1.000,0.128814,0,1
11,negative,0.0,15,PACER-C,1.000000,1.000000,1.000,0.115833,0,1
11,negative,0.0,15,PACER-X,1.000000,1.000000,1.000,0.111422,0,1
11,negative,0.12,0,PostFilter-IVF,0.600000,0.000000,561.000,0.609542,0,0
11,negative,0.12,0,PreFilter-IVF,0.500000,0.000000,526.000,0.979963,0,0
11,negative,0.12,0,BitmapSlice-Exact,1.000000,1.000000,1768.000,1.934590,0,1
11,negative,0.12,0,PACER-A,0.800000,0.000000,700.000,2.392074,0,0
11,negative,0.12,0,PACER-C,1.000000,1.000000,1768.000,5.459330,0,1
11,negative,0.12,0,PACER-X,1.000000,1.000000,1768.000,5.238603,0,1
11,negative,0.12,1,PostFilter-IVF,0.500000,0.000000,526.000,0.547451,0,0
11,negative,0.12,1,PreFilter-IVF,0.500000,0.000000,688.000,0.855738,0,0
11,negative,0.12,1,BitmapSlice-Exact,1.000000,1.000000,109.000,0.189271,0,1
11,negative,0.12,1,PACER-A,1.000000,1.000000,109.000,2.944136,0,1
11,negative,0.12,1,PACER-C,1.000000,1.000000,109.000,2.853187,0,1
11,negative,0.12,1,PACER-X,1.000000,1.000000,109.000,2.946583,0,1
11,negative,0.12,2,PostFilter-IVF,0.000000,0.000000,549.000,0.427948,0,0
11,negative,0.12,2,PreFilter-IVF,1.000000,1.000000,275.000,0.502837,0,0
11,negative,0.12,2,BitmapSlice-Exact,1.000000,1.000000,3.000,0.058974,0,1
11,negative,0.12,2,PACER-A,1.000000,1.000000,3.000,0.252389,0,1
11,negative,0.12,2,PACER-C,1.000000,1.000000,3.000,0.237495,0,1
11,negative,0.12,2,PACER-X,1.000000,1.000000,3.000,0.232993,0,1
11,negative,0.12,3,PostFilter-IVF,0.000000,0.000000,637.000,0.515662,0,0
11,negative,0.12,3,PreFilter-IVF,1.000000,1.000000,160.000,0.411180,0,0
11,negative,0.12,3,BitmapSlice-Exact,1.000000,1.000000,2.000,0.056629,0,1
11,negative,0.12,3,PACER-A,1.000000,1.000000,2.000,0.190606,0,1
11,negative,0.12,3,PACER-C,1.000000,1.000000,2.000,0.176188,0,1
11,negative,0.12,3,PACER-X,1.000000,1.000000,2.000,0.170373,0,1
11,negative,0.12,4,PostFilter-IVF,0.800000,0.000000,605.000,0.489128,0,0
11,negative,0.12,4,PreFilter-IVF,0.700000,0.000000,607.000,1.203527,0,0
11,negative,0.12,4,BitmapSlice-Exact,1.000000,1.000000,1698.000,1.988456,0,1
11,negative,0.12,4,PACER-A,1.000000,1.000000,700.000,2.467458,0,0
11,negative,0.12,4,PACER-C,1.000000,1.000000,1698.000,5.489152,0,1
11,negative,0.12,4,PACER-X,1.000000,1.000000,1698.000,5.580364,0,1
11,negative,0.12,5,PostFilter-IVF,0.400000,0.000000,700.000,0.605327,0,0
11,negative,0.12,5,PreFilter-IVF,0.400000,0.000000,728.000,0.962337,0,0
11,negative,0.12,5,BitmapSlice-Exact,1.000000,1.000000,110.000,0.209789,0,1
11,negative,0.12,5,PACER-A,1.000000,1.000000,110.000,2.746248,0,1
11,negative,0.12,5,PACER-C,1.000000,1.000000,110.000,3.761831,0,1
11,negative,0.12,5,PACER-X,1.000000,1.000000,110.000,2.657056,0,1
11,negative,0.12,6,PostFilter-IVF,0.000000,0.000000,627.000,0.491680,0,0
11,negative,0.12,6,PreFilter-IVF,1.000000,1.000000,147.000,0.425664,0,0
11,negative,0.12,6,BitmapSlice-Exact,1.000000,1.000000,4.000,0.089991,0,1
11,negative,0.12,6,PACER-A,1.000000,1.000000,4.000,0.194639,0,1
11,negative,0.12,6,PACER-C,1.000000,1.000000,4.000,0.202900,0,1
11,negative,0.12,6,PACER-X,1.000000,1.000000,4.000,0.196320,0,1
11,negative,0.12,7,PostFilter-IVF,0.000000,0.000000,533.000,0.440901,0,0
11,negative,0.12,7,PreFilter-IVF,1.000000,1.000000,174.000,0.396063,0,0
11,negative,0.12,7,BitmapSlice-Exact,1.000000,1.000000,2.000,0.069240,0,1
11,negative,0.12,7,PACER-A,1.000000,1.000000,2.000,0.195118,0,1
11,negative,0.12,7,PACER-C,1.000000,1.000000,2.000,0.190187,0,1
11,negative,0.12,7,PACER-X,1.000000,1.000000,2.000,0.173158,0,1
11,negative,0.12,8,PostFilter-IVF,0.600000,0.000000,573.000,0.518479,0,0
11,negative,0.12,8,PreFilter-IVF,0.200000,0.000000,517.000,1.402190,0,0
11,negative,0.12,8,BitmapSlice-Exact,1.000000,1.000000,1758.000,1.973367,0,1
11,negative,0.12,8,PACER-A,0.900000,0.000000,700.000,2.457949,0,0
11,negative,0.12,8,PACER-C,1.000000,1.000000,1758.000,5.551764,0,1
11,negative,0.12,8,PACER-X,1.000000,1.000000,1758.000,5.558849,0,1
11,negative,0.12,9,PostFilter-IVF,0.800000,0.000000,676.000,0.590545,0,0
11,negative,0.12,9,PreFilter-IVF,0.800000,0.000000,702.000,0.853544,0,0
11,negative,0.12,9,BitmapSlice-Exact,1.000000,1.000000,101.000,0.228176,0,1
11,negative,0.12,9,PACER-A,1.000000,1.000000,101.000,2.783314,0,1
11,negative,0.12,9,PACER-C,1.000000,1.000000,101.000,2.754155,0,1
11,negative,0.12,9,PACER-X,1.000000,1.000000,101.000,2.719107,0,1
11,negative,0.12,10,PostFilter-IVF,0.000000,0.000000,595.000,0.609574,0,0
11,negative,0.12,10,PreFilter-IVF,1.000000,1.000000,201.000,0.695789,0,0
11,negative,0.12,10,BitmapSlice-Exact,1.000000,1.000000,3.000,0.126585,0,1
11,negative,0.12,10,PACER-A,1.000000,1.000000,3.000,0.337431,0,1
11,negative,0.12,10,PACER-C,1.000000,1.000000,3.000,0.246118,0,1
11,negative,0.12,10,PACER-X,1.000000,1.000000,3.000,0.249876,0,1
11,negative,0.12,11,PostFilter-IVF,0.500000,0.000000,567.000,0.468064,0,0
11,negative,0.12,11,PreFilter-IVF,1.000000,1.000000,170.000,0.452872,0,0
11,negative,0.12,11,BitmapSlice-Exact,1.000000,1.000000,2.000,0.057162,0,1
11,negative,0.12,11,PACER-A,1.000000,1.000000,2.000,0.213087,0,1
11,negative,0.12,11,PACER-C,1.000000,1.000000,2.000,0.176816,0,1
11,negative,0.12,11,PACER-X,1.000000,1.000000,2.000,0.168962,0,1
11,negative,0.12,12,PostFilter-IVF,0.700000,0.000000,549.000,0.502479,0,0
11,negative,0.12,12,PreFilter-IVF,0.700000,0.000000,662.000,1.494355,0,0
11,negative,0.12,12,BitmapSlice-Exact,1.000000,1.000000,1746.000,1.997690,0,1
11,negative,0.12,12,PACER-A,1.000000,1.000000,700.000,2.415093,0,0
11,negative,0.12,12,PACER-C,1.000000,1.000000,1746.000,5.530446,0,1
11,negative,0.12,12,PACER-X,1.000000,1.000000,1746.000,5.553427,0,1
11,negative,0.12,13,PostFilter-IVF,0.900000,0.000000,557.000,0.486817,0,0
11,negative,0.12,13,PreFilter-IVF,1.000000,1.000000,605.000,0.886138,0,0
11,negative,0.12,13,BitmapSlice-Exact,1.000000,1.000000,91.000,0.257893,0,1
11,negative,0.12,13,PACER-A,1.000000,1.000000,91.000,2.711332,0,1
11,negative,0.12,13,PACER-C,1.000000,1.000000,91.000,2.433300,0,1
11,negative,0.12,13,PACER-X,1.000000,1.000000,91.000,2.358643,0,1
11,negative,0.12,14,PostFilter-IVF,0.333333,0.000000,453.000,0.367584,0,0
11,negative,0.12,14,PreFilter-IVF,1.000000,1.000000,250.000,0.550644,0,0
11,negative,0.12,14,BitmapSlice-Exact,1.000000,1.000000,3.000,0.059989,0,1
11,negative,0.12,14,PACER-A,1.000000,1.000000,3.000,0.259104,0,1
11,negative,0.12,14,PACER-C,1.000000,1.000000,3.000,0.235041,0,1
11,negative,0.12,14,PACER-X,1.000000,1.000000,3.000,0.367846,0,1
11,negative,0.12,15,PostFilter-IVF,0.000000,0.000000,504.000,0.435881,0,0
11,negative,0.12,15,PreFilter-IVF,1.000000,1.000000,34.000,0.303658,0,0
11,negative,0.12,15,BitmapSlice-Exact,1.000000,1.000000,1.000,0.054152,0,1
11,negative,0.12,15,PACER-A,1.000000,1.000000,1.000,0.124104,0,1
11,negative,0.12,15,PACER-C,1.000000,1.000000,1.000,0.118260,0,1
11,negative,0.12,15,PACER-X,1.000000,1.000000,1.000,0.116881,0,1
11,negative,0.24,0,PostFilter-IVF,0.600000,0.000000,561.000,0.747043,0,0
11,negative,0.24,0,PreFilter-IVF,0.600000,0.000000,526.000,1.263199,0,0
11,negative,0.24,0,BitmapSlice-Exact,1.000000,1.000000,1768.000,2.033033,0,1
11,negative,0.24,0,PACER-A,0.800000,0.000000,700.000,2.599809,0,0
11,negative,0.24,0,PACER-C,1.000000,1.000000,1768.000,7.552774,0,1
11,negative,0.24,0,PACER-X,1.000000,1.000000,1768.000,8.046734,0,1
11,negative,0.24,1,PostFilter-IVF,0.500000,0.000000,526.000,0.451032,0,0
11,negative,0.24,1,PreFilter-IVF,0.500000,0.000000,688.000,0.965681,0,0
11,negative,0.24,1,BitmapSlice-Exact,1.000000,1.000000,109.000,0.215450,0,1
11,negative,0.24,1,PACER-A,1.000000,1.000000,109.000,2.846604,0,1
11,negative,0.24,1,PACER-C,1.000000,1.000000,109.000,2.807406,0,1
11,negative,0.24,1,PACER-X,1.000000,1.000000,109.000,2.848390,0,1
11,negative,0.24,2,PostFilter-IVF,0.000000,0.000000,549.000,0.417696,0,0
11,negative,0.24,2,PreFilter-IVF,1.000000,1.000000,275.000,0.503675,0,0
11,negative,0.24,2,BitmapSlice-Exact,1.000000,1.000000,3.000,0.083570,0,1
11,negative,0.24,2,PACER-A,1.000000,1.000000,3.000,0.264448,0,1
11,negative,0.24,2,PACER-C,1.000000,1.000000,3.000,0.235250,0,1
11,negative,0.24,2,PACER-X,1.000000,1.000000,3.000,0.239463,0,1
11,negative,0.24,3,PostFilter-IVF,0.000000,0.000000,637.000,0.887578,0,0
11,negative,0.24,3,PreFilter-IVF,1.000000,1.000000,160.000,0.704582,0,0
11,negative,0.24,3,BitmapSlice-Exact,1.000000,1.000000,2.000,0.083442,0,1
11,negative,0.24,3,PACER-A,1.000000,1.000000,2.000,0.262019,0,1
11,negative,0.24,3,PACER-C,1.000000,1.000000,2.000,0.247824,0,1
11,negative,0.24,3,PACER-X,1.000000,1.000000,2.000,0.239385,0,1
11,negative,0.24,4,PostFilter-IVF,0.800000,0.000000,605.000,0.942073,0,0
11,negative,0.24,4,PreFilter-IVF,0.700000,0.000000,607.000,2.246423,0,0
11,negative,0.24,4,BitmapSlice-Exact,1.000000,1.000000,1698.000,3.769291,0,1
11,negative,0.24,4,PACER-A,1.000000,1.000000,700.000,3.773275,0,0
11,negative,0.24,4,PACER-C,1.000000,1.000000,1698.000,5.498635,0,1
11,negative,0.24,4,PACER-X,1.000000,1.000000,1698.000,5.985376,0,1
11,negative,0.24,5,PostFilter-IVF,0.400000,0.000000,700.000,0.778077,0,0
11,negative,0.24,5,PreFilter-IVF,0.400000,0.000000,728.000,0.912978,0,0
11,negative,0.24,5,BitmapSlice-Exact,1.000000,1.000000,110.000,0.268432,0,1
11,negative,0.24,5,PACER-A,1.000000,1.000000,110.000,2.847308,0,1
11,negative,0.24,5,PACER-C,1.000000,1.000000,110.000,3.978835,0,1
11,negative,0.24,5,PACER-X,1.000000,1.000000,110.000,4.508964,0,1
11,negative,0.24,6,PostFilter-IVF,0.000000,0.000000,627.000,0.611183,0,0
11,negative,0.24,6,PreFilter-IVF,1.000000,1.000000,147.000,0.606122,0,0
11,negative,0.24,6,BitmapSlice-Exact,1.000000,1.000000,4.000,0.062001,0,1
11,negative,0.24,6,PACER-A,1.000000,1.000000,4.000,0.214294,0,1
11,negative,0.24,6,PACER-C,1.000000,1.000000,4.000,0.189135,0,1
11,negative,0.24,6,PACER-X,1.000000,1.000000,4.000,0.217647,0,1
11,negative,0.24,7,PostFilter-IVF,0.000000,0.000000,533.000,0.418699,0,0
11,negative,0.24,7,PreFilter-IVF,1.000000,1.000000,174.000,0.353116,0,0
11,negative,0.24,7,BitmapSlice-Exact,1.000000,1.000000,2.000,0.056580,0,1
11,negative,0.24,7,PACER-A,1.000000,1.000000,2.000,0.236746,0,1
11,negative,0.24,7,PACER-C,1.000000,1.000000,2.000,0.321180,0,1
11,negative,0.24,7,PACER-X,1.000000,1.000000,2.000,0.329506,0,1
11,negative,0.24,8,PostFilter-IVF,0.600000,0.000000,573.000,0.847146,0,0
11,negative,0.24,8,PreFilter-IVF,0.300000,0.000000,517.000,2.525579,0,0
11,negative,0.24,8,BitmapSlice-Exact,1.000000,1.000000,1758.000,3.761702,0,1
11,negative,0.24,8,PACER-A,0.900000,0.000000,700.000,2.552015,0,0
11,negative,0.24,8,PACER-C,1.000000,1.000000,1758.000,6.311666,0,1
11,negative,0.24,8,PACER-X,1.000000,1.000000,1758.000,5.644887,0,1
11,negative,0.24,9,PostFilter-IVF,0.900000,0.000000,676.000,0.532720,0,0
11,negative,0.24,9,PreFilter-IVF,0.900000,0.000000,702.000,0.933556,0,0
11,negative,0.24,9,BitmapSlice-Exact,1.000000,1.000000,101.000,0.212115,0,1
11,negative,0.24,9,PACER-A,1.000000,1.000000,101.000,2.663197,0,1
11,negative,0.24,9,PACER-C,1.000000,1.000000,101.000,4.048344,0,1
11,negative,0.24,9,PACER-X,1.000000,1.000000,101.000,3.032004,0,1
11,negative,0.24,10,PostFilter-IVF,0.000000,0.000000,595.000,0.531759,0,0
11,negative,0.24,10,PreFilter-IVF,1.000000,1.000000,201.000,0.487304,0,0
11,negative,0.24,10,BitmapSlice-Exact,1.000000,1.000000,3.000,0.058791,0,1
11,negative,0.24,10,PACER-A,1.000000,1.000000,3.000,0.314814,0,1
11,negative,0.24,10,PACER-C,1.000000,1.000000,3.000,0.254620,0,1
11,negative,0.24,10,PACER-X,1.000000,1.000000,3.000,0.292168,0,1
11,negative,0.24,11,PostFilter-IVF,0.500000,0.000000,567.000,0.585039,0,0
11,negative,0.24,11,PreFilter-IVF,1.000000,1.000000,170.000,0.460381,0,0
11,negative,0.24,11,BitmapSlice-Exact,1.000000,1.000000,2.000,0.062158,0,1
11,negative,0.24,11,PACER-A,1.000000,1.000000,2.000,0.206124,0,1
11,negative,0.24,11,PACER-C,1.000000,1.000000,2.000,0.176634,0,1
11,negative,0.24,11,PACER-X,1.000000,1.000000,2.000,0.228370,0,1
11,negative,0.24,12,PostFilter-IVF,0.700000,0.000000,549.000,0.525091,0,0
11,negative,0.24,12,PreFilter-IVF,0.700000,0.000000,662.000,1.571898,0,0
11,negative,0.24,12,BitmapSlice-Exact,1.000000,1.000000,1746.000,1.994956,0,1
11,negative,0.24,12,PACER-A,0.900000,0.000000,700.000,2.301180,0,0
11,negative,0.24,12,PACER-C,1.000000,1.000000,1746.000,5.416406,0,1
11,negative,0.24,12,PACER-X,1.000000,1.000000,1746.000,5.474662,0,1
11,negative,0.24,13,PostFilter-IVF,0.900000,0.000000,557.000,0.492244,0,0
11,negative,0.24,13,PreFilter-IVF,1.000000,1.000000,605.000,1.084581,0,0
11,negative,0.24,13,BitmapSlice-Exact,1.000000,1.000000,91.000,0.171847,0,1
11,negative,0.24,13,PACER-A,1.000000,1.000000,91.000,2.297081,0,1
11,negative,0.24,13,PACER-C,1.000000,1.000000,91.000,2.166400,0,1
11,negative,0.24,13,PACER-X,1.000000,1.000000,91.000,2.119795,0,1
11,negative,0.24,14,PostFilter-IVF,0.250000,0.000000,584.000,0.462456,0,0
11,negative,0.24,14,PreFilter-IVF,1.000000,1.000000,270.000,0.520532,0,0
11,negative,0.24,14,BitmapSlice-Exact,1.000000,1.000000,4.000,0.078577,0,1
11,negative,0.24,14,PACER-A,1.000000,1.000000,4.000,0.267852,0,1
11,negative,0.24,14,PACER-C,1.000000,1.000000,4.000,0.270413,0,1
11,negative,0.24,14,PACER-X,1.000000,1.000000,4.000,0.236286,0,1
11,negative,0.24,15,PostFilter-IVF,0.000000,0.000000,504.000,0.399470,0,0
11,negative,0.24,15,PreFilter-IVF,1.000000,1.000000,34.000,0.296418,0,0
11,negative,0.24,15,BitmapSlice-Exact,1.000000,1.000000,1.000,0.052180,0,1
11,negative,0.24,15,PACER-A,1.000000,1.000000,1.000,0.145827,0,1
11,negative,0.24,15,PACER-C,1.000000,1.000000,1.000,0.158269,0,1
11,negative,0.24,15,PACER-X,1.000000,1.000000,1.000,0.113220,0,1
23,positive,0.0,0,PostFilter-IVF,0.700000,0.000000,604.000,0.572161,0,0
23,positive,0.0,0,PreFilter-IVF,0.700000,0.000000,614.000,1.421202,0,0
23,positive,0.0,0,BitmapSlice-Exact,1.000000,1.000000,1767.000,2.101302,0,1
23,positive,0.0,0,PACER-A,1.000000,1.000000,700.000,2.819624,0,0
23,positive,0.0,0,PACER-C,1.000000,1.000000,1767.000,5.383454,0,1
23,positive,0.0,0,PACER-X,1.000000,1.000000,1767.000,5.372343,0,1
23,positive,0.0,1,PostFilter-IVF,0.400000,0.000000,495.000,0.556703,0,0
23,positive,0.0,1,PreFilter-IVF,0.600000,0.000000,525.000,1.116537,0,0
23,positive,0.0,1,BitmapSlice-Exact,1.000000,1.000000,109.000,0.270694,0,1
23,positive,0.0,1,PACER-A,1.000000,1.000000,109.000,2.625140,0,1
23,positive,0.0,1,PACER-C,1.000000,1.000000,109.000,2.420549,0,1
23,positive,0.0,1,PACER-X,1.000000,1.000000,109.000,2.740288,0,1
23,positive,0.0,2,PostFilter-IVF,1.000000,1.000000,538.000,0.423858,0,0
23,positive,0.0,2,PreFilter-IVF,1.000000,1.000000,76.000,0.360765,0,0
23,positive,0.0,2,BitmapSlice-Exact,1.000000,1.000000,3.000,0.058961,0,1
23,positive,0.0,2,PACER-A,1.000000,1.000000,3.000,0.127004,0,1
23,positive,0.0,2,PACER-C,1.000000,1.000000,3.000,0.131839,0,1
23,positive,0.0,2,PACER-X,1.000000,1.000000,3.000,0.155721,0,1
23,positive,0.0,3,PostFilter-IVF,1.000000,1.000000,473.000,0.620126,0,0
23,positive,0.0,3,PreFilter-IVF,1.000000,1.000000,148.000,0.456957,0,0
23,positive,0.0,3,BitmapSlice-Exact,1.000000,1.000000,2.000,0.055809,0,1
23,positive,0.0,3,PACER-A,1.000000,1.000000,2.000,0.204160,0,1
23,positive,0.0,3,PACER-C,1.000000,1.000000,2.000,0.176785,0,1
23,positive,0.0,3,PACER-X,1.000000,1.000000,2.000,0.164342,0,1
23,positive,0.0,4,PostFilter-IVF,0.700000,0.000000,623.000,0.541923,0,0
23,positive,0.0,4,PreFilter-IVF,0.800000,0.000000,693.000,2.033000,0,0
23,positive,0.0,4,BitmapSlice-Exact,1.000000,1.000000,1757.000,1.938860,0,1
23,positive,0.0,4,PACER-A,0.900000,0.000000,700.000,2.236225,0,0
23,positive,0.0,4,PACER-C,1.000000,1.000000,1757.000,5.326616,0,1
23,positive,0.0,4,PACER-X,1.000000,1.000000,1757.000,5.499714,0,1
23,positive,0.0,5,PostFilter-IVF,0.700000,0.000000,628.000,0.486772,0,0
23,positive,0.0,5,PreFilter-IVF,0.700000,0.000000,635.000,1.502811,0,0
23,positive,0.0,5,BitmapSlice-Exact,1.000000,1.000000,128.000,0.204480,0,1
23,positive,0.0,5,PACER-A,1.000000,1.000000,128.000,1.992576,0,1
23,positive,0.0,5,PACER-C,1.000000,1.000000,128.000,1.896576,0,1
23,positive,0.0,5,PACER-X,1.000000,1.000000,128.000,2.585277,0,1
23,positive,0.0,6,PostFilter-IVF,0.800000,0.000000,663.000,0.502755,0,0
23,positive,0.0,6,PreFilter-IVF,1.000000,1.000000,269.000,0.731904,0,0
23,positive,0.0,6,BitmapSlice-Exact,1.000000,1.000000,5.000,0.065778,0,1
23,positive,0.0,6,PACER-A,1.000000,1.000000,5.000,0.271719,0,1
23,positive,0.0,6,PACER-C,1.000000,1.000000,5.000,0.244430,0,1
23,positive,0.0,6,PACER-X,1.000000,1.000000,5.000,0.271838,0,1
23,positive,0.0,7,PostFilter-IVF,1.000000,1.000000,578.000,0.601879,0,0
23,positive,0.0,7,PreFilter-IVF,1.000000,1.000000,52.000,0.588335,0,0
23,positive,0.0,7,BitmapSlice-Exact,1.000000,1.000000,2.000,0.123454,0,1
23,positive,0.0,7,PACER-A,1.000000,1.000000,2.000,0.225975,0,1
23,positive,0.0,7,PACER-C,1.000000,1.000000,2.000,0.152649,0,1
23,positive,0.0,7,PACER-X,1.000000,1.000000,2.000,0.108268,0,1
23,positive,0.0,8,PostFilter-IVF,0.900000,0.000000,580.000,0.467179,0,0
23,positive,0.0,8,PreFilter-IVF,0.900000,0.000000,583.000,1.527186,0,0
23,positive,0.0,8,BitmapSlice-Exact,1.000000,1.000000,1792.000,1.971263,0,1
23,positive,0.0,8,PACER-A,1.000000,1.000000,700.000,2.314928,0,0
23,positive,0.0,8,PACER-C,1.000000,1.000000,1792.000,6.393972,0,1
23,positive,0.0,8,PACER-X,1.000000,1.000000,1792.000,5.525645,0,1
23,positive,0.0,9,PostFilter-IVF,0.600000,0.000000,553.000,0.452977,0,0
23,positive,0.0,9,PreFilter-IVF,0.600000,0.000000,623.000,0.990595,0,0
23,positive,0.0,9,BitmapSlice-Exact,1.000000,1.000000,92.000,0.167479,0,1
23,positive,0.0,9,PACER-A,1.000000,1.000000,92.000,2.603974,0,1
23,positive,0.0,9,PACER-C,1.000000,1.000000,92.000,2.391712,0,1
23,positive,0.0,9,PACER-X,1.000000,1.000000,92.000,2.528918,0,1
23,positive,0.0,10,PostFilter-IVF,1.000000,1.000000,618.000,0.518845,0,0
23,positive,0.0,10,PreFilter-IVF,1.000000,1.000000,100.000,0.344129,0,0
23,positive,0.0,10,BitmapSlice-Exact,1.000000,1.000000,4.000,0.060851,0,1
23,positive,0.0,10,PACER-A,1.000000,1.000000,4.000,0.142261,0,1
23,positive,0.0,10,PACER-C,1.000000,1.000000,4.000,0.115334,0,1
23,positive,0.0,10,PACER-X,1.000000,1.000000,4.000,0.108805,0,1
23,positive,0.0,11,PostFilter-IVF,1.000000,1.000000,630.000,0.903939,0,0
23,positive,0.0,11,PreFilter-IVF,1.000000,1.000000,46.000,0.504399,0,0
23,positive,0.0,11,BitmapSlice-Exact,1.000000,1.000000,1.000,0.063936,0,1
23,positive,0.0,11,PACER-A,1.000000,1.000000,1.000,0.163000,0,1
23,positive,0.0,11,PACER-C,1.000000,1.000000,1.000,0.116005,0,1
23,positive,0.0,11,PACER-X,1.000000,1.000000,1.000,0.113808,0,1
23,positive,0.0,12,PostFilter-IVF,0.900000,0.000000,552.000,0.456175,0,0
23,positive,0.0,12,PreFilter-IVF,0.900000,0.000000,552.000,2.578849,0,0
23,positive,0.0,12,BitmapSlice-Exact,1.000000,1.000000,1782.000,2.301630,0,1
23,positive,0.0,12,PACER-A,1.000000,1.000000,700.000,2.738754,0,0
23,positive,0.0,12,PACER-C,1.000000,1.000000,1782.000,5.639175,0,1
23,positive,0.0,12,PACER-X,1.000000,1.000000,1782.000,6.032856,0,1
23,positive,0.0,13,PostFilter-IVF,0.500000,0.000000,623.000,0.518548,0,0
23,positive,0.0,13,PreFilter-IVF,0.600000,0.000000,607.000,0.949211,0,0
23,positive,0.0,13,BitmapSlice-Exact,1.000000,1.000000,108.000,0.204390,0,1
23,positive,0.0,13,PACER-A,1.000000,1.000000,108.000,2.753314,0,1
23,positive,0.0,13,PACER-C,1.000000,1.000000,108.000,2.768787,0,1
23,positive,0.0,13,PACER-X,1.000000,1.000000,108.000,2.708085,0,1
23,positive,0.0,14,PostFilter-IVF,0.666667,0.000000,559.000,0.437128,0,0
23,positive,0.0,14,PreFilter-IVF,1.000000,1.000000,194.000,0.431791,0,0
23,positive,0.0,14,BitmapSlice-Exact,1.000000,1.000000,3.000,0.066150,0,1
23,positive,0.0,14,PACER-A,1.000000,1.000000,3.000,0.221974,0,1
23,positive,0.0,14,PACER-C,1.000000,1.000000,3.000,0.267905,0,1
23,positive,0.0,14,PACER-X,1.000000,1.000000,3.000,0.232821,0,1
23,positive,0.0,15,PostFilter-IVF,0.666667,0.000000,516.000,0.733944,0,0
23,positive,0.0,15,PreFilter-IVF,1.000000,1.000000,173.000,0.534424,0,0
23,positive,0.0,15,BitmapSlice-Exact,1.000000,1.000000,3.000,0.060421,0,1
23,positive,0.0,15,PACER-A,1.000000,1.000000,3.000,0.252063,0,1
23,positive,0.0,15,PACER-C,1.000000,1.000000,3.000,0.275316,0,1
23,positive,0.0,15,PACER-X,1.000000,1.000000,3.000,0.233331,0,1
23,positive,0.12,0,PostFilter-IVF,0.600000,0.000000,604.000,0.720646,0,0
23,positive,0.12,0,PreFilter-IVF,0.600000,0.000000,614.000,1.581370,0,0
23,positive,0.12,0,BitmapSlice-Exact,1.000000,1.000000,1767.000,2.117435,0,1
23,positive,0.12,0,PACER-A,1.000000,1.000000,700.000,2.583582,0,0
23,positive,0.12,0,PACER-C,1.000000,1.000000,1767.000,5.714971,0,1
23,positive,0.12,0,PACER-X,1.000000,1.000000,1767.000,5.739991,0,1
23,positive,0.12,1,PostFilter-IVF,0.400000,0.000000,495.000,0.460668,0,0
23,positive,0.12,1,PreFilter-IVF,0.600000,0.000000,525.000,1.072386,0,0
23,positive,0.12,1,BitmapSlice-Exact,1.000000,1.000000,109.000,0.215896,0,1
23,positive,0.12,1,PACER-A,1.000000,1.000000,109.000,2.522297,0,1
23,positive,0.12,1,PACER-C,1.000000,1.000000,109.000,2.743839,0,1
23,positive,0.12,1,PACER-X,1.000000,1.000000,109.000,2.524191,0,1
23,positive,0.12,2,PostFilter-IVF,1.000000,1.000000,538.000,0.538933,0,0
23,positive,0.12,2,PreFilter-IVF,1.000000,1.000000,76.000,0.355216,0,0
23,positive,0.12,2,BitmapSlice-Exact,1.000000,1.000000,3.000,0.103233,0,1
23,positive,0.12,2,PACER-A,1.000000,1.000000,3.000,0.130539,0,1
23,positive,0.12,2,PACER-C,1.000000,1.000000,3.000,0.109066,0,1
23,positive,0.12,2,PACER-X,1.000000,1.000000,3.000,0.109636,0,1
23,positive,0.12,3,PostFilter-IVF,1.000000,1.000000,473.000,0.398358,0,0
23,positive,0.12,3,PreFilter-IVF,1.000000,1.000000,148.000,0.517283,0,0
23,positive,0.12,3,BitmapSlice-Exact,1.000000,1.000000,2.000,0.059697,0,1
23,positive,0.12,3,PACER-A,1.000000,1.000000,2.000,0.212291,0,1
23,positive,0.12,3,PACER-C,1.000000,1.000000,2.000,0.168842,0,1
23,positive,0.12,3,PACER-X,1.000000,1.000000,2.000,0.164081,0,1
23,positive,0.12,4,PostFilter-IVF,0.700000,0.000000,623.000,0.809936,0,0
23,positive,0.12,4,PreFilter-IVF,0.600000,0.000000,693.000,2.595527,0,0
23,positive,0.12,4,BitmapSlice-Exact,1.000000,1.000000,1757.000,2.403360,0,1
23,positive,0.12,4,PACER-A,0.900000,0.000000,700.000,3.121078,0,0
23,positive,0.12,4,PACER-C,1.000000,1.000000,1757.000,6.282158,0,1
23,positive,0.12,4,PACER-X,1.000000,1.000000,1757.000,7.008636,0,1
23,positive,0.12,5,PostFilter-IVF,0.700000,0.000000,628.000,0.509633,0,0
23,positive,0.12,5,PreFilter-IVF,0.700000,0.000000,635.000,1.688204,0,0
23,positive,0.12,5,BitmapSlice-Exact,1.000000,1.000000,128.000,0.234936,0,1
23,positive,0.12,5,PACER-A,1.000000,1.000000,128.000,2.484799,0,1
23,positive,0.12,5,PACER-C,1.000000,1.000000,128.000,2.246144,0,1
23,positive,0.12,5,PACER-X,1.000000,1.000000,128.000,2.195526,0,1
23,positive,0.12,6,PostFilter-IVF,0.800000,0.000000,663.000,1.041316,0,0
23,positive,0.12,6,PreFilter-IVF,1.000000,1.000000,269.000,0.898113,0,0
23,positive,0.12,6,BitmapSlice-Exact,1.000000,1.000000,5.000,0.090609,0,1
23,positive,0.12,6,PACER-A,1.000000,1.000000,5.000,0.373181,0,1
23,positive,0.12,6,PACER-C,1.000000,1.000000,5.000,0.350624,0,1
23,positive,0.12,6,PACER-X,1.000000,1.000000,5.000,0.341195,0,1
23,positive,0.12,7,PostFilter-IVF,1.000000,1.000000,578.000,0.882622,0,0
23,positive,0.12,7,PreFilter-IVF,1.000000,1.000000,52.000,0.546934,0,0
23,positive,0.12,7,BitmapSlice-Exact,1.000000,1.000000,2.000,0.084740,0,1
23,positive,0.12,7,PACER-A,1.000000,1.000000,2.000,0.170105,0,1
23,positive,0.12,7,PACER-C,1.000000,1.000000,2.000,0.166538,0,1
23,positive,0.12,7,PACER-X,1.000000,1.000000,2.000,0.152112,0,1
23,positive,0.12,8,PostFilter-IVF,0.900000,0.000000,580.000,0.601440,0,0
23,positive,0.12,8,PreFilter-IVF,0.900000,0.000000,583.000,1.416830,0,0
23,positive,0.12,8,BitmapSlice-Exact,1.000000,1.000000,1792.000,2.263716,0,1
23,positive,0.12,8,PACER-A,1.000000,1.000000,700.000,2.477910,0,0
23,positive,0.12,8,PACER-C,1.000000,1.000000,1792.000,5.922979,0,1
23,positive,0.12,8,PACER-X,1.000000,1.000000,1792.000,5.444211,0,1
23,positive,0.12,9,PostFilter-IVF,0.500000,0.000000,553.000,0.492042,0,0
23,positive,0.12,9,PreFilter-IVF,0.500000,0.000000,623.000,1.051317,0,0
23,positive,0.12,9,BitmapSlice-Exact,1.000000,1.000000,92.000,0.174745,0,1
23,positive,0.12,9,PACER-A,1.000000,1.000000,92.000,2.472228,0,1
23,positive,0.12,9,PACER-C,1.000000,1.000000,92.000,2.439926,0,1
23,positive,0.12,9,PACER-X,1.000000,1.000000,92.000,2.650748,0,1
23,positive,0.12,10,PostFilter-IVF,1.000000,1.000000,618.000,0.542771,0,0
23,positive,0.12,10,PreFilter-IVF,1.000000,1.000000,100.000,0.343684,0,0
23,positive,0.12,10,BitmapSlice-Exact,1.000000,1.000000,4.000,0.060696,0,1
23,positive,0.12,10,PACER-A,1.000000,1.000000,4.000,0.129245,0,1
23,positive,0.12,10,PACER-C,1.000000,1.000000,4.000,0.141343,0,1
23,positive,0.12,10,PACER-X,1.000000,1.000000,4.000,0.118147,0,1
23,positive,0.12,11,PostFilter-IVF,1.000000,1.000000,630.000,0.598017,0,0
23,positive,0.12,11,PreFilter-IVF,1.000000,1.000000,46.000,0.320414,0,0
23,positive,0.12,11,BitmapSlice-Exact,1.000000,1.000000,1.000,0.055926,0,1
23,positive,0.12,11,PACER-A,1.000000,1.000000,1.000,0.115857,0,1
23,positive,0.12,11,PACER-C,1.000000,1.000000,1.000,0.104818,0,1
23,positive,0.12,11,PACER-X,1.000000,1.000000,1.000,0.103350,0,1
23,positive,0.12,12,PostFilter-IVF,0.900000,0.000000,552.000,0.970957,0,0
23,positive,0.12,12,PreFilter-IVF,0.900000,0.000000,552.000,4.264642,0,0
23,positive,0.12,12,BitmapSlice-Exact,1.000000,1.000000,1782.000,3.965424,0,1
23,positive,0.12,12,PACER-A,1.000000,1.000000,700.000,3.712216,0,0
23,positive,0.12,12,PACER-C,1.000000,1.000000,1782.000,5.263753,0,1
23,positive,0.12,12,PACER-X,1.000000,1.000000,1782.000,5.342781,0,1
23,positive,0.12,13,PostFilter-IVF,0.500000,0.000000,623.000,0.495560,0,0
23,positive,0.12,13,PreFilter-IVF,0.600000,0.000000,607.000,0.795510,0,0
23,positive,0.12,13,BitmapSlice-Exact,1.000000,1.000000,108.000,0.293633,0,1
23,positive,0.12,13,PACER-A,1.000000,1.000000,108.000,2.618823,0,1
23,positive,0.12,13,PACER-C,1.000000,1.000000,108.000,2.339903,0,1
23,positive,0.12,13,PACER-X,1.000000,1.000000,108.000,3.287529,0,1
23,positive,0.12,14,PostFilter-IVF,0.666667,0.000000,559.000,0.455196,0,0
23,positive,0.12,14,PreFilter-IVF,1.000000,1.000000,194.000,0.404877,0,0
23,positive,0.12,14,BitmapSlice-Exact,1.000000,1.000000,3.000,0.061420,0,1
23,positive,0.12,14,PACER-A,1.000000,1.000000,3.000,0.203620,0,1
23,positive,0.12,14,PACER-C,1.000000,1.000000,3.000,0.219368,0,1
23,positive,0.12,14,PACER-X,1.000000,1.000000,3.000,0.206995,0,1
23,positive,0.12,15,PostFilter-IVF,0.500000,0.000000,516.000,0.523539,0,0
23,positive,0.12,15,PreFilter-IVF,1.000000,1.000000,173.000,0.412407,0,0
23,positive,0.12,15,BitmapSlice-Exact,1.000000,1.000000,3.000,0.058698,0,1
23,positive,0.12,15,PACER-A,1.000000,1.000000,3.000,0.223573,0,1
23,positive,0.12,15,PACER-C,1.000000,1.000000,3.000,0.287137,0,1
23,positive,0.12,15,PACER-X,1.000000,1.000000,3.000,0.207408,0,1
23,positive,0.24,0,PostFilter-IVF,0.700000,0.000000,604.000,0.607528,0,0
23,positive,0.24,0,PreFilter-IVF,0.700000,0.000000,614.000,1.330467,0,0
23,positive,0.24,0,BitmapSlice-Exact,1.000000,1.000000,1767.000,2.970446,0,1
23,positive,0.24,0,PACER-A,1.000000,1.000000,700.000,4.762728,0,0
23,positive,0.24,0,PACER-C,1.000000,1.000000,1767.000,9.217646,0,1
23,positive,0.24,0,PACER-X,1.000000,1.000000,1767.000,9.551197,0,1
23,positive,0.24,1,PostFilter-IVF,0.300000,0.000000,495.000,0.777729,0,0
23,positive,0.24,1,PreFilter-IVF,0.500000,0.000000,525.000,1.553806,0,0
23,positive,0.24,1,BitmapSlice-Exact,1.000000,1.000000,109.000,0.354858,0,1
23,positive,0.24,1,PACER-A,1.000000,1.000000,109.000,2.576376,0,1
23,positive,0.24,1,PACER-C,1.000000,1.000000,109.000,2.403429,0,1
23,positive,0.24,1,PACER-X,1.000000,1.000000,109.000,2.378261,0,1
23,positive,0.24,2,PostFilter-IVF,1.000000,1.000000,538.000,0.472123,0,0
23,positive,0.24,2,PreFilter-IVF,1.000000,1.000000,76.000,0.320742,0,0
23,positive,0.24,2,BitmapSlice-Exact,1.000000,1.000000,3.000,0.059138,0,1
23,positive,0.24,2,PACER-A,1.000000,1.000000,3.000,0.125381,0,1
23,positive,0.24,2,PACER-C,1.000000,1.000000,3.000,0.107778,0,1
23,positive,0.24,2,PACER-X,1.000000,1.000000,3.000,0.113508,0,1
23,positive,0.24,3,PostFilter-IVF,1.000000,1.000000,473.000,0.407778,0,0
23,positive,0.24,3,PreFilter-IVF,1.000000,1.000000,148.000,0.387804,0,0
23,positive,0.24,3,BitmapSlice-Exact,1.000000,1.000000,2.000,0.054493,0,1
23,positive,0.24,3,PACER-A,1.000000,1.000000,2.000,0.180387,0,1
23,positive,0.24,3,PACER-C,1.000000,1.000000,2.000,0.166242,0,1
23,positive,0.24,3,PACER-X,1.000000,1.000000,2.000,0.168775,0,1
23,positive,0.24,4,PostFilter-IVF,0.700000,0.000000,623.000,0.594166,0,0
23,positive,0.24,4,PreFilter-IVF,0.600000,0.000000,693.000,1.941714,0,0
23,positive,0.24,4,BitmapSlice-Exact,1.000000,1.000000,1757.000,2.123383,0,1
23,positive,0.24,4,PACER-A,0.900000,0.000000,700.000,2.331531,0,0
23,positive,0.24,4,PACER-C,1.000000,1.000000,1757.000,5.416813,0,1
23,positive,0.24,4,PACER-X,1.000000,1.000000,1757.000,5.251153,0,1
23,positive,0.24,5,PostFilter-IVF,0.700000,0.000000,628.000,0.533846,0,0
23,positive,0.24,5,PreFilter-IVF,0.700000,0.000000,635.000,1.537961,0,0
23,positive,0.24,5,BitmapSlice-Exact,1.000000,1.000000,128.000,0.205562,0,1
23,positive,0.24,5,PACER-A,1.000000,1.000000,128.000,1.925102,0,1
23,positive,0.24,5,PACER-C,1.000000,1.000000,128.000,1.957990,0,1
23,positive,0.24,5,PACER-X,1.000000,1.000000,128.000,1.907825,0,1
23,positive,0.24,6,PostFilter-IVF,0.800000,0.000000,663.000,0.530726,0,0
23,positive,0.24,6,PreFilter-IVF,1.000000,1.000000,269.000,0.538502,0,0
23,positive,0.24,6,BitmapSlice-Exact,1.000000,1.000000,5.000,0.064187,0,1
23,positive,0.24,6,PACER-A,1.000000,1.000000,5.000,0.256089,0,1
23,positive,0.24,6,PACER-C,1.000000,1.000000,5.000,0.244591,0,1
23,positive,0.24,6,PACER-X,1.000000,1.000000,5.000,0.261978,0,1
23,positive,0.24,7,PostFilter-IVF,1.000000,1.000000,578.000,0.597162,0,0
23,positive,0.24,7,PreFilter-IVF,1.000000,1.000000,52.000,0.371351,0,0
23,positive,0.24,7,BitmapSlice-Exact,1.000000,1.000000,2.000,0.093498,0,1
23,positive,0.24,7,PACER-A,1.000000,1.000000,2.000,0.136559,0,1
23,positive,0.24,7,PACER-C,1.000000,1.000000,2.000,0.125942,0,1
23,positive,0.24,7,PACER-X,1.000000,1.000000,2.000,0.107678,0,1
23,positive,0.24,8,PostFilter-IVF,0.900000,0.000000,580.000,0.575380,0,0
23,positive,0.24,8,PreFilter-IVF,0.900000,0.000000,583.000,1.509318,0,0
23,positive,0.24,8,BitmapSlice-Exact,1.000000,1.000000,1792.000,2.212855,0,1
23,positive,0.24,8,PACER-A,1.000000,1.000000,700.000,2.594404,0,0
23,positive,0.24,8,PACER-C,1.000000,1.000000,1792.000,6.150770,0,1
23,positive,0.24,8,PACER-X,1.000000,1.000000,1792.000,6.167934,0,1
23,positive,0.24,9,PostFilter-IVF,0.600000,0.000000,553.000,0.511362,0,0
23,positive,0.24,9,PreFilter-IVF,0.600000,0.000000,623.000,1.115468,0,0
23,positive,0.24,9,BitmapSlice-Exact,1.000000,1.000000,92.000,0.182055,0,1
23,positive,0.24,9,PACER-A,1.000000,1.000000,92.000,2.793094,0,1
23,positive,0.24,9,PACER-C,1.000000,1.000000,92.000,2.582798,0,1
23,positive,0.24,9,PACER-X,1.000000,1.000000,92.000,2.713769,0,1
23,positive,0.24,10,PostFilter-IVF,0.666667,0.000000,559.000,0.557565,0,0
23,positive,0.24,10,PreFilter-IVF,1.000000,1.000000,194.000,0.432473,0,0
23,positive,0.24,10,BitmapSlice-Exact,1.000000,1.000000,3.000,0.059719,0,1
23,positive,0.24,10,PACER-A,1.000000,1.000000,3.000,0.200754,0,1
23,positive,0.24,10,PACER-C,1.000000,1.000000,3.000,0.200926,0,1
23,positive,0.24,10,PACER-X,1.000000,1.000000,3.000,0.179821,0,1
23,positive,0.24,11,PostFilter-IVF,1.000000,1.000000,630.000,0.643562,0,0
23,positive,0.24,11,PreFilter-IVF,1.000000,1.000000,46.000,0.337106,0,0
23,positive,0.24,11,BitmapSlice-Exact,1.000000,1.000000,1.000,0.052454,0,1
23,positive,0.24,11,PACER-A,1.000000,1.000000,1.000,0.144365,0,1
23,positive,0.24,11,PACER-C,1.000000,1.000000,1.000,0.109485,0,1
23,positive,0.24,11,PACER-X,1.000000,1.000000,1.000,0.103684,0,1
23,positive,0.24,12,PostFilter-IVF,1.000000,1.000000,552.000,0.565812,0,0
23,positive,0.24,12,PreFilter-IVF,1.000000,1.000000,552.000,2.400694,0,0
23,positive,0.24,12,BitmapSlice-Exact,1.000000,1.000000,1782.000,2.075796,0,1
23,positive,0.24,12,PACER-A,1.000000,1.000000,700.000,2.563441,0,0
23,positive,0.24,12,PACER-C,1.000000,1.000000,1782.000,5.694253,0,1
23,positive,0.24,12,PACER-X,1.000000,1.000000,1782.000,5.922115,0,1
23,positive,0.24,13,PostFilter-IVF,0.600000,0.000000,623.000,0.659903,0,0
23,positive,0.24,13,PreFilter-IVF,0.700000,0.000000,607.000,0.897213,0,0
23,positive,0.24,13,BitmapSlice-Exact,1.000000,1.000000,108.000,0.192823,0,1
23,positive,0.24,13,PACER-A,1.000000,1.000000,108.000,2.450595,0,1
23,positive,0.24,13,PACER-C,1.000000,1.000000,108.000,2.547004,0,1
23,positive,0.24,13,PACER-X,1.000000,1.000000,108.000,2.528813,0,1
23,positive,0.24,14,PostFilter-IVF,1.000000,1.000000,630.000,0.534002,0,0
23,positive,0.24,14,PreFilter-IVF,1.000000,1.000000,191.000,0.444383,0,0
23,positive,0.24,14,BitmapSlice-Exact,1.000000,1.000000,5.000,0.076932,0,1
23,positive,0.24,14,PACER-A,1.000000,1.000000,5.000,0.195866,0,1
23,positive,0.24,14,PACER-C,1.000000,1.000000,5.000,0.171982,0,1
23,positive,0.24,14,PACER-X,1.000000,1.000000,5.000,0.167453,0,1
23,positive,0.24,15,PostFilter-IVF,0.500000,0.000000,516.000,0.407102,0,0
23,positive,0.24,15,PreFilter-IVF,1.000000,1.000000,173.000,0.446136,0,0
23,positive,0.24,15,BitmapSlice-Exact,1.000000,1.000000,3.000,0.058267,0,1
23,positive,0.24,15,PACER-A,1.000000,1.000000,3.000,0.240601,0,1
23,positive,0.24,15,PACER-C,1.000000,1.000000,3.000,0.207348,0,1
23,positive,0.24,15,PACER-X,1.000000,1.000000,3.000,0.312907,0,1
23,independent,0.0,0,PostFilter-IVF,0.900000,0.000000,441.000,0.628069,0,0
23,independent,0.0,0,PreFilter-IVF,0.900000,0.000000,441.000,1.437124,0,0
23,independent,0.0,0,BitmapSlice-Exact,1.000000,1.000000,1729.000,2.671238,0,1
23,independent,0.0,0,PACER-A,1.000000,1.000000,700.000,3.050026,0,0
23,independent,0.0,0,PACER-C,1.000000,1.000000,1729.000,6.151382,0,1
23,independent,0.0,0,PACER-X,1.000000,1.000000,1729.000,5.774029,0,1
23,independent,0.0,1,PostFilter-IVF,0.200000,0.000000,495.000,0.646097,0,0
23,independent,0.0,1,PreFilter-IVF,0.400000,0.000000,632.000,1.218872,0,0
23,independent,0.0,1,BitmapSlice-Exact,1.000000,1.000000,96.000,0.179004,0,1
23,independent,0.0,1,PACER-A,1.000000,1.000000,96.000,3.502713,0,1
23,independent,0.0,1,PACER-C,1.000000,1.000000,96.000,2.496531,0,1
23,independent,0.0,1,PACER-X,1.000000,1.000000,96.000,43.579649,0,1
23,independent,0.0,2,PostFilter-IVF,0.000000,0.000000,697.000,1.098700,0,0
23,independent,0.0,2,PreFilter-IVF,1.000000,1.000000,338.000,1.288151,0,0
23,independent,0.0,2,BitmapSlice-Exact,1.000000,1.000000,4.000,0.116047,0,1
23,independent,0.0,2,PACER-A,1.000000,1.000000,4.000,0.483962,0,1
23,independent,0.0,2,PACER-C,1.000000,1.000000,4.000,0.309943,0,1
23,independent,0.0,2,PACER-X,1.000000,1.000000,4.000,0.284271,0,1
23,independent,0.0,3,PostFilter-IVF,0.000000,0.000000,610.000,0.468496,0,0
23,independent,0.0,3,PreFilter-IVF,1.000000,1.000000,99.000,0.403685,0,0
23,independent,0.0,3,BitmapSlice-Exact,1.000000,1.000000,1.000,0.054374,0,1
23,independent,0.0,3,PACER-A,1.000000,1.000000,1.000,0.128655,0,1
23,independent,0.0,3,PACER-C,1.000000,1.000000,1.000,0.200225,0,1
23,independent,0.0,3,PACER-X,1.000000,1.000000,1.000,0.219721,0,1
23,independent,0.0,4,PostFilter-IVF,0.900000,0.000000,548.000,0.501801,0,0
23,independent,0.0,4,PreFilter-IVF,0.900000,0.000000,548.000,1.048353,0,0
23,independent,0.0,4,BitmapSlice-Exact,1.000000,1.000000,1720.000,2.883256,0,1
23,independent,0.0,4,PACER-A,0.900000,0.000000,700.000,2.799536,0,0
23,independent,0.0,4,PACER-C,1.000000,1.000000,1720.000,5.593813,0,1
23,independent,0.0,4,PACER-X,1.000000,1.000000,1720.000,5.296523,0,1
23,independent,0.0,5,PostFilter-IVF,0.300000,0.000000,527.000,0.507968,0,0
23,independent,0.0,5,PreFilter-IVF,0.500000,0.000000,573.000,0.837150,0,0
23,independent,0.0,5,BitmapSlice-Exact,1.000000,1.000000,87.000,0.160377,0,1
23,independent,0.0,5,PACER-A,1.000000,1.000000,87.000,2.445439,0,1
23,independent,0.0,5,PACER-C,1.000000,1.000000,87.000,2.720102,0,1
23,independent,0.0,5,PACER-X,1.000000,1.000000,87.000,2.352542,0,1
23,independent,0.0,6,PostFilter-IVF,0.000000,0.000000,700.000,0.687828,0,0
23,independent,0.0,6,PreFilter-IVF,1.000000,1.000000,150.000,0.440109,0,0
23,independent,0.0,6,BitmapSlice-Exact,1.000000,1.000000,3.000,0.059281,0,1
23,independent,0.0,6,PACER-A,1.000000,1.000000,3.000,0.195986,0,1
23,independent,0.0,6,PACER-C,1.000000,1.000000,3.000,0.178381,0,1
23,independent,0.0,6,PACER-X,1.000000,1.000000,3.000,0.263781,0,1
23,independent,0.0,7,PostFilter-IVF,0.000000,0.000000,556.000,0.499773,0,0
23,independent,0.0,7,PreFilter-IVF,1.000000,1.000000,100.000,0.347216,0,0
23,independent,0.0,7,BitmapSlice-Exact,1.000000,1.000000,1.000,0.050600,0,1
23,independent,0.0,7,PACER-A,1.000000,1.000000,1.000,0.111638,0,1
23,independent,0.0,7,PACER-C,1.000000,1.000000,1.000,0.137692,0,1
23,independent,0.0,7,PACER-X,1.000000,1.000000,1.000,0.141493,0,1
23,independent,0.0,8,PostFilter-IVF,1.000000,1.000000,654.000,0.575713,0,0
23,independent,0.0,8,PreFilter-IVF,1.000000,1.000000,654.000,0.899721,0,0
23,independent,0.0,8,BitmapSlice-Exact,1.000000,1.000000,1740.000,2.416292,0,1
23,independent,0.0,8,PACER-A,1.000000,1.000000,700.000,2.424564,0,0
23,independent,0.0,8,PACER-C,1.000000,1.000000,1740.000,6.425743,0,1
23,independent,0.0,8,PACER-X,1.000000,1.000000,1740.000,8.034483,0,1
23,independent,0.0,9,PostFilter-IVF,0.700000,0.000000,424.000,0.781294,0,0
23,independent,0.0,9,PreFilter-IVF,0.800000,0.000000,593.000,1.235631,0,0
23,independent,0.0,9,BitmapSlice-Exact,1.000000,1.000000,137.000,0.250691,0,1
23,independent,0.0,9,PACER-A,1.000000,1.000000,137.000,2.337147,0,1
23,independent,0.0,9,PACER-C,1.000000,1.000000,137.000,2.116597,0,1
23,independent,0.0,9,PACER-X,1.000000,1.000000,137.000,2.282260,0,1
23,independent,0.0,10,PostFilter-IVF,0.333333,0.000000,668.000,0.559908,0,0
23,independent,0.0,10,PreFilter-IVF,1.000000,1.000000,233.000,0.573264,0,0
23,independent,0.0,10,BitmapSlice-Exact,1.000000,1.000000,3.000,0.097260,0,1
23,independent,0.0,10,PACER-A,1.000000,1.000000,3.000,0.295405,0,1
23,independent,0.0,10,PACER-C,1.000000,1.000000,3.000,0.291469,0,1
23,independent,0.0,10,PACER-X,1.000000,1.000000,3.000,0.234664,0,1
23,independent,0.0,11,PostFilter-IVF,0.500000,0.000000,693.000,0.795365,0,0
23,independent,0.0,11,PreFilter-IVF,1.000000,1.000000,43.000,0.364818,0,0
23,independent,0.0,11,BitmapSlice-Exact,1.000000,1.000000,2.000,0.057681,0,1
23,independent,0.0,11,PACER-A,1.000000,1.000000,2.000,0.215762,0,1
23,independent,0.0,11,PACER-C,1.000000,1.000000,2.000,0.194943,0,1
23,independent,0.0,11,PACER-X,1.000000,1.000000,2.000,0.164649,0,1
23,independent,0.0,12,PostFilter-IVF,0.500000,0.000000,504.000,0.487505,0,0
23,independent,0.0,12,PreFilter-IVF,0.500000,0.000000,504.000,1.367775,0,0
23,independent,0.0,12,BitmapSlice-Exact,1.000000,1.000000,1711.000,1.910641,0,1
23,independent,0.0,12,PACER-A,1.000000,1.000000,700.000,2.832521,0,0
23,independent,0.0,12,PACER-C,1.000000,1.000000,1711.000,5.412889,0,1
23,independent,0.0,12,PACER-X,1.000000,1.000000,1711.000,5.634706,0,1
23,independent,0.0,13,PostFilter-IVF,0.200000,0.000000,557.000,0.504933,0,0
23,independent,0.0,13,PreFilter-IVF,0.800000,0.000000,623.000,2.287885,0,0
23,independent,0.0,13,BitmapSlice-Exact,1.000000,1.000000,88.000,0.320597,0,1
23,independent,0.0,13,PACER-A,1.000000,1.000000,88.000,4.317570,0,1
23,independent,0.0,13,PACER-C,1.000000,1.000000,88.000,4.187557,0,1
23,independent,0.0,13,PACER-X,1.000000,1.000000,88.000,2.782215,0,1
23,independent,0.0,14,PostFilter-IVF,0.166667,0.000000,570.000,0.471863,0,0
23,independent,0.0,14,PreFilter-IVF,1.000000,1.000000,389.000,0.937538,0,0
23,independent,0.0,14,BitmapSlice-Exact,1.000000,1.000000,6.000,0.064490,0,1
23,independent,0.0,14,PACER-A,1.000000,1.000000,6.000,0.472412,0,1
23,independent,0.0,14,PACER-C,1.000000,1.000000,6.000,0.400486,0,1
23,independent,0.0,14,PACER-X,1.000000,1.000000,6.000,0.468817,0,1
23,independent,0.0,15,PostFilter-IVF,0.000000,0.000000,571.000,0.550050,0,0
23,independent,0.0,15,PreFilter-IVF,1.000000,1.000000,167.000,0.544134,0,0
23,independent,0.0,15,BitmapSlice-Exact,1.000000,1.000000,2.000,0.073710,0,1
23,independent,0.0,15,PACER-A,1.000000,1.000000,2.000,0.284389,0,1
23,independent,0.0,15,PACER-C,1.000000,1.000000,2.000,0.350725,0,1
23,independent,0.0,15,PACER-X,1.000000,1.000000,2.000,0.269647,0,1
23,independent,0.12,0,PostFilter-IVF,0.900000,0.000000,441.000,0.810551,0,0
23,independent,0.12,0,PreFilter-IVF,0.900000,0.000000,441.000,2.188885,0,0
23,independent,0.12,0,BitmapSlice-Exact,1.000000,1.000000,1729.000,3.865546,0,1
23,independent,0.12,0,PACER-A,1.000000,1.000000,700.000,3.116320,0,0
23,independent,0.12,0,PACER-C,1.000000,1.000000,1729.000,6.109205,0,1
23,independent,0.12,0,PACER-X,1.000000,1.000000,1729.000,5.435157,0,1
23,independent,0.12,1,PostFilter-IVF,0.100000,0.000000,495.000,0.410556,0,0
23,independent,0.12,1,PreFilter-IVF,0.200000,0.000000,632.000,1.102817,0,0
23,independent,0.12,1,BitmapSlice-Exact,1.000000,1.000000,96.000,0.171020,0,1
23,independent,0.12,1,PACER-A,1.000000,1.000000,96.000,2.533946,0,1
23,independent,0.12,1,PACER-C,1.000000,1.000000,96.000,2.217687,0,1
23,independent,0.12,1,PACER-X,1.000000,1.000000,96.000,2.396883,0,1
23,independent,0.12,2,PostFilter-IVF,0.333333,0.000000,668.000,0.654784,0,0
23,independent,0.12,2,PreFilter-IVF,1.000000,1.000000,233.000,0.508604,0,0
23,independent,0.12,2,BitmapSlice-Exact,1.000000,1.000000,3.000,0.059558,0,1
23,independent,0.12,2,PACER-A,1.000000,1.000000,3.000,0.254439,0,1
23,independent,0.12,2,PACER-C,1.000000,1.000000,3.000,0.235767,0,1
23,independent,0.12,2,PACER-X,1.000000,1.000000,3.000,0.230503,0,1
23,independent,0.12,3,PostFilter-IVF,0.000000,0.000000,610.000,0.569852,0,0
23,independent,0.12,3,PreFilter-IVF,1.000000,1.000000,99.000,0.381304,0,0
23,independent,0.12,3,BitmapSlice-Exact,1.000000,1.000000,1.000,0.057432,0,1
23,independent,0.12,3,PACER-A,1.000000,1.000000,1.000,0.125048,0,1
23,independent,0.12,3,PACER-C,1.000000,1.000000,1.000,0.112521,0,1
23,independent,0.12,3,PACER-X,1.000000,1.000000,1.000,0.110803,0,1
23,independent,0.12,4,PostFilter-IVF,0.900000,0.000000,548.000,0.464694,0,0
23,independent,0.12,4,PreFilter-IVF,0.900000,0.000000,548.000,1.301824,0,0
23,independent,0.12,4,BitmapSlice-Exact,1.000000,1.000000,1720.000,1.906826,0,1
23,independent,0.12,4,PACER-A,0.900000,0.000000,700.000,2.488156,0,0
23,independent,0.12,4,PACER-C,1.000000,1.000000,1720.000,5.287005,0,1
23,independent,0.12,4,PACER-X,1.000000,1.000000,1720.000,5.276252,0,1
23,independent,0.12,5,PostFilter-IVF,0.300000,0.000000,527.000,0.426060,0,0
23,independent,0.12,5,PreFilter-IVF,0.500000,0.000000,573.000,0.850322,0,0
23,independent,0.12,5,BitmapSlice-Exact,1.000000,1.000000,87.000,0.166272,0,1
23,independent,0.12,5,PACER-A,1.000000,1.000000,87.000,2.505441,0,1
23,independent,0.12,5,PACER-C,1.000000,1.000000,87.000,3.088137,0,1
23,independent,0.12,5,PACER-X,1.000000,1.000000,87.000,2.319501,0,1
23,independent,0.12,6,PostFilter-IVF,0.166667,0.000000,570.000,0.513766,0,0
23,independent,0.12,6,PreFilter-IVF,1.000000,1.000000,389.000,0.745990,0,0
23,independent,0.12,6,BitmapSlice-Exact,1.000000,1.000000,6.000,0.086723,0,1
23,independent,0.12,6,PACER-A,1.000000,1.000000,6.000,0.419115,0,1
23,independent,0.12,6,PACER-C,1.000000,1.000000,6.000,0.394862,0,1
23,independent,0.12,6,PACER-X,1.000000,1.000000,6.000,0.391746,0,1
23,independent,0.12,7,PostFilter-IVF,0.000000,0.000000,556.000,0.624560,0,0
23,independent,0.12,7,PreFilter-IVF,1.000000,1.000000,100.000,0.481353,0,0
23,independent,0.12,7,BitmapSlice-Exact,1.000000,1.000000,1.000,0.084224,0,1
23,independent,0.12,7,PACER-A,1.000000,1.000000,1.000,0.204503,0,1
23,independent,0.12,7,PACER-C,1.000000,1.000000,1.000,0.159599,0,1
23,independent,0.12,7,PACER-X,1.000000,1.000000,1.000,0.149679,0,1
23,independent,0.12,8,PostFilter-IVF,1.000000,1.000000,654.000,0.977190,0,0
23,independent,0.12,8,PreFilter-IVF,1.000000,1.000000,654.000,1.673224,0,0
23,independent,0.12,8,BitmapSlice-Exact,1.000000,1.000000,1740.000,3.798293,0,1
23,independent,0.12,8,PACER-A,1.000000,1.000000,700.000,3.686393,0,0
23,independent,0.12,8,PACER-C,1.000000,1.000000,1740.000,5.045322,0,1
23,independent,0.12,8,PACER-X,1.000000,1.000000,1740.000,5.538674,0,1
23,independent,0.12,9,PostFilter-IVF,0.600000,0.000000,424.000,0.394212,0,0
23,independent,0.12,9,PreFilter-IVF,0.700000,0.000000,593.000,1.349483,0,0
23,independent,0.12,9,BitmapSlice-Exact,1.000000,1.000000,137.000,0.219294,0,1
23,independent,0.12,9,PACER-A,1.000000,1.000000,137.000,2.111843,0,1
23,independent,0.12,9,PACER-C,1.000000,1.000000,137.000,2.136478,0,1
23,independent,0.12,9,PACER-X,1.000000,1.000000,137.000,2.072224,0,1
23,independent,0.12,10,PostFilter-IVF,0.333333,0.000000,523.000,0.510009,0,0
23,independent,0.12,10,PreFilter-IVF,1.000000,1.000000,230.000,0.582313,0,0
23,independent,0.12,10,BitmapSlice-Exact,1.000000,1.000000,3.000,0.059042,0,1
23,independent,0.12,10,PACER-A,1.000000,1.000000,3.000,0.290534,0,1
23,independent,0.12,10,PACER-C,1.000000,1.000000,3.000,0.268896,0,1
23,independent,0.12,10,PACER-X,1.000000,1.000000,3.000,0.249034,0,1
23,independent,0.12,11,PostFilter-IVF,0.500000,0.000000,693.000,0.576293,0,0
23,independent,0.12,11,PreFilter-IVF,1.000000,1.000000,43.000,0.409441,0,0
23,independent,0.12,11,BitmapSlice-Exact,1.000000,1.000000,2.000,0.077349,0,1
23,independent,0.12,11,PACER-A,1.000000,1.000000,2.000,0.218167,0,1
23,independent,0.12,11,PACER-C,1.000000,1.000000,2.000,0.194456,0,1
23,independent,0.12,11,PACER-X,1.000000,1.000000,2.000,0.295329,0,1
23,independent,0.12,12,PostFilter-IVF,0.600000,0.000000,504.000,0.470664,0,0
23,independent,0.12,12,PreFilter-IVF,0.600000,0.000000,504.000,1.617668,0,0
23,independent,0.12,12,BitmapSlice-Exact,1.000000,1.000000,1711.000,2.210407,0,1
23,independent,0.12,12,PACER-A,1.000000,1.000000,700.000,2.676152,0,0
23,independent,0.12,12,PACER-C,1.000000,1.000000,1711.000,5.385860,0,1
23,independent,0.12,12,PACER-X,1.000000,1.000000,1711.000,5.489545,0,1
23,independent,0.12,13,PostFilter-IVF,0.200000,0.000000,557.000,0.477314,0,0
23,independent,0.12,13,PreFilter-IVF,0.800000,0.000000,623.000,1.264512,0,0
23,independent,0.12,13,BitmapSlice-Exact,1.000000,1.000000,88.000,0.166025,0,1
23,independent,0.12,13,PACER-A,1.000000,1.000000,88.000,2.720154,0,1
23,independent,0.12,13,PACER-C,1.000000,1.000000,88.000,2.572718,0,1
23,independent,0.12,13,PACER-X,1.000000,1.000000,88.000,2.444701,0,1
23,independent,0.12,14,PostFilter-IVF,0.000000,0.000000,616.000,0.664840,0,0
23,independent,0.12,14,PreFilter-IVF,1.000000,1.000000,291.000,0.763068,0,0
23,independent,0.12,14,BitmapSlice-Exact,1.000000,1.000000,6.000,0.116104,0,1
23,independent,0.12,14,PACER-A,1.000000,1.000000,6.000,0.331255,0,1
23,independent,0.12,14,PACER-C,1.000000,1.000000,6.000,0.377275,0,1
23,independent,0.12,14,PACER-X,1.000000,1.000000,6.000,0.305606,0,1
23,independent,0.12,15,PostFilter-IVF,0.000000,0.000000,571.000,0.595141,0,0
23,independent,0.12,15,PreFilter-IVF,1.000000,1.000000,167.000,0.392882,0,0
23,independent,0.12,15,BitmapSlice-Exact,1.000000,1.000000,2.000,0.056213,0,1
23,independent,0.12,15,PACER-A,1.000000,1.000000,2.000,0.181785,0,1
23,independent,0.12,15,PACER-C,1.000000,1.000000,2.000,0.271403,0,1
23,independent,0.12,15,PACER-X,1.000000,1.000000,2.000,0.335456,0,1
23,independent,0.24,0,PostFilter-IVF,0.900000,0.000000,441.000,0.508894,0,0
23,independent,0.24,0,PreFilter-IVF,0.900000,0.000000,441.000,1.299415,0,0
23,independent,0.24,0,BitmapSlice-Exact,1.000000,1.000000,1729.000,2.090088,0,1
23,independent,0.24,0,PACER-A,1.000000,1.000000,700.000,2.437661,0,0
23,independent,0.24,0,PACER-C,1.000000,1.000000,1729.000,6.186577,0,1
23,independent,0.24,0,PACER-X,1.000000,1.000000,1729.000,5.850745,0,1
23,independent,0.24,1,PostFilter-IVF,0.200000,0.000000,495.000,0.399580,0,0
23,independent,0.24,1,PreFilter-IVF,0.400000,0.000000,632.000,1.181302,0,0
23,independent,0.24,1,BitmapSlice-Exact,1.000000,1.000000,96.000,0.183827,0,1
23,independent,0.24,1,PACER-A,1.000000,1.000000,96.000,2.229768,0,1
23,independent,0.24,1,PACER-C,1.000000,1.000000,96.000,2.349367,0,1
23,independent,0.24,1,PACER-X,1.000000,1.000000,96.000,2.355179,0,1
23,independent,0.24,2,PostFilter-IVF,0.200000,0.000000,570.000,0.451529,0,0
23,independent,0.24,2,PreFilter-IVF,1.000000,1.000000,389.000,0.703646,0,0
23,independent,0.24,2,BitmapSlice-Exact,1.000000,1.000000,6.000,0.062734,0,1
23,independent,0.24,2,PACER-A,1.000000,1.000000,6.000,0.403994,0,1
23,independent,0.24,2,PACER-C,1.000000,1.000000,6.000,0.379619,0,1
23,independent,0.24,2,PACER-X,1.000000,1.000000,6.000,0.614518,0,1
23,independent,0.24,3,PostFilter-IVF,0.000000,0.000000,610.000,0.669300,0,0
23,independent,0.24,3,PreFilter-IVF,1.000000,1.000000,99.000,0.519612,0,0
23,independent,0.24,3,BitmapSlice-Exact,1.000000,1.000000,1.000,0.056344,0,1
23,independent,0.24,3,PACER-A,1.000000,1.000000,1.000,0.145959,0,1
23,independent,0.24,3,PACER-C,1.000000,1.000000,1.000,0.114159,0,1
23,independent,0.24,3,PACER-X,1.000000,1.000000,1.000,0.110650,0,1
23,independent,0.24,4,PostFilter-IVF,0.900000,0.000000,548.000,0.450989,0,0
23,independent,0.24,4,PreFilter-IVF,0.900000,0.000000,548.000,0.968564,0,0
23,independent,0.24,4,BitmapSlice-Exact,1.000000,1.000000,1720.000,1.934475,0,1
23,independent,0.24,4,PACER-A,0.900000,0.000000,700.000,2.486977,0,0
23,independent,0.24,4,PACER-C,1.000000,1.000000,1720.000,5.208554,0,1
23,independent,0.24,4,PACER-X,1.000000,1.000000,1720.000,6.013103,0,1
23,independent,0.24,5,PostFilter-IVF,0.300000,0.000000,527.000,0.599508,0,0
23,independent,0.24,5,PreFilter-IVF,0.500000,0.000000,573.000,1.155597,0,0
23,independent,0.24,5,BitmapSlice-Exact,1.000000,1.000000,87.000,0.243004,0,1
23,independent,0.24,5,PACER-A,1.000000,1.000000,87.000,2.572730,0,1
23,independent,0.24,5,PACER-C,1.000000,1.000000,87.000,2.648735,0,1
23,independent,0.24,5,PACER-X,1.000000,1.000000,87.000,2.243164,0,1
23,independent,0.24,6,PostFilter-IVF,0.000000,0.000000,616.000,0.481516,0,0
23,independent,0.24,6,PreFilter-IVF,1.000000,1.000000,291.000,0.536476,0,0
23,independent,0.24,6,BitmapSlice-Exact,1.000000,1.000000,6.000,0.061911,0,1
23,independent,0.24,6,PACER-A,1.000000,1.000000,6.000,0.275156,0,1
23,independent,0.24,6,PACER-C,1.000000,1.000000,6.000,0.258686,0,1
23,independent,0.24,6,PACER-X,1.000000,1.000000,6.000,0.250644,0,1
23,independent,0.24,7,PostFilter-IVF,0.000000,0.000000,556.000,0.414856,0,0
23,independent,0.24,7,PreFilter-IVF,1.000000,1.000000,100.000,0.337499,0,0
23,independent,0.24,7,BitmapSlice-Exact,1.000000,1.000000,1.000,0.050770,0,1
23,independent,0.24,7,PACER-A,1.000000,1.000000,1.000,0.110979,0,1
23,independent,0.24,7,PACER-C,1.000000,1.000000,1.000,0.103626,0,1
23,independent,0.24,7,PACER-X,1.000000,1.000000,1.000,0.102283,0,1
23,independent,0.24,8,PostFilter-IVF,1.000000,1.000000,654.000,0.508624,0,0
23,independent,0.24,8,PreFilter-IVF,1.000000,1.000000,654.000,0.900810,0,0
23,independent,0.24,8,BitmapSlice-Exact,1.000000,1.000000,1740.000,1.981972,0,1
23,independent,0.24,8,PACER-A,1.000000,1.000000,700.000,2.418811,0,0
23,independent,0.24,8,PACER-C,1.000000,1.000000,1740.000,5.267757,0,1
23,independent,0.24,8,PACER-X,1.000000,1.000000,1740.000,5.707905,0,1
23,independent,0.24,9,PostFilter-IVF,0.600000,0.000000,424.000,0.443109,0,0
23,independent,0.24,9,PreFilter-IVF,0.700000,0.000000,593.000,1.196099,0,0
23,independent,0.24,9,BitmapSlice-Exact,1.000000,1.000000,137.000,0.219768,0,1
23,independent,0.24,9,PACER-A,1.000000,1.000000,137.000,2.291239,0,1
23,independent,0.24,9,PACER-C,1.000000,1.000000,137.000,2.247693,0,1
23,independent,0.24,9,PACER-X,1.000000,1.000000,137.000,1.942087,0,1
23,independent,0.24,10,PostFilter-IVF,0.000000,0.000000,592.000,0.521967,0,0
23,independent,0.24,10,PreFilter-IVF,1.000000,1.000000,240.000,0.521284,0,0
23,independent,0.24,10,BitmapSlice-Exact,1.000000,1.000000,5.000,0.062400,0,1
23,independent,0.24,10,PACER-A,1.000000,1.000000,5.000,0.341639,0,1
23,independent,0.24,10,PACER-C,1.000000,1.000000,5.000,0.292527,0,1
23,independent,0.24,10,PACER-X,1.000000,1.000000,5.000,0.309999,0,1
23,independent,0.24,11,PostFilter-IVF,0.500000,0.000000,693.000,0.591833,0,0
23,independent,0.24,11,PreFilter-IVF,1.000000,1.000000,43.000,0.349209,0,0
23,independent,0.24,11,BitmapSlice-Exact,1.000000,1.000000,2.000,0.055479,0,1
23,independent,0.24,11,PACER-A,1.000000,1.000000,2.000,0.226512,0,1
23,independent,0.24,11,PACER-C,1.000000,1.000000,2.000,0.169689,0,1
23,independent,0.24,11,PACER-X,1.000000,1.000000,2.000,0.162052,0,1
23,independent,0.24,12,PostFilter-IVF,0.500000,0.000000,504.000,0.424124,0,0
23,independent,0.24,12,PreFilter-IVF,0.500000,0.000000,504.000,1.314738,0,0
23,independent,0.24,12,BitmapSlice-Exact,1.000000,1.000000,1711.000,1.994331,0,1
23,independent,0.24,12,PACER-A,1.000000,1.000000,700.000,2.369181,0,0
23,independent,0.24,12,PACER-C,1.000000,1.000000,1711.000,5.308851,0,1
23,independent,0.24,12,PACER-X,1.000000,1.000000,1711.000,5.114360,0,1
23,independent,0.24,13,PostFilter-IVF,0.200000,0.000000,557.000,0.451483,0,0
23,independent,0.24,13,PreFilter-IVF,0.800000,0.000000,623.000,1.185012,0,0
23,independent,0.24,13,BitmapSlice-Exact,1.000000,1.000000,88.000,0.163380,0,1
23,independent,0.24,13,PACER-A,1.000000,1.000000,88.000,2.724757,0,1
23,independent,0.24,13,PACER-C,1.000000,1.000000,88.000,3.485746,0,1
23,independent,0.24,13,PACER-X,1.000000,1.000000,88.000,3.450924,0,1
23,independent,0.24,14,PostFilter-IVF,0.333333,0.000000,612.000,0.779865,0,0
23,independent,0.24,14,PreFilter-IVF,1.000000,1.000000,192.000,0.655428,0,0
23,independent,0.24,14,BitmapSlice-Exact,1.000000,1.000000,3.000,0.084363,0,1
23,independent,0.24,14,PACER-A,1.000000,1.000000,3.000,0.284644,0,1
23,independent,0.24,14,PACER-C,1.000000,1.000000,3.000,0.247709,0,1
23,independent,0.24,14,PACER-X,1.000000,1.000000,3.000,0.241491,0,1
23,independent,0.24,15,PostFilter-IVF,0.000000,0.000000,571.000,0.645795,0,0
23,independent,0.24,15,PreFilter-IVF,1.000000,1.000000,167.000,0.531866,0,0
23,independent,0.24,15,BitmapSlice-Exact,1.000000,1.000000,2.000,0.077974,0,1
23,independent,0.24,15,PACER-A,1.000000,1.000000,2.000,0.274436,0,1
23,independent,0.24,15,PACER-C,1.000000,1.000000,2.000,0.310288,0,1
23,independent,0.24,15,PACER-X,1.000000,1.000000,2.000,0.247950,0,1
23,negative,0.0,0,PostFilter-IVF,0.800000,0.000000,653.000,0.828119,0,0
23,negative,0.0,0,PreFilter-IVF,0.800000,0.000000,549.000,1.444359,0,0
23,negative,0.0,0,BitmapSlice-Exact,1.000000,1.000000,1767.000,2.160039,0,1
23,negative,0.0,0,PACER-A,1.000000,1.000000,700.000,3.051351,0,0
23,negative,0.0,0,PACER-C,1.000000,1.000000,1767.000,6.253479,0,1
23,negative,0.0,0,PACER-X,1.000000,1.000000,1767.000,7.025740,0,1
23,negative,0.0,1,PostFilter-IVF,0.500000,0.000000,495.000,0.542721,0,0
23,negative,0.0,1,PreFilter-IVF,0.800000,0.000000,573.000,1.616095,0,0
23,negative,0.0,1,BitmapSlice-Exact,1.000000,1.000000,81.000,0.262908,0,1
23,negative,0.0,1,PACER-A,1.000000,1.000000,81.000,2.620395,0,1
23,negative,0.0,1,PACER-C,1.000000,1.000000,81.000,2.318886,0,1
23,negative,0.0,1,PACER-X,1.000000,1.000000,81.000,2.202142,0,1
23,negative,0.0,2,PostFilter-IVF,0.000000,0.000000,535.000,0.457271,0,0
23,negative,0.0,2,PreFilter-IVF,1.000000,1.000000,144.000,0.520077,0,0
23,negative,0.0,2,BitmapSlice-Exact,1.000000,1.000000,3.000,0.061233,0,1
23,negative,0.0,2,PACER-A,1.000000,1.000000,3.000,0.213349,0,1
23,negative,0.0,2,PACER-C,1.000000,1.000000,3.000,0.184547,0,1
23,negative,0.0,2,PACER-X,1.000000,1.000000,3.000,0.181034,0,1
23,negative,0.0,3,PostFilter-IVF,0.000000,0.000000,627.000,0.748187,0,0
23,negative,0.0,3,PreFilter-IVF,1.000000,1.000000,99.000,0.714220,0,0
23,negative,0.0,3,BitmapSlice-Exact,1.000000,1.000000,1.000,0.078688,0,1
23,negative,0.0,3,PACER-A,1.000000,1.000000,1.000,0.176334,0,1
23,negative,0.0,3,PACER-C,1.000000,1.000000,1.000,0.120109,0,1
23,negative,0.0,3,PACER-X,1.000000,1.000000,1.000,0.123165,0,1
23,negative,0.0,4,PostFilter-IVF,0.800000,0.000000,595.000,0.603124,0,0
23,negative,0.0,4,PreFilter-IVF,0.400000,0.000000,592.000,1.332285,0,0
23,negative,0.0,4,BitmapSlice-Exact,1.000000,1.000000,1771.000,2.568648,0,1
23,negative,0.0,4,PACER-A,0.900000,0.000000,700.000,2.562168,0,0
23,negative,0.0,4,PACER-C,1.000000,1.000000,1771.000,7.390585,0,1
23,negative,0.0,4,PACER-X,1.000000,1.000000,1771.000,7.868061,0,1
23,negative,0.0,5,PostFilter-IVF,0.300000,0.000000,489.000,0.433029,0,0
23,negative,0.0,5,PreFilter-IVF,0.400000,0.000000,622.000,1.284201,0,0
23,negative,0.0,5,BitmapSlice-Exact,1.000000,1.000000,82.000,0.199281,0,1
23,negative,0.0,5,PACER-A,1.000000,1.000000,82.000,3.128262,0,1
23,negative,0.0,5,PACER-C,1.000000,1.000000,82.000,3.605890,0,1
23,negative,0.0,5,PACER-X,1.000000,1.000000,82.000,4.004060,0,1
23,negative,0.0,6,PostFilter-IVF,0.333333,0.000000,632.000,0.925326,0,0
23,negative,0.0,6,PreFilter-IVF,1.000000,1.000000,255.000,0.987866,0,0
23,negative,0.0,6,BitmapSlice-Exact,1.000000,1.000000,3.000,0.109394,0,1
23,negative,0.0,6,PACER-A,1.000000,1.000000,3.000,0.471706,0,1
23,negative,0.0,6,PACER-C,1.000000,1.000000,3.000,0.437427,0,1
23,negative,0.0,6,PACER-X,1.000000,1.000000,3.000,0.461986,0,1
23,negative,0.0,7,PostFilter-IVF,0.000000,0.000000,604.000,0.525402,0,0
23,negative,0.0,7,PreFilter-IVF,1.000000,1.000000,146.000,0.451683,0,0
23,negative,0.0,7,BitmapSlice-Exact,1.000000,1.000000,2.000,0.117405,0,1
23,negative,0.0,7,PACER-A,1.000000,1.000000,2.000,0.348094,0,1
23,negative,0.0,7,PACER-C,1.000000,1.000000,2.000,0.237829,0,1
23,negative,0.0,7,PACER-X,1.000000,1.000000,2.000,0.183772,0,1
23,negative,0.0,8,PostFilter-IVF,1.000000,1.000000,668.000,0.615339,0,0
23,negative,0.0,8,PreFilter-IVF,1.000000,1.000000,635.000,1.093428,0,0
23,negative,0.0,8,BitmapSlice-Exact,1.000000,1.000000,1811.000,2.073321,0,1
23,negative,0.0,8,PACER-A,1.000000,1.000000,700.000,2.606362,0,0
23,negative,0.0,8,PACER-C,1.000000,1.000000,1811.000,5.855841,0,1
23,negative,0.0,8,PACER-X,1.000000,1.000000,1811.000,5.728799,0,1
23,negative,0.0,9,PostFilter-IVF,0.300000,0.000000,549.000,0.503258,0,0
23,negative,0.0,9,PreFilter-IVF,0.500000,0.000000,611.000,1.010404,0,0
23,negative,0.0,9,BitmapSlice-Exact,1.000000,1.000000,86.000,0.165733,0,1
23,negative,0.0,9,PACER-A,1.000000,1.000000,86.000,2.850362,0,1
23,negative,0.0,9,PACER-C,1.000000,1.000000,86.000,2.786501,0,1
23,negative,0.0,9,PACER-X,1.000000,1.000000,86.000,2.866661,0,1
23,negative,0.0,10,PostFilter-IVF,0.200000,0.000000,629.000,0.538961,0,0
23,negative,0.0,10,PreFilter-IVF,1.000000,1.000000,548.000,0.975594,0,0
23,negative,0.0,10,BitmapSlice-Exact,1.000000,1.000000,5.000,0.131164,0,1
23,negative,0.0,10,PACER-A,1.000000,1.000000,5.000,0.529280,0,1
23,negative,0.0,10,PACER-C,1.000000,1.000000,5.000,0.455824,0,1
23,negative,0.0,10,PACER-X,1.000000,1.000000,5.000,0.376150,0,1
23,negative,0.0,11,PostFilter-IVF,0.000000,0.000000,592.000,0.499370,0,0
23,negative,0.0,11,PreFilter-IVF,1.000000,1.000000,105.000,0.432211,0,0
23,negative,0.0,11,BitmapSlice-Exact,1.000000,1.000000,1.000,0.082787,0,1
23,negative,0.0,11,PACER-A,1.000000,1.000000,1.000,0.197505,0,1
23,negative,0.0,11,PACER-C,1.000000,1.000000,1.000,0.176729,0,1
23,negative,0.0,11,PACER-X,1.000000,1.000000,1.000,0.168858,0,1
23,negative,0.0,12,PostFilter-IVF,0.800000,0.000000,700.000,0.735774,0,0
23,negative,0.0,12,PreFilter-IVF,0.700000,0.000000,674.000,1.268670,0,0
23,negative,0.0,12,BitmapSlice-Exact,1.000000,1.000000,1748.000,2.354134,0,1
23,negative,0.0,12,PACER-A,0.900000,0.000000,700.000,3.397026,0,0
23,negative,0.0,12,PACER-C,1.000000,1.000000,1748.000,7.617669,0,1
23,negative,0.0,12,PACER-X,1.000000,1.000000,1748.000,5.853498,0,1
23,negative,0.0,13,PostFilter-IVF,0.500000,0.000000,582.000,0.677349,0,0
23,negative,0.0,13,PreFilter-IVF,0.500000,0.000000,679.000,1.173249,0,0
23,negative,0.0,13,BitmapSlice-Exact,1.000000,1.000000,94.000,0.174466,0,1
23,negative,0.0,13,PACER-A,1.000000,1.000000,94.000,2.624312,0,1
23,negative,0.0,13,PACER-C,1.000000,1.000000,94.000,2.520811,0,1
23,negative,0.0,13,PACER-X,1.000000,1.000000,94.000,2.137852,0,1
23,negative,0.0,14,PostFilter-IVF,0.250000,0.000000,554.000,0.725069,0,0
23,negative,0.0,14,PreFilter-IVF,1.000000,1.000000,363.000,0.916921,0,0
23,negative,0.0,14,BitmapSlice-Exact,1.000000,1.000000,4.000,0.099261,0,1
23,negative,0.0,14,PACER-A,1.000000,1.000000,4.000,0.583773,0,1
23,negative,0.0,14,PACER-C,1.000000,1.000000,4.000,0.454060,0,1
23,negative,0.0,14,PACER-X,1.000000,1.000000,4.000,0.301127,0,1
23,negative,0.0,15,PostFilter-IVF,0.000000,0.000000,546.000,0.629330,0,0
23,negative,0.0,15,PreFilter-IVF,1.000000,1.000000,158.000,0.543918,0,0
23,negative,0.0,15,BitmapSlice-Exact,1.000000,1.000000,2.000,0.116624,0,1
23,negative,0.0,15,PACER-A,1.000000,1.000000,2.000,0.354127,0,1
23,negative,0.0,15,PACER-C,1.000000,1.000000,2.000,0.317279,0,1
23,negative,0.0,15,PACER-X,1.000000,1.000000,2.000,0.249991,0,1
23,negative,0.12,0,PostFilter-IVF,0.700000,0.000000,653.000,0.664624,0,0
23,negative,0.12,0,PreFilter-IVF,0.800000,0.000000,549.000,1.450383,0,0
23,negative,0.12,0,BitmapSlice-Exact,1.000000,1.000000,1767.000,2.321795,0,1
23,negative,0.12,0,PACER-A,1.000000,1.000000,700.000,2.819893,0,0
23,negative,0.12,0,PACER-C,1.000000,1.000000,1767.000,6.292773,0,1
23,negative,0.12,0,PACER-X,1.000000,1.000000,1767.000,6.066456,0,1
23,negative,0.12,1,PostFilter-IVF,0.500000,0.000000,495.000,0.601400,0,0
23,negative,0.12,1,PreFilter-IVF,0.800000,0.000000,573.000,1.648811,0,0
23,negative,0.12,1,BitmapSlice-Exact,1.000000,1.000000,81.000,0.232193,0,1
23,negative,0.12,1,PACER-A,1.000000,1.000000,81.000,2.683911,0,1
23,negative,0.12,1,PACER-C,1.000000,1.000000,81.000,2.499704,0,1
23,negative,0.12,1,PACER-X,1.000000,1.000000,81.000,2.428098,0,1
23,negative,0.12,2,PostFilter-IVF,0.000000,0.000000,535.000,0.478310,0,0
23,negative,0.12,2,PreFilter-IVF,1.000000,1.000000,144.000,0.681419,0,0
23,negative,0.12,2,BitmapSlice-Exact,1.000000,1.000000,3.000,0.082929,0,1
23,negative,0.12,2,PACER-A,1.000000,1.000000,3.000,0.250179,0,1
23,negative,0.12,2,PACER-C,1.000000,1.000000,3.000,0.211038,0,1
23,negative,0.12,2,PACER-X,1.000000,1.000000,3.000,0.182906,0,1
23,negative,0.12,3,PostFilter-IVF,0.000000,0.000000,627.000,0.525093,0,0
23,negative,0.12,3,PreFilter-IVF,1.000000,1.000000,99.000,0.512252,0,0
23,negative,0.12,3,BitmapSlice-Exact,1.000000,1.000000,1.000,0.082247,0,1
23,negative,0.12,3,PACER-A,1.000000,1.000000,1.000,0.217725,0,1
23,negative,0.12,3,PACER-C,1.000000,1.000000,1.000,0.167486,0,1
23,negative,0.12,3,PACER-X,1.000000,1.000000,1.000,0.156472,0,1
23,negative,0.12,4,PostFilter-IVF,0.700000,0.000000,595.000,0.675791,0,0
23,negative,0.12,4,PreFilter-IVF,0.500000,0.000000,592.000,1.134227,0,0
23,negative,0.12,4,BitmapSlice-Exact,1.000000,1.000000,1771.000,2.710792,0,1
23,negative,0.12,4,PACER-A,0.900000,0.000000,700.000,2.706201,0,0
23,negative,0.12,4,PACER-C,1.000000,1.000000,1771.000,7.155157,0,1
23,negative,0.12,4,PACER-X,1.000000,1.000000,1771.000,6.212101,0,1
23,negative,0.12,5,PostFilter-IVF,0.400000,0.000000,489.000,0.772049,0,0
23,negative,0.12,5,PreFilter-IVF,0.500000,0.000000,622.000,1.664074,0,0
23,negative,0.12,5,BitmapSlice-Exact,1.000000,1.000000,82.000,0.179460,0,1
23,negative,0.12,5,PACER-A,1.000000,1.000000,82.000,2.516700,0,1
23,negative,0.12,5,PACER-C,1.000000,1.000000,82.000,2.735999,0,1
23,negative,0.12,5,PACER-X,1.000000,1.000000,82.000,35.617231,0,1
23,negative,0.12,6,PostFilter-IVF,0.250000,0.000000,629.000,0.820109,0,0
23,negative,0.12,6,PreFilter-IVF,1.000000,1.000000,548.000,1.136062,0,0
23,negative,0.12,6,BitmapSlice-Exact,1.000000,1.000000,5.000,0.114913,0,1
23,negative,0.12,6,PACER-A,1.000000,1.000000,5.000,0.436478,0,1
23,negative,0.12,6,PACER-C,1.000000,1.000000,5.000,0.365222,0,1
23,negative,0.12,6,PACER-X,1.000000,1.000000,5.000,0.510041,0,1
23,negative,0.12,7,PostFilter-IVF,0.000000,0.000000,604.000,0.824683,0,0
23,negative,0.12,7,PreFilter-IVF,1.000000,1.000000,146.000,0.613183,0,0
23,negative,0.12,7,BitmapSlice-Exact,1.000000,1.000000,2.000,0.085036,0,1
23,negative,0.12,7,PACER-A,1.000000,1.000000,2.000,0.276507,0,1
23,negative,0.12,7,PACER-C,1.000000,1.000000,2.000,0.249277,0,1
23,negative,0.12,7,PACER-X,1.000000,1.000000,2.000,0.250648,0,1
23,negative,0.12,8,PostFilter-IVF,1.000000,1.000000,668.000,0.601548,0,0
23,negative,0.12,8,PreFilter-IVF,1.000000,1.000000,635.000,0.970795,0,0
23,negative,0.12,8,BitmapSlice-Exact,1.000000,1.000000,1811.000,2.252485,0,1
23,negative,0.12,8,PACER-A,1.000000,1.000000,700.000,2.338884,0,0
23,negative,0.12,8,PACER-C,1.000000,1.000000,1811.000,7.567628,0,1
23,negative,0.12,8,PACER-X,1.000000,1.000000,1811.000,8.255496,0,1
23,negative,0.12,9,PostFilter-IVF,0.300000,0.000000,549.000,0.616406,0,0
23,negative,0.12,9,PreFilter-IVF,0.500000,0.000000,611.000,1.137826,0,0
23,negative,0.12,9,BitmapSlice-Exact,1.000000,1.000000,86.000,0.250530,0,1
23,negative,0.12,9,PACER-A,1.000000,1.000000,86.000,3.191349,0,1
23,negative,0.12,9,PACER-C,1.000000,1.000000,86.000,2.836376,0,1
23,negative,0.12,9,PACER-X,1.000000,1.000000,86.000,3.007161,0,1
23,negative,0.12,10,PostFilter-IVF,0.333333,0.000000,554.000,0.504271,0,0
23,negative,0.12,10,PreFilter-IVF,1.000000,1.000000,363.000,0.799762,0,0
23,negative,0.12,10,BitmapSlice-Exact,1.000000,1.000000,4.000,0.063190,0,1
23,negative,0.12,10,PACER-A,1.000000,1.000000,4.000,0.373934,0,1
23,negative,0.12,10,PACER-C,1.000000,1.000000,4.000,0.337075,0,1
23,negative,0.12,10,PACER-X,1.000000,1.000000,4.000,0.328847,0,1
23,negative,0.12,11,PostFilter-IVF,0.000000,0.000000,592.000,0.545666,0,0
23,negative,0.12,11,PreFilter-IVF,1.000000,1.000000,105.000,0.443050,0,0
23,negative,0.12,11,BitmapSlice-Exact,1.000000,1.000000,1.000,0.077865,0,1
23,negative,0.12,11,PACER-A,1.000000,1.000000,1.000,0.225428,0,1
23,negative,0.12,11,PACER-C,1.000000,1.000000,1.000,0.145326,0,1
23,negative,0.12,11,PACER-X,1.000000,1.000000,1.000,0.140277,0,1
23,negative,0.12,12,PostFilter-IVF,0.900000,0.000000,700.000,0.666628,0,0
23,negative,0.12,12,PreFilter-IVF,0.800000,0.000000,674.000,1.032304,0,0
23,negative,0.12,12,BitmapSlice-Exact,1.000000,1.000000,1748.000,2.079809,0,1
23,negative,0.12,12,PACER-A,1.000000,1.000000,700.000,2.708585,0,0
23,negative,0.12,12,PACER-C,1.000000,1.000000,1748.000,6.078681,0,1
23,negative,0.12,12,PACER-X,1.000000,1.000000,1748.000,6.493177,0,1
23,negative,0.12,13,PostFilter-IVF,0.600000,0.000000,582.000,0.598635,0,0
23,negative,0.12,13,PreFilter-IVF,0.600000,0.000000,679.000,1.046481,0,0
23,negative,0.12,13,BitmapSlice-Exact,1.000000,1.000000,94.000,0.183670,0,1
23,negative,0.12,13,PACER-A,1.000000,1.000000,94.000,2.546214,0,1
23,negative,0.12,13,PACER-C,1.000000,1.000000,94.000,2.456653,0,1
23,negative,0.12,13,PACER-X,1.000000,1.000000,94.000,2.305820,0,1
23,negative,0.12,14,PostFilter-IVF,0.333333,0.000000,517.000,0.570590,0,0
23,negative,0.12,14,PreFilter-IVF,1.000000,1.000000,323.000,0.791004,0,0
23,negative,0.12,14,BitmapSlice-Exact,1.000000,1.000000,6.000,0.078400,0,1
23,negative,0.12,14,PACER-A,1.000000,1.000000,6.000,0.441634,0,1
23,negative,0.12,14,PACER-C,1.000000,1.000000,6.000,0.461000,0,1
23,negative,0.12,14,PACER-X,1.000000,1.000000,6.000,0.492315,0,1
23,negative,0.12,15,PostFilter-IVF,0.000000,0.000000,546.000,0.490927,0,0
23,negative,0.12,15,PreFilter-IVF,1.000000,1.000000,158.000,0.423869,0,0
23,negative,0.12,15,BitmapSlice-Exact,1.000000,1.000000,2.000,0.063485,0,1
23,negative,0.12,15,PACER-A,1.000000,1.000000,2.000,0.242809,0,1
23,negative,0.12,15,PACER-C,1.000000,1.000000,2.000,0.258983,0,1
23,negative,0.12,15,PACER-X,1.000000,1.000000,2.000,0.264077,0,1
23,negative,0.24,0,PostFilter-IVF,0.600000,0.000000,653.000,0.728516,0,0
23,negative,0.24,0,PreFilter-IVF,0.700000,0.000000,549.000,1.418478,0,0
23,negative,0.24,0,BitmapSlice-Exact,1.000000,1.000000,1767.000,2.220563,0,1
23,negative,0.24,0,PACER-A,0.900000,0.000000,700.000,3.608891,0,0
23,negative,0.24,0,PACER-C,1.000000,1.000000,1767.000,5.825258,0,1
23,negative,0.24,0,PACER-X,1.000000,1.000000,1767.000,39.614065,0,1
23,negative,0.24,1,PostFilter-IVF,0.500000,0.000000,495.000,0.851974,0,0
23,negative,0.24,1,PreFilter-IVF,0.800000,0.000000,573.000,2.336590,0,0
23,negative,0.24,1,BitmapSlice-Exact,1.000000,1.000000,81.000,0.311398,0,1
23,negative,0.24,1,PACER-A,1.000000,1.000000,81.000,2.248016,0,1
23,negative,0.24,1,PACER-C,1.000000,1.000000,81.000,2.143976,0,1
23,negative,0.24,1,PACER-X,1.000000,1.000000,81.000,2.030003,0,1
23,negative,0.24,2,PostFilter-IVF,0.000000,0.000000,578.000,1.564216,0,0
23,negative,0.24,2,PreFilter-IVF,1.000000,1.000000,209.000,1.479864,0,0
23,negative,0.24,2,BitmapSlice-Exact,1.000000,1.000000,5.000,0.154939,0,1
23,negative,0.24,2,PACER-A,1.000000,1.000000,5.000,0.673160,0,1
23,negative,0.24,2,PACER-C,1.000000,1.000000,5.000,0.405641,0,1
23,negative,0.24,2,PACER-X,1.000000,1.000000,5.000,0.557081,0,1
23,negative,0.24,3,PostFilter-IVF,0.000000,0.000000,627.000,1.298189,0,0
23,negative,0.24,3,PreFilter-IVF,1.000000,1.000000,99.000,0.866422,0,0
23,negative,0.24,3,BitmapSlice-Exact,1.000000,1.000000,1.000,0.115803,0,1
23,negative,0.24,3,PACER-A,1.000000,1.000000,1.000,0.294454,0,1
23,negative,0.24,3,PACER-C,1.000000,1.000000,1.000,0.264301,0,1
23,negative,0.24,3,PACER-X,1.000000,1.000000,1.000,0.211110,0,1
23,negative,0.24,4,PostFilter-IVF,0.600000,0.000000,595.000,0.591051,0,0
23,negative,0.24,4,PreFilter-IVF,0.400000,0.000000,592.000,1.136256,0,0
23,negative,0.24,4,BitmapSlice-Exact,1.000000,1.000000,1771.000,2.231704,0,1
23,negative,0.24,4,PACER-A,0.900000,0.000000,700.000,3.378012,0,0
23,negative,0.24,4,PACER-C,1.000000,1.000000,1771.000,43.155592,0,1
23,negative,0.24,4,PACER-X,1.000000,1.000000,1771.000,5.985615,0,1
23,negative,0.24,5,PostFilter-IVF,0.400000,0.000000,489.000,0.481286,0,0
23,negative,0.24,5,PreFilter-IVF,0.500000,0.000000,622.000,1.255646,0,0
23,negative,0.24,5,BitmapSlice-Exact,1.000000,1.000000,82.000,0.172838,0,1
23,negative,0.24,5,PACER-A,1.000000,1.000000,82.000,2.678317,0,1
23,negative,0.24,5,PACER-C,1.000000,1.000000,82.000,2.442010,0,1
23,negative,0.24,5,PACER-X,1.000000,1.000000,82.000,2.593963,0,1
23,negative,0.24,6,PostFilter-IVF,0.333333,0.000000,639.000,0.682722,0,0
23,negative,0.24,6,PreFilter-IVF,1.000000,1.000000,205.000,0.502297,0,0
23,negative,0.24,6,BitmapSlice-Exact,1.000000,1.000000,4.000,0.072570,0,1
23,negative,0.24,6,PACER-A,1.000000,1.000000,4.000,0.204306,0,1
23,negative,0.24,6,PACER-C,1.000000,1.000000,4.000,0.180229,0,1
23,negative,0.24,6,PACER-X,1.000000,1.000000,4.000,0.225115,0,1
23,negative,0.24,7,PostFilter-IVF,0.000000,0.000000,604.000,0.571833,0,0
23,negative,0.24,7,PreFilter-IVF,1.000000,1.000000,146.000,0.415383,0,0
23,negative,0.24,7,BitmapSlice-Exact,1.000000,1.000000,2.000,0.078237,0,1
23,negative,0.24,7,PACER-A,1.000000,1.000000,2.000,0.199788,0,1
23,negative,0.24,7,PACER-C,1.000000,1.000000,2.000,0.176142,0,1
23,negative,0.24,7,PACER-X,1.000000,1.000000,2.000,0.204190,0,1
23,negative,0.24,8,PostFilter-IVF,1.000000,1.000000,668.000,0.587199,0,0
23,negative,0.24,8,PreFilter-IVF,1.000000,1.000000,635.000,1.018183,0,0
23,negative,0.24,8,BitmapSlice-Exact,1.000000,1.000000,1811.000,2.196112,0,1
23,negative,0.24,8,PACER-A,1.000000,1.000000,700.000,2.334998,0,0
23,negative,0.24,8,PACER-C,1.000000,1.000000,1811.000,6.377401,0,1
23,negative,0.24,8,PACER-X,1.000000,1.000000,1811.000,5.860268,0,1
23,negative,0.24,9,PostFilter-IVF,0.300000,0.000000,549.000,0.577725,0,0
23,negative,0.24,9,PreFilter-IVF,0.500000,0.000000,611.000,1.092865,0,0
23,negative,0.24,9,BitmapSlice-Exact,1.000000,1.000000,86.000,0.189370,0,1
23,negative,0.24,9,PACER-A,1.000000,1.000000,86.000,2.779493,0,1
23,negative,0.24,9,PACER-C,1.000000,1.000000,86.000,3.237207,0,1
23,negative,0.24,9,PACER-X,1.000000,1.000000,86.000,2.603477,0,1
23,negative,0.24,10,PostFilter-IVF,0.000000,0.000000,661.000,0.576644,0,0
23,negative,0.24,10,PreFilter-IVF,1.000000,1.000000,260.000,0.579338,0,0
23,negative,0.24,10,BitmapSlice-Exact,1.000000,1.000000,5.000,0.086467,0,1
23,negative,0.24,10,PACER-A,1.000000,1.000000,5.000,0.290252,0,1
23,negative,0.24,10,PACER-C,1.000000,1.000000,5.000,0.244416,0,1
23,negative,0.24,10,PACER-X,1.000000,1.000000,5.000,0.301637,0,1
23,negative,0.24,11,PostFilter-IVF,0.000000,0.000000,546.000,0.637807,0,0
23,negative,0.24,11,PreFilter-IVF,1.000000,1.000000,158.000,0.447109,0,0
23,negative,0.24,11,BitmapSlice-Exact,1.000000,1.000000,2.000,0.061313,0,1
23,negative,0.24,11,PACER-A,1.000000,1.000000,2.000,0.248311,0,1
23,negative,0.24,11,PACER-C,1.000000,1.000000,2.000,0.178990,0,1
23,negative,0.24,11,PACER-X,1.000000,1.000000,2.000,0.172967,0,1
23,negative,0.24,12,PostFilter-IVF,0.800000,0.000000,700.000,0.696405,0,0
23,negative,0.24,12,PreFilter-IVF,0.700000,0.000000,674.000,0.947192,0,0
23,negative,0.24,12,BitmapSlice-Exact,1.000000,1.000000,1748.000,2.448496,0,1
23,negative,0.24,12,PACER-A,1.000000,1.000000,700.000,2.654091,0,0
23,negative,0.24,12,PACER-C,1.000000,1.000000,1748.000,6.106658,0,1
23,negative,0.24,12,PACER-X,1.000000,1.000000,1748.000,5.963590,0,1
23,negative,0.24,13,PostFilter-IVF,0.500000,0.000000,582.000,0.631400,0,0
23,negative,0.24,13,PreFilter-IVF,0.500000,0.000000,679.000,1.179789,0,0
23,negative,0.24,13,BitmapSlice-Exact,1.000000,1.000000,94.000,0.188107,0,1
23,negative,0.24,13,PACER-A,1.000000,1.000000,94.000,2.323426,0,1
23,negative,0.24,13,PACER-C,1.000000,1.000000,94.000,2.321065,0,1
23,negative,0.24,13,PACER-X,1.000000,1.000000,94.000,2.503949,0,1
23,negative,0.24,14,PostFilter-IVF,0.333333,0.000000,545.000,0.454674,0,0
23,negative,0.24,14,PreFilter-IVF,1.000000,1.000000,318.000,0.534955,0,0
23,negative,0.24,14,BitmapSlice-Exact,1.000000,1.000000,3.000,0.060728,0,1
23,negative,0.24,14,PACER-A,1.000000,1.000000,3.000,0.246178,0,1
23,negative,0.24,14,PACER-C,1.000000,1.000000,3.000,0.245920,0,1
23,negative,0.24,14,PACER-X,1.000000,1.000000,3.000,0.230895,0,1
23,negative,0.24,15,PostFilter-IVF,0.000000,0.000000,556.000,0.548908,0,0
23,negative,0.24,15,PreFilter-IVF,1.000000,1.000000,105.000,0.484583,0,0
23,negative,0.24,15,BitmapSlice-Exact,1.000000,1.000000,1.000,0.066292,0,1
23,negative,0.24,15,PACER-A,1.000000,1.000000,1.000,0.149996,0,1
23,negative,0.24,15,PACER-C,1.000000,1.000000,1.000,0.119046,0,1
23,negative,0.24,15,PACER-X,1.000000,1.000000,1.000,0.119950,0,1
37,positive,0.0,0,PostFilter-IVF,0.900000,0.000000,507.000,0.581060,0,0
37,positive,0.0,0,PreFilter-IVF,1.000000,1.000000,587.000,1.096429,0,0
37,positive,0.0,0,BitmapSlice-Exact,1.000000,1.000000,1747.000,2.093978,0,1
37,positive,0.0,0,PACER-A,1.000000,1.000000,700.000,2.594719,0,0
37,positive,0.0,0,PACER-C,1.000000,1.000000,1747.000,5.755700,0,1
37,positive,0.0,0,PACER-X,1.000000,1.000000,1747.000,5.593307,0,1
37,positive,0.0,1,PostFilter-IVF,0.700000,0.000000,651.000,0.581249,0,0
37,positive,0.0,1,PreFilter-IVF,0.800000,0.000000,646.000,1.389173,0,0
37,positive,0.0,1,BitmapSlice-Exact,1.000000,1.000000,114.000,0.196386,0,1
37,positive,0.0,1,PACER-A,1.000000,1.000000,114.000,3.277486,0,1
37,positive,0.0,1,PACER-C,1.000000,1.000000,114.000,2.949417,0,1
37,positive,0.0,1,PACER-X,1.000000,1.000000,114.000,2.872031,0,1
37,positive,0.0,2,PostFilter-IVF,0.600000,0.000000,700.000,0.598089,0,0
37,positive,0.0,2,PreFilter-IVF,1.000000,1.000000,187.000,0.479849,0,0
37,positive,0.0,2,BitmapSlice-Exact,1.000000,1.000000,5.000,0.061399,0,1
37,positive,0.0,2,PACER-A,1.000000,1.000000,5.000,0.213017,0,1
37,positive,0.0,2,PACER-C,1.000000,1.000000,5.000,0.185270,0,1
37,positive,0.0,2,PACER-X,1.000000,1.000000,5.000,0.174364,0,1
37,positive,0.0,3,PostFilter-IVF,1.000000,1.000000,617.000,0.476457,0,0
37,positive,0.0,3,PreFilter-IVF,1.000000,1.000000,32.000,0.298868,0,0
37,positive,0.0,3,BitmapSlice-Exact,1.000000,1.000000,1.000,0.053246,0,1
37,positive,0.0,3,PACER-A,1.000000,1.000000,1.000,0.112500,0,1
37,positive,0.0,3,PACER-C,1.000000,1.000000,1.000,0.099923,0,1
37,positive,0.0,3,PACER-X,1.000000,1.000000,1.000,0.098551,0,1
37,positive,0.0,4,PostFilter-IVF,0.800000,0.000000,537.000,16.948098,0,0
37,positive,0.0,4,PreFilter-IVF,0.700000,0.000000,565.000,1.458965,0,0
37,positive,0.0,4,BitmapSlice-Exact,1.000000,1.000000,1737.000,1.904609,0,1
37,positive,0.0,4,PACER-A,0.900000,0.000000,700.000,2.466388,0,0
37,positive,0.0,4,PACER-C,1.000000,1.000000,1737.000,5.830999,0,1
37,positive,0.0,4,PACER-X,1.000000,1.000000,1737.000,5.195026,0,1
37,positive,0.0,5,PostFilter-IVF,0.300000,0.000000,598.000,0.479265,0,0
37,positive,0.0,5,PreFilter-IVF,0.500000,0.000000,472.000,1.091427,0,0
37,positive,0.0,5,BitmapSlice-Exact,1.000000,1.000000,114.000,0.189363,0,1
37,positive,0.0,5,PACER-A,1.000000,1.000000,114.000,2.110991,0,1
37,positive,0.0,5,PACER-C,1.000000,1.000000,114.000,2.146634,0,1
37,positive,0.0,5,PACER-X,1.000000,1.000000,114.000,2.143275,0,1
37,positive,0.0,6,PostFilter-IVF,0.400000,0.000000,627.000,0.554816,0,0
37,positive,0.0,6,PreFilter-IVF,1.000000,1.000000,262.000,0.469390,0,0
37,positive,0.0,6,BitmapSlice-Exact,1.000000,1.000000,5.000,0.060840,0,1
37,positive,0.0,6,PACER-A,1.000000,1.000000,5.000,0.256414,0,1
37,positive,0.0,6,PACER-C,1.000000,1.000000,5.000,0.262256,0,1
37,positive,0.0,6,PACER-X,1.000000,1.000000,5.000,0.237033,0,1
37,positive,0.0,7,PostFilter-IVF,0.333333,0.000000,517.000,0.400980,0,0
37,positive,0.0,7,PreFilter-IVF,1.000000,1.000000,128.000,0.372454,0,0
37,positive,0.0,7,BitmapSlice-Exact,1.000000,1.000000,3.000,0.091763,0,1
37,positive,0.0,7,PACER-A,1.000000,1.000000,3.000,0.320932,0,1
37,positive,0.0,7,PACER-C,1.000000,1.000000,3.000,0.307822,0,1
37,positive,0.0,7,PACER-X,1.000000,1.000000,3.000,0.261709,0,1
37,positive,0.0,8,PostFilter-IVF,0.900000,0.000000,700.000,0.773633,0,0
37,positive,0.0,8,PreFilter-IVF,1.000000,1.000000,675.000,1.487387,0,0
37,positive,0.0,8,BitmapSlice-Exact,1.000000,1.000000,1740.000,1.996978,0,1
37,positive,0.0,8,PACER-A,1.000000,1.000000,700.000,2.078358,0,0
37,positive,0.0,8,PACER-C,1.000000,1.000000,1740.000,6.431061,0,1
37,positive,0.0,8,PACER-X,1.000000,1.000000,1740.000,6.539667,0,1
37,positive,0.0,9,PostFilter-IVF,0.400000,0.000000,541.000,0.686789,0,0
37,positive,0.0,9,PreFilter-IVF,0.500000,0.000000,503.000,1.337809,0,0
37,positive,0.0,9,BitmapSlice-Exact,1.000000,1.000000,83.000,0.213888,0,1
37,positive,0.0,9,PACER-A,1.000000,1.000000,83.000,2.261469,0,1
37,positive,0.0,9,PACER-C,1.000000,1.000000,83.000,1.872056,0,1
37,positive,0.0,9,PACER-X,1.000000,1.000000,83.000,14.698958,0,1
37,positive,0.0,10,PostFilter-IVF,1.000000,1.000000,616.000,0.821414,0,0
37,positive,0.0,10,PreFilter-IVF,1.000000,1.000000,103.000,0.521773,0,0
37,positive,0.0,10,BitmapSlice-Exact,1.000000,1.000000,3.000,0.063133,0,1
37,positive,0.0,10,PACER-A,1.000000,1.000000,3.000,0.199296,0,1
37,positive,0.0,10,PACER-C,1.000000,1.000000,3.000,0.173859,0,1
37,positive,0.0,10,PACER-X,1.000000,1.000000,3.000,0.234557,0,1
37,positive,0.0,11,PostFilter-IVF,1.000000,1.000000,642.000,0.661907,0,0
37,positive,0.0,11,PreFilter-IVF,1.000000,1.000000,61.000,0.427884,0,0
37,positive,0.0,11,BitmapSlice-Exact,1.000000,1.000000,1.000,0.064518,0,1
37,positive,0.0,11,PACER-A,1.000000,1.000000,1.000,0.181250,0,1
37,positive,0.0,11,PACER-C,1.000000,1.000000,1.000,0.165379,0,1
37,positive,0.0,11,PACER-X,1.000000,1.000000,1.000,0.108524,0,1
37,positive,0.0,12,PostFilter-IVF,1.000000,1.000000,510.000,0.662314,0,0
37,positive,0.0,12,PreFilter-IVF,1.000000,1.000000,503.000,1.967520,0,0
37,positive,0.0,12,BitmapSlice-Exact,1.000000,1.000000,1748.000,2.366484,0,1
37,positive,0.0,12,PACER-A,1.000000,1.000000,700.000,3.929347,0,0
37,positive,0.0,12,PACER-C,1.000000,1.000000,1748.000,7.418272,0,1
37,positive,0.0,12,PACER-X,1.000000,1.000000,1748.000,7.289364,0,1
37,positive,0.0,13,PostFilter-IVF,0.300000,0.000000,700.000,0.780039,0,0
37,positive,0.0,13,PreFilter-IVF,0.500000,0.000000,722.000,1.608026,0,0
37,positive,0.0,13,BitmapSlice-Exact,1.000000,1.000000,97.000,0.214848,0,1
37,positive,0.0,13,PACER-A,1.000000,1.000000,97.000,3.128726,0,1
37,positive,0.0,13,PACER-C,1.000000,1.000000,97.000,2.504540,0,1
37,positive,0.0,13,PACER-X,1.000000,1.000000,97.000,2.581726,0,1
37,positive,0.0,14,PostFilter-IVF,1.000000,1.000000,637.000,0.762921,0,0
37,positive,0.0,14,PreFilter-IVF,1.000000,1.000000,96.000,0.371427,0,0
37,positive,0.0,14,BitmapSlice-Exact,1.000000,1.000000,4.000,0.061778,0,1
37,positive,0.0,14,PACER-A,1.000000,1.000000,4.000,0.188521,0,1
37,positive,0.0,14,PACER-C,1.000000,1.000000,4.000,0.171772,0,1
37,positive,0.0,14,PACER-X,1.000000,1.000000,4.000,0.178258,0,1
37,positive,0.0,15,PostFilter-IVF,0.000000,0.000000,590.000,0.731795,0,0
37,positive,0.0,15,PreFilter-IVF,1.000000,1.000000,155.000,0.778385,0,0
37,positive,0.0,15,BitmapSlice-Exact,1.000000,1.000000,2.000,0.095932,0,1
37,positive,0.0,15,PACER-A,1.000000,1.000000,2.000,0.364914,0,1
37,positive,0.0,15,PACER-C,1.000000,1.000000,2.000,0.302017,0,1
37,positive,0.0,15,PACER-X,1.000000,1.000000,2.000,0.285761,0,1
37,positive,0.12,0,PostFilter-IVF,0.900000,0.000000,507.000,0.922110,0,0
37,positive,0.12,0,PreFilter-IVF,1.000000,1.000000,587.000,0.910128,0,0
37,positive,0.12,0,BitmapSlice-Exact,1.000000,1.000000,1747.000,2.467098,0,1
37,positive,0.12,0,PACER-A,1.000000,1.000000,700.000,2.785211,0,0
37,positive,0.12,0,PACER-C,1.000000,1.000000,1747.000,5.611398,0,1
37,positive,0.12,0,PACER-X,1.000000,1.000000,1747.000,7.020178,0,1
37,positive,0.12,1,PostFilter-IVF,0.500000,0.000000,651.000,0.684799,0,0
37,positive,0.12,1,PreFilter-IVF,0.700000,0.000000,646.000,1.583908,0,0
37,positive,0.12,1,BitmapSlice-Exact,1.000000,1.000000,114.000,0.307917,0,1
37,positive,0.12,1,PACER-A,1.000000,1.000000,114.000,4.270628,0,1
37,positive,0.12,1,PACER-C,1.000000,1.000000,114.000,3.946572,0,1
37,positive,0.12,1,PACER-X,1.000000,1.000000,114.000,3.771899,0,1
37,positive,0.12,2,PostFilter-IVF,0.600000,0.000000,700.000,1.051645,0,0
37,positive,0.12,2,PreFilter-IVF,1.000000,1.000000,187.000,0.731116,0,0
37,positive,0.12,2,BitmapSlice-Exact,1.000000,1.000000,5.000,0.096400,0,1
37,positive,0.12,2,PACER-A,1.000000,1.000000,5.000,31.487295,0,1
37,positive,0.12,2,PACER-C,1.000000,1.000000,5.000,0.265120,0,1
37,positive,0.12,2,PACER-X,1.000000,1.000000,5.000,0.183894,0,1
37,positive,0.12,3,PostFilter-IVF,1.000000,1.000000,617.000,0.570032,0,0
37,positive,0.12,3,PreFilter-IVF,1.000000,1.000000,32.000,0.386665,0,0
37,positive,0.12,3,BitmapSlice-Exact,1.000000,1.000000,1.000,0.057468,0,1
37,positive,0.12,3,PACER-A,1.000000,1.000000,1.000,0.129421,0,1
37,positive,0.12,3,PACER-C,1.000000,1.000000,1.000,0.138668,0,1
37,positive,0.12,3,PACER-X,1.000000,1.000000,1.000,0.102426,0,1
37,positive,0.12,4,PostFilter-IVF,0.800000,0.000000,537.000,0.490704,0,0
37,positive,0.12,4,PreFilter-IVF,0.700000,0.000000,565.000,1.298312,0,0
37,positive,0.12,4,BitmapSlice-Exact,1.000000,1.000000,1737.000,3.537447,0,1
37,positive,0.12,4,PACER-A,0.900000,0.000000,700.000,3.936671,0,0
37,positive,0.12,4,PACER-C,1.000000,1.000000,1737.000,96.003229,0,1
37,positive,0.12,4,PACER-X,1.000000,1.000000,1737.000,10.460152,0,1
37,positive,0.12,5,PostFilter-IVF,0.300000,0.000000,598.000,0.897977,0,0
37,positive,0.12,5,PreFilter-IVF,0.500000,0.000000,472.000,1.840642,0,0
37,positive,0.12,5,BitmapSlice-Exact,1.000000,1.000000,114.000,0.376935,0,1
37,positive,0.12,5,PACER-A,1.000000,1.000000,114.000,2.944614,0,1
37,positive,0.12,5,PACER-C,1.000000,1.000000,114.000,3.079982,0,1
37,positive,0.12,5,PACER-X,1.000000,1.000000,114.000,2.573980,0,1
37,positive,0.12,6,PostFilter-IVF,0.500000,0.000000,627.000,0.490042,0,0
37,positive,0.12,6,PreFilter-IVF,1.000000,1.000000,262.000,0.465775,0,0
37,positive,0.12,6,BitmapSlice-Exact,1.000000,1.000000,5.000,0.061210,0,1
37,positive,0.12,6,PACER-A,1.000000,1.000000,5.000,0.317133,0,1
37,positive,0.12,6,PACER-C,1.000000,1.000000,5.000,0.247080,0,1
37,positive,0.12,6,PACER-X,1.000000,1.000000,5.000,0.237332,0,1
37,positive,0.12,7,PostFilter-IVF,0.333333,0.000000,517.000,0.489804,0,0
37,positive,0.12,7,PreFilter-IVF,1.000000,1.000000,128.000,0.351616,0,0
37,positive,0.12,7,BitmapSlice-Exact,1.000000,1.000000,3.000,0.056747,0,1
37,positive,0.12,7,PACER-A,1.000000,1.000000,3.000,0.185407,0,1
37,positive,0.12,7,PACER-C,1.000000,1.000000,3.000,0.173175,0,1
37,positive,0.12,7,PACER-X,1.000000,1.000000,3.000,0.180813,0,1
37,positive,0.12,8,PostFilter-IVF,0.900000,0.000000,700.000,0.748321,0,0
37,positive,0.12,8,PreFilter-IVF,1.000000,1.000000,675.000,1.368855,0,0
37,positive,0.12,8,BitmapSlice-Exact,1.000000,1.000000,1740.000,2.453588,0,1
37,positive,0.12,8,PACER-A,1.000000,1.000000,700.000,2.139935,0,0
37,positive,0.12,8,PACER-C,1.000000,1.000000,1740.000,5.818514,0,1
37,positive,0.12,8,PACER-X,1.000000,1.000000,1740.000,6.544813,0,1
37,positive,0.12,9,PostFilter-IVF,0.400000,0.000000,541.000,0.622697,0,0
37,positive,0.12,9,PreFilter-IVF,0.500000,0.000000,503.000,1.249860,0,0
37,positive,0.12,9,BitmapSlice-Exact,1.000000,1.000000,83.000,0.165733,0,1
37,positive,0.12,9,PACER-A,1.000000,1.000000,83.000,2.146846,0,1
37,positive,0.12,9,PACER-C,1.000000,1.000000,83.000,2.066944,0,1
37,positive,0.12,9,PACER-X,1.000000,1.000000,83.000,22.654517,0,1
37,positive,0.12,10,PostFilter-IVF,1.000000,1.000000,637.000,0.596062,0,0
37,positive,0.12,10,PreFilter-IVF,1.000000,1.000000,96.000,0.371971,0,0
37,positive,0.12,10,BitmapSlice-Exact,1.000000,1.000000,4.000,0.078811,0,1
37,positive,0.12,10,PACER-A,1.000000,1.000000,4.000,0.162206,0,1
37,positive,0.12,10,PACER-C,1.000000,1.000000,4.000,0.130348,0,1
37,positive,0.12,10,PACER-X,1.000000,1.000000,4.000,0.109295,0,1
37,positive,0.12,11,PostFilter-IVF,1.000000,1.000000,642.000,0.636710,0,0
37,positive,0.12,11,PreFilter-IVF,1.000000,1.000000,61.000,0.345330,0,0
37,positive,0.12,11,BitmapSlice-Exact,1.000000,1.000000,1.000,0.056720,0,1
37,positive,0.12,11,PACER-A,1.000000,1.000000,1.000,0.170585,0,1
37,positive,0.12,11,PACER-C,1.000000,1.000000,1.000,0.132269,0,1
37,positive,0.12,11,PACER-X,1.000000,1.000000,1.000,0.142310,0,1
37,positive,0.12,12,PostFilter-IVF,1.000000,1.000000,510.000,0.499661,0,0
37,positive,0.12,12,PreFilter-IVF,1.000000,1.000000,503.000,1.846558,0,0
37,positive,0.12,12,BitmapSlice-Exact,1.000000,1.000000,1748.000,2.195464,0,1
37,positive,0.12,12,PACER-A,1.000000,1.000000,700.000,3.060726,0,0
37,positive,0.12,12,PACER-C,1.000000,1.000000,1748.000,6.432286,0,1
37,positive,0.12,12,PACER-X,1.000000,1.000000,1748.000,6.279223,0,1
37,positive,0.12,13,PostFilter-IVF,0.300000,0.000000,700.000,0.693945,0,0
37,positive,0.12,13,PreFilter-IVF,0.500000,0.000000,722.000,1.296698,0,0
37,positive,0.12,13,BitmapSlice-Exact,1.000000,1.000000,97.000,0.176285,0,1
37,positive,0.12,13,PACER-A,1.000000,1.000000,97.000,2.162849,0,1
37,positive,0.12,13,PACER-C,1.000000,1.000000,97.000,2.322621,0,1
37,positive,0.12,13,PACER-X,1.000000,1.000000,97.000,2.521481,0,1
37,positive,0.12,14,PostFilter-IVF,0.142857,0.000000,638.000,0.575118,0,0
37,positive,0.12,14,PreFilter-IVF,1.000000,1.000000,248.000,0.603110,0,0
37,positive,0.12,14,BitmapSlice-Exact,1.000000,1.000000,8.000,0.066944,0,1
37,positive,0.12,14,PACER-A,1.000000,1.000000,8.000,0.306495,0,1
37,positive,0.12,14,PACER-C,1.000000,1.000000,8.000,0.344068,0,1
37,positive,0.12,14,PACER-X,1.000000,1.000000,8.000,0.338535,0,1
37,positive,0.12,15,PostFilter-IVF,0.000000,0.000000,590.000,0.475643,0,0
37,positive,0.12,15,PreFilter-IVF,1.000000,1.000000,155.000,0.389178,0,0
37,positive,0.12,15,BitmapSlice-Exact,1.000000,1.000000,2.000,0.100196,0,1
37,positive,0.12,15,PACER-A,1.000000,1.000000,2.000,0.287894,0,1
37,positive,0.12,15,PACER-C,1.000000,1.000000,2.000,0.183070,0,1
37,positive,0.12,15,PACER-X,1.000000,1.000000,2.000,0.193915,0,1
37,positive,0.24,0,PostFilter-IVF,0.900000,0.000000,507.000,0.724926,0,0
37,positive,0.24,0,PreFilter-IVF,1.000000,1.000000,587.000,1.369592,0,0
37,positive,0.24,0,BitmapSlice-Exact,1.000000,1.000000,1747.000,3.124311,0,1
37,positive,0.24,0,PACER-A,1.000000,1.000000,700.000,3.344376,0,0
37,positive,0.24,0,PACER-C,1.000000,1.000000,1747.000,5.404721,0,1
37,positive,0.24,0,PACER-X,1.000000,1.000000,1747.000,5.621365,0,1
37,positive,0.24,1,PostFilter-IVF,0.600000,0.000000,651.000,0.520198,0,0
37,positive,0.24,1,PreFilter-IVF,0.700000,0.000000,646.000,1.098080,0,0
37,positive,0.24,1,BitmapSlice-Exact,1.000000,1.000000,114.000,0.193428,0,1
37,positive,0.24,1,PACER-A,1.000000,1.000000,114.000,2.788841,0,1
37,positive,0.24,1,PACER-C,1.000000,1.000000,114.000,2.704250,0,1
37,positive,0.24,1,PACER-X,1.000000,1.000000,114.000,3.875708,0,1
37,positive,0.24,2,PostFilter-IVF,0.600000,0.000000,700.000,0.795284,0,0
37,positive,0.24,2,PreFilter-IVF,1.000000,1.000000,187.000,0.646450,0,0
37,positive,0.24,2,BitmapSlice-Exact,1.000000,1.000000,5.000,0.073094,0,1
37,positive,0.24,2,PACER-A,1.000000,1.000000,5.000,0.261950,0,1
37,positive,0.24,2,PACER-C,1.000000,1.000000,5.000,0.234430,0,1
37,positive,0.24,2,PACER-X,1.000000,1.000000,5.000,0.306748,0,1
37,positive,0.24,3,PostFilter-IVF,1.000000,1.000000,617.000,0.628525,0,0
37,positive,0.24,3,PreFilter-IVF,1.000000,1.000000,32.000,0.335193,0,0
37,positive,0.24,3,BitmapSlice-Exact,1.000000,1.000000,1.000,0.076659,0,1
37,positive,0.24,3,PACER-A,1.000000,1.000000,1.000,0.139941,0,1
37,positive,0.24,3,PACER-C,1.000000,1.000000,1.000,0.154936,0,1
37,positive,0.24,3,PACER-X,1.000000,1.000000,1.000,0.102354,0,1
37,positive,0.24,4,PostFilter-IVF,0.800000,0.000000,537.000,0.520163,0,0
37,positive,0.24,4,PreFilter-IVF,0.600000,0.000000,565.000,1.216009,0,0
37,positive,0.24,4,BitmapSlice-Exact,1.000000,1.000000,1737.000,2.159173,0,1
37,positive,0.24,4,PACER-A,0.900000,0.000000,700.000,2.941217,0,0
37,positive,0.24,4,PACER-C,1.000000,1.000000,1737.000,5.689381,0,1
37,positive,0.24,4,PACER-X,1.000000,1.000000,1737.000,5.919185,0,1
37,positive,0.24,5,PostFilter-IVF,0.400000,0.000000,598.000,0.531412,0,0
37,positive,0.24,5,PreFilter-IVF,0.500000,0.000000,472.000,1.271076,0,0
37,positive,0.24,5,BitmapSlice-Exact,1.000000,1.000000,114.000,0.245909,0,1
37,positive,0.24,5,PACER-A,1.000000,1.000000,114.000,2.476831,0,1
37,positive,0.24,5,PACER-C,1.000000,1.000000,114.000,2.334160,0,1
37,positive,0.24,5,PACER-X,1.000000,1.000000,114.000,2.270363,0,1
37,positive,0.24,6,PostFilter-IVF,0.333333,0.000000,627.000,0.576189,0,0
37,positive,0.24,6,PreFilter-IVF,1.000000,1.000000,262.000,0.586624,0,0
37,positive,0.24,6,BitmapSlice-Exact,1.000000,1.000000,5.000,0.091840,0,1
37,positive,0.24,6,PACER-A,1.000000,1.000000,5.000,0.393868,0,1
37,positive,0.24,6,PACER-C,1.000000,1.000000,5.000,0.334917,0,1
37,positive,0.24,6,PACER-X,1.000000,1.000000,5.000,0.367014,0,1
37,positive,0.24,7,PostFilter-IVF,0.333333,0.000000,517.000,0.488643,0,0
37,positive,0.24,7,PreFilter-IVF,1.000000,1.000000,128.000,0.471655,0,0
37,positive,0.24,7,BitmapSlice-Exact,1.000000,1.000000,3.000,0.060753,0,1
37,positive,0.24,7,PACER-A,1.000000,1.000000,3.000,0.190811,0,1
37,positive,0.24,7,PACER-C,1.000000,1.000000,3.000,0.179220,0,1
37,positive,0.24,7,PACER-X,1.000000,1.000000,3.000,0.191530,0,1
37,positive,0.24,8,PostFilter-IVF,0.900000,0.000000,700.000,0.601182,0,0
37,positive,0.24,8,PreFilter-IVF,1.000000,1.000000,675.000,2.186914,0,0
37,positive,0.24,8,BitmapSlice-Exact,1.000000,1.000000,1740.000,2.526413,0,1
37,positive,0.24,8,PACER-A,1.000000,1.000000,700.000,2.346305,0,0
37,positive,0.24,8,PACER-C,1.000000,1.000000,1740.000,5.772210,0,1
37,positive,0.24,8,PACER-X,1.000000,1.000000,1740.000,6.230076,0,1
37,positive,0.24,9,PostFilter-IVF,0.400000,0.000000,541.000,0.543034,0,0
37,positive,0.24,9,PreFilter-IVF,0.500000,0.000000,503.000,1.178576,0,0
37,positive,0.24,9,BitmapSlice-Exact,1.000000,1.000000,83.000,0.201853,0,1
37,positive,0.24,9,PACER-A,1.000000,1.000000,83.000,2.329409,0,1
37,positive,0.24,9,PACER-C,1.000000,1.000000,83.000,2.218587,0,1
37,positive,0.24,9,PACER-X,1.000000,1.000000,83.000,2.329539,0,1
37,positive,0.24,10,PostFilter-IVF,1.000000,1.000000,637.000,0.520229,0,0
37,positive,0.24,10,PreFilter-IVF,1.000000,1.000000,96.000,0.350499,0,0
37,positive,0.24,10,BitmapSlice-Exact,1.000000,1.000000,4.000,0.059526,0,1
37,positive,0.24,10,PACER-A,1.000000,1.000000,4.000,0.120251,0,1
37,positive,0.24,10,PACER-C,1.000000,1.000000,4.000,0.171877,0,1
37,positive,0.24,10,PACER-X,1.000000,1.000000,4.000,0.166703,0,1
37,positive,0.24,11,PostFilter-IVF,1.000000,1.000000,642.000,0.805549,0,0
37,positive,0.24,11,PreFilter-IVF,1.000000,1.000000,61.000,0.459057,0,0
37,positive,0.24,11,BitmapSlice-Exact,1.000000,1.000000,1.000,0.076526,0,1
37,positive,0.24,11,PACER-A,1.000000,1.000000,1.000,0.167878,0,1
37,positive,0.24,11,PACER-C,1.000000,1.000000,1.000,0.162854,0,1
37,positive,0.24,11,PACER-X,1.000000,1.000000,1.000,0.149139,0,1
37,positive,0.24,12,PostFilter-IVF,1.000000,1.000000,510.000,0.756441,0,0
37,positive,0.24,12,PreFilter-IVF,1.000000,1.000000,503.000,47.025561,0,0
37,positive,0.24,12,BitmapSlice-Exact,1.000000,1.000000,1748.000,2.535851,0,1
37,positive,0.24,12,PACER-A,1.000000,1.000000,700.000,3.601849,0,0
37,positive,0.24,12,PACER-C,1.000000,1.000000,1748.000,5.786137,0,1
37,positive,0.24,12,PACER-X,1.000000,1.000000,1748.000,6.047087,0,1
37,positive,0.24,13,PostFilter-IVF,0.400000,0.000000,700.000,0.578671,0,0
37,positive,0.24,13,PreFilter-IVF,0.600000,0.000000,722.000,1.346134,0,0
37,positive,0.24,13,BitmapSlice-Exact,1.000000,1.000000,97.000,0.182265,0,1
37,positive,0.24,13,PACER-A,1.000000,1.000000,97.000,2.175724,0,1
37,positive,0.24,13,PACER-C,1.000000,1.000000,97.000,2.296801,0,1
37,positive,0.24,13,PACER-X,1.000000,1.000000,97.000,2.128040,0,1
37,positive,0.24,14,PostFilter-IVF,0.142857,0.000000,638.000,0.688064,0,0
37,positive,0.24,14,PreFilter-IVF,1.000000,1.000000,248.000,0.695465,0,0
37,positive,0.24,14,BitmapSlice-Exact,1.000000,1.000000,8.000,0.094627,0,1
37,positive,0.24,14,PACER-A,1.000000,1.000000,8.000,0.327374,0,1
37,positive,0.24,14,PACER-C,1.000000,1.000000,8.000,0.288055,0,1
37,positive,0.24,14,PACER-X,1.000000,1.000000,8.000,0.354894,0,1
37,positive,0.24,15,PostFilter-IVF,0.000000,0.000000,590.000,0.483030,0,0
37,positive,0.24,15,PreFilter-IVF,1.000000,1.000000,155.000,0.416427,0,0
37,positive,0.24,15,BitmapSlice-Exact,1.000000,1.000000,2.000,0.096337,0,1
37,positive,0.24,15,PACER-A,1.000000,1.000000,2.000,0.284054,0,1
37,positive,0.24,15,PACER-C,1.000000,1.000000,2.000,0.190609,0,1
37,positive,0.24,15,PACER-X,1.000000,1.000000,2.000,0.206482,0,1
37,independent,0.0,0,PostFilter-IVF,0.900000,0.000000,582.000,0.615336,0,0
37,independent,0.0,0,PreFilter-IVF,0.900000,0.000000,591.000,0.995301,0,0
37,independent,0.0,0,BitmapSlice-Exact,1.000000,1.000000,1789.000,2.057907,0,1
37,independent,0.0,0,PACER-A,1.000000,1.000000,700.000,2.540186,0,0
37,independent,0.0,0,PACER-C,1.000000,1.000000,1789.000,5.901430,0,1
37,independent,0.0,0,PACER-X,1.000000,1.000000,1789.000,5.629984,0,1
37,independent,0.0,1,PostFilter-IVF,0.700000,0.000000,651.000,0.629607,0,0
37,independent,0.0,1,PreFilter-IVF,0.600000,0.000000,749.000,1.139165,0,0
37,independent,0.0,1,BitmapSlice-Exact,1.000000,1.000000,81.000,0.168216,0,1
37,independent,0.0,1,PACER-A,1.000000,1.000000,81.000,2.409132,0,1
37,independent,0.0,1,PACER-C,1.000000,1.000000,81.000,2.434552,0,1
37,independent,0.0,1,PACER-X,1.000000,1.000000,81.000,52.758605,0,1
37,independent,0.0,2,PostFilter-IVF,0.000000,0.000000,556.000,0.517374,0,0
37,independent,0.0,2,PreFilter-IVF,1.000000,1.000000,185.000,0.598911,0,0
37,independent,0.0,2,BitmapSlice-Exact,1.000000,1.000000,4.000,0.067235,0,1
37,independent,0.0,2,PACER-A,1.000000,1.000000,4.000,0.428103,0,1
37,independent,0.0,2,PACER-C,1.000000,1.000000,4.000,0.307561,0,1
37,independent,0.0,2,PACER-X,1.000000,1.000000,4.000,0.310641,0,1
37,independent,0.0,3,PostFilter-IVF,0.000000,0.000000,558.000,0.458466,0,0
37,independent,0.0,3,PreFilter-IVF,1.000000,1.000000,42.000,0.299492,0,0
37,independent,0.0,3,BitmapSlice-Exact,1.000000,1.000000,1.000,0.054230,0,1
37,independent,0.0,3,PACER-A,1.000000,1.000000,1.000,0.129209,0,1
37,independent,0.0,3,PACER-C,1.000000,1.000000,1.000,0.197314,0,1
37,independent,0.0,3,PACER-X,1.000000,1.000000,1.000,0.120741,0,1
37,independent,0.0,4,PostFilter-IVF,0.900000,0.000000,551.000,0.641136,0,0
37,independent,0.0,4,PreFilter-IVF,0.900000,0.000000,572.000,1.546246,0,0
37,independent,0.0,4,BitmapSlice-Exact,1.000000,1.000000,1727.000,2.888625,0,1
37,independent,0.0,4,PACER-A,0.900000,0.000000,700.000,3.459181,0,0
37,independent,0.0,4,PACER-C,1.000000,1.000000,1727.000,5.783607,0,1
37,independent,0.0,4,PACER-X,1.000000,1.000000,1727.000,5.462290,0,1
37,independent,0.0,5,PostFilter-IVF,0.500000,0.000000,512.000,0.572242,0,0
37,independent,0.0,5,PreFilter-IVF,0.500000,0.000000,558.000,0.817885,0,0
37,independent,0.0,5,BitmapSlice-Exact,1.000000,1.000000,107.000,0.273595,0,1
37,independent,0.0,5,PACER-A,1.000000,1.000000,107.000,2.630309,0,1
37,independent,0.0,5,PACER-C,1.000000,1.000000,107.000,2.580957,0,1
37,independent,0.0,5,PACER-X,1.000000,1.000000,107.000,2.695662,0,1
37,independent,0.0,6,PostFilter-IVF,0.000000,0.000000,559.000,0.489927,0,0
37,independent,0.0,6,PreFilter-IVF,1.000000,1.000000,195.000,0.448537,0,0
37,independent,0.0,6,BitmapSlice-Exact,1.000000,1.000000,4.000,0.073031,0,1
37,independent,0.0,6,PACER-A,1.000000,1.000000,4.000,0.219152,0,1
37,independent,0.0,6,PACER-C,1.000000,1.000000,4.000,40.680114,0,1
37,independent,0.0,6,PACER-X,1.000000,1.000000,4.000,0.552624,0,1
37,independent,0.0,7,PostFilter-IVF,0.000000,0.000000,700.000,1.164158,0,0
37,independent,0.0,7,PreFilter-IVF,1.000000,1.000000,90.000,0.432055,0,0
37,independent,0.0,7,BitmapSlice-Exact,1.000000,1.000000,1.000,0.101489,0,1
37,independent,0.0,7,PACER-A,1.000000,1.000000,1.000,0.212271,0,1
37,independent,0.0,7,PACER-C,1.000000,1.000000,1.000,0.209862,0,1
37,independent,0.0,7,PACER-X,1.000000,1.000000,1.000,0.153059,0,1
37,independent,0.0,8,PostFilter-IVF,0.800000,0.000000,534.000,0.497113,0,0
37,independent,0.0,8,PreFilter-IVF,0.500000,0.000000,567.000,1.089292,0,0
37,independent,0.0,8,BitmapSlice-Exact,1.000000,1.000000,1725.000,2.123558,0,1
37,independent,0.0,8,PACER-A,0.900000,0.000000,700.000,2.783875,0,0
37,independent,0.0,8,PACER-C,1.000000,1.000000,1725.000,6.036791,0,1
37,independent,0.0,8,PACER-X,1.000000,1.000000,1725.000,5.615433,0,1
37,independent,0.0,9,PostFilter-IVF,0.300000,0.000000,569.000,0.550015,0,0
37,independent,0.0,9,PreFilter-IVF,0.400000,0.000000,596.000,0.915240,0,0
37,independent,0.0,9,BitmapSlice-Exact,1.000000,1.000000,94.000,0.178758,0,1
37,independent,0.0,9,PACER-A,1.000000,1.000000,94.000,2.494386,0,1
37,independent,0.0,9,PACER-C,1.000000,1.000000,94.000,2.256223,0,1
37,independent,0.0,9,PACER-X,1.000000,1.000000,94.000,2.459631,0,1
37,independent,0.0,10,PostFilter-IVF,0.000000,0.000000,647.000,0.501170,0,0
37,independent,0.0,10,PreFilter-IVF,1.000000,1.000000,160.000,0.626189,0,0
37,independent,0.0,10,BitmapSlice-Exact,1.000000,1.000000,5.000,0.061240,0,1
37,independent,0.0,10,PACER-A,1.000000,1.000000,5.000,0.260499,0,1
37,independent,0.0,10,PACER-C,1.000000,1.000000,5.000,0.238268,0,1
37,independent,0.0,10,PACER-X,1.000000,1.000000,5.000,0.269786,0,1
37,independent,0.0,11,PostFilter-IVF,0.000000,0.000000,583.000,0.517686,0,0
37,independent,0.0,11,PreFilter-IVF,1.000000,1.000000,119.000,0.351125,0,0
37,independent,0.0,11,BitmapSlice-Exact,1.000000,1.000000,1.000,0.096524,0,1
37,independent,0.0,11,PACER-A,1.000000,1.000000,1.000,0.257980,0,1
37,independent,0.0,11,PACER-C,1.000000,1.000000,1.000,0.222624,0,1
37,independent,0.0,11,PACER-X,1.000000,1.000000,1.000,0.146214,0,1
37,independent,0.0,12,PostFilter-IVF,0.300000,0.000000,591.000,0.551519,0,0
37,independent,0.0,12,PreFilter-IVF,0.200000,0.000000,505.000,1.268139,0,0
37,independent,0.0,12,BitmapSlice-Exact,1.000000,1.000000,1785.000,2.063843,0,1
37,independent,0.0,12,PACER-A,1.000000,1.000000,700.000,2.903540,0,0
37,independent,0.0,12,PACER-C,1.000000,1.000000,1785.000,5.626822,0,1
37,independent,0.0,12,PACER-X,1.000000,1.000000,1785.000,5.653611,0,1
37,independent,0.0,13,PostFilter-IVF,0.600000,0.000000,639.000,0.627559,0,0
37,independent,0.0,13,PreFilter-IVF,0.600000,0.000000,606.000,1.750340,0,0
37,independent,0.0,13,BitmapSlice-Exact,1.000000,1.000000,98.000,0.272816,0,1
37,independent,0.0,13,PACER-A,1.000000,1.000000,98.000,2.934946,0,1
37,independent,0.0,13,PACER-C,1.000000,1.000000,98.000,7.638934,0,1
37,independent,0.0,13,PACER-X,1.000000,1.000000,98.000,3.473570,0,1
37,independent,0.0,14,PostFilter-IVF,0.000000,0.000000,667.000,0.599636,0,0
37,independent,0.0,14,PreFilter-IVF,1.000000,1.000000,171.000,0.601252,0,0
37,independent,0.0,14,BitmapSlice-Exact,1.000000,1.000000,3.000,0.071527,0,1
37,independent,0.0,14,PACER-A,1.000000,1.000000,3.000,0.260444,0,1
37,independent,0.0,14,PACER-C,1.000000,1.000000,3.000,0.217709,0,1
37,independent,0.0,14,PACER-X,1.000000,1.000000,3.000,0.233795,0,1
37,independent,0.0,15,PostFilter-IVF,0.000000,0.000000,601.000,0.532418,0,0
37,independent,0.0,15,PreFilter-IVF,1.000000,1.000000,175.000,0.560471,0,0
37,independent,0.0,15,BitmapSlice-Exact,1.000000,1.000000,2.000,0.090319,0,1
37,independent,0.0,15,PACER-A,1.000000,1.000000,2.000,0.233218,0,1
37,independent,0.0,15,PACER-C,1.000000,1.000000,2.000,0.265768,0,1
37,independent,0.0,15,PACER-X,1.000000,1.000000,2.000,0.231718,0,1
37,independent,0.12,0,PostFilter-IVF,0.800000,0.000000,582.000,1.140352,0,0
37,independent,0.12,0,PreFilter-IVF,0.800000,0.000000,591.000,1.791836,0,0
37,independent,0.12,0,BitmapSlice-Exact,1.000000,1.000000,1789.000,3.233955,0,1
37,independent,0.12,0,PACER-A,1.000000,1.000000,700.000,3.324890,0,0
37,independent,0.12,0,PACER-C,1.000000,1.000000,1789.000,51.917575,0,1
37,independent,0.12,0,PACER-X,1.000000,1.000000,1789.000,7.275779,0,1
37,independent,0.12,1,PostFilter-IVF,0.700000,0.000000,651.000,0.866888,0,0
37,independent,0.12,1,PreFilter-IVF,0.600000,0.000000,749.000,1.697508,0,0
37,independent,0.12,1,BitmapSlice-Exact,1.000000,1.000000,81.000,0.279115,0,1
37,independent,0.12,1,PACER-A,1.000000,1.000000,81.000,3.180483,0,1
37,independent,0.12,1,PACER-C,1.000000,1.000000,81.000,2.612827,0,1
37,independent,0.12,1,PACER-X,1.000000,1.000000,81.000,3.306455,0,1
37,independent,0.12,2,PostFilter-IVF,0.000000,0.000000,556.000,0.461275,0,0
37,independent,0.12,2,PreFilter-IVF,1.000000,1.000000,185.000,0.647841,0,0
37,independent,0.12,2,BitmapSlice-Exact,1.000000,1.000000,4.000,0.101455,0,1
37,independent,0.12,2,PACER-A,1.000000,1.000000,4.000,0.329959,0,1
37,independent,0.12,2,PACER-C,1.000000,1.000000,4.000,0.377325,0,1
37,independent,0.12,2,PACER-X,1.000000,1.000000,4.000,0.342508,0,1
37,independent,0.12,3,PostFilter-IVF,0.000000,0.000000,558.000,0.783456,0,0
37,independent,0.12,3,PreFilter-IVF,1.000000,1.000000,42.000,0.399650,0,0
37,independent,0.12,3,BitmapSlice-Exact,1.000000,1.000000,1.000,0.097728,0,1
37,independent,0.12,3,PACER-A,1.000000,1.000000,1.000,0.233066,0,1
37,independent,0.12,3,PACER-C,1.000000,1.000000,1.000,0.228222,0,1
37,independent,0.12,3,PACER-X,1.000000,1.000000,1.000,0.151157,0,1
37,independent,0.12,4,PostFilter-IVF,0.800000,0.000000,551.000,0.485440,0,0
37,independent,0.12,4,PreFilter-IVF,0.800000,0.000000,572.000,1.443893,0,0
37,independent,0.12,4,BitmapSlice-Exact,1.000000,1.000000,1727.000,1.911293,0,1
37,independent,0.12,4,PACER-A,0.800000,0.000000,700.000,2.610047,0,0
37,independent,0.12,4,PACER-C,1.000000,1.000000,1727.000,7.037077,0,1
37,independent,0.12,4,PACER-X,1.000000,1.000000,1727.000,8.484678,0,1
37,independent,0.12,5,PostFilter-IVF,0.600000,0.000000,512.000,0.483732,0,0
37,independent,0.12,5,PreFilter-IVF,0.600000,0.000000,558.000,1.002551,0,0
37,independent,0.12,5,BitmapSlice-Exact,1.000000,1.000000,107.000,0.201474,0,1
37,independent,0.12,5,PACER-A,1.000000,1.000000,107.000,2.874692,0,1
37,independent,0.12,5,PACER-C,1.000000,1.000000,107.000,3.125912,0,1
37,independent,0.12,5,PACER-X,1.000000,1.000000,107.000,4.644740,0,1
37,independent,0.12,6,PostFilter-IVF,0.000000,0.000000,559.000,0.503923,0,0
37,independent,0.12,6,PreFilter-IVF,1.000000,1.000000,195.000,0.660652,0,0
37,independent,0.12,6,BitmapSlice-Exact,1.000000,1.000000,4.000,0.120932,0,1
37,independent,0.12,6,PACER-A,1.000000,1.000000,4.000,0.272927,0,1
37,independent,0.12,6,PACER-C,1.000000,1.000000,4.000,0.226594,0,1
37,independent,0.12,6,PACER-X,1.000000,1.000000,4.000,0.286877,0,1
37,independent,0.12,7,PostFilter-IVF,0.000000,0.000000,700.000,0.882483,0,0
37,independent,0.12,7,PreFilter-IVF,1.000000,1.000000,90.000,0.520013,0,0
37,independent,0.12,7,BitmapSlice-Exact,1.000000,1.000000,1.000,0.059501,0,1
37,independent,0.12,7,PACER-A,1.000000,1.000000,1.000,0.162290,0,1
37,independent,0.12,7,PACER-C,1.000000,1.000000,1.000,0.128397,0,1
37,independent,0.12,7,PACER-X,1.000000,1.000000,1.000,0.118192,0,1
37,independent,0.12,8,PostFilter-IVF,0.700000,0.000000,534.000,0.555133,0,0
37,independent,0.12,8,PreFilter-IVF,0.300000,0.000000,567.000,1.039332,0,0
37,independent,0.12,8,BitmapSlice-Exact,1.000000,1.000000,1725.000,42.679117,0,1
37,independent,0.12,8,PACER-A,0.900000,0.000000,700.000,3.111187,0,0
37,independent,0.12,8,PACER-C,1.000000,1.000000,1725.000,7.083979,0,1
37,independent,0.12,8,PACER-X,1.000000,1.000000,1725.000,7.215026,0,1
37,independent,0.12,9,PostFilter-IVF,0.400000,0.000000,569.000,0.637657,0,0
37,independent,0.12,9,PreFilter-IVF,0.500000,0.000000,596.000,1.010294,0,0
37,independent,0.12,9,BitmapSlice-Exact,1.000000,1.000000,94.000,0.187861,0,1
37,independent,0.12,9,PACER-A,1.000000,1.000000,94.000,2.460496,0,1
37,independent,0.12,9,PACER-C,1.000000,1.000000,94.000,2.982442,0,1
37,independent,0.12,9,PACER-X,1.000000,1.000000,94.000,2.788613,0,1
37,independent,0.12,10,PostFilter-IVF,0.000000,0.000000,647.000,0.776816,0,0
37,independent,0.12,10,PreFilter-IVF,1.000000,1.000000,160.000,0.957138,0,0
37,independent,0.12,10,BitmapSlice-Exact,1.000000,1.000000,5.000,0.071272,0,1
37,independent,0.12,10,PACER-A,1.000000,1.000000,5.000,0.462284,0,1
37,independent,0.12,10,PACER-C,1.000000,1.000000,5.000,0.275316,0,1
37,independent,0.12,10,PACER-X,1.000000,1.000000,5.000,0.307863,0,1
37,independent,0.12,11,PostFilter-IVF,0.000000,0.000000,583.000,0.464565,0,0
37,independent,0.12,11,PreFilter-IVF,1.000000,1.000000,119.000,0.552322,0,0
37,independent,0.12,11,BitmapSlice-Exact,1.000000,1.000000,1.000,0.056920,0,1
37,independent,0.12,11,PACER-A,1.000000,1.000000,1.000,0.127738,0,1
37,independent,0.12,11,PACER-C,1.000000,1.000000,1.000,0.113163,0,1
37,independent,0.12,11,PACER-X,1.000000,1.000000,1.000,0.104085,0,1
37,independent,0.12,12,PostFilter-IVF,0.300000,0.000000,591.000,0.527695,0,0
37,independent,0.12,12,PreFilter-IVF,0.200000,0.000000,505.000,1.335661,0,0
37,independent,0.12,12,BitmapSlice-Exact,1.000000,1.000000,1785.000,4.666124,0,1
37,independent,0.12,12,PACER-A,0.900000,0.000000,700.000,4.657476,0,0
37,independent,0.12,12,PACER-C,1.000000,1.000000,1785.000,7.962942,0,1
37,independent,0.12,12,PACER-X,1.000000,1.000000,1785.000,8.345598,0,1
37,independent,0.12,13,PostFilter-IVF,0.600000,0.000000,639.000,0.743860,0,0
37,independent,0.12,13,PreFilter-IVF,0.600000,0.000000,606.000,1.570622,0,0
37,independent,0.12,13,BitmapSlice-Exact,1.000000,1.000000,98.000,0.234172,0,1
37,independent,0.12,13,PACER-A,1.000000,1.000000,98.000,4.897909,0,1
37,independent,0.12,13,PACER-C,1.000000,1.000000,98.000,5.843172,0,1
37,independent,0.12,13,PACER-X,1.000000,1.000000,98.000,3.423928,0,1
37,independent,0.12,14,PostFilter-IVF,0.000000,0.000000,667.000,1.911780,0,0
37,independent,0.12,14,PreFilter-IVF,1.000000,1.000000,171.000,0.564902,0,0
37,independent,0.12,14,BitmapSlice-Exact,1.000000,1.000000,3.000,0.070334,0,1
37,independent,0.12,14,PACER-A,1.000000,1.000000,3.000,0.270113,0,1
37,independent,0.12,14,PACER-C,1.000000,1.000000,3.000,0.191167,0,1
37,independent,0.12,14,PACER-X,1.000000,1.000000,3.000,0.205325,0,1
37,independent,0.12,15,PostFilter-IVF,0.000000,0.000000,601.000,0.704377,0,0
37,independent,0.12,15,PreFilter-IVF,1.000000,1.000000,175.000,0.540383,0,0
37,independent,0.12,15,BitmapSlice-Exact,1.000000,1.000000,2.000,0.093384,0,1
37,independent,0.12,15,PACER-A,1.000000,1.000000,2.000,0.316231,0,1
37,independent,0.12,15,PACER-C,1.000000,1.000000,2.000,0.280809,0,1
37,independent,0.12,15,PACER-X,1.000000,1.000000,2.000,0.203351,0,1
37,independent,0.24,0,PostFilter-IVF,0.800000,0.000000,582.000,0.727746,0,0
37,independent,0.24,0,PreFilter-IVF,0.800000,0.000000,591.000,1.017279,0,0
37,independent,0.24,0,BitmapSlice-Exact,1.000000,1.000000,1789.000,2.126353,0,1
37,independent,0.24,0,PACER-A,1.000000,1.000000,700.000,2.517050,0,0
37,independent,0.24,0,PACER-C,1.000000,1.000000,1789.000,5.801853,0,1
37,independent,0.24,0,PACER-X,1.000000,1.000000,1789.000,6.109733,0,1
37,independent,0.24,1,PostFilter-IVF,0.800000,0.000000,651.000,0.765215,0,0
37,independent,0.24,1,PreFilter-IVF,0.600000,0.000000,749.000,1.149311,0,0
37,independent,0.24,1,BitmapSlice-Exact,1.000000,1.000000,81.000,0.188347,0,1
37,independent,0.24,1,PACER-A,1.000000,1.000000,81.000,2.651450,0,1
37,independent,0.24,1,PACER-C,1.000000,1.000000,81.000,2.434466,0,1
37,independent,0.24,1,PACER-X,1.000000,1.000000,81.000,2.461188,0,1
37,independent,0.24,2,PostFilter-IVF,0.000000,0.000000,556.000,0.489048,0,0
37,independent,0.24,2,PreFilter-IVF,1.000000,1.000000,185.000,0.708364,0,0
37,independent,0.24,2,BitmapSlice-Exact,1.000000,1.000000,4.000,0.075637,0,1
37,independent,0.24,2,PACER-A,1.000000,1.000000,4.000,0.307189,0,1
37,independent,0.24,2,PACER-C,1.000000,1.000000,4.000,0.268141,0,1
37,independent,0.24,2,PACER-X,1.000000,1.000000,4.000,0.266054,0,1
37,independent,0.24,3,PostFilter-IVF,0.000000,0.000000,558.000,0.743474,0,0
37,independent,0.24,3,PreFilter-IVF,1.000000,1.000000,42.000,0.449518,0,0
37,independent,0.24,3,BitmapSlice-Exact,1.000000,1.000000,1.000,0.078120,0,1
37,independent,0.24,3,PACER-A,1.000000,1.000000,1.000,0.144250,0,1
37,independent,0.24,3,PACER-C,1.000000,1.000000,1.000,0.117411,0,1
37,independent,0.24,3,PACER-X,1.000000,1.000000,1.000,0.115632,0,1
37,independent,0.24,4,PostFilter-IVF,0.800000,0.000000,551.000,0.823630,0,0
37,independent,0.24,4,PreFilter-IVF,0.800000,0.000000,572.000,1.999708,0,0
37,independent,0.24,4,BitmapSlice-Exact,1.000000,1.000000,1727.000,2.697524,0,1
37,independent,0.24,4,PACER-A,0.800000,0.000000,700.000,4.210987,0,0
37,independent,0.24,4,PACER-C,1.000000,1.000000,1727.000,5.761710,0,1
37,independent,0.24,4,PACER-X,1.000000,1.000000,1727.000,6.175458,0,1
37,independent,0.24,5,PostFilter-IVF,0.500000,0.000000,512.000,0.466450,0,0
37,independent,0.24,5,PreFilter-IVF,0.500000,0.000000,558.000,0.841365,0,0
37,independent,0.24,5,BitmapSlice-Exact,1.000000,1.000000,107.000,0.188053,0,1
37,independent,0.24,5,PACER-A,1.000000,1.000000,107.000,2.842431,0,1
37,independent,0.24,5,PACER-C,1.000000,1.000000,107.000,2.707091,0,1
37,independent,0.24,5,PACER-X,1.000000,1.000000,107.000,4.633651,0,1
37,independent,0.24,6,PostFilter-IVF,0.000000,0.000000,559.000,0.711745,0,0
37,independent,0.24,6,PreFilter-IVF,1.000000,1.000000,195.000,0.590391,0,0
37,independent,0.24,6,BitmapSlice-Exact,1.000000,1.000000,4.000,0.105256,0,1
37,independent,0.24,6,PACER-A,1.000000,1.000000,4.000,0.240025,0,1
37,independent,0.24,6,PACER-C,1.000000,1.000000,4.000,0.191543,0,1
37,independent,0.24,6,PACER-X,1.000000,1.000000,4.000,0.179354,0,1
37,independent,0.24,7,PostFilter-IVF,0.000000,0.000000,700.000,0.568425,0,0
37,independent,0.24,7,PreFilter-IVF,1.000000,1.000000,90.000,0.385177,0,0
37,independent,0.24,7,BitmapSlice-Exact,1.000000,1.000000,1.000,0.052251,0,1
37,independent,0.24,7,PACER-A,1.000000,1.000000,1.000,0.146079,0,1
37,independent,0.24,7,PACER-C,1.000000,1.000000,1.000,0.138827,0,1
37,independent,0.24,7,PACER-X,1.000000,1.000000,1.000,0.107249,0,1
37,independent,0.24,8,PostFilter-IVF,0.800000,0.000000,534.000,0.480571,0,0
37,independent,0.24,8,PreFilter-IVF,0.400000,0.000000,567.000,1.080709,0,0
37,independent,0.24,8,BitmapSlice-Exact,1.000000,1.000000,1725.000,2.020611,0,1
37,independent,0.24,8,PACER-A,0.900000,0.000000,700.000,2.402346,0,0
37,independent,0.24,8,PACER-C,1.000000,1.000000,1725.000,5.280026,0,1
37,independent,0.24,8,PACER-X,1.000000,1.000000,1725.000,22.503805,0,1
37,independent,0.24,9,PostFilter-IVF,0.400000,0.000000,569.000,0.510369,0,0
37,independent,0.24,9,PreFilter-IVF,0.500000,0.000000,596.000,0.934279,0,0
37,independent,0.24,9,BitmapSlice-Exact,1.000000,1.000000,94.000,0.201894,0,1
37,independent,0.24,9,PACER-A,1.000000,1.000000,94.000,2.775056,0,1
37,independent,0.24,9,PACER-C,1.000000,1.000000,94.000,2.609365,0,1
37,independent,0.24,9,PACER-X,1.000000,1.000000,94.000,2.401013,0,1
37,independent,0.24,10,PostFilter-IVF,0.000000,0.000000,647.000,0.683439,0,0
37,independent,0.24,10,PreFilter-IVF,1.000000,1.000000,160.000,0.559594,0,0
37,independent,0.24,10,BitmapSlice-Exact,1.000000,1.000000,5.000,0.062285,0,1
37,independent,0.24,10,PACER-A,1.000000,1.000000,5.000,0.264627,0,1
37,independent,0.24,10,PACER-C,1.000000,1.000000,5.000,0.296405,0,1
37,independent,0.24,10,PACER-X,1.000000,1.000000,5.000,0.292055,0,1
37,independent,0.24,11,PostFilter-IVF,0.000000,0.000000,583.000,0.490433,0,0
37,independent,0.24,11,PreFilter-IVF,1.000000,1.000000,119.000,0.337963,0,0
37,independent,0.24,11,BitmapSlice-Exact,1.000000,1.000000,1.000,0.053716,0,1
37,independent,0.24,11,PACER-A,1.000000,1.000000,1.000,0.119721,0,1
37,independent,0.24,11,PACER-C,1.000000,1.000000,1.000,0.106972,0,1
37,independent,0.24,11,PACER-X,1.000000,1.000000,1.000,0.141093,0,1
37,independent,0.24,12,PostFilter-IVF,0.300000,0.000000,591.000,0.512513,0,0
37,independent,0.24,12,PreFilter-IVF,0.200000,0.000000,505.000,1.026209,0,0
37,independent,0.24,12,BitmapSlice-Exact,1.000000,1.000000,1785.000,2.077994,0,1
37,independent,0.24,12,PACER-A,0.900000,0.000000,700.000,2.556011,0,0
37,independent,0.24,12,PACER-C,1.000000,1.000000,1785.000,5.510110,0,1
37,independent,0.24,12,PACER-X,1.000000,1.000000,1785.000,6.070163,0,1
37,independent,0.24,13,PostFilter-IVF,0.700000,0.000000,639.000,0.508969,0,0
37,independent,0.24,13,PreFilter-IVF,0.700000,0.000000,606.000,1.154745,0,0
37,independent,0.24,13,BitmapSlice-Exact,1.000000,1.000000,98.000,0.219811,0,1
37,independent,0.24,13,PACER-A,1.000000,1.000000,98.000,2.461966,0,1
37,independent,0.24,13,PACER-C,1.000000,1.000000,98.000,43.345546,0,1
37,independent,0.24,13,PACER-X,1.000000,1.000000,98.000,3.717149,0,1
37,independent,0.24,14,PostFilter-IVF,0.000000,0.000000,667.000,0.549546,0,0
37,independent,0.24,14,PreFilter-IVF,1.000000,1.000000,171.000,0.548048,0,0
37,independent,0.24,14,BitmapSlice-Exact,1.000000,1.000000,3.000,0.064439,0,1
37,independent,0.24,14,PACER-A,1.000000,1.000000,3.000,0.221906,0,1
37,independent,0.24,14,PACER-C,1.000000,1.000000,3.000,0.227963,0,1
37,independent,0.24,14,PACER-X,1.000000,1.000000,3.000,0.231138,0,1
37,independent,0.24,15,PostFilter-IVF,0.000000,0.000000,601.000,0.873102,0,0
37,independent,0.24,15,PreFilter-IVF,1.000000,1.000000,175.000,0.563602,0,0
37,independent,0.24,15,BitmapSlice-Exact,1.000000,1.000000,2.000,0.093645,0,1
37,independent,0.24,15,PACER-A,1.000000,1.000000,2.000,0.224473,0,1
37,independent,0.24,15,PACER-C,1.000000,1.000000,2.000,0.242788,0,1
37,independent,0.24,15,PACER-X,1.000000,1.000000,2.000,0.230339,0,1
37,negative,0.0,0,PostFilter-IVF,0.800000,0.000000,677.000,0.697772,0,0
37,negative,0.0,0,PreFilter-IVF,0.800000,0.000000,677.000,1.109319,0,0
37,negative,0.0,0,BitmapSlice-Exact,1.000000,1.000000,1748.000,2.158361,0,1
37,negative,0.0,0,PACER-A,1.000000,1.000000,700.000,2.536654,0,0
37,negative,0.0,0,PACER-C,1.000000,1.000000,1748.000,6.419781,0,1
37,negative,0.0,0,PACER-X,1.000000,1.000000,1748.000,62.735428,0,1
37,negative,0.0,1,PostFilter-IVF,0.800000,0.000000,651.000,0.573654,0,0
37,negative,0.0,1,PreFilter-IVF,0.800000,0.000000,757.000,1.048551,0,0
37,negative,0.0,1,BitmapSlice-Exact,1.000000,1.000000,105.000,0.196481,0,1
37,negative,0.0,1,PACER-A,1.000000,1.000000,105.000,3.145637,0,1
37,negative,0.0,1,PACER-C,1.000000,1.000000,105.000,3.052725,0,1
37,negative,0.0,1,PACER-X,1.000000,1.000000,105.000,3.653256,0,1
37,negative,0.0,2,PostFilter-IVF,0.000000,0.000000,571.000,0.552614,0,0
37,negative,0.0,2,PreFilter-IVF,1.000000,1.000000,171.000,0.688881,0,0
37,negative,0.0,2,BitmapSlice-Exact,1.000000,1.000000,3.000,0.075220,0,1
37,negative,0.0,2,PACER-A,1.000000,1.000000,3.000,0.265456,0,1
37,negative,0.0,2,PACER-C,1.000000,1.000000,3.000,0.324832,0,1
37,negative,0.0,2,PACER-X,1.000000,1.000000,3.000,0.328146,0,1
37,negative,0.0,3,PostFilter-IVF,0.000000,0.000000,663.000,0.648584,0,0
37,negative,0.0,3,PreFilter-IVF,1.000000,1.000000,40.000,0.442692,0,0
37,negative,0.0,3,BitmapSlice-Exact,1.000000,1.000000,1.000,0.057205,0,1
37,negative,0.0,3,PACER-A,1.000000,1.000000,1.000,0.120038,0,1
37,negative,0.0,3,PACER-C,1.000000,1.000000,1.000,0.110752,0,1
37,negative,0.0,3,PACER-X,1.000000,1.000000,1.000,0.110997,0,1
37,negative,0.0,4,PostFilter-IVF,0.500000,0.000000,526.000,0.554522,0,0
37,negative,0.0,4,PreFilter-IVF,0.500000,0.000000,634.000,1.389019,0,0
37,negative,0.0,4,BitmapSlice-Exact,1.000000,1.000000,1713.000,2.092789,0,1
37,negative,0.0,4,PACER-A,0.700000,0.000000,700.000,2.453940,0,0
37,negative,0.0,4,PACER-C,1.000000,1.000000,1713.000,5.523886,0,1
37,negative,0.0,4,PACER-X,1.000000,1.000000,1713.000,5.483958,0,1
37,negative,0.0,5,PostFilter-IVF,0.500000,0.000000,631.000,0.515353,0,0
37,negative,0.0,5,PreFilter-IVF,0.700000,0.000000,639.000,1.102499,0,0
37,negative,0.0,5,BitmapSlice-Exact,1.000000,1.000000,94.000,0.186440,0,1
37,negative,0.0,5,PACER-A,1.000000,1.000000,94.000,2.266421,0,1
37,negative,0.0,5,PACER-C,1.000000,1.000000,94.000,2.206315,0,1
37,negative,0.0,5,PACER-X,1.000000,1.000000,94.000,2.216465,0,1
37,negative,0.0,6,PostFilter-IVF,0.000000,0.000000,532.000,0.475144,0,0
37,negative,0.0,6,PreFilter-IVF,1.000000,1.000000,348.000,0.607991,0,0
37,negative,0.0,6,BitmapSlice-Exact,1.000000,1.000000,7.000,0.071183,0,1
37,negative,0.0,6,PACER-A,1.000000,1.000000,7.000,0.327951,0,1
37,negative,0.0,6,PACER-C,1.000000,1.000000,7.000,0.365880,0,1
37,negative,0.0,6,PACER-X,1.000000,1.000000,7.000,0.301686,0,1
37,negative,0.0,7,PostFilter-IVF,0.000000,0.000000,442.000,0.351247,0,0
37,negative,0.0,7,PreFilter-IVF,1.000000,1.000000,77.000,0.337668,0,0
37,negative,0.0,7,BitmapSlice-Exact,1.000000,1.000000,1.000,0.064021,0,1
37,negative,0.0,7,PACER-A,1.000000,1.000000,1.000,0.199903,0,1
37,negative,0.0,7,PACER-C,1.000000,1.000000,1.000,0.186807,0,1
37,negative,0.0,7,PACER-X,1.000000,1.000000,1.000,0.130772,0,1
37,negative,0.0,8,PostFilter-IVF,0.400000,0.000000,497.000,0.496697,0,0
37,negative,0.0,8,PreFilter-IVF,0.400000,0.000000,497.000,1.666122,0,0
37,negative,0.0,8,BitmapSlice-Exact,1.000000,1.000000,1769.000,2.115870,0,1
37,negative,0.0,8,PACER-A,0.800000,0.000000,700.000,2.434576,0,0
37,negative,0.0,8,PACER-C,1.000000,1.000000,1769.000,6.510166,0,1
37,negative,0.0,8,PACER-X,1.000000,1.000000,1769.000,7.150910,0,1
37,negative,0.0,9,PostFilter-IVF,0.000000,0.000000,700.000,0.619841,0,0
37,negative,0.0,9,PreFilter-IVF,0.300000,0.000000,627.000,1.249678,0,0
37,negative,0.0,9,BitmapSlice-Exact,1.000000,1.000000,85.000,0.193527,0,1
37,negative,0.0,9,PACER-A,1.000000,1.000000,85.000,2.590783,0,1
37,negative,0.0,9,PACER-C,1.000000,1.000000,85.000,2.581170,0,1
37,negative,0.0,9,PACER-X,1.000000,1.000000,85.000,2.411012,0,1
37,negative,0.0,10,PostFilter-IVF,0.500000,0.000000,626.000,0.536149,0,0
37,negative,0.0,10,PreFilter-IVF,1.000000,1.000000,279.000,0.559469,0,0
37,negative,0.0,10,BitmapSlice-Exact,1.000000,1.000000,4.000,0.098323,0,1
37,negative,0.0,10,PACER-A,1.000000,1.000000,4.000,0.339304,0,1
37,negative,0.0,10,PACER-C,1.000000,1.000000,4.000,0.283042,0,1
37,negative,0.0,10,PACER-X,1.000000,1.000000,4.000,0.263959,0,1
37,negative,0.0,11,PostFilter-IVF,0.000000,0.000000,700.000,0.616746,0,0
37,negative,0.0,11,PreFilter-IVF,1.000000,1.000000,86.000,0.438989,0,0
37,negative,0.0,11,BitmapSlice-Exact,1.000000,1.000000,1.000,0.055275,0,1
37,negative,0.0,11,PACER-A,1.000000,1.000000,1.000,0.126325,0,1
37,negative,0.0,11,PACER-C,1.000000,1.000000,1.000,0.133811,0,1
37,negative,0.0,11,PACER-X,1.000000,1.000000,1.000,0.118138,0,1
37,negative,0.0,12,PostFilter-IVF,0.400000,0.000000,480.000,0.480883,0,0
37,negative,0.0,12,PreFilter-IVF,0.300000,0.000000,605.000,1.333126,0,0
37,negative,0.0,12,BitmapSlice-Exact,1.000000,1.000000,1773.000,2.389803,0,1
37,negative,0.0,12,PACER-A,0.800000,0.000000,700.000,2.546986,0,0
37,negative,0.0,12,PACER-C,1.000000,1.000000,1773.000,5.987201,0,1
37,negative,0.0,12,PACER-X,1.000000,1.000000,1773.000,5.624430,0,1
37,negative,0.0,13,PostFilter-IVF,0.700000,0.000000,625.000,0.542116,0,0
37,negative,0.0,13,PreFilter-IVF,0.800000,0.000000,719.000,0.972456,0,0
37,negative,0.0,13,BitmapSlice-Exact,1.000000,1.000000,99.000,0.189975,0,1
37,negative,0.0,13,PACER-A,1.000000,1.000000,99.000,2.526974,0,1
37,negative,0.0,13,PACER-C,1.000000,1.000000,99.000,2.599006,0,1
37,negative,0.0,13,PACER-X,1.000000,1.000000,99.000,20.005949,0,1
37,negative,0.0,14,PostFilter-IVF,0.000000,0.000000,680.000,0.518806,0,0
37,negative,0.0,14,PreFilter-IVF,1.000000,1.000000,388.000,0.917484,0,0
37,negative,0.0,14,BitmapSlice-Exact,1.000000,1.000000,4.000,0.109275,0,1
37,negative,0.0,14,PACER-A,1.000000,1.000000,4.000,0.452038,0,1
37,negative,0.0,14,PACER-C,1.000000,1.000000,4.000,0.485803,0,1
37,negative,0.0,14,PACER-X,1.000000,1.000000,4.000,0.324864,0,1
37,negative,0.0,15,PostFilter-IVF,0.000000,0.000000,604.000,0.466745,0,0
37,negative,0.0,15,PreFilter-IVF,1.000000,1.000000,122.000,0.373560,0,0
37,negative,0.0,15,BitmapSlice-Exact,1.000000,1.000000,1.000,0.073785,0,1
37,negative,0.0,15,PACER-A,1.000000,1.000000,1.000,0.131178,0,1
37,negative,0.0,15,PACER-C,1.000000,1.000000,1.000,0.178628,0,1
37,negative,0.0,15,PACER-X,1.000000,1.000000,1.000,0.113092,0,1
37,negative,0.12,0,PostFilter-IVF,0.800000,0.000000,677.000,0.762554,0,0
37,negative,0.12,0,PreFilter-IVF,0.800000,0.000000,677.000,1.167285,0,0
37,negative,0.12,0,BitmapSlice-Exact,1.000000,1.000000,1748.000,2.058313,0,1
37,negative,0.12,0,PACER-A,1.000000,1.000000,700.000,43.802741,0,0
37,negative,0.12,0,PACER-C,1.000000,1.000000,1748.000,5.953473,0,1
37,negative,0.12,0,PACER-X,1.000000,1.000000,1748.000,5.528019,0,1
37,negative,0.12,1,PostFilter-IVF,0.800000,0.000000,651.000,0.506232,0,0
37,negative,0.12,1,PreFilter-IVF,0.800000,0.000000,757.000,0.985093,0,0
37,negative,0.12,1,BitmapSlice-Exact,1.000000,1.000000,105.000,0.184465,0,1
37,negative,0.12,1,PACER-A,1.000000,1.000000,105.000,2.462786,0,1
37,negative,0.12,1,PACER-C,1.000000,1.000000,105.000,2.915193,0,1
37,negative,0.12,1,PACER-X,1.000000,1.000000,105.000,2.582879,0,1
37,negative,0.12,2,PostFilter-IVF,0.000000,0.000000,571.000,0.512820,0,0
37,negative,0.12,2,PreFilter-IVF,1.000000,1.000000,171.000,0.625922,0,0
37,negative,0.12,2,BitmapSlice-Exact,1.000000,1.000000,3.000,0.086689,0,1
37,negative,0.12,2,PACER-A,1.000000,1.000000,3.000,0.323324,0,1
37,negative,0.12,2,PACER-C,1.000000,1.000000,3.000,0.297339,0,1
37,negative,0.12,2,PACER-X,1.000000,1.000000,3.000,0.185352,0,1
37,negative,0.12,3,PostFilter-IVF,0.000000,0.000000,663.000,0.529814,0,0
37,negative,0.12,3,PreFilter-IVF,1.000000,1.000000,40.000,0.356277,0,0
37,negative,0.12,3,BitmapSlice-Exact,1.000000,1.000000,1.000,0.054218,0,1
37,negative,0.12,3,PACER-A,1.000000,1.000000,1.000,0.142238,0,1
37,negative,0.12,3,PACER-C,1.000000,1.000000,1.000,0.124878,0,1
37,negative,0.12,3,PACER-X,1.000000,1.000000,1.000,0.101654,0,1
37,negative,0.12,4,PostFilter-IVF,0.500000,0.000000,526.000,0.568540,0,0
37,negative,0.12,4,PreFilter-IVF,0.500000,0.000000,634.000,1.309579,0,0
37,negative,0.12,4,BitmapSlice-Exact,1.000000,1.000000,1713.000,1.963513,0,1
37,negative,0.12,4,PACER-A,0.700000,0.000000,700.000,2.416054,0,0
37,negative,0.12,4,PACER-C,1.000000,1.000000,1713.000,7.480565,0,1
37,negative,0.12,4,PACER-X,1.000000,1.000000,1713.000,8.000702,0,1
37,negative,0.12,5,PostFilter-IVF,0.400000,0.000000,631.000,0.671582,0,0
37,negative,0.12,5,PreFilter-IVF,0.600000,0.000000,639.000,1.815835,0,0
37,negative,0.12,5,BitmapSlice-Exact,1.000000,1.000000,94.000,0.343579,0,1
37,negative,0.12,5,PACER-A,1.000000,1.000000,94.000,3.166500,0,1
37,negative,0.12,5,PACER-C,1.000000,1.000000,94.000,3.124914,0,1
37,negative,0.12,5,PACER-X,1.000000,1.000000,94.000,2.845381,0,1
37,negative,0.12,6,PostFilter-IVF,0.000000,0.000000,532.000,0.649880,0,0
37,negative,0.12,6,PreFilter-IVF,1.000000,1.000000,348.000,0.808443,0,0
37,negative,0.12,6,BitmapSlice-Exact,1.000000,1.000000,7.000,0.110011,0,1
37,negative,0.12,6,PACER-A,1.000000,1.000000,7.000,0.593972,0,1
37,negative,0.12,6,PACER-C,1.000000,1.000000,7.000,0.395498,0,1
37,negative,0.12,6,PACER-X,1.000000,1.000000,7.000,0.391174,0,1
37,negative,0.12,7,PostFilter-IVF,0.000000,0.000000,442.000,0.572391,0,0
37,negative,0.12,7,PreFilter-IVF,1.000000,1.000000,77.000,0.564745,0,0
37,negative,0.12,7,BitmapSlice-Exact,1.000000,1.000000,1.000,0.088077,0,1
37,negative,0.12,7,PACER-A,1.000000,1.000000,1.000,0.211348,0,1
37,negative,0.12,7,PACER-C,1.000000,1.000000,1.000,0.199020,0,1
37,negative,0.12,7,PACER-X,1.000000,1.000000,1.000,0.191758,0,1
37,negative,0.12,8,PostFilter-IVF,0.500000,0.000000,497.000,0.686836,0,0
37,negative,0.12,8,PreFilter-IVF,0.500000,0.000000,497.000,2.534894,0,0
37,negative,0.12,8,BitmapSlice-Exact,1.000000,1.000000,1769.000,2.518436,0,1
37,negative,0.12,8,PACER-A,0.900000,0.000000,700.000,3.338041,0,0
37,negative,0.12,8,PACER-C,1.000000,1.000000,1769.000,39.352782,0,1
37,negative,0.12,8,PACER-X,1.000000,1.000000,1769.000,8.195914,0,1
37,negative,0.12,9,PostFilter-IVF,0.100000,0.000000,700.000,1.092277,0,0
37,negative,0.12,9,PreFilter-IVF,0.400000,0.000000,627.000,1.431785,0,0
37,negative,0.12,9,BitmapSlice-Exact,1.000000,1.000000,85.000,0.238786,0,1
37,negative,0.12,9,PACER-A,1.000000,1.000000,85.000,3.021537,0,1
37,negative,0.12,9,PACER-C,1.000000,1.000000,85.000,2.803448,0,1
37,negative,0.12,9,PACER-X,1.000000,1.000000,85.000,2.600396,0,1
37,negative,0.12,10,PostFilter-IVF,0.500000,0.000000,626.000,0.817156,0,0
37,negative,0.12,10,PreFilter-IVF,1.000000,1.000000,279.000,0.836997,0,0
37,negative,0.12,10,BitmapSlice-Exact,1.000000,1.000000,4.000,0.096965,0,1
37,negative,0.12,10,PACER-A,1.000000,1.000000,4.000,0.417038,0,1
37,negative,0.12,10,PACER-C,1.000000,1.000000,4.000,0.370928,0,1
37,negative,0.12,10,PACER-X,1.000000,1.000000,4.000,0.313441,0,1
37,negative,0.12,11,PostFilter-IVF,0.000000,0.000000,700.000,0.752785,0,0
37,negative,0.12,11,PreFilter-IVF,1.000000,1.000000,86.000,0.678513,0,0
37,negative,0.12,11,BitmapSlice-Exact,1.000000,1.000000,1.000,0.090161,0,1
37,negative,0.12,11,PACER-A,1.000000,1.000000,1.000,0.223383,0,1
37,negative,0.12,11,PACER-C,1.000000,1.000000,1.000,0.206578,0,1
37,negative,0.12,11,PACER-X,1.000000,1.000000,1.000,0.170986,0,1
37,negative,0.12,12,PostFilter-IVF,0.300000,0.000000,480.000,0.416172,0,0
37,negative,0.12,12,PreFilter-IVF,0.300000,0.000000,605.000,1.554506,0,0
37,negative,0.12,12,BitmapSlice-Exact,1.000000,1.000000,1773.000,2.455791,0,1
37,negative,0.12,12,PACER-A,0.700000,0.000000,700.000,3.495218,0,0
37,negative,0.12,12,PACER-C,1.000000,1.000000,1773.000,5.814560,0,1
37,negative,0.12,12,PACER-X,1.000000,1.000000,1773.000,6.693435,0,1
37,negative,0.12,13,PostFilter-IVF,0.700000,0.000000,625.000,0.680471,0,0
37,negative,0.12,13,PreFilter-IVF,0.800000,0.000000,719.000,0.959686,0,0
37,negative,0.12,13,BitmapSlice-Exact,1.000000,1.000000,99.000,0.196908,0,1
37,negative,0.12,13,PACER-A,1.000000,1.000000,99.000,23.552039,0,1
37,negative,0.12,13,PACER-C,1.000000,1.000000,99.000,4.130833,0,1
37,negative,0.12,13,PACER-X,1.000000,1.000000,99.000,3.639240,0,1
37,negative,0.12,14,PostFilter-IVF,0.000000,0.000000,680.000,0.916524,0,0
37,negative,0.12,14,PreFilter-IVF,1.000000,1.000000,388.000,0.728639,0,0
37,negative,0.12,14,BitmapSlice-Exact,1.000000,1.000000,4.000,0.065481,0,1
37,negative,0.12,14,PACER-A,1.000000,1.000000,4.000,0.333632,0,1
37,negative,0.12,14,PACER-C,1.000000,1.000000,4.000,0.428242,0,1
37,negative,0.12,14,PACER-X,1.000000,1.000000,4.000,0.324710,0,1
37,negative,0.12,15,PostFilter-IVF,0.000000,0.000000,604.000,0.831421,0,0
37,negative,0.12,15,PreFilter-IVF,1.000000,1.000000,122.000,0.472492,0,0
37,negative,0.12,15,BitmapSlice-Exact,1.000000,1.000000,1.000,0.076121,0,1
37,negative,0.12,15,PACER-A,1.000000,1.000000,1.000,0.180665,0,1
37,negative,0.12,15,PACER-C,1.000000,1.000000,1.000,0.121351,0,1
37,negative,0.12,15,PACER-X,1.000000,1.000000,1.000,0.156075,0,1
37,negative,0.24,0,PostFilter-IVF,0.800000,0.000000,677.000,0.650295,0,0
37,negative,0.24,0,PreFilter-IVF,0.800000,0.000000,677.000,1.176963,0,0
37,negative,0.24,0,BitmapSlice-Exact,1.000000,1.000000,1748.000,2.246165,0,1
37,negative,0.24,0,PACER-A,1.000000,1.000000,700.000,2.425983,0,0
37,negative,0.24,0,PACER-C,1.000000,1.000000,1748.000,5.803466,0,1
37,negative,0.24,0,PACER-X,1.000000,1.000000,1748.000,5.996689,0,1
37,negative,0.24,1,PostFilter-IVF,0.800000,0.000000,651.000,0.740104,0,0
37,negative,0.24,1,PreFilter-IVF,0.800000,0.000000,757.000,1.012731,0,0
37,negative,0.24,1,BitmapSlice-Exact,1.000000,1.000000,105.000,0.203696,0,1
37,negative,0.24,1,PACER-A,1.000000,1.000000,105.000,3.036605,0,1
37,negative,0.24,1,PACER-C,1.000000,1.000000,105.000,2.764488,0,1
37,negative,0.24,1,PACER-X,1.000000,1.000000,105.000,2.764975,0,1
37,negative,0.24,2,PostFilter-IVF,0.000000,0.000000,532.000,0.492634,0,0
37,negative,0.24,2,PreFilter-IVF,1.000000,1.000000,348.000,0.628199,0,0
37,negative,0.24,2,BitmapSlice-Exact,1.000000,1.000000,7.000,0.068251,0,1
37,negative,0.24,2,PACER-A,1.000000,1.000000,7.000,0.366868,0,1
37,negative,0.24,2,PACER-C,1.000000,1.000000,7.000,0.333587,0,1
37,negative,0.24,2,PACER-X,1.000000,1.000000,7.000,0.372596,0,1
37,negative,0.24,3,PostFilter-IVF,0.000000,0.000000,663.000,0.574995,0,0
37,negative,0.24,3,PreFilter-IVF,1.000000,1.000000,40.000,0.341740,0,0
37,negative,0.24,3,BitmapSlice-Exact,1.000000,1.000000,1.000,0.061364,0,1
37,negative,0.24,3,PACER-A,1.000000,1.000000,1.000,0.117170,0,1
37,negative,0.24,3,PACER-C,1.000000,1.000000,1.000,0.113276,0,1
37,negative,0.24,3,PACER-X,1.000000,1.000000,1.000,0.101219,0,1
37,negative,0.24,4,PostFilter-IVF,0.600000,0.000000,526.000,0.470418,0,0
37,negative,0.24,4,PreFilter-IVF,0.600000,0.000000,634.000,1.330829,0,0
37,negative,0.24,4,BitmapSlice-Exact,1.000000,1.000000,1713.000,42.530377,0,1
37,negative,0.24,4,PACER-A,0.800000,0.000000,700.000,3.067333,0,0
37,negative,0.24,4,PACER-C,1.000000,1.000000,1713.000,5.548035,0,1
37,negative,0.24,4,PACER-X,1.000000,1.000000,1713.000,5.688987,0,1
37,negative,0.24,5,PostFilter-IVF,0.500000,0.000000,631.000,0.528215,0,0
37,negative,0.24,5,PreFilter-IVF,0.700000,0.000000,639.000,1.389007,0,0
37,negative,0.24,5,BitmapSlice-Exact,1.000000,1.000000,94.000,0.211576,0,1
37,negative,0.24,5,PACER-A,1.000000,1.000000,94.000,2.207891,0,1
37,negative,0.24,5,PACER-C,1.000000,1.000000,94.000,2.199250,0,1
37,negative,0.24,5,PACER-X,1.000000,1.000000,94.000,2.145258,0,1
37,negative,0.24,6,PostFilter-IVF,0.500000,0.000000,626.000,0.542264,0,0
37,negative,0.24,6,PreFilter-IVF,1.000000,1.000000,279.000,0.528444,0,0
37,negative,0.24,6,BitmapSlice-Exact,1.000000,1.000000,4.000,0.059863,0,1
37,negative,0.24,6,PACER-A,1.000000,1.000000,4.000,0.281237,0,1
37,negative,0.24,6,PACER-C,1.000000,1.000000,4.000,0.245575,0,1
37,negative,0.24,6,PACER-X,1.000000,1.000000,4.000,0.231392,0,1
37,negative,0.24,7,PostFilter-IVF,0.000000,0.000000,442.000,0.353661,0,0
37,negative,0.24,7,PreFilter-IVF,1.000000,1.000000,77.000,0.363010,0,0
37,negative,0.24,7,BitmapSlice-Exact,1.000000,1.000000,1.000,0.053761,0,1
37,negative,0.24,7,PACER-A,1.000000,1.000000,1.000,0.124608,0,1
37,negative,0.24,7,PACER-C,1.000000,1.000000,1.000,0.118096,0,1
37,negative,0.24,7,PACER-X,1.000000,1.000000,1.000,0.118669,0,1
37,negative,0.24,8,PostFilter-IVF,0.500000,0.000000,497.000,0.461014,0,0
37,negative,0.24,8,PreFilter-IVF,0.500000,0.000000,497.000,1.644529,0,0
37,negative,0.24,8,BitmapSlice-Exact,1.000000,1.000000,1769.000,2.278617,0,1
37,negative,0.24,8,PACER-A,0.900000,0.000000,700.000,2.403112,0,0
37,negative,0.24,8,PACER-C,1.000000,1.000000,1769.000,6.843652,0,1
37,negative,0.24,8,PACER-X,1.000000,1.000000,1769.000,7.517613,0,1
37,negative,0.24,9,PostFilter-IVF,0.100000,0.000000,700.000,0.682617,0,0
37,negative,0.24,9,PreFilter-IVF,0.500000,0.000000,627.000,1.241560,0,0
37,negative,0.24,9,BitmapSlice-Exact,1.000000,1.000000,85.000,0.194238,0,1
37,negative,0.24,9,PACER-A,1.000000,1.000000,85.000,2.444506,0,1
37,negative,0.24,9,PACER-C,1.000000,1.000000,85.000,2.357502,0,1
37,negative,0.24,9,PACER-X,1.000000,1.000000,85.000,2.746498,0,1
37,negative,0.24,10,PostFilter-IVF,0.000000,0.000000,680.000,0.609038,0,0
37,negative,0.24,10,PreFilter-IVF,1.000000,1.000000,388.000,0.845224,0,0
37,negative,0.24,10,BitmapSlice-Exact,1.000000,1.000000,4.000,0.064568,0,1
37,negative,0.24,10,PACER-A,1.000000,1.000000,4.000,0.327837,0,1
37,negative,0.24,10,PACER-C,1.000000,1.000000,4.000,0.363788,0,1
37,negative,0.24,10,PACER-X,1.000000,1.000000,4.000,0.366575,0,1
37,negative,0.24,11,PostFilter-IVF,0.000000,0.000000,700.000,0.852630,0,0
37,negative,0.24,11,PreFilter-IVF,1.000000,1.000000,86.000,0.385090,0,0
37,negative,0.24,11,BitmapSlice-Exact,1.000000,1.000000,1.000,0.099989,0,1
37,negative,0.24,11,PACER-A,1.000000,1.000000,1.000,0.202861,0,1
37,negative,0.24,11,PACER-C,1.000000,1.000000,1.000,0.126416,0,1
37,negative,0.24,11,PACER-X,1.000000,1.000000,1.000,0.115540,0,1
37,negative,0.24,12,PostFilter-IVF,0.400000,0.000000,480.000,0.527604,0,0
37,negative,0.24,12,PreFilter-IVF,0.300000,0.000000,605.000,1.515051,0,0
37,negative,0.24,12,BitmapSlice-Exact,1.000000,1.000000,1773.000,2.134574,0,1
37,negative,0.24,12,PACER-A,0.800000,0.000000,700.000,2.629018,0,0
37,negative,0.24,12,PACER-C,1.000000,1.000000,1773.000,5.546673,0,1
37,negative,0.24,12,PACER-X,1.000000,1.000000,1773.000,5.742975,0,1
37,negative,0.24,13,PostFilter-IVF,0.700000,0.000000,625.000,0.496108,0,0
37,negative,0.24,13,PreFilter-IVF,0.700000,0.000000,719.000,0.932486,0,0
37,negative,0.24,13,BitmapSlice-Exact,1.000000,1.000000,99.000,0.177858,0,1
37,negative,0.24,13,PACER-A,1.000000,1.000000,99.000,2.621960,0,1
37,negative,0.24,13,PACER-C,1.000000,1.000000,99.000,2.505437,0,1
37,negative,0.24,13,PACER-X,1.000000,1.000000,99.000,2.366025,0,1
37,negative,0.24,14,PostFilter-IVF,0.333333,0.000000,615.000,0.496756,0,0
37,negative,0.24,14,PreFilter-IVF,1.000000,1.000000,283.000,0.539781,0,0
37,negative,0.24,14,BitmapSlice-Exact,1.000000,1.000000,4.000,0.059720,0,1
37,negative,0.24,14,PACER-A,1.000000,1.000000,4.000,0.281742,0,1
37,negative,0.24,14,PACER-C,1.000000,1.000000,4.000,0.273095,0,1
37,negative,0.24,14,PACER-X,1.000000,1.000000,4.000,0.234062,0,1
37,negative,0.24,15,PostFilter-IVF,0.000000,0.000000,604.000,0.459024,0,0
37,negative,0.24,15,PreFilter-IVF,1.000000,1.000000,122.000,0.384329,0,0
37,negative,0.24,15,BitmapSlice-Exact,1.000000,1.000000,1.000,0.052558,0,1
37,negative,0.24,15,PACER-A,1.000000,1.000000,1.000,0.121167,0,1
37,negative,0.24,15,PACER-C,1.000000,1.000000,1.000,0.111759,0,1
37,negative,0.24,15,PACER-X,1.000000,1.000000,1.000,0.109126,0,1
